<?xml version="1.0" encoding="UTF-8"?>
<mediapackage duration="2017595" id="10.3930/ETHZ/AV-4712c012-ba91-41ef-86b9-a5f177749e27">
<media>
<track id="track-1" type="engage/presenter">
    <url>http://downloads.opencastproject.org/media/car.flv</url>
    <mimetype>video/x-flv</mimetype>
    <checksum type="md5">7b3c7e8cc2cba2f5b7af4fd4224f3005</checksum>
</track>
<mimetype>video/quicktime</mimetype>
<checksum type="md5">d4eedd9e50ed267265050aa75f2632b4</checksum>
<url>tracks/Jon_Crowcroft_slides.mov</url>
<Duration>2017595</Duration>
<Audio id="stream-2">
<Encoder type="PCM"/>
<Channels>1</Channels>
<BitDepth>16</BitDepth>
<BitRate>768000.0</BitRate>
</Audio>
<Video id="stream-1">
<Encoder type="AVC"/>
<Size>1024x768</Size>
<ScanType type="Progressive"/>
<BitRate>971217.0</BitRate>
<FrameRate>1.992</FrameRate>
</Video>
</media>
<metadata>
<catalog id="catalog-2" type="metadata/dublincore">
<mimetype>text/xml</mimetype>
<checksum type="md5">50f541494d40345c32c2ede2a56bc6fb</checksum>
<url>metadata/dublincore-e-crowcroft.xml</url>
</catalog>
<catalog id="catalog-1" ref="series:10.3930/ETHZ/AV-5f1c98f0-9f7d-4afe-b92b-87d82762f4b5" type="metadata/dublincore">
<mimetype>text/xml</mimetype>
<checksum type="md5">82deacd0d7066a06738f8015aec83b40</checksum>
<url>metadata/dublincore-s-00011_NetArch2009.xml</url>
</catalog>
<catalog id="catalog-3" type="metadata/mpeg-7">
<mimetype>text/xml</mimetype>
<checksum type="md5">d41d8cd98f00b204e9800998ecf8427e</checksum>
<url>metadata/mpeg-78287697906457889340.xml</url>
</catalog>
</metadata>
<attachments>
    <attachment id="attachment-1" type="engage/cover">
        <url>http://downloads.opencastproject.org/media/engage-cover.jpg</url>
        <mimetype>image/jpeg</mimetype>
    </attachment>
    <attachment id="attachment-2" type="feed/cover">
        <url>http://downloads.opencastproject.org/media/feed-cover.jpg</url>
        <mimetype>image/jpeg</mimetype>
    </attachment>
</attachments>
</mediapackage>
