<?xml version="1.0" encoding="UTF-8"?>
<metadata xmlns="http://www.opencastproject.org/xsd/1.0/dublincore/"
	xmlns:dcterms="http://purl.org/dc/terms/" xmlns:xsi="http://www.w3.org/2001/XMLSchema-instance">
	<dcterms:creator>Gassert, Roger</dcterms:creator>
	<dcterms:contributor>Departement Maschinenbau und Verfahrenstechnik</dcterms:contributor>
	<dcterms:extent xsi:type="dcterms:ISO8601">PT54M11.160S</dcterms:extent>
	<dcterms:isPartOf>BIB-0001-00V</dcterms:isPartOf>
	<dcterms:license xml:lang="de">http://www.multimedia.ethz.ch/docs/haftungsausschluss/index</dcterms:license>
	<dcterms:license xml:lang="en">http://www.multimedia.ethz.ch/docs/disclaimer/index</dcterms:license>
	<dcterms:created xsi:type="dcterms:W3CDTF">2009-11-09</dcterms:created>
	<dcterms:abstract>Einführungsvorlesung</dcterms:abstract>
	<dcterms:language>de</dcterms:language>
	<dcterms:rightsHolder xml:lang="de">ETH Zürich, Schweiz</dcterms:rightsHolder>
	<dcterms:rightsHolder xml:lang="en">ETH Zurich,
		Switzerland</dcterms:rightsHolder>
	<dcterms:publisher xml:lang="de">ETH Zürich, ID-MMS;
		Schweiz</dcterms:publisher>
	<dcterms:publisher xml:lang="en">ETH Zurich, ITS-MMS;
		Switzerland</dcterms:publisher>
	<dcterms:identifier>726fef91-e9ca-48e4-9c44-abfe3819be0b</dcterms:identifier>
	<dcterms:title>Die Neuro-Robotik in der Erforschung und
		Wiederherstellung sensomotorischer Funktionen</dcterms:title>
</metadata>
