<?xml version="1.0" encoding="UTF-8"?>
<metadata xmlns="http://www.opencastproject.org/xsd/1.0/dublincore/"
	xmlns:dcterms="http://purl.org/dc/terms/" xmlns:xsi="http://www.w3.org/2001/XMLSchema-instance">
	<dcterms:creator>Bernauer, Thomas</dcterms:creator>
	<dcterms:contributor xml:lang="en">Department of
		Humanities, Social and Political Sciences</dcterms:contributor>
	<dcterms:type>Event/Lecture</dcterms:type>
	<dcterms:license xml:lang="de">http://www.multimedia.ethz.ch/docs/haftungsausschluss/index</dcterms:license>
	<dcterms:license xml:lang="en">http://www.multimedia.ethz.ch/docs/disclaimer/index</dcterms:license>
	<dcterms:available xsi:type="dcterms:W3CDTF">2009-09-19</dcterms:available>
	<dcterms:created xsi:type="dcterms:Period">start=2009-09-18T13:00Z;
		end=2009-12-18T16:00Z; scheme=W3C-DTF;</dcterms:created>
	<dcterms:temporal xsi:type="dcterms:Period">start=2009-09-18T13:00Z;
		end=2009-12-18T16:00Z; scheme=W3C-DTF;</dcterms:temporal>
	<dcterms:description>Der Kurs ist in zwei Teile gegliedert. Im ersten
		Teil erhalten die Teilnehmenden eine Einführung in die
		Wissenschaftstheorie, den Ablauf politikwissenschaftlicher Forschung,
		den Aufbau eines Forschungsdesigns und die Methodik der empirischen
		Sozialwissenschaften. Hier geht es primär darum zu zeigen wie
		PolitikwissenschaftlerInnen denken und arbeiten. Der zweite Teil des
		Kurses widmet sich zwei zentralen Teilbereichen der
		Politikwissenschaft: der Analyse politischer Systeme und den
		internationalen Beziehungen. Der Schwerpunkt dieses zweiten Teils
		liegt auf der Analyse politischer Systeme sowie den wichtigsten
		politischen Akteuren und der Beschaffenheit und Wirkung politischer
		Institutionen. Zur Veranschaulichung der behandelten Konzepte und
		Theorien gehen wir schwergewichtig und vergleichend auf die
		politischen Systeme Deutschlands, Österreichs und der Schweiz ein. Der
		Teilbereich der internationalen Beziehungen wird nur kursorisch
		behandelt, da dieser Teilbereich Inhalt einer Folgeveranstaltung im
		FS2010 (Internationale Politik) ist. &#13;
		&#13;
		Zur Vorlesung wird ein doppelt geführtes Tutorat angeboten. Darin werden
		die zentralen Konzepte, Methoden und Themen der Vorlesung geübt und
		vertieft. Die Teilnahme an diesen Tutoraten ist integraler Bestandteil
		des Kurses. Der im Tutorat behandelte Stoff ist Bestandteil der
		Semesterschlussprüfung.</dcterms:description>
	<dcterms:language>deu</dcterms:language>
	<dcterms:rightsHolder xml:lang="de">ETH Zürich, Schweiz</dcterms:rightsHolder>
	<dcterms:rightsHolder xml:lang="en">ETH Zurich,
		Switzerland</dcterms:rightsHolder>
	<dcterms:publisher xml:lang="de">ETH Zürich, ID-MMS;
		Schweiz</dcterms:publisher>
	<dcterms:publisher xml:lang="en">ETH Zurich, ITS-MMS;
		Switzerland</dcterms:publisher>
	<dcterms:spatial xml:lang="de">Zürich, Schweiz</dcterms:spatial>
	<dcterms:spatial xml:lang="en">Zurich, Switzerland</dcterms:spatial>
	<dcterms:issued xsi:type="dcterms:W3CDTF">2009-09-18</dcterms:issued>
	<dcterms:identifier>851-0577-00L-2009W</dcterms:identifier>
	<dcterms:title xml:lang="en">Principles of Political Science</dcterms:title>
	<dcterms:title>Politikwissenschaft: Grundlagen</dcterms:title>
</metadata>
