<?xml version="1.0" encoding="UTF-8"?>
<mediapackage duration="4880720" id="10.3930/ETHZ/AV-957782f6-4648-455a-8b25-961e59e23b8b">
<media>
<track id="track-1" type="engage/presenter">
    <url>http://downloads.opencastproject.org/media/car.flv</url>
    <mimetype>video/x-flv</mimetype>
    <checksum type="md5">7b3c7e8cc2cba2f5b7af4fd4224f3005</checksum>
</track>
<mimetype>video/quicktime</mimetype>
<checksum type="md5">71eb35d1afe1182bcbbaf730bb3e6f0a</checksum>
<url>tracks/20091006_E1_2_Celati_SD_DV25_PAL.mov</url>
<Duration>4880720</Duration>
<Audio id="stream-2">
<Encoder type="PCM"/>
<Channels>2</Channels>
<BitDepth>16</BitDepth>
<BitRate>1536000.0</BitRate>
</Audio>
<Video id="stream-1">
<Encoder type="Digital Video"/>
<Size>720x576</Size>
<BitRate>640434.0</BitRate>
<FrameRate>25.0</FrameRate>
</Video>
</media>
<metadata>
<catalog id="catalog-2" type="metadata/dublincore">
<mimetype>text/xml</mimetype>
<checksum type="md5">d00ebfb70fe2766fabdfda3ba784cbd2</checksum>
<url>metadata/dublincore-e-Celati_20091006.xml</url>
</catalog>
<catalog id="catalog-1" ref="series:851-0131-05L-2009W" type="metadata/dublincore">
<mimetype>text/xml</mimetype>
<checksum type="md5">036cf906526499da30257a5aa7246389</checksum>
<url>metadata/dublincore-s-00009_Celati.xml</url>
</catalog>
<catalog id="catalog-3" type="metadata/mpeg-7">
<mimetype>text/xml</mimetype>
<checksum type="md5">d41d8cd98f00b204e9800998ecf8427e</checksum>
<url>metadata/mpeg-78421596904408244848.xml</url>
</catalog>
</metadata>
<attachments>
    <attachment id="attachment-1" type="engage/cover">
        <url>http://downloads.opencastproject.org/media/engage-cover.jpg</url>
        <mimetype>image/jpeg</mimetype>
    </attachment>
    <attachment id="attachment-2" type="feed/cover">
        <url>http://downloads.opencastproject.org/media/feed-cover.jpg</url>
        <mimetype>image/jpeg</mimetype>
    </attachment>
</attachments>
</mediapackage>
