<?xml version="1.0" encoding="UTF-8"?>
<Mpeg7 xmlns="urn:mpeg:mpeg7:schema:2001" xmlns:mpeg7="urn:mpeg7:schema:2001"
	xmlns:xsi="http://www.w3.org/2001/XMLSchema-instance/">
	<Description xsi:type="ContentEntityType">
		<MultimediaContent xsi:type="AudioVisualType">
			<AudioVisual id="track-1">
				<MediaLocator>
					<MediaUri>file:tracks/camera.avi</MediaUri>
				</MediaLocator>
				<MediaTime>
					<MediaTimePoint>T00:00:00:0F25</MediaTimePoint>
					<MediaDuration>PT50S0N1000F</MediaDuration>
				</MediaTime>
			</AudioVisual>
			<AudioVisual id="track-0">
				<MediaLocator>
					<MediaUri>file:tracks/grabber.avi</MediaUri>
				</MediaLocator>
				<MediaTime>
					<MediaTimePoint>T00:00:00:0F5</MediaTimePoint>
					<MediaDuration>PT50S0N1000F</MediaDuration>
				</MediaTime>
				<TemporalDecomposition criteria="temporal"
					gap="false" overlap="false">
					<AudioVisualSegment id="track-0.segment-1">
						<MediaTime>
							<MediaRelTimePoint>T00:00:00:0F1000</MediaRelTimePoint>
							<MediaDuration>PT49S0N1000F</MediaDuration>
						</MediaTime>
					</AudioVisualSegment>
					<AudioVisualSegment id="track-0.segment-2">
						<MediaTime>
							<MediaRelTimePoint>T00:00:49:0F1000</MediaRelTimePoint>
							<MediaDuration>PT01S0N1000F</MediaDuration>
						</MediaTime>
					</AudioVisualSegment>
				</TemporalDecomposition>
			</AudioVisual>
		</MultimediaContent>
	</Description>
</Mpeg7>
