<?xml version="1.0" encoding="UTF-8"?>
<metadata xmlns="http://www.opencastproject.org/xsd/1.0/dublincore/" xmlns:dcterms="http://purl.org/dc/terms/" xmlns:xsi="http://www.w3.org/2001/XMLSchema-instance">
    <dcterms:contributor>Alumni</dcterms:contributor>
    <dcterms:type>Moving Image/Lecture Recording</dcterms:type>
    <dcterms:license xml:lang="de">http://www.multimedia.ethz.ch/docs/haftungsausschluss/index</dcterms:license>
    <dcterms:license xml:lang="en">http://www.multimedia.ethz.ch/docs/disclaimer/index</dcterms:license>
    <dcterms:created xsi:type="dcterms:W3CDTF">2009-02-25</dcterms:created>
    <dcterms:temporal xsi:type="dcterms:Period">start=2009-02-25; scheme=W3C-DTF;</dcterms:temporal>
    <dcterms:description xml:lang="en"/>
    <dcterms:language>eng</dcterms:language>
    <dcterms:rightsHolder xml:lang="de">ETH Zürich, Schweiz</dcterms:rightsHolder>
    <dcterms:rightsHolder xml:lang="en">ETH Zurich, Switzerland</dcterms:rightsHolder>
    <dcterms:publisher xml:lang="de">ETH Zürich, ID-MMS; Schweiz</dcterms:publisher>
    <dcterms:publisher xml:lang="en">ETH Zurich, ITS-MMS; Switzerland</dcterms:publisher>
    
    <dcterms:identifier>AlumniHeadquarter</dcterms:identifier>
    <dcterms:title xml:lang="en">ETH Alumni Headquarter</dcterms:title>
</metadata>
