<?xml version="1.0" encoding="UTF-8"?>
<mediapackage duration="3237141" id="10.3930/ETHZ/AV-309a6481-b741-4251-b4d3-9a346ac60897">
<media>
<track id="track-1" type="engage/presenter">
    <url>http://downloads.opencastproject.org/media/car.flv</url>
    <mimetype>video/x-flv</mimetype>
    <checksum type="md5">7b3c7e8cc2cba2f5b7af4fd4224f3005</checksum>
</track>
<mimetype>video/quicktime</mimetype>
<checksum type="md5">39c69bc09f1d7bf8c6983fa64c271fa6</checksum>
<url>tracks/20091002_hg_e1_2_Neuhaus_SD.mov</url>
<Duration>3237141</Duration>
<Audio id="stream-2">
<Encoder type="AAC"/>
<Channels>2</Channels>
<BitDepth>16</BitDepth>
<BitRate>98441.0</BitRate>
</Audio>
<Video id="stream-1">
<Encoder type="AVC"/>
<Size>768x576</Size>
<ScanType type="Progressive"/>
<BitRate>916261.0</BitRate>
<FrameRate>25.0</FrameRate>
</Video>
</media>
<metadata>
<catalog id="catalog-2" type="metadata/dublincore">
<mimetype>text/xml</mimetype>
<checksum type="md5">1914307f196116c4d0e7c21c6aba3345</checksum>
<url>metadata/dublincore-e-Neuhaus20091002_2.xml</url>
</catalog>
<catalog id="catalog-1" ref="series:351-0723-00L-2009W" type="metadata/dublincore">
<mimetype>text/xml</mimetype>
<checksum type="md5">41ce28d75cade7a5c50b78e4917d04a0</checksum>
<url>metadata/dublincore-s-Neuhaus09.xml</url>
</catalog>
<catalog id="catalog-3" type="metadata/mpeg-7">
<mimetype>text/xml</mimetype>
<checksum type="md5">d41d8cd98f00b204e9800998ecf8427e</checksum>
<url>metadata/mpeg-77100621850181806006.xml</url>
</catalog>
</metadata>
<attachments>
    <attachment id="attachment-1" type="engage/cover">
        <url>http://downloads.opencastproject.org/media/engage-cover.jpg</url>
        <mimetype>image/jpeg</mimetype>
    </attachment>
    <attachment id="attachment-2" type="feed/cover">
        <url>http://downloads.opencastproject.org/media/feed-cover.jpg</url>
        <mimetype>image/jpeg</mimetype>
    </attachment>
</attachments>
</mediapackage>
