<?xml version="1.0" encoding="UTF-8"?>
<mediapackage duration="3251160" id="10.3930/ETHZ/AV-726fef91-e9ca-48e4-9c44-abfe3819be0b">
<media>
<track id="track-1" type="engage/presenter">
    <url>http://downloads.opencastproject.org/media/car.flv</url>
    <mimetype>video/x-flv</mimetype>
    <checksum type="md5">7b3c7e8cc2cba2f5b7af4fd4224f3005</checksum>
</track>
<mimetype>video/quicktime</mimetype>
<checksum type="md5">b070c09ef41f9abf7cba39f1a64ddce9</checksum>
<url>tracks/20091109_F30_Gassert.mov</url>
<Duration>3251160</Duration>
<Audio id="stream-2">
<Encoder type="PCM"/>
<Channels>2</Channels>
<BitDepth>16</BitDepth>
<BitRate>1536000.0</BitRate>
</Audio>
<Video id="stream-1">
<Encoder type="Digital Video"/>
<Size>720x576</Size>
<BitRate>7663089.0</BitRate>
<FrameRate>25.0</FrameRate>
</Video>
</media>
<metadata>
<catalog id="catalog-2" type="metadata/dublincore">
<mimetype>text/xml</mimetype>
<checksum type="md5">c20e805b7eec319088fc8ac74774e2b3</checksum>
<url>metadata/dublincore-e-EAV_Gassert.xml</url>
</catalog>
<catalog id="catalog-1" ref="series:BIB-0001-00V" type="metadata/dublincore">
<mimetype>text/xml</mimetype>
<checksum type="md5">6a013c1eb0081e939bf211bfdf499b31</checksum>
<url>metadata/dublincore1837355891489997735.xml</url>
</catalog>
<catalog id="catalog-3" type="metadata/mpeg-7">
<mimetype>text/xml</mimetype>
<checksum type="md5">d41d8cd98f00b204e9800998ecf8427e</checksum>
<url>metadata/mpeg-76065763063497838571.xml</url>
</catalog>
</metadata>
<attachments>
    <attachment id="attachment-1" type="engage/cover">
        <url>http://downloads.opencastproject.org/media/engage-cover.jpg</url>
        <mimetype>image/jpeg</mimetype>
    </attachment>
    <attachment id="attachment-2" type="feed/cover">
        <url>http://downloads.opencastproject.org/media/feed-cover.jpg</url>
        <mimetype>image/jpeg</mimetype>
    </attachment>
</attachments>
</mediapackage>
