<?xml version="1.0" encoding="UTF-8"?>
<mediapackage>
	<media>
		<track id="track-1" type="presentation/engage">
			<url>tracks/movie.flv</url>
			<mimetype>video/x-flv</mimetype>
			<checksum type="md5">7b3c7e8cc2cba2f5b7af4fd4224f3005</checksum>
			<tags>
				<tag>engage</tag>
			</tags>
		</track>
	</media>
	<metadata>
		<catalog id="catalog-3" ref="series:351-0555-00L-2009W" type="metadata/dublincore">
			<mimetype>text/xml</mimetype>
			<checksum type="md5">b2efe553e1b7164acb6d0b1de79f535e</checksum>
			<url>metadata/dublincore-s-Haefliger09.xml</url>
		</catalog>

		<catalog id="catalog-1" type="metadata/dublincore">
			<mimetype>text/xml</mimetype>
			<checksum type="md5">2eda0cabed211d86f9297083d140d393</checksum>
			<url>metadata/dublincore8961630909962947743.xml</url>
		</catalog>
		<catalog id="catalog-2" type="segments/slides">
			<mimetype>text/xml</mimetype>
			<checksum type="md5">d41d8cd98f00b204e9800998ecf8427e</checksum>
			<url>metadata/mpeg-74724253939906404627.xml</url>
		</catalog>
	</metadata>
</mediapackage>
