<?xml version="1.0" encoding="UTF-8"?>
<Mpeg7 xmlns="urn:mpeg:mpeg7:schema:2001" xmlns:mpeg7="urn:mpeg7:schema:2001"
	xmlns:xsi="http://www.w3.org/2001/XMLSchema-instance/">
	<Description xsi:type="ContentEntityType">
		<MultimediaContent xsi:type="AudioVisualType">
			<AudioVisual id="track-1">
				<mediaLocator>
					<mediaUri>file:tracks/camera.avi</mediaUri>
				</mediaLocator>
				<mediaTime>
					<mediaTimePoint>T00:00:00:0F25</mediaTimePoint>
					<mediaDuration>PT33M25S3N1000F</mediaDuration>
				</mediaTime>
			</AudioVisual>
			<AudioVisual id="track-0">
				<mediaLocator>
					<mediaUri>file:tracks/grabber.avi</mediaUri>
				</mediaLocator>
				<mediaTime>
					<mediaTimePoint>T00:00:00:0F5</mediaTimePoint>
					<mediaDuration>PT33M25S3N1000F</mediaDuration>
				</mediaTime>
				<TemporalDecomposition criteria="temporal"
					gap="false" overlap="false">
					<AudioVisualSegment id="track-0.segment-1">
						<mediaTime>
							<mediaRelTimePoint>T00:00:00:0F1000</mediaRelTimePoint>
							<mediaDuration>PT03M06S0N1000F</mediaDuration>
						</mediaTime>
						<TextAnnotation confidence="0.5" relevance="0.3"
							xml:lang="de">
							<KeywordAnnotation>
								<Keyword>Knowledge</Keyword>
								<Keyword>October</Keyword>
								<Keyword>Stefan</Keyword>
							</KeywordAnnotation>
						</TextAnnotation>
						<TextAnnotation confidence="0.5" relevance="0.0"
							xml:lang="de">
							<KeywordAnnotation>
								<Keyword>Dr</Keyword>
							</KeywordAnnotation>
						</TextAnnotation>
						<TextAnnotation confidence="0.0" relevance="0.3"
							xml:lang="de">
							<KeywordAnnotation>
								<Keyword>Hacfliger</Keyword>
								<Keyword>Managemcr</Keyword>
							</KeywordAnnotation>
						</TextAnnotation>
						<TextAnnotation confidence="0.0" relevance="0.0"
							xml:lang="de">
							<KeywordAnnotation>
								<Keyword>A</Keyword>
								<Keyword>I</Keyword>
							</KeywordAnnotation>
						</TextAnnotation>
					</AudioVisualSegment>
					<AudioVisualSegment id="track-0.segment-2">
						<mediaTime>
							<mediaRelTimePoint>T00:03:06:0F1000</mediaRelTimePoint>
							<mediaDuration>PT01M01S0N1000F</mediaDuration>
						</mediaTime>
						<TextAnnotation confidence="0.5" relevance="0.4"
							xml:lang="en">
							<KeywordAnnotation>
								<Keyword>Course</Keyword>
								<Keyword>modules</Keyword>
							</KeywordAnnotation>
						</TextAnnotation>
						<TextAnnotation confidence="0.5" relevance="0.3"
							xml:lang="en">
							<KeywordAnnotation>
								<Keyword>Knowledge</Keyword>
								<Keyword>across</Keyword>
								<Keyword>and</Keyword>
								<Keyword>firms</Keyword>
								<Keyword>flexibility</Keyword>
								<Keyword>for</Keyword>
								<Keyword>innovation</Keyword>
								<Keyword>management</Keyword>
							</KeywordAnnotation>
						</TextAnnotation>
						<TextAnnotation confidence="0.5" relevance="0.2"
							xml:lang="en">
							<KeywordAnnotation>
								<Keyword>ACCESS</Keyword>
								<Keyword>and</Keyword>
								<Keyword>issues</Keyword>
								<Keyword>strategies</Keyword>
							</KeywordAnnotation>
						</TextAnnotation>
						<TextAnnotation confidence="0.5" relevance="0.0"
							xml:lang="en">
							<KeywordAnnotation>
								<Keyword>IP</Keyword>
								<Keyword>in</Keyword>
							</KeywordAnnotation>
						</TextAnnotation>
						<TextAnnotation confidence="0.0" relevance="0.3"
							xml:lang="en">
							<KeywordAnnotation>
								<Keyword>Machinima</Keyword>
								<Keyword>modelsmrganizing</Keyword>
								<Keyword>nnovation</Keyword>
								<Keyword>nvention</Keyword>
							</KeywordAnnotation>
						</TextAnnotation>
						<TextAnnotation confidence="0.0" relevance="0.2"
							xml:lang="en">
							<KeywordAnnotation>
								<Keyword>C0IT</Keyword>
								<Keyword>UDity</Keyword>
								<Keyword>mcentivcs</Keyword>
								<Keyword>ntreprcncurial</Keyword>
							</KeywordAnnotation>
						</TextAnnotation>
						<TextAnnotation confidence="0.0" relevance="0.0"
							xml:lang="en">
							<KeywordAnnotation>
								<Keyword>I</Keyword>
								<Keyword>T</Keyword>
							</KeywordAnnotation>
						</TextAnnotation>
					</AudioVisualSegment>
					<AudioVisualSegment id="track-0.segment-3">
						<mediaTime>
							<mediaRelTimePoint>T00:04:07:0F1000</mediaRelTimePoint>
							<mediaDuration>PT03M02S0N1000F</mediaDuration>
						</mediaTime>
						<TextAnnotation confidence="0.5" relevance="0.4"
							xml:lang="en">
							<KeywordAnnotation>
								<Keyword>The</Keyword>
								<Keyword>model</Keyword>
								<Keyword>organizations</Keyword>
								<Keyword>technology</Keyword>
							</KeywordAnnotation>
						</TextAnnotation>
						<TextAnnotation confidence="0.5" relevance="0.3"
							xml:lang="en">
							<KeywordAnnotation>
								<Keyword>Components</Keyword>
								<Keyword>Interpretive</Keyword>
								<Keyword>User</Keyword>
								<Keyword>and</Keyword>
								<Keyword>both</Keyword>
								<Keyword>constructed</Keyword>
								<Keyword>design</Keyword>
								<Keyword>flexibility</Keyword>
								<Keyword>force</Keyword>
								<Keyword>hidden</Keyword>
								<Keyword>institutions</Keyword>
								<Keyword>mode</Keyword>
								<Keyword>model</Keyword>
								<Keyword>objective</Keyword>
								<Keyword>product</Keyword>
								<Keyword>separation</Keyword>
								<Keyword>socially</Keyword>
								<Keyword>sometimes</Keyword>
								<Keyword>technology</Keyword>
								<Keyword>the</Keyword>
								<Keyword>theory</Keyword>
								<Keyword>use</Keyword>
							</KeywordAnnotation>
						</TextAnnotation>
						<TextAnnotation confidence="0.5" relevance="0.0"
							xml:lang="en">
							<KeywordAnnotation>
								<Keyword>by</Keyword>
								<Keyword>in</Keyword>
								<Keyword>is</Keyword>
								<Keyword>of</Keyword>
							</KeywordAnnotation>
						</TextAnnotation>
						<TextAnnotation confidence="0.0" relevance="0.4"
							xml:lang="en">
							<KeywordAnnotation>
								<Keyword>structurational</Keyword>
							</KeywordAnnotation>
						</TextAnnotation>
						<TextAnnotation confidence="0.0" relevance="0.3"
							xml:lang="en">
							<KeywordAnnotation>
								<Keyword>Duality</Keyword>
								<Keyword>Giddens</Keyword>
								<Keyword>Structuration</Keyword>
							</KeywordAnnotation>
						</TextAnnotation>
						<TextAnnotation confidence="0.0" relevance="0.0"
							xml:lang="en">
							<KeywordAnnotation>
								<Keyword>-</Keyword>
								<Keyword>A</Keyword>
							</KeywordAnnotation>
						</TextAnnotation>
					</AudioVisualSegment>
					<AudioVisualSegment id="track-0.segment-4">
						<mediaTime>
							<mediaRelTimePoint>T00:07:09:0F1000</mediaRelTimePoint>
							<mediaDuration>PT02M48S0N1000F</mediaDuration>
						</mediaTime>
						<TextAnnotation confidence="0.5" relevance="0.4"
							xml:lang="en">
							<KeywordAnnotation>
								<Keyword>Knowledge</Keyword>
								<Keyword>Management</Keyword>
								<Keyword>and</Keyword>
								<Keyword>the</Keyword>
							</KeywordAnnotation>
						</TextAnnotation>
						<TextAnnotation confidence="0.0" relevance="0.4"
							xml:lang="en">
							<KeywordAnnotation>
								<Keyword>Knowle</Keyword>
							</KeywordAnnotation>
						</TextAnnotation>
						<TextAnnotation confidence="0.0" relevance="0.3"
							xml:lang="en">
							<KeywordAnnotation>
								<Keyword>crgamzatsons</Keyword>
							</KeywordAnnotation>
						</TextAnnotation>
						<TextAnnotation confidence="0.0" relevance="0.0"
							xml:lang="en">
							<KeywordAnnotation>
								<Keyword>n</Keyword>
								<Keyword>r</Keyword>
							</KeywordAnnotation>
						</TextAnnotation>
					</AudioVisualSegment>
					<AudioVisualSegment id="track-0.segment-5">
						<mediaTime>
							<mediaRelTimePoint>T00:09:57:0F1000</mediaRelTimePoint>
							<mediaDuration>PT02M27S0N1000F</mediaDuration>
						</mediaTime>
						<TextAnnotation confidence="0.5" relevance="0.4"
							xml:lang="en">
							<KeywordAnnotation>
								<Keyword>Management</Keyword>
								<Keyword>Problems</Keyword>
								<Keyword>edge</Keyword>
								<Keyword>now</Keyword>
							</KeywordAnnotation>
						</TextAnnotation>
						<TextAnnotation confidence="0.5" relevance="0.3"
							xml:lang="en">
							<KeywordAnnotation>
								<Keyword>Access</Keyword>
								<Keyword>American</Keyword>
								<Keyword>Complexity</Keyword>
								<Keyword>Importance</Keyword>
								<Keyword>and</Keyword>
								<Keyword>becomes</Keyword>
								<Keyword>contract</Keyword>
								<Keyword>employees</Keyword>
								<Keyword>fewer</Keyword>
								<Keyword>firm</Keyword>
								<Keyword>including</Keyword>
								<Keyword>individual</Keyword>
								<Keyword>inside</Keyword>
								<Keyword>know</Keyword>
								<Keyword>knowledge</Keyword>
								<Keyword>leads</Keyword>
								<Keyword>leave</Keyword>
								<Keyword>managers</Keyword>
								<Keyword>more</Keyword>
								<Keyword>network</Keyword>
								<Keyword>networks</Keyword>
								<Keyword>outside</Keyword>
								<Keyword>personal</Keyword>
								<Keyword>tasks</Keyword>
								<Keyword>than</Keyword>
								<Keyword>the</Keyword>
								<Keyword>they</Keyword>
								<Keyword>two</Keyword>
								<Keyword>what</Keyword>
								<Keyword>with</Keyword>
								<Keyword>within</Keyword>
								<Keyword>workers</Keyword>
								<Keyword>years</Keyword>
							</KeywordAnnotation>
						</TextAnnotation>
						<TextAnnotation confidence="0.5" relevance="0.0"
							xml:lang="en">
							<KeywordAnnotation>
								<Keyword>in</Keyword>
								<Keyword>of</Keyword>
								<Keyword>to</Keyword>
								<Keyword>wh</Keyword>
							</KeywordAnnotation>
						</TextAnnotation>
						<TextAnnotation confidence="0.0" relevance="0.4"
							xml:lang="en">
							<KeywordAnnotation>
								<Keyword>Practic</Keyword>
							</KeywordAnnotation>
						</TextAnnotation>
						<TextAnnotation confidence="0.0" relevance="0.3"
							xml:lang="en">
							<KeywordAnnotation>
								<Keyword>crucial</Keyword>
								<Keyword>know-how</Keyword>
								<Keyword>retire</Keyword>
							</KeywordAnnotation>
						</TextAnnotation>
						<TextAnnotation confidence="0.0" relevance="0.0"
							xml:lang="en">
							<KeywordAnnotation>
								<Keyword>a</Keyword>
							</KeywordAnnotation>
						</TextAnnotation>
					</AudioVisualSegment>
					<AudioVisualSegment id="track-0.segment-6">
						<mediaTime>
							<mediaRelTimePoint>T00:12:24:0F1000</mediaRelTimePoint>
							<mediaDuration>PT31S0N1000F</mediaDuration>
						</mediaTime>
						<TextAnnotation confidence="0.5" relevance="0.4"
							xml:lang="en">
							<KeywordAnnotation>
								<Keyword>Knowledge</Keyword>
								<Keyword>Strategy</Keyword>
							</KeywordAnnotation>
						</TextAnnotation>
						<TextAnnotation confidence="0.5" relevance="0.3"
							xml:lang="en">
							<KeywordAnnotation>
								<Keyword>Companies</Keyword>
								<Keyword>Distributed</Keyword>
								<Keyword>Key</Keyword>
								<Keyword>Knowledge</Keyword>
								<Keyword>Respond</Keyword>
								<Keyword>and</Keyword>
								<Keyword>are</Keyword>
								<Keyword>how</Keyword>
								<Keyword>innovation</Keyword>
								<Keyword>knowledge</Keyword>
								<Keyword>management</Keyword>
								<Keyword>mrs</Keyword>
								<Keyword>the</Keyword>
								<Keyword>users</Keyword>
								<Keyword>which</Keyword>
								<Keyword>with</Keyword>
							</KeywordAnnotation>
						</TextAnnotation>
						<TextAnnotation confidence="0.5" relevance="0.2"
							xml:lang="en">
							<KeywordAnnotation>
								<Keyword>Why</Keyword>
								<Keyword>has</Keyword>
							</KeywordAnnotation>
						</TextAnnotation>
						<TextAnnotation confidence="0.5" relevance="0.0"
							xml:lang="en">
							<KeywordAnnotation>
								<Keyword>SI</Keyword>
								<Keyword>do</Keyword>
								<Keyword>gm</Keyword>
							</KeywordAnnotation>
						</TextAnnotation>
						<TextAnnotation confidence="0.0" relevance="0.3"
							xml:lang="en">
							<KeywordAnnotation>
								<Keyword>ECOm</Keyword>
								<Keyword>Ichanen</Keyword>
								<Keyword>rru</Keyword>
								<Keyword>scf</Keyword>
								<Keyword>uuuu</Keyword>
							</KeywordAnnotation>
						</TextAnnotation>
						<TextAnnotation confidence="0.0" relevance="0.0"
							xml:lang="en">
							<KeywordAnnotation>
								<Keyword>I</Keyword>
								<Keyword>K</Keyword>
								<Keyword>M</Keyword>
								<Keyword>a</Keyword>
								<Keyword>g</Keyword>
								<Keyword>i</Keyword>
								<Keyword>r</Keyword>
								<Keyword>s</Keyword>
								<Keyword>u</Keyword>
							</KeywordAnnotation>
						</TextAnnotation>
					</AudioVisualSegment>
					<AudioVisualSegment id="track-0.segment-7">
						<mediaTime>
							<mediaRelTimePoint>T00:12:55:0F1000</mediaRelTimePoint>
							<mediaDuration>PT57S0N1000F</mediaDuration>
						</mediaTime>
					</AudioVisualSegment>
					<AudioVisualSegment id="track-0.segment-8">
						<mediaTime>
							<mediaRelTimePoint>T00:13:52:0F1000</mediaRelTimePoint>
							<mediaDuration>PT12S0N1000F</mediaDuration>
						</mediaTime>
						<TextAnnotation confidence="0.5" relevance="0.0"
							xml:lang="de">
							<KeywordAnnotation>
								<Keyword>HA</Keyword>
							</KeywordAnnotation>
						</TextAnnotation>
						<TextAnnotation confidence="0.0" relevance="0.0"
							xml:lang="de">
							<KeywordAnnotation>
								<Keyword>I</Keyword>
								<Keyword>J</Keyword>
								<Keyword>L</Keyword>
								<Keyword>S</Keyword>
								<Keyword>U</Keyword>
								<Keyword>W</Keyword>
								<Keyword>Y</Keyword>
							</KeywordAnnotation>
						</TextAnnotation>
					</AudioVisualSegment>
					<AudioVisualSegment id="track-0.segment-9">
						<mediaTime>
							<mediaRelTimePoint>T00:14:04:0F1000</mediaRelTimePoint>
							<mediaDuration>PT02M07S0N1000F</mediaDuration>
						</mediaTime>
					</AudioVisualSegment>
					<AudioVisualSegment id="track-0.segment-10">
						<mediaTime>
							<mediaRelTimePoint>T00:16:11:0F1000</mediaRelTimePoint>
							<mediaDuration>PT38S0N1000F</mediaDuration>
						</mediaTime>
						<TextAnnotation confidence="0.5" relevance="0.4"
							xml:lang="de">
							<KeywordAnnotation>
								<Keyword>Knowledge</Keyword>
								<Keyword>Strategy</Keyword>
							</KeywordAnnotation>
						</TextAnnotation>
						<TextAnnotation confidence="0.5" relevance="0.3"
							xml:lang="de">
							<KeywordAnnotation>
								<Keyword>Companies</Keyword>
								<Keyword>Ims</Keyword>
								<Keyword>Knowledge</Keyword>
								<Keyword>Management</Keyword>
								<Keyword>and</Keyword>
								<Keyword>become</Keyword>
								<Keyword>challenges</Keyword>
								<Keyword>how</Keyword>
								<Keyword>management</Keyword>
							</KeywordAnnotation>
						</TextAnnotation>
						<TextAnnotation confidence="0.5" relevance="0.0"
							xml:lang="de">
							<KeywordAnnotation>
								<Keyword>Kg</Keyword>
								<Keyword>an</Keyword>
								<Keyword>do</Keyword>
								<Keyword>gm</Keyword>
								<Keyword>lt</Keyword>
								<Keyword>ly</Keyword>
								<Keyword>me</Keyword>
								<Keyword>of</Keyword>
								<Keyword>uf</Keyword>
								<Keyword>uv</Keyword>
							</KeywordAnnotation>
						</TextAnnotation>
						<TextAnnotation confidence="0.0" relevance="0.3"
							xml:lang="de">
							<KeywordAnnotation>
								<Keyword>Iwith</Keyword>
								<Keyword>Qbjedives</Keyword>
								<Keyword>apdjhe</Keyword>
								<Keyword>innqyation</Keyword>
								<Keyword>u-sers</Keyword>
							</KeywordAnnotation>
						</TextAnnotation>
						<TextAnnotation confidence="0.0" relevance="0.0"
							xml:lang="de">
							<KeywordAnnotation>
								<Keyword>E</Keyword>
								<Keyword>I</Keyword>
								<Keyword>M</Keyword>
								<Keyword>V</Keyword>
								<Keyword>c</Keyword>
								<Keyword>s</Keyword>
								<Keyword>x</Keyword>
							</KeywordAnnotation>
						</TextAnnotation>
					</AudioVisualSegment>
					<AudioVisualSegment id="track-0.segment-11">
						<mediaTime>
							<mediaRelTimePoint>T00:16:49:0F1000</mediaRelTimePoint>
							<mediaDuration>PT48S0N1000F</mediaDuration>
						</mediaTime>
						<TextAnnotation confidence="0.5" relevance="0.5"
							xml:lang="en">
							<KeywordAnnotation>
								<Keyword>Knowledge</Keyword>
								<Keyword>Relevant</Keyword>
							</KeywordAnnotation>
						</TextAnnotation>
						<TextAnnotation confidence="0.5" relevance="0.4"
							xml:lang="en">
							<KeywordAnnotation>
								<Keyword>Defining</Keyword>
								<Keyword>Domain</Keyword>
								<Keyword>Knowledge</Keyword>
								<Keyword>act</Keyword>
								<Keyword>also</Keyword>
								<Keyword>and</Keyword>
								<Keyword>can</Keyword>
								<Keyword>capacity</Keyword>
								<Keyword>data</Keyword>
								<Keyword>decisions</Keyword>
								<Keyword>either</Keyword>
								<Keyword>explicit</Keyword>
								<Keyword>gives</Keyword>
								<Keyword>ideas</Keyword>
								<Keyword>information</Keyword>
								<Keyword>into</Keyword>
								<Keyword>might</Keyword>
								<Keyword>nature</Keyword>
								<Keyword>potential</Keyword>
								<Keyword>the</Keyword>
								<Keyword>transform</Keyword>
							</KeywordAnnotation>
						</TextAnnotation>
						<TextAnnotation confidence="0.5" relevance="0.3"
							xml:lang="en">
							<KeywordAnnotation>
								<Keyword>Data</Keyword>
								<Keyword>Dimensions</Keyword>
								<Keyword>Domain</Keyword>
								<Keyword>Information</Keyword>
								<Keyword>Knowledge</Keyword>
								<Keyword>Relevant</Keyword>
								<Keyword>The</Keyword>
								<Keyword>are</Keyword>
								<Keyword>basic</Keyword>
								<Keyword>been</Keyword>
								<Keyword>blocks</Keyword>
								<Keyword>building</Keyword>
								<Keyword>consists</Keyword>
								<Keyword>data</Keyword>
								<Keyword>following</Keyword>
								<Keyword>for</Keyword>
								<Keyword>ftl</Keyword>
								<Keyword>have</Keyword>
								<Keyword>information</Keyword>
								<Keyword>into</Keyword>
								<Keyword>models</Keyword>
								<Keyword>sent</Keyword>
								<Keyword>that</Keyword>
								<Keyword>the</Keyword>
								<Keyword>tools</Keyword>
							</KeywordAnnotation>
						</TextAnnotation>
						<TextAnnotation confidence="0.5" relevance="0.0"
							xml:lang="en">
							<KeywordAnnotation>
								<Keyword>It</Keyword>
								<Keyword>Sa</Keyword>
								<Keyword>am</Keyword>
								<Keyword>be</Keyword>
								<Keyword>es</Keyword>
								<Keyword>fn</Keyword>
								<Keyword>if</Keyword>
								<Keyword>in</Keyword>
								<Keyword>is</Keyword>
								<Keyword>lC</Keyword>
								<Keyword>nd</Keyword>
								<Keyword>of</Keyword>
								<Keyword>or</Keyword>
								<Keyword>to</Keyword>
							</KeywordAnnotation>
						</TextAnnotation>
						<TextAnnotation confidence="0.0" relevance="0.4"
							xml:lang="en">
							<KeywordAnnotation>
								<Keyword>begiven</Keyword>
								<Keyword>tacit</Keyword>
							</KeywordAnnotation>
						</TextAnnotation>
						<TextAnnotation confidence="0.0" relevance="0.3"
							xml:lang="en">
							<KeywordAnnotation>
								<Keyword>PSUETHS</Keyword>
								<Keyword>SUH</Keyword>
								<Keyword>arra</Keyword>
								<Keyword>dUSUy</Keyword>
								<Keyword>gfUI</Keyword>
								<Keyword>i.e</Keyword>
								<Keyword>nces</Keyword>
								<Keyword>nged</Keyword>
								<Keyword>pblicies</Keyword>
							</KeywordAnnotation>
						</TextAnnotation>
						<TextAnnotation confidence="0.0" relevance="0.0"
							xml:lang="en">
							<KeywordAnnotation>
								<Keyword>C</Keyword>
								<Keyword>I</Keyword>
								<Keyword>M</Keyword>
								<Keyword>N</Keyword>
								<Keyword>a</Keyword>
								<Keyword>f</Keyword>
								<Keyword>i</Keyword>
								<Keyword>n</Keyword>
							</KeywordAnnotation>
						</TextAnnotation>
					</AudioVisualSegment>
					<AudioVisualSegment id="track-0.segment-12">
						<mediaTime>
							<mediaRelTimePoint>T00:17:37:0F1000</mediaRelTimePoint>
							<mediaDuration>PT03M23S0N1000F</mediaDuration>
						</mediaTime>
						<TextAnnotation confidence="0.5" relevance="0.4"
							xml:lang="en">
							<KeywordAnnotation>
								<Keyword>Explicit</Keyword>
								<Keyword>and</Keyword>
								<Keyword>knowledge</Keyword>
							</KeywordAnnotation>
						</TextAnnotation>
						<TextAnnotation confidence="0.5" relevance="0.3"
							xml:lang="en">
							<KeywordAnnotation>
								<Keyword>Explicit</Keyword>
								<Keyword>Written</Keyword>
								<Keyword>action</Keyword>
								<Keyword>and</Keyword>
								<Keyword>but</Keyword>
								<Keyword>cannot</Keyword>
								<Keyword>code</Keyword>
								<Keyword>documentation</Keyword>
								<Keyword>easily</Keyword>
								<Keyword>enables</Keyword>
								<Keyword>explicit</Keyword>
								<Keyword>expressed</Keyword>
								<Keyword>implicit</Keyword>
								<Keyword>including</Keyword>
								<Keyword>innovation</Keyword>
								<Keyword>instructions</Keyword>
								<Keyword>knowledge</Keyword>
								<Keyword>known</Keyword>
								<Keyword>made</Keyword>
								<Keyword>manuals</Keyword>
								<Keyword>software</Keyword>
								<Keyword>spoken</Keyword>
								<Keyword>sticky</Keyword>
								<Keyword>text</Keyword>
								<Keyword>that</Keyword>
								<Keyword>trigger</Keyword>
								<Keyword>user</Keyword>
								<Keyword>von</Keyword>
								<Keyword>word</Keyword>
							</KeywordAnnotation>
						</TextAnnotation>
						<TextAnnotation confidence="0.5" relevance="0.0"
							xml:lang="en">
							<KeywordAnnotation>
								<Keyword>Le</Keyword>
								<Keyword>be</Keyword>
								<Keyword>gg</Keyword>
								<Keyword>to</Keyword>
							</KeywordAnnotation>
						</TextAnnotation>
						<TextAnnotation confidence="0.0" relevance="0.4"
							xml:lang="en">
							<KeywordAnnotation>
								<Keyword>tacit</Keyword>
							</KeywordAnnotation>
						</TextAnnotation>
						<TextAnnotation confidence="0.0" relevance="0.3"
							xml:lang="en">
							<KeywordAnnotation>
								<Keyword>Context-dependent</Keyword>
								<Keyword>Experience-based</Keyword>
								<Keyword>Hippel</Keyword>
								<Keyword>Tacit</Keyword>
							</KeywordAnnotation>
						</TextAnnotation>
						<TextAnnotation confidence="0.0" relevance="0.0"
							xml:lang="en">
							<KeywordAnnotation>
								<Keyword>E</Keyword>
							</KeywordAnnotation>
						</TextAnnotation>
					</AudioVisualSegment>
					<AudioVisualSegment id="track-0.segment-13">
						<mediaTime>
							<mediaRelTimePoint>T00:21:00:0F1000</mediaRelTimePoint>
							<mediaDuration>PT01M23S0N1000F</mediaDuration>
						</mediaTime>
						<TextAnnotation confidence="0.5" relevance="0.4"
							xml:lang="en">
							<KeywordAnnotation>
								<Keyword>Sticky</Keyword>
								<Keyword>Trek</Keyword>
								<Keyword>and</Keyword>
								<Keyword>are</Keyword>
								<Keyword>bikes</Keyword>
								<Keyword>come</Keyword>
								<Keyword>example</Keyword>
								<Keyword>experiences</Keyword>
								<Keyword>from</Keyword>
								<Keyword>glory</Keyword>
								<Keyword>here</Keyword>
								<Keyword>knowledge</Keyword>
								<Keyword>main</Keyword>
								<Keyword>managers</Keyword>
								<Keyword>many</Keyword>
								<Keyword>money</Keyword>
								<Keyword>mountain</Keyword>
								<Keyword>own</Keyword>
								<Keyword>people</Keyword>
								<Keyword>personal</Keyword>
								<Keyword>reason</Keyword>
								<Keyword>result</Keyword>
								<Keyword>sure</Keyword>
								<Keyword>with</Keyword>
								<Keyword>work</Keyword>
							</KeywordAnnotation>
						</TextAnnotation>
						<TextAnnotation confidence="0.5" relevance="0.3"
							xml:lang="en">
							<KeywordAnnotation>
								<Keyword>Borg</Keyword>
								<Keyword>Interview</Keyword>
								<Keyword>about</Keyword>
								<Keyword>else</Keyword>
								<Keyword>engineers</Keyword>
								<Keyword>every</Keyword>
								<Keyword>one</Keyword>
								<Keyword>sales</Keyword>
								<Keyword>that</Keyword>
								<Keyword>the</Keyword>
							</KeywordAnnotation>
						</TextAnnotation>
						<TextAnnotation confidence="0.5" relevance="0.0"
							xml:lang="en">
							<KeywordAnnotation>
								<Keyword>Sa</Keyword>
								<Keyword>at</Keyword>
								<Keyword>or</Keyword>
								<Keyword>up</Keyword>
								<Keyword>we</Keyword>
							</KeywordAnnotation>
						</TextAnnotation>
						<TextAnnotation confidence="0.0" relevance="0.4"
							xml:lang="en">
							<KeywordAnnotation>
								<Keyword>Axt,Trek</Keyword>
								<Keyword>Mountainbikcs</Keyword>
								<Keyword>Natfcr</Keyword>
								<Keyword>advancements</Keyword>
								<Keyword>biking</Keyword>
								<Keyword>designers</Keyword>
								<Keyword>ofour</Keyword>
								<Keyword>ofthe</Keyword>
								<Keyword>rides</Keyword>
								<Keyword>thafs</Keyword>
								<Keyword>thafsfor</Keyword>
							</KeywordAnnotation>
						</TextAnnotation>
						<TextAnnotation confidence="0.0" relevance="0.3"
							xml:lang="en">
							<KeywordAnnotation>
								<Keyword>Drew</Keyword>
								<Keyword>Remember</Keyword>
								<Keyword>Sanne</Keyword>
								<Keyword>andjust</Keyword>
								<Keyword>cur</Keyword>
							</KeywordAnnotation>
						</TextAnnotation>
						<TextAnnotation confidence="0.0" relevance="0.0"
							xml:lang="en">
							<KeywordAnnotation>
								<Keyword>a</Keyword>
								<Keyword>i</Keyword>
							</KeywordAnnotation>
						</TextAnnotation>
					</AudioVisualSegment>
					<AudioVisualSegment id="track-0.segment-14">
						<mediaTime>
							<mediaRelTimePoint>T00:22:23:0F1000</mediaRelTimePoint>
							<mediaDuration>PT01M24S0N1000F</mediaDuration>
						</mediaTime>
						<TextAnnotation confidence="0.5" relevance="0.4"
							xml:lang="en">
							<KeywordAnnotation>
								<Keyword>Concern</Keyword>
								<Keyword>Dominant</Keyword>
								<Keyword>Management</Keyword>
								<Keyword>Themes</Keyword>
								<Keyword>Top</Keyword>
							</KeywordAnnotation>
						</TextAnnotation>
						<TextAnnotation confidence="0.5" relevance="0.0"
							xml:lang="en">
							<KeywordAnnotation>
								<Keyword>of</Keyword>
								<Keyword>to</Keyword>
							</KeywordAnnotation>
						</TextAnnotation>
					</AudioVisualSegment>
					<AudioVisualSegment id="track-0.segment-15">
						<mediaTime>
							<mediaRelTimePoint>T00:23:47:0F1000</mediaRelTimePoint>
							<mediaDuration>PT01M24S0N1000F</mediaDuration>
						</mediaTime>
						<TextAnnotation confidence="0.5" relevance="0.4"
							xml:lang="en">
							<KeywordAnnotation>
								<Keyword>Challenges</Keyword>
								<Keyword>Knowledge</Keyword>
								<Keyword>Management</Keyword>
								<Keyword>Response</Keyword>
								<Keyword>creation</Keyword>
								<Keyword>current</Keyword>
								<Keyword>knowledge</Keyword>
								<Keyword>ldap</Keyword>
								<Keyword>user</Keyword>
							</KeywordAnnotation>
						</TextAnnotation>
						<TextAnnotation confidence="0.5" relevance="0.3"
							xml:lang="en">
							<KeywordAnnotation>
								<Keyword>Business</Keyword>
								<Keyword>Knowledge</Keyword>
								<Keyword>and</Keyword>
								<Keyword>challenges</Keyword>
								<Keyword>concern</Keyword>
								<Keyword>know</Keyword>
								<Keyword>led</Keyword>
								<Keyword>make</Keyword>
								<Keyword>management</Keyword>
								<Keyword>response</Keyword>
								<Keyword>the</Keyword>
								<Keyword>transfer</Keyword>
							</KeywordAnnotation>
						</TextAnnotation>
						<TextAnnotation confidence="0.5" relevance="0.0"
							xml:lang="en">
							<KeywordAnnotation>
								<Keyword>Td</Keyword>
								<Keyword>as</Keyword>
								<Keyword>of</Keyword>
								<Keyword>on</Keyword>
								<Keyword>pf</Keyword>
								<Keyword>qr</Keyword>
								<Keyword>to</Keyword>
							</KeywordAnnotation>
						</TextAnnotation>
						<TextAnnotation confidence="0.0" relevance="0.4"
							xml:lang="en">
							<KeywordAnnotation>
								<Keyword>cfprbdutl</Keyword>
								<Keyword>knmniedgetransfcr</Keyword>
								<Keyword>knowlcdgg</Keyword>
								<Keyword>l0duc</Keyword>
								<Keyword>lble</Keyword>
								<Keyword>m.,.,...,,q</Keyword>
								<Keyword>nflhe</Keyword>
							</KeywordAnnotation>
						</TextAnnotation>
						<TextAnnotation confidence="0.0" relevance="0.3"
							xml:lang="en">
							<KeywordAnnotation>
								<Keyword>Bhd</Keyword>
								<Keyword>Bluning</Keyword>
								<Keyword>CUSIOMCY</Keyword>
								<Keyword>Irjtcrface</Keyword>
								<Keyword>Jslands</Keyword>
								<Keyword>Zdge</Keyword>
								<Keyword>alliaqges</Keyword>
								<Keyword>bqundaries</Keyword>
								<Keyword>demiqnd</Keyword>
								<Keyword>earprggr2Ams</Keyword>
								<Keyword>fCTEf</Keyword>
								<Keyword>greatg</Keyword>
								<Keyword>idcntlhcation</Keyword>
								<Keyword>indqstry</Keyword>
								<Keyword>managemcnfs</Keyword>
								<Keyword>mathx</Keyword>
								<Keyword>rKnovylgdge</Keyword>
								<Keyword>spill-overa</Keyword>
								<Keyword>tratgglg</Keyword>
								<Keyword>visigningland</Keyword>
							</KeywordAnnotation>
						</TextAnnotation>
						<TextAnnotation confidence="0.0" relevance="0.0"
							xml:lang="en">
							<KeywordAnnotation>
								<Keyword>-</Keyword>
								<Keyword>E</Keyword>
								<Keyword>I</Keyword>
								<Keyword>S</Keyword>
								<Keyword>V</Keyword>
								<Keyword>a</Keyword>
								<Keyword>g</Keyword>
								<Keyword>i</Keyword>
								<Keyword>n</Keyword>
								<Keyword>s</Keyword>
								<Keyword>y</Keyword>
							</KeywordAnnotation>
						</TextAnnotation>
					</AudioVisualSegment>
					<AudioVisualSegment id="track-0.segment-16">
						<mediaTime>
							<mediaRelTimePoint>T00:25:11:0F1000</mediaRelTimePoint>
							<mediaDuration>PT01M49S0N1000F</mediaDuration>
						</mediaTime>
						<TextAnnotation confidence="0.5" relevance="0.5"
							xml:lang="en">
							<KeywordAnnotation>
								<Keyword>raw</Keyword>
								<Keyword>use</Keyword>
							</KeywordAnnotation>
						</TextAnnotation>
						<TextAnnotation confidence="0.5" relevance="0.4"
							xml:lang="en">
							<KeywordAnnotation>
								<Keyword>Challenges</Keyword>
								<Keyword>Imitate</Keyword>
								<Keyword>Knowledge</Keyword>
								<Keyword>Management</Keyword>
								<Keyword>Response</Keyword>
								<Keyword>TQM</Keyword>
								<Keyword>and</Keyword>
								<Keyword>beham</Keyword>
								<Keyword>best</Keyword>
								<Keyword>can</Keyword>
								<Keyword>capital</Keyword>
								<Keyword>current</Keyword>
								<Keyword>factors</Keyword>
								<Keyword>hin</Keyword>
								<Keyword>icq</Keyword>
								<Keyword>innovations</Keyword>
								<Keyword>intellectual</Keyword>
								<Keyword>loss</Keyword>
								<Keyword>low</Keyword>
								<Keyword>rate</Keyword>
								<Keyword>source</Keyword>
								<Keyword>valuable</Keyword>
							</KeywordAnnotation>
						</TextAnnotation>
						<TextAnnotation confidence="0.5" relevance="0.3"
							xml:lang="en">
							<KeywordAnnotation>
								<Keyword>Business</Keyword>
								<Keyword>Knowledge</Keyword>
								<Keyword>book</Keyword>
								<Keyword>challenges</Keyword>
								<Keyword>the</Keyword>
								<Keyword>value</Keyword>
							</KeywordAnnotation>
						</TextAnnotation>
						<TextAnnotation confidence="0.5" relevance="0.0"
							xml:lang="en">
							<KeywordAnnotation>
								<Keyword>Sp</Keyword>
								<Keyword>as</Keyword>
								<Keyword>be</Keyword>
								<Keyword>cf</Keyword>
								<Keyword>ln</Keyword>
								<Keyword>ma</Keyword>
								<Keyword>mr</Keyword>
								<Keyword>nm</Keyword>
								<Keyword>of</Keyword>
								<Keyword>to</Keyword>
								<Keyword>tp</Keyword>
							</KeywordAnnotation>
						</TextAnnotation>
						<TextAnnotation confidence="0.0" relevance="0.5"
							xml:lang="en">
							<KeywordAnnotation>
								<Keyword>knwnmge</Keyword>
								<Keyword>mommy</Keyword>
								<Keyword>ojanaznmnar</Keyword>
								<Keyword>rmveasm</Keyword>
							</KeywordAnnotation>
						</TextAnnotation>
						<TextAnnotation confidence="0.0" relevance="0.4"
							xml:lang="en">
							<KeywordAnnotation>
								<Keyword>Captu</Keyword>
								<Keyword>DPR</Keyword>
								<Keyword>Dqwqgiqng</Keyword>
								<Keyword>Implucd</Keyword>
								<Keyword>Innovative-</Keyword>
								<Keyword>Kncyvfedge</Keyword>
								<Keyword>Mcrgqs</Keyword>
								<Keyword>andlsubstltutc</Keyword>
								<Keyword>anq</Keyword>
								<Keyword>aqd</Keyword>
								<Keyword>c0mbinaHonlsakcy</Keyword>
								<Keyword>cnmpetltxvc</Keyword>
								<Keyword>creatipn</Keyword>
								<Keyword>demhivated</Keyword>
								<Keyword>downsizing</Keyword>
								<Keyword>mtr</Keyword>
								<Keyword>nodistingui</Keyword>
								<Keyword>pavityjt</Keyword>
								<Keyword>pjndivlglpal</Keyword>
								<Keyword>prod</Keyword>
								<Keyword>tangible</Keyword>
								<Keyword>unrqugdnfficult</Keyword>
								<Keyword>vamanre</Keyword>
								<Keyword>wre</Keyword>
							</KeywordAnnotation>
						</TextAnnotation>
						<TextAnnotation confidence="0.0" relevance="0.3"
							xml:lang="en">
							<KeywordAnnotation>
								<Keyword>Bhd</Keyword>
								<Keyword>Fkct</Keyword>
								<Keyword>Largg</Keyword>
								<Keyword>WsqgI</Keyword>
								<Keyword>bqyccn</Keyword>
								<Keyword>managemenfs</Keyword>
								<Keyword>qisqepanqgs</Keyword>
								<Keyword>yalu</Keyword>
								<Keyword>zaticn</Keyword>
							</KeywordAnnotation>
						</TextAnnotation>
						<TextAnnotation confidence="0.0" relevance="0.0"
							xml:lang="en">
							<KeywordAnnotation>
								<Keyword>-</Keyword>
								<Keyword>A</Keyword>
								<Keyword>I</Keyword>
								<Keyword>O</Keyword>
								<Keyword>T</Keyword>
								<Keyword>a</Keyword>
								<Keyword>e</Keyword>
								<Keyword>g</Keyword>
								<Keyword>k</Keyword>
							</KeywordAnnotation>
						</TextAnnotation>
					</AudioVisualSegment>
					<AudioVisualSegment id="track-0.segment-17">
						<mediaTime>
							<mediaRelTimePoint>T00:27:00:0F1000</mediaRelTimePoint>
							<mediaDuration>PT01M38S0N1000F</mediaDuration>
						</mediaTime>
						<TextAnnotation confidence="0.5" relevance="0.4"
							xml:lang="en">
							<KeywordAnnotation>
								<Keyword>Business</Keyword>
								<Keyword>CMB</Keyword>
								<Keyword>ENDS</Keyword>
								<Keyword>Focus</Keyword>
								<Keyword>Knowledge</Keyword>
								<Keyword>Managing</Keyword>
								<Keyword>OUT</Keyword>
								<Keyword>Objectives</Keyword>
								<Keyword>What</Keyword>
								<Keyword>across</Keyword>
								<Keyword>becoming</Keyword>
								<Keyword>knowledge</Keyword>
								<Keyword>our</Keyword>
								<Keyword>product</Keyword>
								<Keyword>relations</Keyword>
								<Keyword>risk</Keyword>
								<Keyword>should</Keyword>
								<Keyword>subsidiaries</Keyword>
								<Keyword>the</Keyword>
								<Keyword>with</Keyword>
							</KeywordAnnotation>
						</TextAnnotation>
						<TextAnnotation confidence="0.5" relevance="0.3"
							xml:lang="en">
							<KeywordAnnotation>
								<Keyword>Creating</Keyword>
								<Keyword>Dealing</Keyword>
								<Keyword>Innovation</Keyword>
								<Keyword>Making</Keyword>
								<Keyword>Managing</Keyword>
								<Keyword>Risk</Keyword>
								<Keyword>and</Keyword>
								<Keyword>best</Keyword>
								<Keyword>build</Keyword>
								<Keyword>chain</Keyword>
								<Keyword>consumer</Keyword>
								<Keyword>costs</Keyword>
								<Keyword>government</Keyword>
								<Keyword>human</Keyword>
								<Keyword>lasting</Keyword>
								<Keyword>marketing</Keyword>
								<Keyword>meet</Keyword>
								<Keyword>needs</Keyword>
								<Keyword>new</Keyword>
								<Keyword>our</Keyword>
								<Keyword>practices</Keyword>
								<Keyword>products</Keyword>
								<Keyword>reactio</Keyword>
								<Keyword>risk</Keyword>
								<Keyword>service</Keyword>
								<Keyword>sharing</Keyword>
								<Keyword>strategies</Keyword>
								<Keyword>supply</Keyword>
								<Keyword>unique</Keyword>
								<Keyword>with</Keyword>
							</KeywordAnnotation>
						</TextAnnotation>
						<TextAnnotation confidence="0.5" relevance="0.0"
							xml:lang="en">
							<KeywordAnnotation>
								<Keyword>be</Keyword>
								<Keyword>in</Keyword>
								<Keyword>of</Keyword>
								<Keyword>to</Keyword>
								<Keyword>us</Keyword>
							</KeywordAnnotation>
						</TextAnnotation>
						<TextAnnotation confidence="0.0" relevance="0.4"
							xml:lang="en">
							<KeywordAnnotation>
								<Keyword>GCVEIOPMEHI</Keyword>
								<Keyword>TESOUTCES</Keyword>
								<Keyword>leveraging</Keyword>
								<Keyword>outdated</Keyword>
								<Keyword>over-</Keyword>
							</KeywordAnnotation>
						</TextAnnotation>
						<TextAnnotation confidence="0.0" relevance="0.3"
							xml:lang="en">
							<KeywordAnnotation>
								<Keyword>Efficiencz</Keyword>
								<Keyword>EratIons</Keyword>
								<Keyword>Reduclpg</Keyword>
								<Keyword>compctitbrs</Keyword>
								<Keyword>inty</Keyword>
								<Keyword>policy-</Keyword>
								<Keyword>rcsour</Keyword>
								<Keyword>sh3rin</Keyword>
								<Keyword>uncert</Keyword>
							</KeywordAnnotation>
						</TextAnnotation>
						<TextAnnotation confidence="0.0" relevance="0.0"
							xml:lang="en">
							<KeywordAnnotation>
								<Keyword>e</Keyword>
								<Keyword>s</Keyword>
							</KeywordAnnotation>
						</TextAnnotation>
					</AudioVisualSegment>
					<AudioVisualSegment id="track-0.segment-18">
						<mediaTime>
							<mediaRelTimePoint>T00:28:38:0F1000</mediaRelTimePoint>
							<mediaDuration>PT39S0N1000F</mediaDuration>
						</mediaTime>
						<TextAnnotation confidence="0.5" relevance="0.4"
							xml:lang="en">
							<KeywordAnnotation>
								<Keyword>How</Keyword>
								<Keyword>Objectives</Keyword>
								<Keyword>companies</Keyword>
								<Keyword>existing</Keyword>
								<Keyword>for</Keyword>
								<Keyword>respond</Keyword>
								<Keyword>these</Keyword>
								<Keyword>uses</Keyword>
							</KeywordAnnotation>
						</TextAnnotation>
						<TextAnnotation confidence="0.5" relevance="0.3"
							xml:lang="en">
							<KeywordAnnotation>
								<Keyword>Find</Keyword>
								<Keyword>Make</Keyword>
								<Keyword>What</Keyword>
								<Keyword>accessible</Keyword>
								<Keyword>and</Keyword>
								<Keyword>before</Keyword>
								<Keyword>business</Keyword>
								<Keyword>creating</Keyword>
								<Keyword>creation</Keyword>
								<Keyword>easily</Keyword>
								<Keyword>find</Keyword>
								<Keyword>for</Keyword>
								<Keyword>have</Keyword>
								<Keyword>innovations</Keyword>
								<Keyword>keep</Keyword>
								<Keyword>knowledge</Keyword>
								<Keyword>late</Keyword>
								<Keyword>need</Keyword>
								<Keyword>new</Keyword>
								<Keyword>not</Keyword>
								<Keyword>organization</Keyword>
								<Keyword>out</Keyword>
								<Keyword>successful</Keyword>
								<Keyword>sufficient</Keyword>
								<Keyword>the</Keyword>
								<Keyword>what</Keyword>
							</KeywordAnnotation>
						</TextAnnotation>
						<TextAnnotation confidence="0.5" relevance="0.2"
							xml:lang="en">
							<KeywordAnnotation>
								<Keyword>Becker</Keyword>
							</KeywordAnnotation>
						</TextAnnotation>
						<TextAnnotation confidence="0.5" relevance="0.0"
							xml:lang="en">
							<KeywordAnnotation>
								<Keyword>Cl</Keyword>
								<Keyword>Is</Keyword>
								<Keyword>We</Keyword>
								<Keyword>do</Keyword>
								<Keyword>is</Keyword>
								<Keyword>it</Keyword>
								<Keyword>of</Keyword>
								<Keyword>to</Keyword>
								<Keyword>wc</Keyword>
								<Keyword>we</Keyword>
							</KeywordAnnotation>
						</TextAnnotation>
						<TextAnnotation confidence="0.0" relevance="0.4"
							xml:lang="en">
							<KeywordAnnotation>
								<Keyword>QiIQ</Keyword>
								<Keyword>m.z</Keyword>
							</KeywordAnnotation>
						</TextAnnotation>
						<TextAnnotation confidence="0.0" relevance="0.3"
							xml:lang="en">
							<KeywordAnnotation>
								<Keyword>enable</Keyword>
								<Keyword>knowledge-based</Keyword>
								<Keyword>rnncvator</Keyword>
								<Keyword>smnenqy</Keyword>
							</KeywordAnnotation>
						</TextAnnotation>
						<TextAnnotation confidence="0.0" relevance="0.0"
							xml:lang="en">
							<KeywordAnnotation>
								<Keyword>-</Keyword>
								<Keyword>H</Keyword>
								<Keyword>Q</Keyword>
								<Keyword>W</Keyword>
								<Keyword>a</Keyword>
								<Keyword>i</Keyword>
								<Keyword>x</Keyword>
							</KeywordAnnotation>
						</TextAnnotation>
					</AudioVisualSegment>
					<AudioVisualSegment id="track-0.segment-19">
						<mediaTime>
							<mediaRelTimePoint>T00:29:17:0F1000</mediaRelTimePoint>
							<mediaDuration>PT03M48S0N1000F</mediaDuration>
						</mediaTime>
						<TextAnnotation confidence="0.5" relevance="0.4"
							xml:lang="en">
							<KeywordAnnotation>
								<Keyword>Company</Keyword>
								<Keyword>Development</Keyword>
								<Keyword>Model</Keyword>
							</KeywordAnnotation>
						</TextAnnotation>
						<TextAnnotation confidence="0.5" relevance="0.2"
							xml:lang="en">
							<KeywordAnnotation>
								<Keyword>Focus</Keyword>
								<Keyword>existing</Keyword>
								<Keyword>knowledge</Keyword>
								<Keyword>new</Keyword>
							</KeywordAnnotation>
						</TextAnnotation>
						<TextAnnotation confidence="0.5" relevance="0.0"
							xml:lang="en">
							<KeywordAnnotation>
								<Keyword>HV</Keyword>
								<Keyword>VW</Keyword>
								<Keyword>fi</Keyword>
								<Keyword>of</Keyword>
								<Keyword>on</Keyword>
							</KeywordAnnotation>
						</TextAnnotation>
						<TextAnnotation confidence="0.0" relevance="0.0"
							xml:lang="en">
							<KeywordAnnotation>
								<Keyword>A</Keyword>
								<Keyword>I</Keyword>
								<Keyword>P</Keyword>
								<Keyword>V</Keyword>
								<Keyword>X</Keyword>
								<Keyword>f</Keyword>
								<Keyword>i</Keyword>
								<Keyword>l</Keyword>
								<Keyword>x</Keyword>
							</KeywordAnnotation>
						</TextAnnotation>
					</AudioVisualSegment>
					<AudioVisualSegment id="track-0.segment-20">
						<mediaTime>
							<mediaRelTimePoint>T00:33:05:0F1000</mediaRelTimePoint>
							<mediaDuration>PT19S0N1000F</mediaDuration>
						</mediaTime>
						<TextAnnotation confidence="0.5" relevance="0.4"
							xml:lang="en">
							<KeywordAnnotation>
								<Keyword>Anatomy</Keyword>
								<Keyword>EDI</Keyword>
								<Keyword>Knowledge</Keyword>
								<Keyword>Processes</Keyword>
								<Keyword>The</Keyword>
							</KeywordAnnotation>
						</TextAnnotation>
						<TextAnnotation confidence="0.5" relevance="0.3"
							xml:lang="en">
							<KeywordAnnotation>
								<Keyword>Capturing</Keyword>
								<Keyword>Core</Keyword>
								<Keyword>Generating</Keyword>
								<Keyword>Locating</Keyword>
								<Keyword>Qing</Keyword>
								<Keyword>Transferring</Keyword>
								<Keyword>achieve</Keyword>
								<Keyword>and</Keyword>
								<Keyword>business</Keyword>
								<Keyword>capturing</Keyword>
								<Keyword>existing</Keyword>
								<Keyword>explicit</Keyword>
								<Keyword>groups</Keyword>
								<Keyword>individual</Keyword>
								<Keyword>knowledge</Keyword>
								<Keyword>new</Keyword>
								<Keyword>objectives</Keyword>
								<Keyword>process</Keyword>
							</KeywordAnnotation>
						</TextAnnotation>
						<TextAnnotation confidence="0.5" relevance="0.2"
							xml:lang="en">
							<KeywordAnnotation>
								<Keyword>Creating</Keyword>
							</KeywordAnnotation>
						</TextAnnotation>
						<TextAnnotation confidence="0.5" relevance="0.0"
							xml:lang="en">
							<KeywordAnnotation>
								<Keyword>by</Keyword>
								<Keyword>of</Keyword>
								<Keyword>or</Keyword>
								<Keyword>tb</Keyword>
							</KeywordAnnotation>
						</TextAnnotation>
						<TextAnnotation confidence="0.0" relevance="0.3"
							xml:lang="en">
							<KeywordAnnotation>
								<Keyword>Shams</Keyword>
								<Keyword>exchanging</Keyword>
								<Keyword>tacit</Keyword>
							</KeywordAnnotation>
						</TextAnnotation>
						<TextAnnotation confidence="0.0" relevance="0.0"
							xml:lang="en">
							<KeywordAnnotation>
								<Keyword>I</Keyword>
								<Keyword>i</Keyword>
							</KeywordAnnotation>
						</TextAnnotation>
					</AudioVisualSegment>
					<AudioVisualSegment id="track-0.segment-21">
						<mediaTime>
							<mediaRelTimePoint>T00:33:24:0F1000</mediaRelTimePoint>
							<mediaDuration>PT01S3N1000F</mediaDuration>
						</mediaTime>
						<TextAnnotation confidence="0.5" relevance="0.4"
							xml:lang="en">
							<KeywordAnnotation>
								<Keyword>Anatomy</Keyword>
								<Keyword>Knowledge</Keyword>
								<Keyword>Processes</Keyword>
								<Keyword>The</Keyword>
							</KeywordAnnotation>
						</TextAnnotation>
						<TextAnnotation confidence="0.5" relevance="0.3"
							xml:lang="en">
							<KeywordAnnotation>
								<Keyword>Core</Keyword>
								<Keyword>Generating</Keyword>
								<Keyword>Locating</Keyword>
								<Keyword>Transferring</Keyword>
								<Keyword>achieve</Keyword>
								<Keyword>and</Keyword>
								<Keyword>business</Keyword>
								<Keyword>capturing</Keyword>
								<Keyword>existing</Keyword>
								<Keyword>explicit</Keyword>
								<Keyword>groups</Keyword>
								<Keyword>individual</Keyword>
								<Keyword>knowledge</Keyword>
								<Keyword>new</Keyword>
								<Keyword>objectives</Keyword>
								<Keyword>process</Keyword>
							</KeywordAnnotation>
						</TextAnnotation>
						<TextAnnotation confidence="0.5" relevance="0.2"
							xml:lang="en">
							<KeywordAnnotation>
								<Keyword>Creating</Keyword>
							</KeywordAnnotation>
						</TextAnnotation>
						<TextAnnotation confidence="0.5" relevance="0.0"
							xml:lang="en">
							<KeywordAnnotation>
								<Keyword>by</Keyword>
								<Keyword>of</Keyword>
								<Keyword>or</Keyword>
								<Keyword>to</Keyword>
								<Keyword>tr</Keyword>
							</KeywordAnnotation>
						</TextAnnotation>
						<TextAnnotation confidence="0.0" relevance="0.3"
							xml:lang="en">
							<KeywordAnnotation>
								<Keyword>ISharing</Keyword>
								<Keyword>exchanging</Keyword>
								<Keyword>tacit</Keyword>
							</KeywordAnnotation>
						</TextAnnotation>
						<TextAnnotation confidence="0.0" relevance="0.0"
							xml:lang="en">
							<KeywordAnnotation>
								<Keyword>a</Keyword>
								<Keyword>i</Keyword>
								<Keyword>l</Keyword>
							</KeywordAnnotation>
						</TextAnnotation>
					</AudioVisualSegment>
				</TemporalDecomposition>
			</AudioVisual>
		</MultimediaContent>
	</Description>
</Mpeg7>
