<?xml version="1.0" encoding="UTF-8"?>
<mediapackage duration="5712880">
	<media>
		<track id="track-1" type="engage/presenter">
			<url>tracks/movie.flv</url>
			<mimetype>video/x-flv</mimetype>
			<checksum type="md5">7b3c7e8cc2cba2f5b7af4fd4224f3005</checksum>
			<tags>
				<tag>engage</tag>
			</tags>
		</track>
	</media>
	<metadata>
		<catalog id="catalog-2" type="metadata/dublincore">
			<mimetype>text/xml</mimetype>
			<checksum type="md5">8f962b7c6ad259742ada78b703ecf508</checksum>
			<url>metadata/dublincore-e-DArch_20091110_rahm.xml</url>
		</catalog>
		<catalog id="catalog-1" ref="series:96173178-32ea-4c46-8f39-4cb53d019178"
			type="metadata/dublincore">
			<mimetype>text/xml</mimetype>
			<checksum type="md5">da39bd4e6ab21f21091f33259f569316</checksum>
			<url>metadata/dublincore-s-00010_DArch.xml</url>
		</catalog>
		<catalog id="catalog-3" type="metadata/mpeg-7">
			<mimetype>text/xml</mimetype>
			<checksum type="md5">d41d8cd98f00b204e9800998ecf8427e</checksum>
			<url>metadata/mpeg-75030491349287102865.xml</url>
		</catalog>
	</metadata>
	<attachments>
		<attachment id="cover" type="cover/source" ref="track:track-1">
			<url>attachments/cover.jpg</url>
			<mimetype>image/jpeg</mimetype>
			<checksum type="md5">fb5107e56b6762adee0c604348e5dcce</checksum>
			<tags>
				<tag>engage</tag>
			</tags>
		</attachment>
	</attachments>
</mediapackage>
