<?xml version="1.0" encoding="UTF-8"?>
<Mpeg7 xmlns="urn:mpeg:mpeg7:schema:2001" xmlns:mpeg7="urn:mpeg7:schema:2001" xmlns:xsi="http://www.w3.org/2001/XMLSchema-instance/">
    <Description xsi:type="ContentEntityType">
        <MultimediaContent xsi:type="AudioVisualType">
            <AudioVisual id="track-1">
                <mediaLocator>
                    <mediaUri>file:tracks/20090919_g1_energie.mov</mediaUri>
                </mediaLocator>
                <mediaTime>
                    <mediaTimePoint>T00:00:00:0F25</mediaTimePoint>
                    <mediaDuration>PT01H04M18S400N1000F</mediaDuration>
                </mediaTime>
                <TemporalDecomposition criteria="temporal" gap="false" overlap="false">
                    <AudioVisualSegment id="track-1.segment-1">
                        <mediaTime>
                            <mediaRelTimePoint>T00:00:00:0F1000</mediaRelTimePoint>
                            <mediaDuration>PT01M20S0N1000F</mediaDuration>
                        </mediaTime>
                        <TextAnnotation confidence="0.0" relevance="0.0" xml:lang="en">
                            <KeywordAnnotation>
                                <Keyword>i</Keyword>
                            </KeywordAnnotation>
                        </TextAnnotation>
                    </AudioVisualSegment>
                    <AudioVisualSegment id="track-1.segment-2">
                        <mediaTime>
                            <mediaRelTimePoint>T00:01:20:0F1000</mediaRelTimePoint>
                            <mediaDuration>PT12S0N1000F</mediaDuration>
                        </mediaTime>
                    </AudioVisualSegment>
                    <AudioVisualSegment id="track-1.segment-3">
                        <mediaTime>
                            <mediaRelTimePoint>T00:01:32:0F1000</mediaRelTimePoint>
                            <mediaDuration>PT23S0N1000F</mediaDuration>
                        </mediaTime>
                        <TextAnnotation confidence="0.0" relevance="0.0" xml:lang="en">
                            <KeywordAnnotation>
                                <Keyword>E</Keyword>
                            </KeywordAnnotation>
                        </TextAnnotation>
                    </AudioVisualSegment>
                    <AudioVisualSegment id="track-1.segment-4">
                        <mediaTime>
                            <mediaRelTimePoint>T00:01:55:0F1000</mediaRelTimePoint>
                            <mediaDuration>PT34S0N1000F</mediaDuration>
                        </mediaTime>
                        <TextAnnotation confidence="0.0" relevance="0.0" xml:lang="en">
                            <KeywordAnnotation>
                                <Keyword>A</Keyword>
                                <Keyword>E</Keyword>
                                <Keyword>Z</Keyword>
                                <Keyword>i</Keyword>
                            </KeywordAnnotation>
                        </TextAnnotation>
                    </AudioVisualSegment>
                    <AudioVisualSegment id="track-1.segment-5">
                        <mediaTime>
                            <mediaRelTimePoint>T00:02:29:0F1000</mediaRelTimePoint>
                            <mediaDuration>PT32S0N1000F</mediaDuration>
                        </mediaTime>
                        <TextAnnotation confidence="0.0" relevance="0.0" xml:lang="en">
                            <KeywordAnnotation>
                                <Keyword>A</Keyword>
                                <Keyword>E</Keyword>
                                <Keyword>J</Keyword>
                            </KeywordAnnotation>
                        </TextAnnotation>
                    </AudioVisualSegment>
                    <AudioVisualSegment id="track-1.segment-6">
                        <mediaTime>
                            <mediaRelTimePoint>T00:03:01:0F1000</mediaRelTimePoint>
                            <mediaDuration>PT38S0N1000F</mediaDuration>
                        </mediaTime>
                        <TextAnnotation confidence="0.0" relevance="0.0" xml:lang="en">
                            <KeywordAnnotation>
                                <Keyword>-</Keyword>
                                <Keyword>E</Keyword>
                                <Keyword>I</Keyword>
                                <Keyword>l</Keyword>
                            </KeywordAnnotation>
                        </TextAnnotation>
                    </AudioVisualSegment>
                    <AudioVisualSegment id="track-1.segment-7">
                        <mediaTime>
                            <mediaRelTimePoint>T00:03:39:0F1000</mediaRelTimePoint>
                            <mediaDuration>PT29S0N1000F</mediaDuration>
                        </mediaTime>
                        <TextAnnotation confidence="0.0" relevance="0.0" xml:lang="en">
                            <KeywordAnnotation>
                                <Keyword>E</Keyword>
                                <Keyword>Y</Keyword>
                            </KeywordAnnotation>
                        </TextAnnotation>
                    </AudioVisualSegment>
                    <AudioVisualSegment id="track-1.segment-8">
                        <mediaTime>
                            <mediaRelTimePoint>T00:04:08:0F1000</mediaRelTimePoint>
                            <mediaDuration>PT29S0N1000F</mediaDuration>
                        </mediaTime>
                        <TextAnnotation confidence="0.0" relevance="0.0" xml:lang="en">
                            <KeywordAnnotation>
                                <Keyword>I</Keyword>
                                <Keyword>L</Keyword>
                                <Keyword>T</Keyword>
                                <Keyword>v</Keyword>
                            </KeywordAnnotation>
                        </TextAnnotation>
                    </AudioVisualSegment>
                    <AudioVisualSegment id="track-1.segment-9">
                        <mediaTime>
                            <mediaRelTimePoint>T00:04:37:0F1000</mediaRelTimePoint>
                            <mediaDuration>PT24S0N1000F</mediaDuration>
                        </mediaTime>
                        <TextAnnotation confidence="0.0" relevance="0.3" xml:lang="en">
                            <KeywordAnnotation>
                                <Keyword>LsI</Keyword>
                            </KeywordAnnotation>
                        </TextAnnotation>
                        <TextAnnotation confidence="0.0" relevance="0.0" xml:lang="en">
                            <KeywordAnnotation>
                                <Keyword>I</Keyword>
                                <Keyword>i</Keyword>
                            </KeywordAnnotation>
                        </TextAnnotation>
                    </AudioVisualSegment>
                    <AudioVisualSegment id="track-1.segment-10">
                        <mediaTime>
                            <mediaRelTimePoint>T00:05:01:0F1000</mediaRelTimePoint>
                            <mediaDuration>PT18S0N1000F</mediaDuration>
                        </mediaTime>
                        <TextAnnotation confidence="0.5" relevance="0.4" xml:lang="en">
                            <KeywordAnnotation>
                                <Keyword>Alumni</Keyword>
                                <Keyword>Day</Keyword>
                                <Keyword>ETH</Keyword>
                                <Keyword>Energy</Keyword>
                                <Keyword>Engineering</Keyword>
                                <Keyword>Homecoming</Keyword>
                                <Keyword>Science</Keyword>
                                <Keyword>and</Keyword>
                            </KeywordAnnotation>
                        </TextAnnotation>
                        <TextAnnotation confidence="0.5" relevance="0.0" xml:lang="en">
                            <KeywordAnnotation>
                                <Keyword>Jl</Keyword>
                            </KeywordAnnotation>
                        </TextAnnotation>
                        <TextAnnotation confidence="0.0" relevance="0.4" xml:lang="en">
                            <KeywordAnnotation>
                                <Keyword>ALSTGM</Keyword>
                            </KeywordAnnotation>
                        </TextAnnotation>
                        <TextAnnotation confidence="0.0" relevance="0.3" xml:lang="en">
                            <KeywordAnnotation>
                                <Keyword>Guzzella</Keyword>
                                <Keyword>Lino</Keyword>
                            </KeywordAnnotation>
                        </TextAnnotation>
                        <TextAnnotation confidence="0.0" relevance="0.0" xml:lang="en">
                            <KeywordAnnotation>
                                <Keyword>E</Keyword>
                                <Keyword>p</Keyword>
                            </KeywordAnnotation>
                        </TextAnnotation>
                    </AudioVisualSegment>
                    <AudioVisualSegment id="track-1.segment-11">
                        <mediaTime>
                            <mediaRelTimePoint>T00:05:19:0F1000</mediaRelTimePoint>
                            <mediaDuration>PT45S0N1000F</mediaDuration>
                        </mediaTime>
                    </AudioVisualSegment>
                    <AudioVisualSegment id="track-1.segment-12">
                        <mediaTime>
                            <mediaRelTimePoint>T00:06:04:0F1000</mediaRelTimePoint>
                            <mediaDuration>PT30S0N1000F</mediaDuration>
                        </mediaTime>
                        <TextAnnotation confidence="0.0" relevance="0.0" xml:lang="en">
                            <KeywordAnnotation>
                                <Keyword>E</Keyword>
                                <Keyword>I</Keyword>
                                <Keyword>K</Keyword>
                                <Keyword>S</Keyword>
                            </KeywordAnnotation>
                        </TextAnnotation>
                    </AudioVisualSegment>
                    <AudioVisualSegment id="track-1.segment-13">
                        <mediaTime>
                            <mediaRelTimePoint>T00:06:34:0F1000</mediaRelTimePoint>
                            <mediaDuration>PT17S0N1000F</mediaDuration>
                        </mediaTime>
                        <TextAnnotation confidence="0.0" relevance="0.0" xml:lang="en">
                            <KeywordAnnotation>
                                <Keyword>E</Keyword>
                                <Keyword>I</Keyword>
                            </KeywordAnnotation>
                        </TextAnnotation>
                    </AudioVisualSegment>
                    <AudioVisualSegment id="track-1.segment-14">
                        <mediaTime>
                            <mediaRelTimePoint>T00:06:51:0F1000</mediaRelTimePoint>
                            <mediaDuration>PT34S0N1000F</mediaDuration>
                        </mediaTime>
                        <TextAnnotation confidence="0.0" relevance="0.0" xml:lang="en">
                            <KeywordAnnotation>
                                <Keyword>E</Keyword>
                                <Keyword>I</Keyword>
                                <Keyword>Z</Keyword>
                            </KeywordAnnotation>
                        </TextAnnotation>
                    </AudioVisualSegment>
                    <AudioVisualSegment id="track-1.segment-15">
                        <mediaTime>
                            <mediaRelTimePoint>T00:07:25:0F1000</mediaRelTimePoint>
                            <mediaDuration>PT24S0N1000F</mediaDuration>
                        </mediaTime>
                        <TextAnnotation confidence="0.5" relevance="0.4" xml:lang="en">
                            <KeywordAnnotation>
                                <Keyword>and</Keyword>
                                <Keyword>associated</Keyword>
                                <Keyword>completely</Keyword>
                                <Keyword>economy</Keyword>
                                <Keyword>engineering</Keyword>
                                <Keyword>life</Keyword>
                                <Keyword>longer</Keyword>
                                <Keyword>possible</Keyword>
                                <Keyword>products</Keyword>
                                <Keyword>science</Keyword>
                                <Keyword>technology</Keyword>
                                <Keyword>the</Keyword>
                                <Keyword>without</Keyword>
                            </KeywordAnnotation>
                        </TextAnnotation>
                        <TextAnnotation confidence="0.5" relevance="0.3" xml:lang="en">
                            <KeywordAnnotation>
                                <Keyword>Jeanne</Keyword>
                                <Keyword>all</Keyword>
                                <Keyword>depend</Keyword>
                                <Keyword>industrial</Keyword>
                            </KeywordAnnotation>
                        </TextAnnotation>
                        <TextAnnotation confidence="0.5" relevance="0.0" xml:lang="en">
                            <KeywordAnnotation>
                                <Keyword>We</Keyword>
                                <Keyword>an</Keyword>
                                <Keyword>is</Keyword>
                                <Keyword>no</Keyword>
                                <Keyword>of</Keyword>
                                <Keyword>on</Keyword>
                            </KeywordAnnotation>
                        </TextAnnotation>
                        <TextAnnotation confidence="0.0" relevance="0.4" xml:lang="en">
                            <KeywordAnnotation>
                                <Keyword>expertise</Keyword>
                            </KeywordAnnotation>
                        </TextAnnotation>
                        <TextAnnotation confidence="0.0" relevance="0.3" xml:lang="en">
                            <KeywordAnnotation>
                                <Keyword>Hersch</Keyword>
                            </KeywordAnnotation>
                        </TextAnnotation>
                        <TextAnnotation confidence="0.0" relevance="0.0" xml:lang="en">
                            <KeywordAnnotation>
                                <Keyword>-</Keyword>
                                <Keyword>A</Keyword>
                                <Keyword>H</Keyword>
                                <Keyword>T</Keyword>
                                <Keyword>U</Keyword>
                                <Keyword>Y</Keyword>
                            </KeywordAnnotation>
                        </TextAnnotation>
                    </AudioVisualSegment>
                    <AudioVisualSegment id="track-1.segment-16">
                        <mediaTime>
                            <mediaRelTimePoint>T00:07:49:0F1000</mediaRelTimePoint>
                            <mediaDuration>PT12S0N1000F</mediaDuration>
                        </mediaTime>
                    </AudioVisualSegment>
                    <AudioVisualSegment id="track-1.segment-17">
                        <mediaTime>
                            <mediaRelTimePoint>T00:08:01:0F1000</mediaRelTimePoint>
                            <mediaDuration>PT24S0N1000F</mediaDuration>
                        </mediaTime>
                        <TextAnnotation confidence="0.5" relevance="0.4" xml:lang="en">
                            <KeywordAnnotation>
                                <Keyword>Food</Keyword>
                                <Keyword>Health</Keyword>
                                <Keyword>Protection</Keyword>
                                <Keyword>Without</Keyword>
                                <Keyword>achievements</Keyword>
                                <Keyword>and</Keyword>
                                <Keyword>are</Keyword>
                                <Keyword>built</Keyword>
                                <Keyword>can</Keyword>
                                <Keyword>clothes</Keyword>
                                <Keyword>distribution</Keyword>
                                <Keyword>engineering</Keyword>
                                <Keyword>free</Keyword>
                                <Keyword>housing</Keyword>
                                <Keyword>humanity</Keyword>
                                <Keyword>important</Keyword>
                                <Keyword>internet</Keyword>
                                <Keyword>just</Keyword>
                                <Keyword>medical</Keyword>
                                <Keyword>most</Keyword>
                                <Keyword>production</Keyword>
                                <Keyword>services</Keyword>
                                <Keyword>society</Keyword>
                                <Keyword>storage</Keyword>
                                <Keyword>the</Keyword>
                                <Keyword>them</Keyword>
                                <Keyword>water</Keyword>
                            </KeywordAnnotation>
                        </TextAnnotation>
                        <TextAnnotation confidence="0.5" relevance="0.3" xml:lang="en">
                            <KeywordAnnotation>
                                <Keyword>Communication</Keyword>
                                <Keyword>Science</Keyword>
                                <Keyword>Thesis</Keyword>
                                <Keyword>newspapers</Keyword>
                            </KeywordAnnotation>
                        </TextAnnotation>
                        <TextAnnotation confidence="0.5" relevance="0.0" xml:lang="en">
                            <KeywordAnnotation>
                                <Keyword>be</Keyword>
                                <Keyword>no</Keyword>
                            </KeywordAnnotation>
                        </TextAnnotation>
                        <TextAnnotation confidence="0.0" relevance="0.0" xml:lang="en">
                            <KeywordAnnotation>
                                <Keyword>f</Keyword>
                            </KeywordAnnotation>
                        </TextAnnotation>
                    </AudioVisualSegment>
                    <AudioVisualSegment id="track-1.segment-18">
                        <mediaTime>
                            <mediaRelTimePoint>T00:08:25:0F1000</mediaRelTimePoint>
                            <mediaDuration>PT01M0N1000F</mediaDuration>
                        </mediaTime>
                        <TextAnnotation confidence="0.5" relevance="0.4" xml:lang="en">
                            <KeywordAnnotation>
                                <Keyword>Agriculture</Keyword>
                                <Keyword>Assumption</Keyword>
                                <Keyword>Bread</Keyword>
                                <Keyword>Daily</Keyword>
                                <Keyword>Energy</Keyword>
                                <Keyword>Example</Keyword>
                                <Keyword>Fossil</Keyword>
                                <Keyword>Mill</Keyword>
                                <Keyword>Our</Keyword>
                                <Keyword>Sum</Keyword>
                                <Keyword>Transportation</Keyword>
                                <Keyword>Useful</Keyword>
                                <Keyword>diese</Keyword>
                                <Keyword>electric</Keyword>
                                <Keyword>energy</Keyword>
                                <Keyword>fossil</Keyword>
                                <Keyword>generated</Keyword>
                                <Keyword>primary</Keyword>
                                <Keyword>sources</Keyword>
                                <Keyword>using</Keyword>
                                <Keyword>with</Keyword>
                            </KeywordAnnotation>
                        </TextAnnotation>
                        <TextAnnotation confidence="0.5" relevance="0.3" xml:lang="en">
                            <KeywordAnnotation>
                                <Keyword>Store</Keyword>
                            </KeywordAnnotation>
                        </TextAnnotation>
                        <TextAnnotation confidence="0.5" relevance="0.0" xml:lang="en">
                            <KeywordAnnotation>
                                <Keyword>MJ</Keyword>
                                <Keyword>gp</Keyword>
                                <Keyword>jr</Keyword>
                                <Keyword>kg</Keyword>
                                <Keyword>na</Keyword>
                                <Keyword>rm</Keyword>
                            </KeywordAnnotation>
                        </TextAnnotation>
                        <TextAnnotation confidence="0.0" relevance="0.4" xml:lang="en">
                            <KeywordAnnotation>
                                <Keyword>Bakery</Keyword>
                                <Keyword>MJIkg</Keyword>
                                <Keyword>MJlkg</Keyword>
                                <Keyword>efliciency</Keyword>
                                <Keyword>eso</Keyword>
                                <Keyword>kwmkg</Keyword>
                                <Keyword>kwn</Keyword>
                                <Keyword>kwnxkg</Keyword>
                                <Keyword>o.s</Keyword>
                                <Keyword>ucamco</Keyword>
                                <Keyword>wneavna</Keyword>
                                <Keyword>zookm</Keyword>
                                <Keyword>zsc</Keyword>
                            </KeywordAnnotation>
                        </TextAnnotation>
                        <TextAnnotation confidence="0.0" relevance="0.0" xml:lang="en">
                            <KeywordAnnotation>
                                <Keyword>-</Keyword>
                                <Keyword>-w</Keyword>
                                <Keyword>a</Keyword>
                                <Keyword>q</Keyword>
                                <Keyword>w</Keyword>
                            </KeywordAnnotation>
                        </TextAnnotation>
                    </AudioVisualSegment>
                    <AudioVisualSegment id="track-1.segment-19">
                        <mediaTime>
                            <mediaRelTimePoint>T00:09:25:0F1000</mediaRelTimePoint>
                            <mediaDuration>PT45S0N1000F</mediaDuration>
                        </mediaTime>
                        <TextAnnotation confidence="0.0" relevance="0.0" xml:lang="en">
                            <KeywordAnnotation>
                                <Keyword>E</Keyword>
                                <Keyword>I</Keyword>
                                <Keyword>K</Keyword>
                            </KeywordAnnotation>
                        </TextAnnotation>
                    </AudioVisualSegment>
                    <AudioVisualSegment id="track-1.segment-20">
                        <mediaTime>
                            <mediaRelTimePoint>T00:10:10:0F1000</mediaRelTimePoint>
                            <mediaDuration>PT43S0N1000F</mediaDuration>
                        </mediaTime>
                        <TextAnnotation confidence="0.5" relevance="0.4" xml:lang="en">
                            <KeywordAnnotation>
                                <Keyword>Buildings</Keyword>
                                <Keyword>Energy</Keyword>
                                <Keyword>Food</Keyword>
                                <Keyword>Use</Keyword>
                            </KeywordAnnotation>
                        </TextAnnotation>
                        <TextAnnotation confidence="0.5" relevance="0.3" xml:lang="en">
                            <KeywordAnnotation>
                                <Keyword>Diesel</Keyword>
                                <Keyword>Heat</Keyword>
                            </KeywordAnnotation>
                        </TextAnnotation>
                        <TextAnnotation confidence="0.5" relevance="0.2" xml:lang="en">
                            <KeywordAnnotation>
                                <Keyword>Heat</Keyword>
                            </KeywordAnnotation>
                        </TextAnnotation>
                        <TextAnnotation confidence="0.5" relevance="0.0" xml:lang="en">
                            <KeywordAnnotation>
                                <Keyword>HZ</Keyword>
                            </KeywordAnnotation>
                        </TextAnnotation>
                        <TextAnnotation confidence="0.0" relevance="0.4" xml:lang="en">
                            <KeywordAnnotation>
                                <Keyword>Anrplanus</Keyword>
                                <Keyword>Elswidly</Keyword>
                                <Keyword>Shipsm</Keyword>
                            </KeywordAnnotation>
                        </TextAnnotation>
                        <TextAnnotation confidence="0.0" relevance="0.3" xml:lang="en">
                            <KeywordAnnotation>
                                <Keyword>Induwyv</Keyword>
                            </KeywordAnnotation>
                        </TextAnnotation>
                        <TextAnnotation confidence="0.0" relevance="0.2" xml:lang="en">
                            <KeywordAnnotation>
                                <Keyword>Buldlngs</Keyword>
                                <Keyword>H.U.H6rU,E</Keyword>
                                <Keyword>Sourc</Keyword>
                            </KeywordAnnotation>
                        </TextAnnotation>
                        <TextAnnotation confidence="0.0" relevance="0.0" xml:lang="en">
                            <KeywordAnnotation>
                                <Keyword>M</Keyword>
                                <Keyword>M-</Keyword>
                                <Keyword>S</Keyword>
                                <Keyword>i</Keyword>
                                <Keyword>v</Keyword>
                            </KeywordAnnotation>
                        </TextAnnotation>
                    </AudioVisualSegment>
                    <AudioVisualSegment id="track-1.segment-21">
                        <mediaTime>
                            <mediaRelTimePoint>T00:10:53:0F1000</mediaRelTimePoint>
                            <mediaDuration>PT17S0N1000F</mediaDuration>
                        </mediaTime>
                        <TextAnnotation confidence="0.5" relevance="0.4" xml:lang="en">
                            <KeywordAnnotation>
                                <Keyword>Economic</Keyword>
                                <Keyword>From</Keyword>
                                <Keyword>Science</Keyword>
                                <Keyword>Success</Keyword>
                            </KeywordAnnotation>
                        </TextAnnotation>
                        <TextAnnotation confidence="0.5" relevance="0.0" xml:lang="en">
                            <KeywordAnnotation>
                                <Keyword>gn</Keyword>
                                <Keyword>to</Keyword>
                            </KeywordAnnotation>
                        </TextAnnotation>
                        <TextAnnotation confidence="0.0" relevance="0.4" xml:lang="en">
                            <KeywordAnnotation>
                                <Keyword>Clausnus</Keyword>
                                <Keyword>Slcdcla</Keyword>
                                <Keyword>Traupal</Keyword>
                                <Keyword>Wai</Keyword>
                            </KeywordAnnotation>
                        </TextAnnotation>
                        <TextAnnotation confidence="0.0" relevance="0.3" xml:lang="en">
                            <KeywordAnnotation>
                                <Keyword>-ISGS</Keyword>
                                <Keyword>II-IWB</Keyword>
                                <Keyword>LXxH</Keyword>
                            </KeywordAnnotation>
                        </TextAnnotation>
                        <TextAnnotation confidence="0.0" relevance="0.0" xml:lang="en">
                            <KeywordAnnotation>
                                <Keyword>-</Keyword>
                                <Keyword>A</Keyword>
                                <Keyword>E</Keyword>
                                <Keyword>L</Keyword>
                                <Keyword>Q</Keyword>
                                <Keyword>R</Keyword>
                                <Keyword>T</Keyword>
                                <Keyword>W</Keyword>
                                <Keyword>r</Keyword>
                                <Keyword>y</Keyword>
                            </KeywordAnnotation>
                        </TextAnnotation>
                    </AudioVisualSegment>
                    <AudioVisualSegment id="track-1.segment-22">
                        <mediaTime>
                            <mediaRelTimePoint>T00:11:10:0F1000</mediaRelTimePoint>
                            <mediaDuration>PT01M01S0N1000F</mediaDuration>
                        </mediaTime>
                        <TextAnnotation confidence="0.0" relevance="0.0" xml:lang="en">
                            <KeywordAnnotation>
                                <Keyword>E</Keyword>
                            </KeywordAnnotation>
                        </TextAnnotation>
                    </AudioVisualSegment>
                    <AudioVisualSegment id="track-1.segment-23">
                        <mediaTime>
                            <mediaRelTimePoint>T00:12:11:0F1000</mediaRelTimePoint>
                            <mediaDuration>PT41S0N1000F</mediaDuration>
                        </mediaTime>
                        <TextAnnotation confidence="0.5" relevance="0.4" xml:lang="en">
                            <KeywordAnnotation>
                                <Keyword>Fossil</Keyword>
                                <Keyword>Population</Keyword>
                                <Keyword>Science</Keyword>
                                <Keyword>Substantial</Keyword>
                                <Keyword>Thesis</Keyword>
                                <Keyword>and</Keyword>
                                <Keyword>are</Keyword>
                                <Keyword>assure</Keyword>
                                <Keyword>best</Keyword>
                                <Keyword>billion</Keyword>
                                <Keyword>case</Keyword>
                                <Keyword>chance</Keyword>
                                <Keyword>close</Keyword>
                                <Keyword>demand</Keyword>
                                <Keyword>energy</Keyword>
                                <Keyword>engineering</Keyword>
                                <Keyword>existing</Keyword>
                                <Keyword>expected</Keyword>
                                <Keyword>future</Keyword>
                                <Keyword>growth</Keyword>
                                <Keyword>human</Keyword>
                                <Keyword>instrumental</Keyword>
                                <Keyword>living</Keyword>
                                <Keyword>needed</Keyword>
                                <Keyword>opportunity</Keyword>
                                <Keyword>people</Keyword>
                                <Keyword>progress</Keyword>
                                <Keyword>reserves</Keyword>
                                <Keyword>right</Keyword>
                                <Keyword>satisfy</Keyword>
                                <Keyword>second</Keyword>
                                <Keyword>stabilization</Keyword>
                                <Keyword>standards</Keyword>
                                <Keyword>sustainable</Keyword>
                                <Keyword>there</Keyword>
                                <Keyword>unique</Keyword>
                                <Keyword>will</Keyword>
                            </KeywordAnnotation>
                        </TextAnnotation>
                        <TextAnnotation confidence="0.5" relevance="0.0" xml:lang="en">
                            <KeywordAnnotation>
                                <Keyword>be</Keyword>
                                <Keyword>is</Keyword>
                                <Keyword>no</Keyword>
                                <Keyword>to</Keyword>
                            </KeywordAnnotation>
                        </TextAnnotation>
                        <TextAnnotation confidence="0.0" relevance="0.4" xml:lang="en">
                            <KeywordAnnotation>
                                <Keyword>Decent</Keyword>
                                <Keyword>inexorable</Keyword>
                                <Keyword>peaceful</Keyword>
                            </KeywordAnnotation>
                        </TextAnnotation>
                        <TextAnnotation confidence="0.0" relevance="0.0" xml:lang="en">
                            <KeywordAnnotation>
                                <Keyword>a</Keyword>
                            </KeywordAnnotation>
                        </TextAnnotation>
                    </AudioVisualSegment>
                    <AudioVisualSegment id="track-1.segment-24">
                        <mediaTime>
                            <mediaRelTimePoint>T00:12:52:0F1000</mediaRelTimePoint>
                            <mediaDuration>PT30S0N1000F</mediaDuration>
                        </mediaTime>
                        <TextAnnotation confidence="0.0" relevance="0.0" xml:lang="en">
                            <KeywordAnnotation>
                                <Keyword>D</Keyword>
                                <Keyword>K</Keyword>
                                <Keyword>X</Keyword>
                            </KeywordAnnotation>
                        </TextAnnotation>
                    </AudioVisualSegment>
                    <AudioVisualSegment id="track-1.segment-25">
                        <mediaTime>
                            <mediaRelTimePoint>T00:13:22:0F1000</mediaRelTimePoint>
                            <mediaDuration>PT24S0N1000F</mediaDuration>
                        </mediaTime>
                        <TextAnnotation confidence="0.5" relevance="0.4" xml:lang="de">
                            <KeywordAnnotation>
                                <Keyword>Cars</Keyword>
                                <Keyword>World</Keyword>
                                <Keyword>the</Keyword>
                            </KeywordAnnotation>
                        </TextAnnotation>
                        <TextAnnotation confidence="0.5" relevance="0.3" xml:lang="de">
                            <KeywordAnnotation>
                                <Keyword>domestic</Keyword>
                            </KeywordAnnotation>
                        </TextAnnotation>
                        <TextAnnotation confidence="0.5" relevance="0.0" xml:lang="de">
                            <KeywordAnnotation>
                                <Keyword>II</Keyword>
                                <Keyword>MA</Keyword>
                                <Keyword>US</Keyword>
                                <Keyword>ea</Keyword>
                                <Keyword>gm</Keyword>
                                <Keyword>in</Keyword>
                                <Keyword>of</Keyword>
                                <Keyword>un</Keyword>
                            </KeywordAnnotation>
                        </TextAnnotation>
                        <TextAnnotation confidence="0.0" relevance="0.3" xml:lang="de">
                            <KeywordAnnotation>
                                <Keyword>CDllEA</Keyword>
                                <Keyword>Gmss</Keyword>
                                <Keyword>Tyan</Keyword>
                                <Keyword>pf0du</Keyword>
                            </KeywordAnnotation>
                        </TextAnnotation>
                        <TextAnnotation confidence="0.0" relevance="0.0" xml:lang="de">
                            <KeywordAnnotation>
                                <Keyword>-</Keyword>
                                <Keyword>E</Keyword>
                                <Keyword>L</Keyword>
                                <Keyword>Q</Keyword>
                                <Keyword>S</Keyword>
                                <Keyword>Z</Keyword>
                                <Keyword>a</Keyword>
                                <Keyword>c-</Keyword>
                                <Keyword>f</Keyword>
                                <Keyword>fj</Keyword>
                                <Keyword>i</Keyword>
                                <Keyword>l</Keyword>
                            </KeywordAnnotation>
                        </TextAnnotation>
                    </AudioVisualSegment>
                    <AudioVisualSegment id="track-1.segment-26">
                        <mediaTime>
                            <mediaRelTimePoint>T00:13:46:0F1000</mediaRelTimePoint>
                            <mediaDuration>PT17S0N1000F</mediaDuration>
                        </mediaTime>
                        <TextAnnotation confidence="0.5" relevance="0.4" xml:lang="en">
                            <KeywordAnnotation>
                                <Keyword>Next</Keyword>
                                <Keyword>The</Keyword>
                                <Keyword>Tin</Keyword>
                            </KeywordAnnotation>
                        </TextAnnotation>
                        <TextAnnotation confidence="0.5" relevance="0.1" xml:lang="en">
                            <KeywordAnnotation>
                                <Keyword>Gross</Keyword>
                                <Keyword>domestic</Keyword>
                                <Keyword>product</Keyword>
                            </KeywordAnnotation>
                        </TextAnnotation>
                        <TextAnnotation confidence="0.5" relevance="0.0" xml:lang="en">
                            <KeywordAnnotation>
                                <Keyword>US</Keyword>
                                <Keyword>in</Keyword>
                            </KeywordAnnotation>
                        </TextAnnotation>
                        <TextAnnotation confidence="0.0" relevance="0.4" xml:lang="en">
                            <KeywordAnnotation>
                                <Keyword>Lizzie</Keyword>
                            </KeywordAnnotation>
                        </TextAnnotation>
                        <TextAnnotation confidence="0.0" relevance="0.1" xml:lang="en">
                            <KeywordAnnotation>
                                <Keyword>orauawnqyqumummnum</Keyword>
                            </KeywordAnnotation>
                        </TextAnnotation>
                        <TextAnnotation confidence="0.0" relevance="0.0" xml:lang="en">
                            <KeywordAnnotation>
                                <Keyword>I</Keyword>
                                <Keyword>S</Keyword>
                            </KeywordAnnotation>
                        </TextAnnotation>
                    </AudioVisualSegment>
                    <AudioVisualSegment id="track-1.segment-27">
                        <mediaTime>
                            <mediaRelTimePoint>T00:14:03:0F1000</mediaRelTimePoint>
                            <mediaDuration>PT29S0N1000F</mediaDuration>
                        </mediaTime>
                        <TextAnnotation confidence="0.5" relevance="0.4" xml:lang="de">
                            <KeywordAnnotation>
                                <Keyword>Future</Keyword>
                            </KeywordAnnotation>
                        </TextAnnotation>
                        <TextAnnotation confidence="0.5" relevance="0.3" xml:lang="de">
                            <KeywordAnnotation>
                                <Keyword>Source</Keyword>
                            </KeywordAnnotation>
                        </TextAnnotation>
                        <TextAnnotation confidence="0.5" relevance="0.0" xml:lang="de">
                            <KeywordAnnotation>
                                <Keyword>An</Keyword>
                                <Keyword>Fm</Keyword>
                            </KeywordAnnotation>
                        </TextAnnotation>
                        <TextAnnotation confidence="0.0" relevance="0.4" xml:lang="de">
                            <KeywordAnnotation>
                                <Keyword>Optimistic</Keyword>
                                <Keyword>Scenario</Keyword>
                            </KeywordAnnotation>
                        </TextAnnotation>
                        <TextAnnotation confidence="0.0" relevance="0.3" xml:lang="de">
                            <KeywordAnnotation>
                                <Keyword>IEA</Keyword>
                                <Keyword>Ky0t</Keyword>
                                <Keyword>Scenario</Keyword>
                            </KeywordAnnotation>
                        </TextAnnotation>
                        <TextAnnotation confidence="0.0" relevance="0.2" xml:lang="de">
                            <KeywordAnnotation>
                                <Keyword>IBiorrw</Keyword>
                            </KeywordAnnotation>
                        </TextAnnotation>
                        <TextAnnotation confidence="0.0" relevance="0.0" xml:lang="de">
                            <KeywordAnnotation>
                                <Keyword>I</Keyword>
                                <Keyword>J</Keyword>
                                <Keyword>T</Keyword>
                                <Keyword>c</Keyword>
                                <Keyword>i</Keyword>
                                <Keyword>u</Keyword>
                            </KeywordAnnotation>
                        </TextAnnotation>
                    </AudioVisualSegment>
                    <AudioVisualSegment id="track-1.segment-28">
                        <mediaTime>
                            <mediaRelTimePoint>T00:14:32:0F1000</mediaRelTimePoint>
                            <mediaDuration>PT01M02S0N1000F</mediaDuration>
                        </mediaTime>
                        <TextAnnotation confidence="0.5" relevance="0.4" xml:lang="de">
                            <KeywordAnnotation>
                                <Keyword>Online</Keyword>
                            </KeywordAnnotation>
                        </TextAnnotation>
                        <TextAnnotation confidence="0.5" relevance="0.0" xml:lang="de">
                            <KeywordAnnotation>
                                <Keyword>Wb</Keyword>
                                <Keyword>hh</Keyword>
                                <Keyword>hl</Keyword>
                                <Keyword>in</Keyword>
                                <Keyword>rm</Keyword>
                            </KeywordAnnotation>
                        </TextAnnotation>
                        <TextAnnotation confidence="0.0" relevance="0.4" xml:lang="de">
                            <KeywordAnnotation>
                                <Keyword>NZZ</Keyword>
                            </KeywordAnnotation>
                        </TextAnnotation>
                        <TextAnnotation confidence="0.0" relevance="0.3" xml:lang="de">
                            <KeywordAnnotation>
                                <Keyword>Betricb</Keyword>
                                <Keyword>Erstcs</Keyword>
                                <Keyword>Wasscrstoi-Krahwcrk</Keyword>
                                <Keyword>i2d</Keyword>
                                <Keyword>i5d</Keyword>
                                <Keyword>kkij</Keyword>
                                <Keyword>mEsid</Keyword>
                                <Keyword>oi,hh</Keyword>
                                <Keyword>tpqh</Keyword>
                                <Keyword>ummm</Keyword>
                            </KeywordAnnotation>
                        </TextAnnotation>
                        <TextAnnotation confidence="0.0" relevance="0.0" xml:lang="de">
                            <KeywordAnnotation>
                                <Keyword>H</Keyword>
                                <Keyword>L</Keyword>
                                <Keyword>T</Keyword>
                                <Keyword>b</Keyword>
                                <Keyword>h</Keyword>
                                <Keyword>i</Keyword>
                                <Keyword>jB</Keyword>
                                <Keyword>k</Keyword>
                                <Keyword>l</Keyword>
                                <Keyword>n</Keyword>
                                <Keyword>u</Keyword>
                            </KeywordAnnotation>
                        </TextAnnotation>
                    </AudioVisualSegment>
                    <AudioVisualSegment id="track-1.segment-29">
                        <mediaTime>
                            <mediaRelTimePoint>T00:15:34:0F1000</mediaRelTimePoint>
                            <mediaDuration>PT32S0N1000F</mediaDuration>
                        </mediaTime>
                        <TextAnnotation confidence="0.0" relevance="0.0" xml:lang="en">
                            <KeywordAnnotation>
                                <Keyword>I</Keyword>
                                <Keyword>Q</Keyword>
                                <Keyword>l</Keyword>
                            </KeywordAnnotation>
                        </TextAnnotation>
                    </AudioVisualSegment>
                    <AudioVisualSegment id="track-1.segment-30">
                        <mediaTime>
                            <mediaRelTimePoint>T00:16:06:0F1000</mediaRelTimePoint>
                            <mediaDuration>PT20S0N1000F</mediaDuration>
                        </mediaTime>
                        <TextAnnotation confidence="0.5" relevance="0.0" xml:lang="de">
                            <KeywordAnnotation>
                                <Keyword>uu</Keyword>
                            </KeywordAnnotation>
                        </TextAnnotation>
                        <TextAnnotation confidence="0.0" relevance="0.1" xml:lang="de">
                            <KeywordAnnotation>
                                <Keyword>G0c9c</Keyword>
                            </KeywordAnnotation>
                        </TextAnnotation>
                    </AudioVisualSegment>
                    <AudioVisualSegment id="track-1.segment-31">
                        <mediaTime>
                            <mediaRelTimePoint>T00:16:26:0F1000</mediaRelTimePoint>
                            <mediaDuration>PT19S0N1000F</mediaDuration>
                        </mediaTime>
                        <TextAnnotation confidence="0.5" relevance="0.0" xml:lang="en">
                            <KeywordAnnotation>
                                <Keyword>bw</Keyword>
                            </KeywordAnnotation>
                        </TextAnnotation>
                        <TextAnnotation confidence="0.0" relevance="0.4" xml:lang="en">
                            <KeywordAnnotation>
                                <Keyword>C.c</Keyword>
                            </KeywordAnnotation>
                        </TextAnnotation>
                        <TextAnnotation confidence="0.0" relevance="0.3" xml:lang="en">
                            <KeywordAnnotation>
                                <Keyword>Ext</Keyword>
                                <Keyword>JkJ</Keyword>
                            </KeywordAnnotation>
                        </TextAnnotation>
                        <TextAnnotation confidence="0.0" relevance="0.0" xml:lang="en">
                            <KeywordAnnotation>
                                <Keyword>A</Keyword>
                                <Keyword>H</Keyword>
                                <Keyword>I</Keyword>
                                <Keyword>J</Keyword>
                                <Keyword>Jn</Keyword>
                                <Keyword>K</Keyword>
                                <Keyword>L</Keyword>
                                <Keyword>P</Keyword>
                                <Keyword>Y</Keyword>
                                <Keyword>x</Keyword>
                                <Keyword>y</Keyword>
                            </KeywordAnnotation>
                        </TextAnnotation>
                    </AudioVisualSegment>
                    <AudioVisualSegment id="track-1.segment-32">
                        <mediaTime>
                            <mediaRelTimePoint>T00:16:45:0F1000</mediaRelTimePoint>
                            <mediaDuration>PT47S0N1000F</mediaDuration>
                        </mediaTime>
                        <TextAnnotation confidence="0.0" relevance="0.0" xml:lang="en">
                            <KeywordAnnotation>
                                <Keyword>E</Keyword>
                                <Keyword>Z</Keyword>
                                <Keyword>j</Keyword>
                            </KeywordAnnotation>
                        </TextAnnotation>
                    </AudioVisualSegment>
                    <AudioVisualSegment id="track-1.segment-33">
                        <mediaTime>
                            <mediaRelTimePoint>T00:17:32:0F1000</mediaRelTimePoint>
                            <mediaDuration>PT18S0N1000F</mediaDuration>
                        </mediaTime>
                        <TextAnnotation confidence="0.5" relevance="0.2" xml:lang="de">
                            <KeywordAnnotation>
                                <Keyword>consumption</Keyword>
                                <Keyword>fuel</Keyword>
                            </KeywordAnnotation>
                        </TextAnnotation>
                        <TextAnnotation confidence="0.5" relevance="0.0" xml:lang="de">
                            <KeywordAnnotation>
                                <Keyword>Ei</Keyword>
                                <Keyword>km</Keyword>
                                <Keyword>nm</Keyword>
                                <Keyword>to</Keyword>
                                <Keyword>vx</Keyword>
                            </KeywordAnnotation>
                        </TextAnnotation>
                        <TextAnnotation confidence="0.0" relevance="0.0" xml:lang="de">
                            <KeywordAnnotation>
                                <Keyword>I</Keyword>
                            </KeywordAnnotation>
                        </TextAnnotation>
                    </AudioVisualSegment>
                    <AudioVisualSegment id="track-1.segment-34">
                        <mediaTime>
                            <mediaRelTimePoint>T00:17:50:0F1000</mediaRelTimePoint>
                            <mediaDuration>PT13S0N1000F</mediaDuration>
                        </mediaTime>
                        <TextAnnotation confidence="0.5" relevance="0.4" xml:lang="en">
                            <KeywordAnnotation>
                                <Keyword>Energy</Keyword>
                                <Keyword>Human</Keyword>
                                <Keyword>Price</Keyword>
                                <Keyword>The</Keyword>
                                <Keyword>Value</Keyword>
                                <Keyword>and</Keyword>
                                <Keyword>electric</Keyword>
                                <Keyword>energy</Keyword>
                                <Keyword>hour</Keyword>
                                <Keyword>mechanical</Keyword>
                                <Keyword>per</Keyword>
                                <Keyword>power</Keyword>
                                <Keyword>that</Keyword>
                                <Keyword>the</Keyword>
                            </KeywordAnnotation>
                        </TextAnnotation>
                        <TextAnnotation confidence="0.5" relevance="0.3" xml:lang="en">
                            <KeywordAnnotation>
                                <Keyword>Price</Keyword>
                                <Keyword>hours</Keyword>
                                <Keyword>lime</Keyword>
                                <Keyword>produce</Keyword>
                            </KeywordAnnotation>
                        </TextAnnotation>
                        <TextAnnotation confidence="0.5" relevance="0.0" xml:lang="en">
                            <KeywordAnnotation>
                                <Keyword>AU</Keyword>
                                <Keyword>an</Keyword>
                                <Keyword>of</Keyword>
                                <Keyword>to</Keyword>
                            </KeywordAnnotation>
                        </TextAnnotation>
                        <TextAnnotation confidence="0.0" relevance="0.4" xml:lang="en">
                            <KeywordAnnotation>
                                <Keyword>-ng</Keyword>
                                <Keyword>Wage</Keyword>
                                <Keyword>cents</Keyword>
                                <Keyword>kWh</Keyword>
                            </KeywordAnnotation>
                        </TextAnnotation>
                        <TextAnnotation confidence="0.0" relevance="0.3" xml:lang="en">
                            <KeywordAnnotation>
                                <Keyword>CGHIS</Keyword>
                            </KeywordAnnotation>
                        </TextAnnotation>
                        <TextAnnotation confidence="0.0" relevance="0.0" xml:lang="en">
                            <KeywordAnnotation>
                                <Keyword>V</Keyword>
                                <Keyword>W</Keyword>
                                <Keyword>Y</Keyword>
                            </KeywordAnnotation>
                        </TextAnnotation>
                    </AudioVisualSegment>
                    <AudioVisualSegment id="track-1.segment-35">
                        <mediaTime>
                            <mediaRelTimePoint>T00:18:03:0F1000</mediaRelTimePoint>
                            <mediaDuration>PT31S0N1000F</mediaDuration>
                        </mediaTime>
                        <TextAnnotation confidence="0.0" relevance="0.0" xml:lang="en">
                            <KeywordAnnotation>
                                <Keyword>Q</Keyword>
                            </KeywordAnnotation>
                        </TextAnnotation>
                    </AudioVisualSegment>
                    <AudioVisualSegment id="track-1.segment-36">
                        <mediaTime>
                            <mediaRelTimePoint>T00:18:34:0F1000</mediaRelTimePoint>
                            <mediaDuration>PT37S0N1000F</mediaDuration>
                        </mediaTime>
                        <TextAnnotation confidence="0.5" relevance="0.4" xml:lang="en">
                            <KeywordAnnotation>
                                <Keyword>Energy</Keyword>
                                <Keyword>Human</Keyword>
                                <Keyword>Price</Keyword>
                                <Keyword>The</Keyword>
                                <Keyword>Value</Keyword>
                                <Keyword>and</Keyword>
                                <Keyword>electric</Keyword>
                                <Keyword>energy</Keyword>
                                <Keyword>hour</Keyword>
                                <Keyword>mechanical</Keyword>
                                <Keyword>per</Keyword>
                                <Keyword>power</Keyword>
                                <Keyword>produce</Keyword>
                                <Keyword>that</Keyword>
                                <Keyword>the</Keyword>
                            </KeywordAnnotation>
                        </TextAnnotation>
                        <TextAnnotation confidence="0.5" relevance="0.3" xml:lang="en">
                            <KeywordAnnotation>
                                <Keyword>Price</Keyword>
                                <Keyword>hours</Keyword>
                                <Keyword>lime</Keyword>
                            </KeywordAnnotation>
                        </TextAnnotation>
                        <TextAnnotation confidence="0.5" relevance="0.0" xml:lang="en">
                            <KeywordAnnotation>
                                <Keyword>LU</Keyword>
                                <Keyword>an</Keyword>
                                <Keyword>of</Keyword>
                                <Keyword>to</Keyword>
                            </KeywordAnnotation>
                        </TextAnnotation>
                        <TextAnnotation confidence="0.0" relevance="0.4" xml:lang="en">
                            <KeywordAnnotation>
                                <Keyword>-ng</Keyword>
                                <Keyword>Wage</Keyword>
                                <Keyword>cents</Keyword>
                                <Keyword>kWh</Keyword>
                            </KeywordAnnotation>
                        </TextAnnotation>
                        <TextAnnotation confidence="0.0" relevance="0.3" xml:lang="en">
                            <KeywordAnnotation>
                                <Keyword>CGHIS</Keyword>
                            </KeywordAnnotation>
                        </TextAnnotation>
                        <TextAnnotation confidence="0.0" relevance="0.0" xml:lang="en">
                            <KeywordAnnotation>
                                <Keyword>V</Keyword>
                                <Keyword>W</Keyword>
                                <Keyword>Y</Keyword>
                                <Keyword>v</Keyword>
                            </KeywordAnnotation>
                        </TextAnnotation>
                    </AudioVisualSegment>
                    <AudioVisualSegment id="track-1.segment-37">
                        <mediaTime>
                            <mediaRelTimePoint>T00:19:11:0F1000</mediaRelTimePoint>
                            <mediaDuration>PT35S0N1000F</mediaDuration>
                        </mediaTime>
                        <TextAnnotation confidence="0.0" relevance="0.0" xml:lang="en">
                            <KeywordAnnotation>
                                <Keyword>X</Keyword>
                                <Keyword>i</Keyword>
                            </KeywordAnnotation>
                        </TextAnnotation>
                    </AudioVisualSegment>
                    <AudioVisualSegment id="track-1.segment-38">
                        <mediaTime>
                            <mediaRelTimePoint>T00:19:46:0F1000</mediaRelTimePoint>
                            <mediaDuration>PT01M12S0N1000F</mediaDuration>
                        </mediaTime>
                        <TextAnnotation confidence="0.0" relevance="0.1" xml:lang="en">
                            <KeywordAnnotation>
                                <Keyword>tZ.Z</Keyword>
                            </KeywordAnnotation>
                        </TextAnnotation>
                        <TextAnnotation confidence="0.0" relevance="0.0" xml:lang="en">
                            <KeywordAnnotation>
                                <Keyword>H</Keyword>
                                <Keyword>i</Keyword>
                            </KeywordAnnotation>
                        </TextAnnotation>
                    </AudioVisualSegment>
                    <AudioVisualSegment id="track-1.segment-39">
                        <mediaTime>
                            <mediaRelTimePoint>T00:20:58:0F1000</mediaRelTimePoint>
                            <mediaDuration>PT01M50S0N1000F</mediaDuration>
                        </mediaTime>
                        <TextAnnotation confidence="0.0" relevance="0.2" xml:lang="en">
                            <KeywordAnnotation>
                                <Keyword>EIL</Keyword>
                            </KeywordAnnotation>
                        </TextAnnotation>
                        <TextAnnotation confidence="0.0" relevance="0.0" xml:lang="en">
                            <KeywordAnnotation>
                                <Keyword>J</Keyword>
                                <Keyword>K</Keyword>
                                <Keyword>d</Keyword>
                                <Keyword>i</Keyword>
                            </KeywordAnnotation>
                        </TextAnnotation>
                    </AudioVisualSegment>
                    <AudioVisualSegment id="track-1.segment-40">
                        <mediaTime>
                            <mediaRelTimePoint>T00:22:48:0F1000</mediaRelTimePoint>
                            <mediaDuration>PT21M37S0N1000F</mediaDuration>
                        </mediaTime>
                        <TextAnnotation confidence="0.5" relevance="0.0" xml:lang="de">
                            <KeywordAnnotation>
                                <Keyword>qv</Keyword>
                            </KeywordAnnotation>
                        </TextAnnotation>
                        <TextAnnotation confidence="0.0" relevance="0.0" xml:lang="de">
                            <KeywordAnnotation>
                                <Keyword>A</Keyword>
                                <Keyword>I</Keyword>
                                <Keyword>L</Keyword>
                                <Keyword>Q</Keyword>
                                <Keyword>T</Keyword>
                                <Keyword>V</Keyword>
                                <Keyword>Z</Keyword>
                                <Keyword>j</Keyword>
                                <Keyword>l</Keyword>
                                <Keyword>r</Keyword>
                                <Keyword>v</Keyword>
                            </KeywordAnnotation>
                        </TextAnnotation>
                    </AudioVisualSegment>
                    <AudioVisualSegment id="track-1.segment-41">
                        <mediaTime>
                            <mediaRelTimePoint>T00:44:25:0F1000</mediaRelTimePoint>
                            <mediaDuration>PT01M05S0N1000F</mediaDuration>
                        </mediaTime>
                        <TextAnnotation confidence="0.5" relevance="0.0" xml:lang="de">
                            <KeywordAnnotation>
                                <Keyword>FE</Keyword>
                                <Keyword>nr</Keyword>
                            </KeywordAnnotation>
                        </TextAnnotation>
                        <TextAnnotation confidence="0.0" relevance="0.0" xml:lang="de">
                            <KeywordAnnotation>
                                <Keyword>-</Keyword>
                                <Keyword>I</Keyword>
                                <Keyword>u</Keyword>
                            </KeywordAnnotation>
                        </TextAnnotation>
                    </AudioVisualSegment>
                    <AudioVisualSegment id="track-1.segment-42">
                        <mediaTime>
                            <mediaRelTimePoint>T00:45:30:0F1000</mediaRelTimePoint>
                            <mediaDuration>PT03M01S0N1000F</mediaDuration>
                        </mediaTime>
                        <TextAnnotation confidence="0.5" relevance="0.0" xml:lang="de">
                            <KeywordAnnotation>
                                <Keyword>BV</Keyword>
                                <Keyword>FF</Keyword>
                                <Keyword>YR</Keyword>
                            </KeywordAnnotation>
                        </TextAnnotation>
                        <TextAnnotation confidence="0.0" relevance="0.4" xml:lang="de">
                            <KeywordAnnotation>
                                <Keyword>THQ</Keyword>
                            </KeywordAnnotation>
                        </TextAnnotation>
                        <TextAnnotation confidence="0.0" relevance="0.0" xml:lang="de">
                            <KeywordAnnotation>
                                <Keyword>I</Keyword>
                                <Keyword>T</Keyword>
                                <Keyword>V</Keyword>
                                <Keyword>i</Keyword>
                            </KeywordAnnotation>
                        </TextAnnotation>
                    </AudioVisualSegment>
                    <AudioVisualSegment id="track-1.segment-43">
                        <mediaTime>
                            <mediaRelTimePoint>T00:48:31:0F1000</mediaRelTimePoint>
                            <mediaDuration>PT01M43S0N1000F</mediaDuration>
                        </mediaTime>
                        <TextAnnotation confidence="0.5" relevance="0.0" xml:lang="de">
                            <KeywordAnnotation>
                                <Keyword>nh</Keyword>
                            </KeywordAnnotation>
                        </TextAnnotation>
                        <TextAnnotation confidence="0.0" relevance="0.0" xml:lang="de">
                            <KeywordAnnotation>
                                <Keyword>F</Keyword>
                                <Keyword>I</Keyword>
                            </KeywordAnnotation>
                        </TextAnnotation>
                    </AudioVisualSegment>
                    <AudioVisualSegment id="track-1.segment-44">
                        <mediaTime>
                            <mediaRelTimePoint>T00:50:14:0F1000</mediaRelTimePoint>
                            <mediaDuration>PT02M15S0N1000F</mediaDuration>
                        </mediaTime>
                        <TextAnnotation confidence="0.0" relevance="0.0" xml:lang="en">
                            <KeywordAnnotation>
                                <Keyword>E</Keyword>
                                <Keyword>I</Keyword>
                                <Keyword>T</Keyword>
                                <Keyword>U</Keyword>
                            </KeywordAnnotation>
                        </TextAnnotation>
                    </AudioVisualSegment>
                    <AudioVisualSegment id="track-1.segment-45">
                        <mediaTime>
                            <mediaRelTimePoint>T00:52:29:0F1000</mediaRelTimePoint>
                            <mediaDuration>PT01M38S0N1000F</mediaDuration>
                        </mediaTime>
                        <TextAnnotation confidence="0.5" relevance="0.1" xml:lang="en">
                            <KeywordAnnotation>
                                <Keyword>lit</Keyword>
                            </KeywordAnnotation>
                        </TextAnnotation>
                        <TextAnnotation confidence="0.0" relevance="0.0" xml:lang="en">
                            <KeywordAnnotation>
                                <Keyword>F</Keyword>
                                <Keyword>J</Keyword>
                            </KeywordAnnotation>
                        </TextAnnotation>
                    </AudioVisualSegment>
                    <AudioVisualSegment id="track-1.segment-46">
                        <mediaTime>
                            <mediaRelTimePoint>T00:54:07:0F1000</mediaRelTimePoint>
                            <mediaDuration>PT02M29S0N1000F</mediaDuration>
                        </mediaTime>
                        <TextAnnotation confidence="0.5" relevance="0.0" xml:lang="de">
                            <KeywordAnnotation>
                                <Keyword>gi</Keyword>
                            </KeywordAnnotation>
                        </TextAnnotation>
                        <TextAnnotation confidence="0.0" relevance="0.0" xml:lang="de">
                            <KeywordAnnotation>
                                <Keyword>A</Keyword>
                                <Keyword>H</Keyword>
                                <Keyword>I</Keyword>
                                <Keyword>N</Keyword>
                                <Keyword>Q</Keyword>
                                <Keyword>f</Keyword>
                                <Keyword>h</Keyword>
                            </KeywordAnnotation>
                        </TextAnnotation>
                    </AudioVisualSegment>
                    <AudioVisualSegment id="track-1.segment-47">
                        <mediaTime>
                            <mediaRelTimePoint>T00:56:36:0F1000</mediaRelTimePoint>
                            <mediaDuration>PT03M45S0N1000F</mediaDuration>
                        </mediaTime>
                        <TextAnnotation confidence="0.0" relevance="0.0" xml:lang="en">
                            <KeywordAnnotation>
                                <Keyword>-</Keyword>
                                <Keyword>C</Keyword>
                                <Keyword>I-</Keyword>
                                <Keyword>U</Keyword>
                                <Keyword>a</Keyword>
                                <Keyword>e</Keyword>
                                <Keyword>i</Keyword>
                                <Keyword>v</Keyword>
                            </KeywordAnnotation>
                        </TextAnnotation>
                    </AudioVisualSegment>
                    <AudioVisualSegment id="track-1.segment-48">
                        <mediaTime>
                            <mediaRelTimePoint>T01:00:21:0F1000</mediaRelTimePoint>
                            <mediaDuration>PT17S0N1000F</mediaDuration>
                        </mediaTime>
                        <TextAnnotation confidence="0.5" relevance="0.0" xml:lang="de">
                            <KeywordAnnotation>
                                <Keyword>Ei</Keyword>
                                <Keyword>SM</Keyword>
                                <Keyword>lf</Keyword>
                                <Keyword>rr</Keyword>
                            </KeywordAnnotation>
                        </TextAnnotation>
                        <TextAnnotation confidence="0.0" relevance="0.0" xml:lang="de">
                            <KeywordAnnotation>
                                <Keyword>-</Keyword>
                                <Keyword>A</Keyword>
                                <Keyword>I</Keyword>
                                <Keyword>J</Keyword>
                                <Keyword>T</Keyword>
                                <Keyword>Y</Keyword>
                            </KeywordAnnotation>
                        </TextAnnotation>
                    </AudioVisualSegment>
                    <AudioVisualSegment id="track-1.segment-49">
                        <mediaTime>
                            <mediaRelTimePoint>T01:00:38:0F1000</mediaRelTimePoint>
                            <mediaDuration>PT02M43S0N1000F</mediaDuration>
                        </mediaTime>
                        <TextAnnotation confidence="0.5" relevance="0.0" xml:lang="de">
                            <KeywordAnnotation>
                                <Keyword>JL</Keyword>
                                <Keyword>Lg</Keyword>
                            </KeywordAnnotation>
                        </TextAnnotation>
                        <TextAnnotation confidence="0.0" relevance="0.0" xml:lang="de">
                            <KeywordAnnotation>
                                <Keyword>I</Keyword>
                                <Keyword>J</Keyword>
                                <Keyword>L</Keyword>
                                <Keyword>R</Keyword>
                                <Keyword>T</Keyword>
                                <Keyword>y</Keyword>
                            </KeywordAnnotation>
                        </TextAnnotation>
                    </AudioVisualSegment>
                    <AudioVisualSegment id="track-1.segment-50">
                        <mediaTime>
                            <mediaRelTimePoint>T01:03:21:0F1000</mediaRelTimePoint>
                            <mediaDuration>PT53S0N1000F</mediaDuration>
                        </mediaTime>
                        <TextAnnotation confidence="0.5" relevance="0.0" xml:lang="de">
                            <KeywordAnnotation>
                                <Keyword>Il</Keyword>
                                <Keyword>ge</Keyword>
                                <Keyword>il</Keyword>
                                <Keyword>qv</Keyword>
                                <Keyword>tl</Keyword>
                            </KeywordAnnotation>
                        </TextAnnotation>
                        <TextAnnotation confidence="0.0" relevance="0.3" xml:lang="de">
                            <KeywordAnnotation>
                                <Keyword>ygr</Keyword>
                            </KeywordAnnotation>
                        </TextAnnotation>
                        <TextAnnotation confidence="0.0" relevance="0.0" xml:lang="de">
                            <KeywordAnnotation>
                                <Keyword>H</Keyword>
                                <Keyword>I</Keyword>
                                <Keyword>K</Keyword>
                                <Keyword>NV</Keyword>
                                <Keyword>QW</Keyword>
                                <Keyword>s</Keyword>
                            </KeywordAnnotation>
                        </TextAnnotation>
                    </AudioVisualSegment>
                    <AudioVisualSegment id="track-1.segment-51">
                        <mediaTime>
                            <mediaRelTimePoint>T01:04:14:0F1000</mediaRelTimePoint>
                            <mediaDuration>PT04S400N1000F</mediaDuration>
                        </mediaTime>
                        <TextAnnotation confidence="0.5" relevance="0.0" xml:lang="de">
                            <KeywordAnnotation>
                                <Keyword>Er</Keyword>
                                <Keyword>Zn</Keyword>
                            </KeywordAnnotation>
                        </TextAnnotation>
                        <TextAnnotation confidence="0.0" relevance="0.2" xml:lang="de">
                            <KeywordAnnotation>
                                <Keyword>-Fi</Keyword>
                            </KeywordAnnotation>
                        </TextAnnotation>
                        <TextAnnotation confidence="0.0" relevance="0.0" xml:lang="de">
                            <KeywordAnnotation>
                                <Keyword>-</Keyword>
                                <Keyword>K</Keyword>
                                <Keyword>U</Keyword>
                                <Keyword>xw</Keyword>
                                <Keyword>y</Keyword>
                            </KeywordAnnotation>
                        </TextAnnotation>
                    </AudioVisualSegment>
                </TemporalDecomposition>
            </AudioVisual>
        </MultimediaContent>
    </Description>
</Mpeg7>
