<?xml version="1.0" encoding="UTF-8"?>
<metadata xmlns="http://www.opencastproject.org/xsd/1.0/dublincore/" xmlns:xsi="http://www.w3.org/2001/XMLSchema-instance" xmlns:dcterms="http://purl.org/dc/terms/">
	  <!-- Series Dublin Core -->
<dcterms:identifier>151-0259-00L-2009W</dcterms:identifier>
    <dcterms:creator>Boulouchos, Konstantinos</dcterms:creator>
    <dcterms:creator>Worm, Heike</dcterms:creator>
    <dcterms:creator>Schwendener, Heinrich</dcterms:creator>
   
<dcterms:description xml:lang="de">Auf der Suche nach Wegen aus dem Treibhaus</dcterms:description>


<dcterms:created xsi:type="dcterms:W3CDTF">2009-09-24</dcterms:created>
<dcterms:publisher>ETH Zurich, ITS-MMS</dcterms:publisher>
<dcterms:contributor>Department of Mechanical and Process Engineering</dcterms:contributor>
<dcterms:language>deu</dcterms:language>


<dcterms:title xml:lang="de">Energy Colloquia</dcterms:title>
</metadata>
