<?xml version="1.0" encoding="UTF-8"?>
<Mpeg7 xmlns="urn:mpeg:mpeg7:schema:2001" xmlns:mpeg7="urn:mpeg7:schema:2001" xmlns:xsi="http://www.w3.org/2001/XMLSchema-instance/">
    <Description xsi:type="ContentEntityType">
        <MultimediaContent xsi:type="AudioVisualType">
            <AudioVisual id="track-1">
                <mediaLocator>
                    <mediaUri>file:tracks/camera.avi</mediaUri>
                </mediaLocator>
                <mediaTime>
                    <mediaTimePoint>T00:00:00:0F25</mediaTimePoint>
                    <mediaDuration>PT02H57M54S0N1000F</mediaDuration>
                </mediaTime>
            </AudioVisual>
            <AudioVisual id="track-0">
                <mediaLocator>
                    <mediaUri>file:tracks/grabber.avi</mediaUri>
                </mediaLocator>
                <mediaTime>
                    <mediaTimePoint>T00:00:00:0F5</mediaTimePoint>
                    <mediaDuration>PT02H57M54S0N1000F</mediaDuration>
                </mediaTime>
            </AudioVisual>
        </MultimediaContent>
    </Description>
</Mpeg7>
