<?xml version="1.0" encoding="UTF-8"?>
<Mpeg7 xmlns="urn:mpeg:mpeg7:schema:2001" xmlns:mpeg7="urn:mpeg7:schema:2001"
	xmlns:xsi="http://www.w3.org/2001/XMLSchema-instance/">
	<Description xsi:type="ContentEntityType">
		<MultimediaContent xsi:type="AudioVisualType">
			<AudioVisual id="track-1">
				<MediaLocator>
					<MediaUri>file:tracks/20091112_NO_C44_ID-KOM.mov</MediaUri>
				</MediaLocator>
				<MediaTime>
					<MediaTimePoint>T00:00:00:0F1</MediaTimePoint>
					<MediaDuration>PT01H15M18S548N1000F</MediaDuration>
				</MediaTime>
				<TemporalDecomposition criteria="temporal"
					gap="false" overlap="false">
					<AudioVisualSegment id="track-1.segment-1">
						<MediaTime>
							<MediaRelTimePoint>T00:00:00:0F1000</MediaRelTimePoint>
							<MediaDuration>PT10M23S0N1000F</MediaDuration>
						</MediaTime>
						<TextAnnotation confidence="0.5" relevance="0.4"
							xml:lang="de">
							<KeywordAnnotation>
								<Keyword>unser</Keyword>
							</KeywordAnnotation>
						</TextAnnotation>
						<TextAnnotation confidence="0.5" relevance="0.3"
							xml:lang="de">
							<KeywordAnnotation>
								<Keyword>Abtei</Keyword>
								<Keyword>ISG</Keyword>
								<Keyword>Kommunikation</Keyword>
								<Keyword>ung</Keyword>
							</KeywordAnnotation>
						</TextAnnotation>
						<TextAnnotation confidence="0.5" relevance="0.0"
							xml:lang="de">
							<KeywordAnnotation>
								<Keyword>ID</Keyword>
								<Keyword>ll</Keyword>
								<Keyword>no</Keyword>
								<Keyword>qu</Keyword>
								<Keyword>tx</Keyword>
							</KeywordAnnotation>
						</TextAnnotation>
						<TextAnnotation confidence="0.0" relevance="0.4"
							xml:lang="de">
							<KeywordAnnotation>
								<Keyword>Zielpublikum</Keyword>
							</KeywordAnnotation>
						</TextAnnotation>
						<TextAnnotation confidence="0.0" relevance="0.0"
							xml:lang="de">
							<KeywordAnnotation>
								<Keyword>h</Keyword>
							</KeywordAnnotation>
						</TextAnnotation>
					</AudioVisualSegment>
					<AudioVisualSegment id="track-1.segment-2">
						<MediaTime>
							<MediaRelTimePoint>T00:10:23:0F1000</MediaRelTimePoint>
							<MediaDuration>PT07M39S0N1000F</MediaDuration>
						</MediaTime>
						<TextAnnotation confidence="0.5" relevance="0.2"
							xml:lang="de">
							<KeywordAnnotation>
								<Keyword>Datenbanken</Keyword>
							</KeywordAnnotation>
						</TextAnnotation>
						<TextAnnotation confidence="0.5" relevance="0.0"
							xml:lang="de">
							<KeywordAnnotation>
								<Keyword>hn</Keyword>
								<Keyword>lg</Keyword>
								<Keyword>qt</Keyword>
								<Keyword>tk</Keyword>
							</KeywordAnnotation>
						</TextAnnotation>
						<TextAnnotation confidence="0.0" relevance="0.4"
							xml:lang="de">
							<KeywordAnnotation>
								<Keyword>IDI---</Keyword>
							</KeywordAnnotation>
						</TextAnnotation>
						<TextAnnotation confidence="0.0" relevance="0.0"
							xml:lang="de">
							<KeywordAnnotation>
								<Keyword>-</Keyword>
								<Keyword>I</Keyword>
								<Keyword>K</Keyword>
								<Keyword>Q</Keyword>
								<Keyword>V</Keyword>
								<Keyword>Z</Keyword>
								<Keyword>i</Keyword>
								<Keyword>m</Keyword>
								<Keyword>n</Keyword>
								<Keyword>p</Keyword>
								<Keyword>q</Keyword>
								<Keyword>r</Keyword>
								<Keyword>y</Keyword>
							</KeywordAnnotation>
						</TextAnnotation>
					</AudioVisualSegment>
					<AudioVisualSegment id="track-1.segment-3">
						<MediaTime>
							<MediaRelTimePoint>T00:18:02:0F1000</MediaRelTimePoint>
							<MediaDuration>PT05M42S0N1000F</MediaDuration>
						</MediaTime>
						<TextAnnotation confidence="0.5" relevance="0.4"
							xml:lang="de">
							<KeywordAnnotation>
								<Keyword>status</Keyword>
							</KeywordAnnotation>
						</TextAnnotation>
						<TextAnnotation confidence="0.5" relevance="0.3"
							xml:lang="de">
							<KeywordAnnotation>
								<Keyword>aTe</Keyword>
								<Keyword>alpha</Keyword>
								<Keyword>beta</Keyword>
							</KeywordAnnotation>
						</TextAnnotation>
						<TextAnnotation confidence="0.5" relevance="0.0"
							xml:lang="de">
							<KeywordAnnotation>
								<Keyword>FX</Keyword>
							</KeywordAnnotation>
						</TextAnnotation>
						<TextAnnotation confidence="0.0" relevance="0.4"
							xml:lang="de">
							<KeywordAnnotation>
								<Keyword>IIN--</Keyword>
							</KeywordAnnotation>
						</TextAnnotation>
						<TextAnnotation confidence="0.0" relevance="0.3"
							xml:lang="de">
							<KeywordAnnotation>
								<Keyword>bTe</Keyword>
								<Keyword>ef0nst6rung</Keyword>
							</KeywordAnnotation>
						</TextAnnotation>
						<TextAnnotation confidence="0.0" relevance="0.0"
							xml:lang="de">
							<KeywordAnnotation>
								<Keyword>M-</Keyword>
								<Keyword>X</Keyword>
								<Keyword>i</Keyword>
							</KeywordAnnotation>
						</TextAnnotation>
					</AudioVisualSegment>
					<AudioVisualSegment id="track-1.segment-4">
						<MediaTime>
							<MediaRelTimePoint>T00:23:44:0F1000</MediaRelTimePoint>
							<MediaDuration>PT16S0N1000F</MediaDuration>
						</MediaTime>
						<TextAnnotation confidence="0.5" relevance="0.4"
							xml:lang="de">
							<KeywordAnnotation>
								<Keyword>IIC</Keyword>
								<Keyword>III</Keyword>
								<Keyword>Saba</Keyword>
								<Keyword>bpm</Keyword>
							</KeywordAnnotation>
						</TextAnnotation>
						<TextAnnotation confidence="0.5" relevance="0.0"
							xml:lang="de">
							<KeywordAnnotation>
								<Keyword>Il</Keyword>
								<Keyword>Xb</Keyword>
								<Keyword>pi</Keyword>
								<Keyword>ul</Keyword>
							</KeywordAnnotation>
						</TextAnnotation>
						<TextAnnotation confidence="0.0" relevance="0.4"
							xml:lang="de">
							<KeywordAnnotation>
								<Keyword>PIB</Keyword>
								<Keyword>mmm</Keyword>
							</KeywordAnnotation>
						</TextAnnotation>
						<TextAnnotation confidence="0.0" relevance="0.0"
							xml:lang="de">
							<KeywordAnnotation>
								<Keyword>-</Keyword>
								<Keyword>C</Keyword>
								<Keyword>F</Keyword>
								<Keyword>H</Keyword>
								<Keyword>N</Keyword>
								<Keyword>Q</Keyword>
								<Keyword>Wv</Keyword>
								<Keyword>X</Keyword>
								<Keyword>a</Keyword>
								<Keyword>l</Keyword>
								<Keyword>m</Keyword>
								<Keyword>r</Keyword>
							</KeywordAnnotation>
						</TextAnnotation>
					</AudioVisualSegment>
					<AudioVisualSegment id="track-1.segment-5">
						<MediaTime>
							<MediaRelTimePoint>T00:24:00:0F1000</MediaRelTimePoint>
							<MediaDuration>PT03M28S0N1000F</MediaDuration>
						</MediaTime>
						<TextAnnotation confidence="0.5" relevance="0.4"
							xml:lang="de">
							<KeywordAnnotation>
								<Keyword>tri</Keyword>
							</KeywordAnnotation>
						</TextAnnotation>
						<TextAnnotation confidence="0.5" relevance="0.3"
							xml:lang="de">
							<KeywordAnnotation>
								<Keyword>Upon</Keyword>
							</KeywordAnnotation>
						</TextAnnotation>
						<TextAnnotation confidence="0.5" relevance="0.0"
							xml:lang="de">
							<KeywordAnnotation>
								<Keyword>LU</Keyword>
								<Keyword>Lk</Keyword>
								<Keyword>in</Keyword>
								<Keyword>wu</Keyword>
							</KeywordAnnotation>
						</TextAnnotation>
						<TextAnnotation confidence="0.0" relevance="0.5"
							xml:lang="de">
							<KeywordAnnotation>
								<Keyword>HDI-</Keyword>
							</KeywordAnnotation>
						</TextAnnotation>
						<TextAnnotation confidence="0.0" relevance="0.4"
							xml:lang="de">
							<KeywordAnnotation>
								<Keyword>IAC</Keyword>
								<Keyword>g.Q</Keyword>
								<Keyword>kmxnu</Keyword>
								<Keyword>xv-</Keyword>
							</KeywordAnnotation>
						</TextAnnotation>
						<TextAnnotation confidence="0.0" relevance="0.3"
							xml:lang="de">
							<KeywordAnnotation>
								<Keyword>Mtnnagvngw</Keyword>
								<Keyword>Sams</Keyword>
								<Keyword>yyayu</Keyword>
							</KeywordAnnotation>
						</TextAnnotation>
						<TextAnnotation confidence="0.0" relevance="0.2"
							xml:lang="de">
							<KeywordAnnotation>
								<Keyword>B.-</Keyword>
							</KeywordAnnotation>
						</TextAnnotation>
						<TextAnnotation confidence="0.0" relevance="0.0"
							xml:lang="de">
							<KeywordAnnotation>
								<Keyword>-</Keyword>
								<Keyword>A</Keyword>
								<Keyword>G</Keyword>
								<Keyword>HQ</Keyword>
								<Keyword>I</Keyword>
								<Keyword>Jn</Keyword>
								<Keyword>W</Keyword>
								<Keyword>i</Keyword>
								<Keyword>l</Keyword>
								<Keyword>u</Keyword>
								<Keyword>v</Keyword>
								<Keyword>x</Keyword>
							</KeywordAnnotation>
						</TextAnnotation>
					</AudioVisualSegment>
					<AudioVisualSegment id="track-1.segment-6">
						<MediaTime>
							<MediaRelTimePoint>T00:27:28:0F1000</MediaRelTimePoint>
							<MediaDuration>PT15S0N1000F</MediaDuration>
						</MediaTime>
						<TextAnnotation confidence="0.5" relevance="0.0"
							xml:lang="de">
							<KeywordAnnotation>
								<Keyword>DW</Keyword>
								<Keyword>Fi</Keyword>
								<Keyword>sn</Keyword>
							</KeywordAnnotation>
						</TextAnnotation>
						<TextAnnotation confidence="0.0" relevance="0.4"
							xml:lang="de">
							<KeywordAnnotation>
								<Keyword>----N-</Keyword>
								<Keyword>I1Il</Keyword>
								<Keyword>kuwwawla</Keyword>
							</KeywordAnnotation>
						</TextAnnotation>
						<TextAnnotation confidence="0.0" relevance="0.0"
							xml:lang="de">
							<KeywordAnnotation>
								<Keyword>-</Keyword>
								<Keyword>-n</Keyword>
								<Keyword>E</Keyword>
								<Keyword>P</Keyword>
								<Keyword>Q</Keyword>
								<Keyword>W</Keyword>
								<Keyword>Y</Keyword>
								<Keyword>i</Keyword>
								<Keyword>k</Keyword>
							</KeywordAnnotation>
						</TextAnnotation>
					</AudioVisualSegment>
					<AudioVisualSegment id="track-1.segment-7">
						<MediaTime>
							<MediaRelTimePoint>T00:27:43:0F1000</MediaRelTimePoint>
							<MediaDuration>PT01M39S0N1000F</MediaDuration>
						</MediaTime>
						<TextAnnotation confidence="0.5" relevance="0.3"
							xml:lang="de">
							<KeywordAnnotation>
								<Keyword>Full</Keyword>
								<Keyword>Wtp</Keyword>
								<Keyword>bbl</Keyword>
								<Keyword>bpm</Keyword>
								<Keyword>man</Keyword>
							</KeywordAnnotation>
						</TextAnnotation>
						<TextAnnotation confidence="0.5" relevance="0.0"
							xml:lang="de">
							<KeywordAnnotation>
								<Keyword>Mh</Keyword>
								<Keyword>me</Keyword>
							</KeywordAnnotation>
						</TextAnnotation>
						<TextAnnotation confidence="0.0" relevance="0.4"
							xml:lang="de">
							<KeywordAnnotation>
								<Keyword>tdqn</Keyword>
							</KeywordAnnotation>
						</TextAnnotation>
						<TextAnnotation confidence="0.0" relevance="0.3"
							xml:lang="de">
							<KeywordAnnotation>
								<Keyword>Saybas</Keyword>
								<Keyword>kurtuiu</Keyword>
								<Keyword>lags</Keyword>
							</KeywordAnnotation>
						</TextAnnotation>
						<TextAnnotation confidence="0.0" relevance="0.0"
							xml:lang="de">
							<KeywordAnnotation>
								<Keyword>W</Keyword>
								<Keyword>l</Keyword>
								<Keyword>m</Keyword>
								<Keyword>n</Keyword>
								<Keyword>r</Keyword>
								<Keyword>yn</Keyword>
								<Keyword>z</Keyword>
							</KeywordAnnotation>
						</TextAnnotation>
					</AudioVisualSegment>
					<AudioVisualSegment id="track-1.segment-8">
						<MediaTime>
							<MediaRelTimePoint>T00:29:22:0F1000</MediaRelTimePoint>
							<MediaDuration>PT01M18S0N1000F</MediaDuration>
						</MediaTime>
						<TextAnnotation confidence="0.5" relevance="0.3"
							xml:lang="de">
							<KeywordAnnotation>
								<Keyword>ins</Keyword>
							</KeywordAnnotation>
						</TextAnnotation>
						<TextAnnotation confidence="0.5" relevance="0.0"
							xml:lang="de">
							<KeywordAnnotation>
								<Keyword>IJ</Keyword>
								<Keyword>IU</Keyword>
								<Keyword>KT</Keyword>
								<Keyword>by</Keyword>
								<Keyword>gn</Keyword>
								<Keyword>mm</Keyword>
								<Keyword>rw</Keyword>
								<Keyword>tn</Keyword>
								<Keyword>ue</Keyword>
								<Keyword>ye</Keyword>
							</KeywordAnnotation>
						</TextAnnotation>
						<TextAnnotation confidence="0.0" relevance="0.4"
							xml:lang="de">
							<KeywordAnnotation>
								<Keyword>Anson</Keyword>
								<Keyword>Dashboard</Keyword>
								<Keyword>kuvucna</Keyword>
							</KeywordAnnotation>
						</TextAnnotation>
						<TextAnnotation confidence="0.0" relevance="0.3"
							xml:lang="de">
							<KeywordAnnotation>
								<Keyword>IyAI</Keyword>
								<Keyword>bcnhlptuad-lyipx</Keyword>
							</KeywordAnnotation>
						</TextAnnotation>
						<TextAnnotation confidence="0.0" relevance="0.0"
							xml:lang="de">
							<KeywordAnnotation>
								<Keyword>-</Keyword>
								<Keyword>H</Keyword>
								<Keyword>I</Keyword>
								<Keyword>L</Keyword>
								<Keyword>Q</Keyword>
								<Keyword>S</Keyword>
								<Keyword>U</Keyword>
								<Keyword>V</Keyword>
								<Keyword>c</Keyword>
								<Keyword>h</Keyword>
								<Keyword>p</Keyword>
								<Keyword>t</Keyword>
							</KeywordAnnotation>
						</TextAnnotation>
					</AudioVisualSegment>
					<AudioVisualSegment id="track-1.segment-9">
						<MediaTime>
							<MediaRelTimePoint>T00:30:40:0F1000</MediaRelTimePoint>
							<MediaDuration>PT36S0N1000F</MediaDuration>
						</MediaTime>
						<TextAnnotation confidence="0.5" relevance="0.4"
							xml:lang="de">
							<KeywordAnnotation>
								<Keyword>Jin</Keyword>
							</KeywordAnnotation>
						</TextAnnotation>
						<TextAnnotation confidence="0.5" relevance="0.3"
							xml:lang="de">
							<KeywordAnnotation>
								<Keyword>DPCM</Keyword>
								<Keyword>Qin</Keyword>
								<Keyword>Sah</Keyword>
								<Keyword>magna</Keyword>
							</KeywordAnnotation>
						</TextAnnotation>
						<TextAnnotation confidence="0.5" relevance="0.0"
							xml:lang="de">
							<KeywordAnnotation>
								<Keyword>MC</Keyword>
								<Keyword>QM</Keyword>
								<Keyword>Qu</Keyword>
								<Keyword>fm</Keyword>
								<Keyword>hl</Keyword>
								<Keyword>il</Keyword>
								<Keyword>la</Keyword>
								<Keyword>my</Keyword>
							</KeywordAnnotation>
						</TextAnnotation>
						<TextAnnotation confidence="0.0" relevance="0.3"
							xml:lang="de">
							<KeywordAnnotation>
								<Keyword>H-K</Keyword>
								<Keyword>Ihmn</Keyword>
								<Keyword>OID</Keyword>
								<Keyword>Qian</Keyword>
								<Keyword>Quin</Keyword>
								<Keyword>kuvtswa</Keyword>
								<Keyword>liv</Keyword>
								<Keyword>uusnenunnnvqun</Keyword>
							</KeywordAnnotation>
						</TextAnnotation>
						<TextAnnotation confidence="0.0" relevance="0.0"
							xml:lang="de">
							<KeywordAnnotation>
								<Keyword>I</Keyword>
								<Keyword>Q</Keyword>
								<Keyword>QB</Keyword>
								<Keyword>T</Keyword>
								<Keyword>U</Keyword>
								<Keyword>b</Keyword>
								<Keyword>h</Keyword>
								<Keyword>l</Keyword>
								<Keyword>m</Keyword>
								<Keyword>n</Keyword>
								<Keyword>o</Keyword>
								<Keyword>u</Keyword>
								<Keyword>v</Keyword>
							</KeywordAnnotation>
						</TextAnnotation>
					</AudioVisualSegment>
					<AudioVisualSegment id="track-1.segment-10">
						<MediaTime>
							<MediaRelTimePoint>T00:31:16:0F1000</MediaRelTimePoint>
							<MediaDuration>PT25S0N1000F</MediaDuration>
						</MediaTime>
						<TextAnnotation confidence="0.5" relevance="0.3"
							xml:lang="de">
							<KeywordAnnotation>
								<Keyword>Ons</Keyword>
							</KeywordAnnotation>
						</TextAnnotation>
						<TextAnnotation confidence="0.5" relevance="0.0"
							xml:lang="de">
							<KeywordAnnotation>
								<Keyword>IB</Keyword>
								<Keyword>IM</Keyword>
								<Keyword>IQ</Keyword>
								<Keyword>Qu</Keyword>
								<Keyword>an</Keyword>
								<Keyword>hl</Keyword>
								<Keyword>mu</Keyword>
								<Keyword>nn</Keyword>
							</KeywordAnnotation>
						</TextAnnotation>
						<TextAnnotation confidence="0.0" relevance="0.4"
							xml:lang="de">
							<KeywordAnnotation>
								<Keyword>IQJ</Keyword>
								<Keyword>JhQAQ</Keyword>
								<Keyword>ZLi.iijlE</Keyword>
								<Keyword>Zli</Keyword>
							</KeywordAnnotation>
						</TextAnnotation>
						<TextAnnotation confidence="0.0" relevance="0.3"
							xml:lang="de">
							<KeywordAnnotation>
								<Keyword>Dashboard</Keyword>
								<Keyword>Iqn</Keyword>
								<Keyword>Qlsln</Keyword>
							</KeywordAnnotation>
						</TextAnnotation>
						<TextAnnotation confidence="0.0" relevance="0.2"
							xml:lang="de">
							<KeywordAnnotation>
								<Keyword>jtmhhnr</Keyword>
							</KeywordAnnotation>
						</TextAnnotation>
						<TextAnnotation confidence="0.0" relevance="0.0"
							xml:lang="de">
							<KeywordAnnotation>
								<Keyword>-</Keyword>
								<Keyword>A</Keyword>
								<Keyword>C</Keyword>
								<Keyword>L</Keyword>
								<Keyword>Q</Keyword>
								<Keyword>QD</Keyword>
								<Keyword>a</Keyword>
								<Keyword>g</Keyword>
								<Keyword>h</Keyword>
								<Keyword>j</Keyword>
								<Keyword>r</Keyword>
								<Keyword>u</Keyword>
								<Keyword>x</Keyword>
							</KeywordAnnotation>
						</TextAnnotation>
					</AudioVisualSegment>
					<AudioVisualSegment id="track-1.segment-11">
						<MediaTime>
							<MediaRelTimePoint>T00:31:41:0F1000</MediaRelTimePoint>
							<MediaDuration>PT51S0N1000F</MediaDuration>
						</MediaTime>
						<TextAnnotation confidence="0.5" relevance="0.4"
							xml:lang="de">
							<KeywordAnnotation>
								<Keyword>gin</Keyword>
							</KeywordAnnotation>
						</TextAnnotation>
						<TextAnnotation confidence="0.5" relevance="0.3"
							xml:lang="de">
							<KeywordAnnotation>
								<Keyword>odor</Keyword>
								<Keyword>production</Keyword>
							</KeywordAnnotation>
						</TextAnnotation>
						<TextAnnotation confidence="0.5" relevance="0.2"
							xml:lang="de">
							<KeywordAnnotation>
								<Keyword>Status</Keyword>
								<Keyword>alpha</Keyword>
							</KeywordAnnotation>
						</TextAnnotation>
						<TextAnnotation confidence="0.5" relevance="0.0"
							xml:lang="de">
							<KeywordAnnotation>
								<Keyword>ZH</Keyword>
							</KeywordAnnotation>
						</TextAnnotation>
						<TextAnnotation confidence="0.0" relevance="0.3"
							xml:lang="de">
							<KeywordAnnotation>
								<Keyword>Horzllch</Keyword>
								<Keyword>hou</Keyword>
								<Keyword>kurcswu</Keyword>
								<Keyword>wilkommon</Keyword>
							</KeywordAnnotation>
						</TextAnnotation>
						<TextAnnotation confidence="0.0" relevance="0.0"
							xml:lang="de">
							<KeywordAnnotation>
								<Keyword>E</Keyword>
								<Keyword>G</Keyword>
								<Keyword>J-</Keyword>
								<Keyword>Q</Keyword>
								<Keyword>f</Keyword>
								<Keyword>x</Keyword>
							</KeywordAnnotation>
						</TextAnnotation>
					</AudioVisualSegment>
					<AudioVisualSegment id="track-1.segment-12">
						<MediaTime>
							<MediaRelTimePoint>T00:32:32:0F1000</MediaRelTimePoint>
							<MediaDuration>PT04M48S0N1000F</MediaDuration>
						</MediaTime>
						<TextAnnotation confidence="0.5" relevance="0.4"
							xml:lang="de">
							<KeywordAnnotation>
								<Keyword>Logan</Keyword>
							</KeywordAnnotation>
						</TextAnnotation>
						<TextAnnotation confidence="0.5" relevance="0.3"
							xml:lang="de">
							<KeywordAnnotation>
								<Keyword>Form</Keyword>
							</KeywordAnnotation>
						</TextAnnotation>
						<TextAnnotation confidence="0.5" relevance="0.0"
							xml:lang="de">
							<KeywordAnnotation>
								<Keyword>EL</Keyword>
								<Keyword>Ik</Keyword>
								<Keyword>hp</Keyword>
								<Keyword>mk</Keyword>
							</KeywordAnnotation>
						</TextAnnotation>
						<TextAnnotation confidence="0.0" relevance="0.3"
							xml:lang="de">
							<KeywordAnnotation>
								<Keyword>FMIIIIEIVUDIU</Keyword>
								<Keyword>IP-Hummer</Keyword>
								<Keyword>Iuncutu</Keyword>
								<Keyword>JrE5f</Keyword>
								<Keyword>Lqplh</Keyword>
								<Keyword>Rwum</Keyword>
								<Keyword>g.s</Keyword>
								<Keyword>nal</Keyword>
								<Keyword>slchten</Keyword>
							</KeywordAnnotation>
						</TextAnnotation>
						<TextAnnotation confidence="0.0" relevance="0.0"
							xml:lang="de">
							<KeywordAnnotation>
								<Keyword>-M</Keyword>
								<Keyword>P</Keyword>
								<Keyword>QJ</Keyword>
								<Keyword>QW</Keyword>
								<Keyword>R</Keyword>
								<Keyword>V</Keyword>
								<Keyword>W</Keyword>
								<Keyword>Y</Keyword>
								<Keyword>c</Keyword>
								<Keyword>g</Keyword>
								<Keyword>i</Keyword>
								<Keyword>j</Keyword>
								<Keyword>r</Keyword>
							</KeywordAnnotation>
						</TextAnnotation>
					</AudioVisualSegment>
					<AudioVisualSegment id="track-1.segment-13">
						<MediaTime>
							<MediaRelTimePoint>T00:37:20:0F1000</MediaRelTimePoint>
							<MediaDuration>PT01M25S0N1000F</MediaDuration>
						</MediaTime>
						<TextAnnotation confidence="0.5" relevance="0.4"
							xml:lang="de">
							<KeywordAnnotation>
								<Keyword>Rpm</Keyword>
								<Keyword>qua</Keyword>
							</KeywordAnnotation>
						</TextAnnotation>
						<TextAnnotation confidence="0.5" relevance="0.0"
							xml:lang="de">
							<KeywordAnnotation>
								<Keyword>Bm</Keyword>
								<Keyword>In</Keyword>
								<Keyword>MC</Keyword>
								<Keyword>Mi</Keyword>
								<Keyword>Wt</Keyword>
								<Keyword>gz</Keyword>
								<Keyword>ug</Keyword>
							</KeywordAnnotation>
						</TextAnnotation>
						<TextAnnotation confidence="0.0" relevance="0.4"
							xml:lang="de">
							<KeywordAnnotation>
								<Keyword>Jgr</Keyword>
								<Keyword>Qqba</Keyword>
								<Keyword>UQQ</Keyword>
								<Keyword>hllnn</Keyword>
								<Keyword>kurtzwta</Keyword>
								<Keyword>llllkltik-</Keyword>
								<Keyword>nnbavr</Keyword>
							</KeywordAnnotation>
						</TextAnnotation>
						<TextAnnotation confidence="0.0" relevance="0.3"
							xml:lang="de">
							<KeywordAnnotation>
								<Keyword>DQTMLM</Keyword>
								<Keyword>Howhhnnloun</Keyword>
								<Keyword>anla</Keyword>
								<Keyword>htlhh</Keyword>
							</KeywordAnnotation>
						</TextAnnotation>
						<TextAnnotation confidence="0.0" relevance="0.0"
							xml:lang="de">
							<KeywordAnnotation>
								<Keyword>-</Keyword>
								<Keyword>-A</Keyword>
								<Keyword>-G</Keyword>
								<Keyword>M</Keyword>
								<Keyword>P</Keyword>
								<Keyword>Q</Keyword>
								<Keyword>U</Keyword>
								<Keyword>Z</Keyword>
								<Keyword>m</Keyword>
								<Keyword>n</Keyword>
								<Keyword>r</Keyword>
								<Keyword>s</Keyword>
								<Keyword>t</Keyword>
								<Keyword>u</Keyword>
								<Keyword>v</Keyword>
								<Keyword>x</Keyword>
							</KeywordAnnotation>
						</TextAnnotation>
					</AudioVisualSegment>
					<AudioVisualSegment id="track-1.segment-14">
						<MediaTime>
							<MediaRelTimePoint>T00:38:45:0F1000</MediaRelTimePoint>
							<MediaDuration>PT46S0N1000F</MediaDuration>
						</MediaTime>
						<TextAnnotation confidence="0.5" relevance="0.3"
							xml:lang="de">
							<KeywordAnnotation>
								<Keyword>Mid</Keyword>
							</KeywordAnnotation>
						</TextAnnotation>
						<TextAnnotation confidence="0.5" relevance="0.0"
							xml:lang="de">
							<KeywordAnnotation>
								<Keyword>Bx</Keyword>
								<Keyword>Jr</Keyword>
								<Keyword>MK</Keyword>
								<Keyword>PA</Keyword>
								<Keyword>hr</Keyword>
								<Keyword>ht</Keyword>
								<Keyword>iI</Keyword>
								<Keyword>iL</Keyword>
								<Keyword>id</Keyword>
								<Keyword>ih</Keyword>
								<Keyword>il</Keyword>
								<Keyword>ll</Keyword>
								<Keyword>nh</Keyword>
								<Keyword>un</Keyword>
								<Keyword>vb</Keyword>
							</KeywordAnnotation>
						</TextAnnotation>
						<TextAnnotation confidence="0.0" relevance="0.4"
							xml:lang="de">
							<KeywordAnnotation>
								<Keyword>J9-W</Keyword>
								<Keyword>brxho</Keyword>
								<Keyword>k1y</Keyword>
								<Keyword>l0J</Keyword>
								<Keyword>l72.N</Keyword>
								<Keyword>nhtt</Keyword>
								<Keyword>szo.uz</Keyword>
								<Keyword>zio.o</Keyword>
							</KeywordAnnotation>
						</TextAnnotation>
						<TextAnnotation confidence="0.0" relevance="0.3"
							xml:lang="de">
							<KeywordAnnotation>
								<Keyword>-IIIJII</Keyword>
								<Keyword>QdMxJns</Keyword>
								<Keyword>Z.W</Keyword>
								<Keyword>iSdr</Keyword>
							</KeywordAnnotation>
						</TextAnnotation>
						<TextAnnotation confidence="0.0" relevance="0.0"
							xml:lang="de">
							<KeywordAnnotation>
								<Keyword>B</Keyword>
								<Keyword>D</Keyword>
								<Keyword>H</Keyword>
								<Keyword>I</Keyword>
								<Keyword>K</Keyword>
								<Keyword>L</Keyword>
								<Keyword>M</Keyword>
								<Keyword>V</Keyword>
								<Keyword>W</Keyword>
								<Keyword>Y</Keyword>
								<Keyword>b</Keyword>
								<Keyword>c</Keyword>
								<Keyword>d</Keyword>
								<Keyword>h</Keyword>
								<Keyword>i</Keyword>
								<Keyword>k</Keyword>
								<Keyword>l</Keyword>
								<Keyword>n</Keyword>
								<Keyword>o</Keyword>
								<Keyword>r</Keyword>
								<Keyword>u</Keyword>
								<Keyword>v</Keyword>
								<Keyword>w</Keyword>
							</KeywordAnnotation>
						</TextAnnotation>
					</AudioVisualSegment>
					<AudioVisualSegment id="track-1.segment-15">
						<MediaTime>
							<MediaRelTimePoint>T00:39:31:0F1000</MediaRelTimePoint>
							<MediaDuration>PT01M21S0N1000F</MediaDuration>
						</MediaTime>
						<TextAnnotation confidence="0.5" relevance="0.4"
							xml:lang="de">
							<KeywordAnnotation>
								<Keyword>alt</Keyword>
							</KeywordAnnotation>
						</TextAnnotation>
						<TextAnnotation confidence="0.5" relevance="0.3"
							xml:lang="de">
							<KeywordAnnotation>
								<Keyword>AUT</Keyword>
							</KeywordAnnotation>
						</TextAnnotation>
						<TextAnnotation confidence="0.5" relevance="0.0"
							xml:lang="de">
							<KeywordAnnotation>
								<Keyword>QE</Keyword>
								<Keyword>an</Keyword>
								<Keyword>he</Keyword>
								<Keyword>mu</Keyword>
								<Keyword>nM</Keyword>
								<Keyword>wm</Keyword>
							</KeywordAnnotation>
						</TextAnnotation>
						<TextAnnotation confidence="0.0" relevance="0.4"
							xml:lang="de">
							<KeywordAnnotation>
								<Keyword>HEC</Keyword>
								<Keyword>Iruun</Keyword>
							</KeywordAnnotation>
						</TextAnnotation>
						<TextAnnotation confidence="0.0" relevance="0.3"
							xml:lang="de">
							<KeywordAnnotation>
								<Keyword>lhdnhvmbmn</Keyword>
							</KeywordAnnotation>
						</TextAnnotation>
						<TextAnnotation confidence="0.0" relevance="0.0"
							xml:lang="de">
							<KeywordAnnotation>
								<Keyword>-</Keyword>
								<Keyword>A</Keyword>
								<Keyword>D</Keyword>
								<Keyword>J-</Keyword>
								<Keyword>P</Keyword>
								<Keyword>V</Keyword>
								<Keyword>W</Keyword>
								<Keyword>c</Keyword>
								<Keyword>f</Keyword>
								<Keyword>g</Keyword>
								<Keyword>k</Keyword>
								<Keyword>l</Keyword>
								<Keyword>r</Keyword>
							</KeywordAnnotation>
						</TextAnnotation>
					</AudioVisualSegment>
					<AudioVisualSegment id="track-1.segment-16">
						<MediaTime>
							<MediaRelTimePoint>T00:40:52:0F1000</MediaRelTimePoint>
							<MediaDuration>PT45S0N1000F</MediaDuration>
						</MediaTime>
						<TextAnnotation confidence="0.5" relevance="0.4"
							xml:lang="de">
							<KeywordAnnotation>
								<Keyword>Tri</Keyword>
								<Keyword>una</Keyword>
							</KeywordAnnotation>
						</TextAnnotation>
						<TextAnnotation confidence="0.5" relevance="0.0"
							xml:lang="de">
							<KeywordAnnotation>
								<Keyword>It</Keyword>
								<Keyword>MI</Keyword>
								<Keyword>PL</Keyword>
								<Keyword>Rl</Keyword>
								<Keyword>VI</Keyword>
								<Keyword>Vi</Keyword>
								<Keyword>ml</Keyword>
								<Keyword>ng</Keyword>
								<Keyword>vn</Keyword>
							</KeywordAnnotation>
						</TextAnnotation>
						<TextAnnotation confidence="0.0" relevance="0.4"
							xml:lang="de">
							<KeywordAnnotation>
								<Keyword>IAC</Keyword>
								<Keyword>Omnwv</Keyword>
								<Keyword>h.x</Keyword>
								<Keyword>kuwcawiu</Keyword>
								<Keyword>msianss</Keyword>
								<Keyword>u.g</Keyword>
							</KeywordAnnotation>
						</TextAnnotation>
						<TextAnnotation confidence="0.0" relevance="0.3"
							xml:lang="de">
							<KeywordAnnotation>
								<Keyword>IBIJINONZS</Keyword>
								<Keyword>IYIKIS</Keyword>
								<Keyword>Inlnnnalcn</Keyword>
								<Keyword>Inu</Keyword>
								<Keyword>Switch-Pon</Keyword>
								<Keyword>UWM</Keyword>
								<Keyword>WMO</Keyword>
								<Keyword>kilt</Keyword>
								<Keyword>main-</Keyword>
								<Keyword>u1d</Keyword>
							</KeywordAnnotation>
						</TextAnnotation>
						<TextAnnotation confidence="0.0" relevance="0.0"
							xml:lang="de">
							<KeywordAnnotation>
								<Keyword>-</Keyword>
								<Keyword>D</Keyword>
								<Keyword>I</Keyword>
								<Keyword>Jn</Keyword>
								<Keyword>L</Keyword>
								<Keyword>S</Keyword>
								<Keyword>V</Keyword>
								<Keyword>Z</Keyword>
								<Keyword>f</Keyword>
								<Keyword>g</Keyword>
								<Keyword>h</Keyword>
								<Keyword>i</Keyword>
								<Keyword>j</Keyword>
								<Keyword>m</Keyword>
								<Keyword>n</Keyword>
								<Keyword>r</Keyword>
								<Keyword>t</Keyword>
								<Keyword>u</Keyword>
							</KeywordAnnotation>
						</TextAnnotation>
					</AudioVisualSegment>
					<AudioVisualSegment id="track-1.segment-17">
						<MediaTime>
							<MediaRelTimePoint>T00:41:37:0F1000</MediaRelTimePoint>
							<MediaDuration>PT19S0N1000F</MediaDuration>
						</MediaTime>
						<TextAnnotation confidence="0.0" relevance="0.1"
							xml:lang="en">
							<KeywordAnnotation>
								<Keyword>F-K</Keyword>
							</KeywordAnnotation>
						</TextAnnotation>
						<TextAnnotation confidence="0.0" relevance="0.0"
							xml:lang="en">
							<KeywordAnnotation>
								<Keyword>Q</Keyword>
								<Keyword>T</Keyword>
								<Keyword>g</Keyword>
								<Keyword>i</Keyword>
								<Keyword>k</Keyword>
								<Keyword>n-</Keyword>
								<Keyword>rv</Keyword>
							</KeywordAnnotation>
						</TextAnnotation>
					</AudioVisualSegment>
					<AudioVisualSegment id="track-1.segment-18">
						<MediaTime>
							<MediaRelTimePoint>T00:41:56:0F1000</MediaRelTimePoint>
							<MediaDuration>PT01M25S0N1000F</MediaDuration>
						</MediaTime>
						<TextAnnotation confidence="0.5" relevance="0.4"
							xml:lang="de">
							<KeywordAnnotation>
								<Keyword>Ilia</Keyword>
							</KeywordAnnotation>
						</TextAnnotation>
						<TextAnnotation confidence="0.5" relevance="0.3"
							xml:lang="de">
							<KeywordAnnotation>
								<Keyword>Silk</Keyword>
								<Keyword>dam</Keyword>
							</KeywordAnnotation>
						</TextAnnotation>
						<TextAnnotation confidence="0.5" relevance="0.0"
							xml:lang="de">
							<KeywordAnnotation>
								<Keyword>LX</Keyword>
								<Keyword>YT</Keyword>
								<Keyword>nm</Keyword>
								<Keyword>vn</Keyword>
							</KeywordAnnotation>
						</TextAnnotation>
						<TextAnnotation confidence="0.0" relevance="0.4"
							xml:lang="de">
							<KeywordAnnotation>
								<Keyword>IMM</Keyword>
								<Keyword>J27lb</Keyword>
								<Keyword>MEAII</Keyword>
								<Keyword>hiQd</Keyword>
							</KeywordAnnotation>
						</TextAnnotation>
						<TextAnnotation confidence="0.0" relevance="0.3"
							xml:lang="de">
							<KeywordAnnotation>
								<Keyword>-una</Keyword>
								<Keyword>kuvcava</Keyword>
								<Keyword>lv2u</Keyword>
								<Keyword>nnanuan</Keyword>
								<Keyword>nscuu</Keyword>
								<Keyword>sxhum</Keyword>
							</KeywordAnnotation>
						</TextAnnotation>
						<TextAnnotation confidence="0.0" relevance="0.2"
							xml:lang="de">
							<KeywordAnnotation>
								<Keyword>IEE</Keyword>
								<Keyword>m.rr</Keyword>
							</KeywordAnnotation>
						</TextAnnotation>
						<TextAnnotation confidence="0.0" relevance="0.0"
							xml:lang="de">
							<KeywordAnnotation>
								<Keyword>B</Keyword>
								<Keyword>E</Keyword>
								<Keyword>K</Keyword>
								<Keyword>Z</Keyword>
								<Keyword>e</Keyword>
								<Keyword>f</Keyword>
								<Keyword>i</Keyword>
								<Keyword>jQ</Keyword>
								<Keyword>l</Keyword>
								<Keyword>s</Keyword>
								<Keyword>w</Keyword>
							</KeywordAnnotation>
						</TextAnnotation>
					</AudioVisualSegment>
					<AudioVisualSegment id="track-1.segment-19">
						<MediaTime>
							<MediaRelTimePoint>T00:43:21:0F1000</MediaRelTimePoint>
							<MediaDuration>PT11S0N1000F</MediaDuration>
						</MediaTime>
						<TextAnnotation confidence="0.5" relevance="0.4"
							xml:lang="de">
							<KeywordAnnotation>
								<Keyword>IDI</Keyword>
							</KeywordAnnotation>
						</TextAnnotation>
						<TextAnnotation confidence="0.5" relevance="0.0"
							xml:lang="de">
							<KeywordAnnotation>
								<Keyword>Ut</Keyword>
								<Keyword>WS</Keyword>
								<Keyword>lh</Keyword>
								<Keyword>ll</Keyword>
								<Keyword>xl</Keyword>
							</KeywordAnnotation>
						</TextAnnotation>
						<TextAnnotation confidence="0.0" relevance="0.4"
							xml:lang="de">
							<KeywordAnnotation>
								<Keyword>L.r</Keyword>
								<Keyword>kmcawlu</Keyword>
							</KeywordAnnotation>
						</TextAnnotation>
						<TextAnnotation confidence="0.0" relevance="0.3"
							xml:lang="de">
							<KeywordAnnotation>
								<Keyword>DIM</Keyword>
								<Keyword>UNM</Keyword>
								<Keyword>crun</Keyword>
								<Keyword>wLlD</Keyword>
							</KeywordAnnotation>
						</TextAnnotation>
						<TextAnnotation confidence="0.0" relevance="0.0"
							xml:lang="de">
							<KeywordAnnotation>
								<Keyword>-</Keyword>
								<Keyword>H</Keyword>
								<Keyword>I</Keyword>
								<Keyword>Q</Keyword>
								<Keyword>Qk</Keyword>
								<Keyword>S</Keyword>
								<Keyword>T</Keyword>
								<Keyword>h</Keyword>
								<Keyword>l</Keyword>
								<Keyword>n</Keyword>
								<Keyword>s</Keyword>
								<Keyword>w</Keyword>
							</KeywordAnnotation>
						</TextAnnotation>
					</AudioVisualSegment>
					<AudioVisualSegment id="track-1.segment-20">
						<MediaTime>
							<MediaRelTimePoint>T00:43:32:0F1000</MediaRelTimePoint>
							<MediaDuration>PT15S0N1000F</MediaDuration>
						</MediaTime>
						<TextAnnotation confidence="0.5" relevance="0.4"
							xml:lang="de">
							<KeywordAnnotation>
								<Keyword>ILS</Keyword>
								<Keyword>Jim</Keyword>
								<Keyword>ida</Keyword>
								<Keyword>lim</Keyword>
							</KeywordAnnotation>
						</TextAnnotation>
						<TextAnnotation confidence="0.5" relevance="0.0"
							xml:lang="de">
							<KeywordAnnotation>
								<Keyword>UU</Keyword>
								<Keyword>ff</Keyword>
								<Keyword>ik</Keyword>
								<Keyword>mg</Keyword>
								<Keyword>nu</Keyword>
								<Keyword>ny</Keyword>
								<Keyword>vW</Keyword>
							</KeywordAnnotation>
						</TextAnnotation>
						<TextAnnotation confidence="0.0" relevance="0.4"
							xml:lang="de">
							<KeywordAnnotation>
								<Keyword>E7II</Keyword>
								<Keyword>IAC</Keyword>
								<Keyword>JRR</Keyword>
								<Keyword>Lqrmnsn</Keyword>
								<Keyword>MKWD</Keyword>
								<Keyword>QWBI</Keyword>
								<Keyword>UNB</Keyword>
								<Keyword>Vhnnwa</Keyword>
								<Keyword>Wnn</Keyword>
								<Keyword>asu-.z</Keyword>
								<Keyword>hl--</Keyword>
								<Keyword>kmcanlu</Keyword>
								<Keyword>lling</Keyword>
								<Keyword>uyW</Keyword>
							</KeywordAnnotation>
						</TextAnnotation>
						<TextAnnotation confidence="0.0" relevance="0.3"
							xml:lang="de">
							<KeywordAnnotation>
								<Keyword>gu-no</Keyword>
							</KeywordAnnotation>
						</TextAnnotation>
						<TextAnnotation confidence="0.0" relevance="0.0"
							xml:lang="de">
							<KeywordAnnotation>
								<Keyword>-</Keyword>
								<Keyword>A</Keyword>
								<Keyword>E</Keyword>
								<Keyword>H</Keyword>
								<Keyword>M</Keyword>
								<Keyword>MQ</Keyword>
								<Keyword>QQ</Keyword>
								<Keyword>R</Keyword>
								<Keyword>T</Keyword>
								<Keyword>V</Keyword>
								<Keyword>Y</Keyword>
								<Keyword>Z</Keyword>
								<Keyword>h</Keyword>
								<Keyword>i</Keyword>
								<Keyword>m</Keyword>
								<Keyword>n</Keyword>
								<Keyword>q</Keyword>
								<Keyword>r</Keyword>
								<Keyword>u</Keyword>
								<Keyword>v</Keyword>
								<Keyword>x</Keyword>
							</KeywordAnnotation>
						</TextAnnotation>
					</AudioVisualSegment>
					<AudioVisualSegment id="track-1.segment-21">
						<MediaTime>
							<MediaRelTimePoint>T00:43:47:0F1000</MediaRelTimePoint>
							<MediaDuration>PT01M04S0N1000F</MediaDuration>
						</MediaTime>
						<TextAnnotation confidence="0.5" relevance="0.4"
							xml:lang="de">
							<KeywordAnnotation>
								<Keyword>Ida</Keyword>
								<Keyword>WMS</Keyword>
								<Keyword>than</Keyword>
							</KeywordAnnotation>
						</TextAnnotation>
						<TextAnnotation confidence="0.5" relevance="0.0"
							xml:lang="de">
							<KeywordAnnotation>
								<Keyword>HL</Keyword>
								<Keyword>UN</Keyword>
								<Keyword>Ud</Keyword>
								<Keyword>YY</Keyword>
								<Keyword>qu</Keyword>
								<Keyword>vu</Keyword>
							</KeywordAnnotation>
						</TextAnnotation>
						<TextAnnotation confidence="0.0" relevance="0.4"
							xml:lang="de">
							<KeywordAnnotation>
								<Keyword>-T--</Keyword>
								<Keyword>IAC</Keyword>
								<Keyword>Illhllq</Keyword>
								<Keyword>Liz</Keyword>
								<Keyword>kurcawb</Keyword>
							</KeywordAnnotation>
						</TextAnnotation>
						<TextAnnotation confidence="0.0" relevance="0.3"
							xml:lang="de">
							<KeywordAnnotation>
								<Keyword>AaJA</Keyword>
							</KeywordAnnotation>
						</TextAnnotation>
						<TextAnnotation confidence="0.0" relevance="0.0"
							xml:lang="de">
							<KeywordAnnotation>
								<Keyword>A</Keyword>
								<Keyword>E</Keyword>
								<Keyword>I</Keyword>
								<Keyword>Jn</Keyword>
								<Keyword>L</Keyword>
								<Keyword>M</Keyword>
								<Keyword>N</Keyword>
								<Keyword>O</Keyword>
								<Keyword>Q</Keyword>
								<Keyword>U</Keyword>
								<Keyword>W</Keyword>
								<Keyword>Y</Keyword>
								<Keyword>Z</Keyword>
								<Keyword>d</Keyword>
								<Keyword>h</Keyword>
								<Keyword>jb</Keyword>
								<Keyword>l</Keyword>
								<Keyword>m</Keyword>
								<Keyword>n</Keyword>
								<Keyword>p</Keyword>
								<Keyword>r</Keyword>
								<Keyword>s</Keyword>
								<Keyword>t</Keyword>
								<Keyword>y</Keyword>
							</KeywordAnnotation>
						</TextAnnotation>
					</AudioVisualSegment>
					<AudioVisualSegment id="track-1.segment-22">
						<MediaTime>
							<MediaRelTimePoint>T00:44:51:0F1000</MediaRelTimePoint>
							<MediaDuration>PT59S0N1000F</MediaDuration>
						</MediaTime>
						<TextAnnotation confidence="0.5" relevance="0.4"
							xml:lang="de">
							<KeywordAnnotation>
								<Keyword>Ibm</Keyword>
								<Keyword>asu</Keyword>
							</KeywordAnnotation>
						</TextAnnotation>
						<TextAnnotation confidence="0.5" relevance="0.0"
							xml:lang="de">
							<KeywordAnnotation>
								<Keyword>DN</Keyword>
								<Keyword>II</Keyword>
								<Keyword>MC</Keyword>
								<Keyword>Th</Keyword>
								<Keyword>WK</Keyword>
								<Keyword>ij</Keyword>
								<Keyword>im</Keyword>
								<Keyword>ll</Keyword>
								<Keyword>me</Keyword>
								<Keyword>nw</Keyword>
								<Keyword>ur</Keyword>
								<Keyword>va</Keyword>
								<Keyword>we</Keyword>
								<Keyword>wz</Keyword>
							</KeywordAnnotation>
						</TextAnnotation>
						<TextAnnotation confidence="0.0" relevance="0.4"
							xml:lang="de">
							<KeywordAnnotation>
								<Keyword>Allllbnt-</Keyword>
								<Keyword>Enlx</Keyword>
								<Keyword>Lgg</Keyword>
								<Keyword>UNM</Keyword>
								<Keyword>ZIIWBU</Keyword>
								<Keyword>ggggzmsr</Keyword>
								<Keyword>hdq</Keyword>
								<Keyword>iji</Keyword>
								<Keyword>kuvuavlu</Keyword>
								<Keyword>mal-</Keyword>
								<Keyword>pcn</Keyword>
								<Keyword>wma</Keyword>
							</KeywordAnnotation>
						</TextAnnotation>
						<TextAnnotation confidence="0.0" relevance="0.3"
							xml:lang="de">
							<KeywordAnnotation>
								<Keyword>E-V</Keyword>
							</KeywordAnnotation>
						</TextAnnotation>
						<TextAnnotation confidence="0.0" relevance="0.0"
							xml:lang="de">
							<KeywordAnnotation>
								<Keyword>-</Keyword>
								<Keyword>D</Keyword>
								<Keyword>I</Keyword>
								<Keyword>J</Keyword>
								<Keyword>Jn</Keyword>
								<Keyword>L-</Keyword>
								<Keyword>M</Keyword>
								<Keyword>N</Keyword>
								<Keyword>Q</Keyword>
								<Keyword>QN</Keyword>
								<Keyword>R</Keyword>
								<Keyword>U</Keyword>
								<Keyword>W</Keyword>
								<Keyword>a</Keyword>
								<Keyword>g</Keyword>
								<Keyword>h</Keyword>
								<Keyword>l</Keyword>
								<Keyword>n</Keyword>
								<Keyword>r</Keyword>
								<Keyword>t</Keyword>
								<Keyword>x</Keyword>
							</KeywordAnnotation>
						</TextAnnotation>
					</AudioVisualSegment>
					<AudioVisualSegment id="track-1.segment-23">
						<MediaTime>
							<MediaRelTimePoint>T00:45:50:0F1000</MediaRelTimePoint>
							<MediaDuration>PT01M59S0N1000F</MediaDuration>
						</MediaTime>
						<TextAnnotation confidence="0.5" relevance="0.5"
							xml:lang="de">
							<KeywordAnnotation>
								<Keyword>anna</Keyword>
							</KeywordAnnotation>
						</TextAnnotation>
						<TextAnnotation confidence="0.5" relevance="0.4"
							xml:lang="de">
							<KeywordAnnotation>
								<Keyword>Ami</Keyword>
								<Keyword>ZAI</Keyword>
								<Keyword>iii</Keyword>
								<Keyword>trail</Keyword>
							</KeywordAnnotation>
						</TextAnnotation>
						<TextAnnotation confidence="0.5" relevance="0.0"
							xml:lang="de">
							<KeywordAnnotation>
								<Keyword>AI</Keyword>
								<Keyword>Cx</Keyword>
								<Keyword>Il</Keyword>
								<Keyword>bm</Keyword>
								<Keyword>gw</Keyword>
								<Keyword>nb</Keyword>
								<Keyword>un</Keyword>
							</KeywordAnnotation>
						</TextAnnotation>
						<TextAnnotation confidence="0.0" relevance="0.5"
							xml:lang="de">
							<KeywordAnnotation>
								<Keyword>tqau</Keyword>
							</KeywordAnnotation>
						</TextAnnotation>
						<TextAnnotation confidence="0.0" relevance="0.4"
							xml:lang="de">
							<KeywordAnnotation>
								<Keyword>IUh</Keyword>
								<Keyword>dhnibz</Keyword>
								<Keyword>kuvuavlu</Keyword>
								<Keyword>rnqmasm</Keyword>
								<Keyword>smszn</Keyword>
							</KeywordAnnotation>
						</TextAnnotation>
						<TextAnnotation confidence="0.0" relevance="0.3"
							xml:lang="de">
							<KeywordAnnotation>
								<Keyword>IITP</Keyword>
								<Keyword>Niiiiiiii</Keyword>
								<Keyword>sseesuszs</Keyword>
							</KeywordAnnotation>
						</TextAnnotation>
						<TextAnnotation confidence="0.0" relevance="0.0"
							xml:lang="de">
							<KeywordAnnotation>
								<Keyword>-</Keyword>
								<Keyword>G</Keyword>
								<Keyword>I</Keyword>
								<Keyword>L</Keyword>
								<Keyword>M</Keyword>
								<Keyword>N</Keyword>
								<Keyword>P</Keyword>
								<Keyword>R</Keyword>
								<Keyword>a</Keyword>
								<Keyword>i</Keyword>
								<Keyword>l</Keyword>
								<Keyword>m</Keyword>
								<Keyword>n</Keyword>
								<Keyword>q</Keyword>
								<Keyword>u</Keyword>
								<Keyword>v</Keyword>
								<Keyword>x</Keyword>
							</KeywordAnnotation>
						</TextAnnotation>
					</AudioVisualSegment>
					<AudioVisualSegment id="track-1.segment-24">
						<MediaTime>
							<MediaRelTimePoint>T00:47:49:0F1000</MediaRelTimePoint>
							<MediaDuration>PT01M44S0N1000F</MediaDuration>
						</MediaTime>
						<TextAnnotation confidence="0.5" relevance="0.3"
							xml:lang="de">
							<KeywordAnnotation>
								<Keyword>DIS</Keyword>
							</KeywordAnnotation>
						</TextAnnotation>
						<TextAnnotation confidence="0.5" relevance="0.0"
							xml:lang="de">
							<KeywordAnnotation>
								<Keyword>Ii</Keyword>
								<Keyword>Mb</Keyword>
								<Keyword>bm</Keyword>
								<Keyword>mx</Keyword>
								<Keyword>rt</Keyword>
								<Keyword>sJ</Keyword>
								<Keyword>uz</Keyword>
								<Keyword>vv</Keyword>
							</KeywordAnnotation>
						</TextAnnotation>
						<TextAnnotation confidence="0.0" relevance="0.4"
							xml:lang="de">
							<KeywordAnnotation>
								<Keyword>Inga</Keyword>
								<Keyword>PIIn</Keyword>
								<Keyword>WUXIN</Keyword>
								<Keyword>kXn</Keyword>
								<Keyword>nkN</Keyword>
								<Keyword>qKU</Keyword>
							</KeywordAnnotation>
						</TextAnnotation>
						<TextAnnotation confidence="0.0" relevance="0.3"
							xml:lang="de">
							<KeywordAnnotation>
								<Keyword>WIQUH</Keyword>
								<Keyword>ilk</Keyword>
								<Keyword>mmm</Keyword>
								<Keyword>na-</Keyword>
								<Keyword>q74n</Keyword>
							</KeywordAnnotation>
						</TextAnnotation>
						<TextAnnotation confidence="0.0" relevance="0.0"
							xml:lang="de">
							<KeywordAnnotation>
								<Keyword>--</Keyword>
								<Keyword>A</Keyword>
								<Keyword>I</Keyword>
								<Keyword>NQ</Keyword>
								<Keyword>W</Keyword>
								<Keyword>a</Keyword>
								<Keyword>k</Keyword>
								<Keyword>l</Keyword>
								<Keyword>m</Keyword>
								<Keyword>mQ</Keyword>
								<Keyword>r</Keyword>
								<Keyword>s</Keyword>
								<Keyword>t</Keyword>
								<Keyword>u</Keyword>
							</KeywordAnnotation>
						</TextAnnotation>
					</AudioVisualSegment>
					<AudioVisualSegment id="track-1.segment-25">
						<MediaTime>
							<MediaRelTimePoint>T00:49:33:0F1000</MediaRelTimePoint>
							<MediaDuration>PT55S0N1000F</MediaDuration>
						</MediaTime>
						<TextAnnotation confidence="0.5" relevance="0.4"
							xml:lang="de">
							<KeywordAnnotation>
								<Keyword>gnu</Keyword>
								<Keyword>man</Keyword>
								<Keyword>than</Keyword>
							</KeywordAnnotation>
						</TextAnnotation>
						<TextAnnotation confidence="0.5" relevance="0.0"
							xml:lang="de">
							<KeywordAnnotation>
								<Keyword>WU</Keyword>
								<Keyword>aj</Keyword>
								<Keyword>gm</Keyword>
								<Keyword>ht</Keyword>
								<Keyword>iQ</Keyword>
								<Keyword>lh</Keyword>
								<Keyword>mA</Keyword>
								<Keyword>nu</Keyword>
							</KeywordAnnotation>
						</TextAnnotation>
						<TextAnnotation confidence="0.0" relevance="0.4"
							xml:lang="de">
							<KeywordAnnotation>
								<Keyword>glp</Keyword>
								<Keyword>gnmzz</Keyword>
								<Keyword>kuwcawla</Keyword>
								<Keyword>laltnn</Keyword>
								<Keyword>lspun</Keyword>
								<Keyword>nkmmmmu</Keyword>
								<Keyword>rvIc</Keyword>
							</KeywordAnnotation>
						</TextAnnotation>
						<TextAnnotation confidence="0.0" relevance="0.0"
							xml:lang="de">
							<KeywordAnnotation>
								<Keyword>D</Keyword>
								<Keyword>F</Keyword>
								<Keyword>Jn</Keyword>
								<Keyword>K</Keyword>
								<Keyword>Q</Keyword>
								<Keyword>S</Keyword>
								<Keyword>W</Keyword>
								<Keyword>Y</Keyword>
								<Keyword>e</Keyword>
								<Keyword>j</Keyword>
								<Keyword>l</Keyword>
								<Keyword>p</Keyword>
								<Keyword>s</Keyword>
								<Keyword>t</Keyword>
								<Keyword>x</Keyword>
							</KeywordAnnotation>
						</TextAnnotation>
					</AudioVisualSegment>
					<AudioVisualSegment id="track-1.segment-26">
						<MediaTime>
							<MediaRelTimePoint>T00:50:28:0F1000</MediaRelTimePoint>
							<MediaDuration>PT20S0N1000F</MediaDuration>
						</MediaTime>
						<TextAnnotation confidence="0.5" relevance="0.0"
							xml:lang="de">
							<KeywordAnnotation>
								<Keyword>Ql</Keyword>
								<Keyword>an</Keyword>
								<Keyword>mn</Keyword>
							</KeywordAnnotation>
						</TextAnnotation>
						<TextAnnotation confidence="0.0" relevance="0.4"
							xml:lang="de">
							<KeywordAnnotation>
								<Keyword>-aggmbmnln</Keyword>
								<Keyword>Lk-</Keyword>
								<Keyword>aykdk</Keyword>
								<Keyword>i-1-</Keyword>
							</KeywordAnnotation>
						</TextAnnotation>
						<TextAnnotation confidence="0.0" relevance="0.0"
							xml:lang="de">
							<KeywordAnnotation>
								<Keyword>-</Keyword>
								<Keyword>I</Keyword>
								<Keyword>L-</Keyword>
								<Keyword>QQ</Keyword>
								<Keyword>d</Keyword>
								<Keyword>e</Keyword>
								<Keyword>n</Keyword>
								<Keyword>r</Keyword>
								<Keyword>x</Keyword>
								<Keyword>y</Keyword>
							</KeywordAnnotation>
						</TextAnnotation>
					</AudioVisualSegment>
					<AudioVisualSegment id="track-1.segment-27">
						<MediaTime>
							<MediaRelTimePoint>T00:50:48:0F1000</MediaRelTimePoint>
							<MediaDuration>PT01M42S0N1000F</MediaDuration>
						</MediaTime>
						<TextAnnotation confidence="0.5" relevance="0.0"
							xml:lang="de">
							<KeywordAnnotation>
								<Keyword>Bl</Keyword>
								<Keyword>TE</Keyword>
								<Keyword>ml</Keyword>
								<Keyword>nr</Keyword>
								<Keyword>wl</Keyword>
							</KeywordAnnotation>
						</TextAnnotation>
						<TextAnnotation confidence="0.0" relevance="0.4"
							xml:lang="de">
							<KeywordAnnotation>
								<Keyword>-np-</Keyword>
							</KeywordAnnotation>
						</TextAnnotation>
						<TextAnnotation confidence="0.0" relevance="0.3"
							xml:lang="de">
							<KeywordAnnotation>
								<Keyword>kurcava</Keyword>
							</KeywordAnnotation>
						</TextAnnotation>
						<TextAnnotation confidence="0.0" relevance="0.0"
							xml:lang="de">
							<KeywordAnnotation>
								<Keyword>-</Keyword>
								<Keyword>A</Keyword>
								<Keyword>E</Keyword>
								<Keyword>I</Keyword>
								<Keyword>b</Keyword>
								<Keyword>k</Keyword>
								<Keyword>l</Keyword>
								<Keyword>w</Keyword>
							</KeywordAnnotation>
						</TextAnnotation>
					</AudioVisualSegment>
					<AudioVisualSegment id="track-1.segment-28">
						<MediaTime>
							<MediaRelTimePoint>T00:52:30:0F1000</MediaRelTimePoint>
							<MediaDuration>PT06M06S0N1000F</MediaDuration>
						</MediaTime>
						<TextAnnotation confidence="0.5" relevance="0.3"
							xml:lang="de">
							<KeywordAnnotation>
								<Keyword>lawn</Keyword>
							</KeywordAnnotation>
						</TextAnnotation>
						<TextAnnotation confidence="0.5" relevance="0.0"
							xml:lang="de">
							<KeywordAnnotation>
								<Keyword>It</Keyword>
								<Keyword>JJ</Keyword>
								<Keyword>hh</Keyword>
							</KeywordAnnotation>
						</TextAnnotation>
						<TextAnnotation confidence="0.0" relevance="0.4"
							xml:lang="de">
							<KeywordAnnotation>
								<Keyword>-1--</Keyword>
								<Keyword>IAC</Keyword>
								<Keyword>trtq</Keyword>
								<Keyword>www-</Keyword>
							</KeywordAnnotation>
						</TextAnnotation>
						<TextAnnotation confidence="0.0" relevance="0.3"
							xml:lang="de">
							<KeywordAnnotation>
								<Keyword>anhu</Keyword>
							</KeywordAnnotation>
						</TextAnnotation>
						<TextAnnotation confidence="0.0" relevance="0.0"
							xml:lang="de">
							<KeywordAnnotation>
								<Keyword>-</Keyword>
								<Keyword>G</Keyword>
								<Keyword>I</Keyword>
								<Keyword>U</Keyword>
								<Keyword>g</Keyword>
								<Keyword>j</Keyword>
								<Keyword>l</Keyword>
								<Keyword>r</Keyword>
								<Keyword>t</Keyword>
								<Keyword>x</Keyword>
							</KeywordAnnotation>
						</TextAnnotation>
					</AudioVisualSegment>
					<AudioVisualSegment id="track-1.segment-29">
						<MediaTime>
							<MediaRelTimePoint>T00:58:36:0F1000</MediaRelTimePoint>
							<MediaDuration>PT01M02S0N1000F</MediaDuration>
						</MediaTime>
						<TextAnnotation confidence="0.5" relevance="0.3"
							xml:lang="de">
							<KeywordAnnotation>
								<Keyword>UAE</Keyword>
							</KeywordAnnotation>
						</TextAnnotation>
						<TextAnnotation confidence="0.5" relevance="0.0"
							xml:lang="de">
							<KeywordAnnotation>
								<Keyword>Bn</Keyword>
								<Keyword>Wn</Keyword>
								<Keyword>Yi</Keyword>
								<Keyword>im</Keyword>
								<Keyword>it</Keyword>
								<Keyword>tw</Keyword>
								<Keyword>ya</Keyword>
							</KeywordAnnotation>
						</TextAnnotation>
						<TextAnnotation confidence="0.0" relevance="0.4"
							xml:lang="de">
							<KeywordAnnotation>
								<Keyword>an-</Keyword>
								<Keyword>mann-</Keyword>
							</KeywordAnnotation>
						</TextAnnotation>
						<TextAnnotation confidence="0.0" relevance="0.3"
							xml:lang="de">
							<KeywordAnnotation>
								<Keyword>kuruawte</Keyword>
							</KeywordAnnotation>
						</TextAnnotation>
						<TextAnnotation confidence="0.0" relevance="0.2"
							xml:lang="de">
							<KeywordAnnotation>
								<Keyword>vsp</Keyword>
							</KeywordAnnotation>
						</TextAnnotation>
						<TextAnnotation confidence="0.0" relevance="0.0"
							xml:lang="de">
							<KeywordAnnotation>
								<Keyword>E</Keyword>
								<Keyword>I</Keyword>
								<Keyword>M</Keyword>
								<Keyword>V</Keyword>
								<Keyword>a</Keyword>
								<Keyword>i</Keyword>
								<Keyword>k</Keyword>
								<Keyword>n</Keyword>
								<Keyword>qp</Keyword>
							</KeywordAnnotation>
						</TextAnnotation>
					</AudioVisualSegment>
					<AudioVisualSegment id="track-1.segment-30">
						<MediaTime>
							<MediaRelTimePoint>T00:59:38:0F1000</MediaRelTimePoint>
							<MediaDuration>PT57S0N1000F</MediaDuration>
						</MediaTime>
						<TextAnnotation confidence="0.5" relevance="0.4"
							xml:lang="de">
							<KeywordAnnotation>
								<Keyword>Topology</Keyword>
							</KeywordAnnotation>
						</TextAnnotation>
						<TextAnnotation confidence="0.5" relevance="0.2"
							xml:lang="de">
							<KeywordAnnotation>
								<Keyword>Wen</Keyword>
							</KeywordAnnotation>
						</TextAnnotation>
						<TextAnnotation confidence="0.5" relevance="0.0"
							xml:lang="de">
							<KeywordAnnotation>
								<Keyword>RZ</Keyword>
								<Keyword>Zn</Keyword>
								<Keyword>gw</Keyword>
								<Keyword>me</Keyword>
							</KeywordAnnotation>
						</TextAnnotation>
						<TextAnnotation confidence="0.0" relevance="0.4"
							xml:lang="de">
							<KeywordAnnotation>
								<Keyword>VTP</Keyword>
							</KeywordAnnotation>
						</TextAnnotation>
						<TextAnnotation confidence="0.0" relevance="0.3"
							xml:lang="de">
							<KeywordAnnotation>
								<Keyword>Luu</Keyword>
								<Keyword>nnrxng</Keyword>
							</KeywordAnnotation>
						</TextAnnotation>
						<TextAnnotation confidence="0.0" relevance="0.0"
							xml:lang="de">
							<KeywordAnnotation>
								<Keyword>-</Keyword>
								<Keyword>M</Keyword>
								<Keyword>Q</Keyword>
								<Keyword>V</Keyword>
								<Keyword>b</Keyword>
								<Keyword>c</Keyword>
								<Keyword>k</Keyword>
								<Keyword>l</Keyword>
								<Keyword>n</Keyword>
								<Keyword>p</Keyword>
								<Keyword>r</Keyword>
								<Keyword>v</Keyword>
							</KeywordAnnotation>
						</TextAnnotation>
					</AudioVisualSegment>
					<AudioVisualSegment id="track-1.segment-31">
						<MediaTime>
							<MediaRelTimePoint>T01:00:35:0F1000</MediaRelTimePoint>
							<MediaDuration>PT01M07S0N1000F</MediaDuration>
						</MediaTime>
						<TextAnnotation confidence="0.5" relevance="0.4"
							xml:lang="de">
							<KeywordAnnotation>
								<Keyword>Sax</Keyword>
								<Keyword>bun</Keyword>
								<Keyword>kann</Keyword>
								<Keyword>new</Keyword>
							</KeywordAnnotation>
						</TextAnnotation>
						<TextAnnotation confidence="0.5" relevance="0.3"
							xml:lang="de">
							<KeywordAnnotation>
								<Keyword>amen</Keyword>
							</KeywordAnnotation>
						</TextAnnotation>
						<TextAnnotation confidence="0.5" relevance="0.0"
							xml:lang="de">
							<KeywordAnnotation>
								<Keyword>FI</Keyword>
								<Keyword>Sa</Keyword>
								<Keyword>ll</Keyword>
								<Keyword>rr</Keyword>
							</KeywordAnnotation>
						</TextAnnotation>
						<TextAnnotation confidence="0.0" relevance="0.4"
							xml:lang="de">
							<KeywordAnnotation>
								<Keyword>A1.n</Keyword>
								<Keyword>Inlx</Keyword>
								<Keyword>kuwvawiu</Keyword>
								<Keyword>pun</Keyword>
							</KeywordAnnotation>
						</TextAnnotation>
						<TextAnnotation confidence="0.0" relevance="0.3"
							xml:lang="de">
							<KeywordAnnotation>
								<Keyword>Inu</Keyword>
							</KeywordAnnotation>
						</TextAnnotation>
						<TextAnnotation confidence="0.0" relevance="0.2"
							xml:lang="de">
							<KeywordAnnotation>
								<Keyword>J-UC</Keyword>
							</KeywordAnnotation>
						</TextAnnotation>
						<TextAnnotation confidence="0.0" relevance="0.0"
							xml:lang="de">
							<KeywordAnnotation>
								<Keyword>I</Keyword>
								<Keyword>Jn</Keyword>
								<Keyword>L</Keyword>
								<Keyword>M</Keyword>
								<Keyword>T</Keyword>
								<Keyword>W</Keyword>
								<Keyword>a</Keyword>
								<Keyword>f</Keyword>
								<Keyword>i</Keyword>
								<Keyword>n</Keyword>
								<Keyword>t</Keyword>
								<Keyword>w</Keyword>
							</KeywordAnnotation>
						</TextAnnotation>
					</AudioVisualSegment>
					<AudioVisualSegment id="track-1.segment-32">
						<MediaTime>
							<MediaRelTimePoint>T01:01:42:0F1000</MediaRelTimePoint>
							<MediaDuration>PT03M25S0N1000F</MediaDuration>
						</MediaTime>
						<TextAnnotation confidence="0.0" relevance="0.4"
							xml:lang="en">
							<KeywordAnnotation>
								<Keyword>-sow</Keyword>
								<Keyword>gk-</Keyword>
								<Keyword>tgmw</Keyword>
							</KeywordAnnotation>
						</TextAnnotation>
						<TextAnnotation confidence="0.0" relevance="0.0"
							xml:lang="en">
							<KeywordAnnotation>
								<Keyword>-</Keyword>
								<Keyword>-V</Keyword>
								<Keyword>-m</Keyword>
								<Keyword>B</Keyword>
								<Keyword>F</Keyword>
								<Keyword>I</Keyword>
								<Keyword>M</Keyword>
								<Keyword>V</Keyword>
								<Keyword>a</Keyword>
								<Keyword>d</Keyword>
								<Keyword>k</Keyword>
								<Keyword>l</Keyword>
								<Keyword>p</Keyword>
								<Keyword>q</Keyword>
								<Keyword>v</Keyword>
								<Keyword>x</Keyword>
							</KeywordAnnotation>
						</TextAnnotation>
					</AudioVisualSegment>
					<AudioVisualSegment id="track-1.segment-33">
						<MediaTime>
							<MediaRelTimePoint>T01:05:07:0F1000</MediaRelTimePoint>
							<MediaDuration>PT02M54S0N1000F</MediaDuration>
						</MediaTime>
						<TextAnnotation confidence="0.5" relevance="0.0"
							xml:lang="de">
							<KeywordAnnotation>
								<Keyword>Ak</Keyword>
								<Keyword>GT</Keyword>
								<Keyword>gf</Keyword>
								<Keyword>mm</Keyword>
							</KeywordAnnotation>
						</TextAnnotation>
						<TextAnnotation confidence="0.0" relevance="0.4"
							xml:lang="de">
							<KeywordAnnotation>
								<Keyword>-IIp</Keyword>
								<Keyword>Bunn</Keyword>
								<Keyword>xqgk-lla</Keyword>
							</KeywordAnnotation>
						</TextAnnotation>
						<TextAnnotation confidence="0.0" relevance="0.0"
							xml:lang="de">
							<KeywordAnnotation>
								<Keyword>-</Keyword>
								<Keyword>-V</Keyword>
								<Keyword>E</Keyword>
								<Keyword>M</Keyword>
								<Keyword>Q</Keyword>
								<Keyword>U</Keyword>
								<Keyword>V</Keyword>
								<Keyword>b</Keyword>
								<Keyword>j</Keyword>
								<Keyword>k</Keyword>
								<Keyword>l</Keyword>
								<Keyword>n</Keyword>
								<Keyword>qq</Keyword>
								<Keyword>t</Keyword>
								<Keyword>w</Keyword>
							</KeywordAnnotation>
						</TextAnnotation>
					</AudioVisualSegment>
					<AudioVisualSegment id="track-1.segment-34">
						<MediaTime>
							<MediaRelTimePoint>T01:08:01:0F1000</MediaRelTimePoint>
							<MediaDuration>PT02M26S0N1000F</MediaDuration>
						</MediaTime>
						<TextAnnotation confidence="0.5" relevance="0.4"
							xml:lang="de">
							<KeywordAnnotation>
								<Keyword>can</Keyword>
							</KeywordAnnotation>
						</TextAnnotation>
						<TextAnnotation confidence="0.5" relevance="0.3"
							xml:lang="de">
							<KeywordAnnotation>
								<Keyword>nil</Keyword>
							</KeywordAnnotation>
						</TextAnnotation>
						<TextAnnotation confidence="0.5" relevance="0.0"
							xml:lang="de">
							<KeywordAnnotation>
								<Keyword>KC</Keyword>
								<Keyword>gn</Keyword>
								<Keyword>ut</Keyword>
							</KeywordAnnotation>
						</TextAnnotation>
						<TextAnnotation confidence="0.0" relevance="0.4"
							xml:lang="de">
							<KeywordAnnotation>
								<Keyword>JIRA</Keyword>
							</KeywordAnnotation>
						</TextAnnotation>
						<TextAnnotation confidence="0.0" relevance="0.3"
							xml:lang="de">
							<KeywordAnnotation>
								<Keyword>Ttlll</Keyword>
								<Keyword>wyenn</Keyword>
							</KeywordAnnotation>
						</TextAnnotation>
						<TextAnnotation confidence="0.0" relevance="0.0"
							xml:lang="de">
							<KeywordAnnotation>
								<Keyword>-</Keyword>
								<Keyword>A</Keyword>
								<Keyword>G</Keyword>
								<Keyword>Q</Keyword>
								<Keyword>a</Keyword>
								<Keyword>g</Keyword>
								<Keyword>i</Keyword>
								<Keyword>n</Keyword>
								<Keyword>o</Keyword>
								<Keyword>v</Keyword>
								<Keyword>vz</Keyword>
								<Keyword>w</Keyword>
							</KeywordAnnotation>
						</TextAnnotation>
					</AudioVisualSegment>
					<AudioVisualSegment id="track-1.segment-35">
						<MediaTime>
							<MediaRelTimePoint>T01:10:27:0F1000</MediaRelTimePoint>
							<MediaDuration>PT27S0N1000F</MediaDuration>
						</MediaTime>
						<TextAnnotation confidence="0.5" relevance="0.3"
							xml:lang="en">
							<KeywordAnnotation>
								<Keyword>Qur</Keyword>
							</KeywordAnnotation>
						</TextAnnotation>
						<TextAnnotation confidence="0.5" relevance="0.0"
							xml:lang="en">
							<KeywordAnnotation>
								<Keyword>Sr</Keyword>
								<Keyword>yy</Keyword>
							</KeywordAnnotation>
						</TextAnnotation>
						<TextAnnotation confidence="0.0" relevance="0.4"
							xml:lang="en">
							<KeywordAnnotation>
								<Keyword>VNWW</Keyword>
								<Keyword>sL...--.-Y</Keyword>
							</KeywordAnnotation>
						</TextAnnotation>
						<TextAnnotation confidence="0.0" relevance="0.3"
							xml:lang="en">
							<KeywordAnnotation>
								<Keyword>mmm</Keyword>
							</KeywordAnnotation>
						</TextAnnotation>
						<TextAnnotation confidence="0.0" relevance="0.0"
							xml:lang="en">
							<KeywordAnnotation>
								<Keyword>A</Keyword>
								<Keyword>E</Keyword>
								<Keyword>F</Keyword>
								<Keyword>I</Keyword>
								<Keyword>J</Keyword>
								<Keyword>K</Keyword>
								<Keyword>L</Keyword>
								<Keyword>N</Keyword>
								<Keyword>U</Keyword>
								<Keyword>b</Keyword>
								<Keyword>g</Keyword>
								<Keyword>s</Keyword>
								<Keyword>u</Keyword>
								<Keyword>xg</Keyword>
							</KeywordAnnotation>
						</TextAnnotation>
					</AudioVisualSegment>
					<AudioVisualSegment id="track-1.segment-36">
						<MediaTime>
							<MediaRelTimePoint>T01:10:54:0F1000</MediaRelTimePoint>
							<MediaDuration>PT01M30S0N1000F</MediaDuration>
						</MediaTime>
						<TextAnnotation confidence="0.5" relevance="0.4"
							xml:lang="de">
							<KeywordAnnotation>
								<Keyword>you</Keyword>
							</KeywordAnnotation>
						</TextAnnotation>
						<TextAnnotation confidence="0.5" relevance="0.3"
							xml:lang="de">
							<KeywordAnnotation>
								<Keyword>Kun</Keyword>
							</KeywordAnnotation>
						</TextAnnotation>
						<TextAnnotation confidence="0.5" relevance="0.2"
							xml:lang="de">
							<KeywordAnnotation>
								<Keyword>iii</Keyword>
							</KeywordAnnotation>
						</TextAnnotation>
						<TextAnnotation confidence="0.5" relevance="0.0"
							xml:lang="de">
							<KeywordAnnotation>
								<Keyword>hg</Keyword>
								<Keyword>nl</Keyword>
								<Keyword>nu</Keyword>
							</KeywordAnnotation>
						</TextAnnotation>
						<TextAnnotation confidence="0.0" relevance="0.4"
							xml:lang="de">
							<KeywordAnnotation>
								<Keyword>gms-</Keyword>
								<Keyword>gp-</Keyword>
								<Keyword>pqn.-</Keyword>
								<Keyword>rp-</Keyword>
							</KeywordAnnotation>
						</TextAnnotation>
						<TextAnnotation confidence="0.0" relevance="0.0"
							xml:lang="de">
							<KeywordAnnotation>
								<Keyword>E</Keyword>
								<Keyword>I</Keyword>
								<Keyword>L</Keyword>
								<Keyword>Z</Keyword>
								<Keyword>i</Keyword>
								<Keyword>nj</Keyword>
								<Keyword>r</Keyword>
								<Keyword>rV</Keyword>
							</KeywordAnnotation>
						</TextAnnotation>
					</AudioVisualSegment>
					<AudioVisualSegment id="track-1.segment-37">
						<MediaTime>
							<MediaRelTimePoint>T01:12:24:0F1000</MediaRelTimePoint>
							<MediaDuration>PT02M37S0N1000F</MediaDuration>
						</MediaTime>
						<TextAnnotation confidence="0.5" relevance="0.4"
							xml:lang="de">
							<KeywordAnnotation>
								<Keyword>isg</Keyword>
								<Keyword>roadmap</Keyword>
								<Keyword>sichtbar</Keyword>
							</KeywordAnnotation>
						</TextAnnotation>
						<TextAnnotation confidence="0.5" relevance="0.2"
							xml:lang="de">
							<KeywordAnnotation>
								<Keyword>inkl</Keyword>
							</KeywordAnnotation>
						</TextAnnotation>
						<TextAnnotation confidence="0.5" relevance="0.0"
							xml:lang="de">
							<KeywordAnnotation>
								<Keyword>WS</Keyword>
								<Keyword>qa</Keyword>
								<Keyword>tk</Keyword>
							</KeywordAnnotation>
						</TextAnnotation>
						<TextAnnotation confidence="0.0" relevance="0.4"
							xml:lang="de">
							<KeywordAnnotation>
								<Keyword>IDI-</Keyword>
								<Keyword>fiir</Keyword>
							</KeywordAnnotation>
						</TextAnnotation>
						<TextAnnotation confidence="0.0" relevance="0.3"
							xml:lang="de">
							<KeywordAnnotation>
								<Keyword>Einftihrung</Keyword>
								<Keyword>Workflows</Keyword>
							</KeywordAnnotation>
						</TextAnnotation>
						<TextAnnotation confidence="0.0" relevance="0.2"
							xml:lang="de">
							<KeywordAnnotation>
								<Keyword>DHCP-Opticnen</Keyword>
								<Keyword>Formulare</Keyword>
								<Keyword>IP-T</Keyword>
								<Keyword>Reports-Anpassungen</Keyword>
							</KeywordAnnotation>
						</TextAnnotation>
						<TextAnnotation confidence="0.0" relevance="0.0"
							xml:lang="de">
							<KeywordAnnotation>
								<Keyword>--</Keyword>
								<Keyword>I</Keyword>
								<Keyword>K</Keyword>
								<Keyword>Q</Keyword>
							</KeywordAnnotation>
						</TextAnnotation>
					</AudioVisualSegment>
					<AudioVisualSegment id="track-1.segment-38">
						<MediaTime>
							<MediaRelTimePoint>T01:15:01:0F1000</MediaRelTimePoint>
							<MediaDuration>PT17S548N1000F</MediaDuration>
						</MediaTime>
						<TextAnnotation confidence="0.5" relevance="0.3"
							xml:lang="de">
							<KeywordAnnotation>
								<Keyword>Dezember</Keyword>
								<Keyword>Kurs</Keyword>
								<Keyword>Telefonie</Keyword>
							</KeywordAnnotation>
						</TextAnnotation>
						<TextAnnotation confidence="0.5" relevance="0.0"
							xml:lang="de">
							<KeywordAnnotation>
								<Keyword>Ik</Keyword>
								<Keyword>ha</Keyword>
							</KeywordAnnotation>
						</TextAnnotation>
						<TextAnnotation confidence="0.0" relevance="0.3"
							xml:lang="de">
							<KeywordAnnotation>
								<Keyword>Workflow</Keyword>
							</KeywordAnnotation>
						</TextAnnotation>
						<TextAnnotation confidence="0.0" relevance="0.0"
							xml:lang="de">
							<KeywordAnnotation>
								<Keyword>I</Keyword>
								<Keyword>K</Keyword>
								<Keyword>L</Keyword>
								<Keyword>Q</Keyword>
								<Keyword>j</Keyword>
								<Keyword>l</Keyword>
								<Keyword>n</Keyword>
							</KeywordAnnotation>
						</TextAnnotation>
					</AudioVisualSegment>
				</TemporalDecomposition>
			</AudioVisual>
		</MultimediaContent>
	</Description>
</Mpeg7>
