<?xml version="1.0" encoding="UTF-8"?>
<mediapackage duration="4292760">
	<media>
		<track id="track-1" type="engage/presenter">
			<url>tracks/movie.flv</url>
			<mimetype>video/x-flv</mimetype>
			<checksum type="md5">7b3c7e8cc2cba2f5b7af4fd4224f3005</checksum>
			<tags>
				<tag>engage</tag>
			</tags>
		</track>
	</media>
	<metadata>
		<catalog id="catalog-2" type="metadata/dublincore">
			<mimetype>text/xml</mimetype>
			<checksum type="md5">234c8ca36c0ccfb36b4fa8e1cb7dd4ae</checksum>
			<url>metadata/dublincore-e-CCES_11.xml</url>
		</catalog>
		<catalog id="catalog-1" ref="series:74c13b81-caba-44f1-b2fa-46692e0ca1f3"
			type="metadata/dublincore">
			<mimetype>text/xml</mimetype>
			<checksum type="md5">1c560fabc86b4c8389a9d533e8611e48</checksum>
			<url>metadata/dublincore-s-00014_CCES.xml</url>
		</catalog>
		<catalog id="catalog-3" type="metadata/mpeg-7">
			<mimetype>text/xml</mimetype>
			<checksum type="md5">d41d8cd98f00b204e9800998ecf8427e</checksum>
			<url>metadata/mpeg-7808499512946728523.xml</url>
		</catalog>
	</metadata>
	<attachments>
		<attachment id="cover" type="cover/source" ref="track:track-1">
			<url>attachments/cover.jpg</url>
			<mimetype>image/jpeg</mimetype>
			<checksum type="md5">fb5107e56b6762adee0c604348e5dcce</checksum>
			<tags>
				<tag>engage</tag>
			</tags>
		</attachment>
	</attachments>
</mediapackage>
