<?xml version="1.0" encoding="UTF-8"?>
<Mpeg7 xmlns="urn:mpeg:mpeg7:schema:2001" xmlns:mpeg7="urn:mpeg7:schema:2001" xmlns:xsi="http://www.w3.org/2001/XMLSchema-instance/">
    <Description xsi:type="ContentEntityType">
        <MultimediaContent xsi:type="AudioVisualType">
            <AudioVisual id="track-1">
                <mediaLocator>
                    <mediaUri>file:tracks/20091109_E3_Meyer.mov</mediaUri>
                </mediaLocator>
                <mediaTime>
                    <mediaTimePoint>T00:00:00:0F1</mediaTimePoint>
                    <mediaDuration>PT01H25M20S888N1000F</mediaDuration>
                </mediaTime>
                <TemporalDecomposition criteria="temporal" gap="false" overlap="false">
                    <AudioVisualSegment id="track-1.segment-1">
                        <mediaTime>
                            <mediaRelTimePoint>T00:00:00:0F1000</mediaRelTimePoint>
                            <mediaDuration>PT03M10S0N1000F</mediaDuration>
                        </mediaTime>
                        <TextAnnotation confidence="0.5" relevance="0.4" xml:lang="en">
                            <KeywordAnnotation>
                                <Keyword>Dynamic</Keyword>
                                <Keyword>The</Keyword>
                                <Keyword>banc</Keyword>
                                <Keyword>fundamental</Keyword>
                                <Keyword>seen</Keyword>
                            </KeywordAnnotation>
                        </TextAnnotation>
                        <TextAnnotation confidence="0.5" relevance="0.3" xml:lang="en">
                            <KeywordAnnotation>
                                <Keyword>have</Keyword>
                            </KeywordAnnotation>
                        </TextAnnotation>
                        <TextAnnotation confidence="0.5" relevance="0.0" xml:lang="en">
                            <KeywordAnnotation>
                                <Keyword>Im</Keyword>
                                <Keyword>of</Keyword>
                            </KeywordAnnotation>
                        </TextAnnotation>
                        <TextAnnotation confidence="0.0" relevance="0.4" xml:lang="en">
                            <KeywordAnnotation>
                                <Keyword>O-O</Keyword>
                                <Keyword>Polymorphasm</Keyword>
                                <Keyword>banding</Keyword>
                                <Keyword>nnchanimsz</Keyword>
                                <Keyword>rypmg</Keyword>
                                <Keyword>tcvic</Keyword>
                            </KeywordAnnotation>
                        </TextAnnotation>
                        <TextAnnotation confidence="0.0" relevance="0.3" xml:lang="en">
                            <KeywordAnnotation>
                                <Keyword>Gcncrncrfy</Keyword>
                                <Keyword>Inherncncc</Keyword>
                                <Keyword>whatwe</Keyword>
                            </KeywordAnnotation>
                        </TextAnnotation>
                        <TextAnnotation confidence="0.0" relevance="0.0" xml:lang="en">
                            <KeywordAnnotation>
                                <Keyword>-</Keyword>
                                <Keyword>E</Keyword>
                                <Keyword>I</Keyword>
                            </KeywordAnnotation>
                        </TextAnnotation>
                    </AudioVisualSegment>
                    <AudioVisualSegment id="track-1.segment-2">
                        <mediaTime>
                            <mediaRelTimePoint>T00:03:10:0F1000</mediaRelTimePoint>
                            <mediaDuration>PT39S0N1000F</mediaDuration>
                        </mediaTime>
                        <TextAnnotation confidence="0.5" relevance="0.4" xml:lang="en">
                            <KeywordAnnotation>
                                <Keyword>seen</Keyword>
                            </KeywordAnnotation>
                        </TextAnnotation>
                        <TextAnnotation confidence="0.5" relevance="0.3" xml:lang="en">
                            <KeywordAnnotation>
                                <Keyword>Dynamic</Keyword>
                                <Keyword>binding</Keyword>
                                <Keyword>have</Keyword>
                            </KeywordAnnotation>
                        </TextAnnotation>
                        <TextAnnotation confidence="0.0" relevance="0.4" xml:lang="en">
                            <KeywordAnnotation>
                                <Keyword>Elij</Keyword>
                            </KeywordAnnotation>
                        </TextAnnotation>
                        <TextAnnotation confidence="0.0" relevance="0.3" xml:lang="en">
                            <KeywordAnnotation>
                                <Keyword>Gcnerncny</Keyword>
                                <Keyword>Inhemancc</Keyword>
                                <Keyword>Polymcrphnsm</Keyword>
                                <Keyword>Vypmg</Keyword>
                                <Keyword>Whatwe</Keyword>
                            </KeywordAnnotation>
                        </TextAnnotation>
                        <TextAnnotation confidence="0.0" relevance="0.0" xml:lang="en">
                            <KeywordAnnotation>
                                <Keyword>I</Keyword>
                                <Keyword>b</Keyword>
                                <Keyword>c</Keyword>
                                <Keyword>e</Keyword>
                                <Keyword>m</Keyword>
                                <Keyword>v</Keyword>
                            </KeywordAnnotation>
                        </TextAnnotation>
                    </AudioVisualSegment>
                    <AudioVisualSegment id="track-1.segment-3">
                        <mediaTime>
                            <mediaRelTimePoint>T00:03:49:0F1000</mediaRelTimePoint>
                            <mediaDuration>PT40S0N1000F</mediaDuration>
                        </mediaTime>
                        <TextAnnotation confidence="0.5" relevance="0.4" xml:lang="en">
                            <KeywordAnnotation>
                                <Keyword>The</Keyword>
                                <Keyword>fundamental</Keyword>
                            </KeywordAnnotation>
                        </TextAnnotation>
                        <TextAnnotation confidence="0.5" relevance="0.3" xml:lang="en">
                            <KeywordAnnotation>
                                <Keyword>Dynamo</Keyword>
                                <Keyword>Polymorphism</Keyword>
                                <Keyword>binding</Keyword>
                                <Keyword>have</Keyword>
                                <Keyword>seen</Keyword>
                            </KeywordAnnotation>
                        </TextAnnotation>
                        <TextAnnotation confidence="0.5" relevance="0.0" xml:lang="en">
                            <KeywordAnnotation>
                                <Keyword>of</Keyword>
                            </KeywordAnnotation>
                        </TextAnnotation>
                        <TextAnnotation confidence="0.0" relevance="0.4" xml:lang="en">
                            <KeywordAnnotation>
                                <Keyword>besrcs</Keyword>
                                <Keyword>mochonmrmz</Keyword>
                            </KeywordAnnotation>
                        </TextAnnotation>
                        <TextAnnotation confidence="0.0" relevance="0.3" xml:lang="en">
                            <KeywordAnnotation>
                                <Keyword>Generucny</Keyword>
                                <Keyword>I--tw</Keyword>
                                <Keyword>Inherntcncc</Keyword>
                                <Keyword>Svuhc</Keyword>
                                <Keyword>Vypmg</Keyword>
                                <Keyword>Whatwe</Keyword>
                            </KeywordAnnotation>
                        </TextAnnotation>
                        <TextAnnotation confidence="0.0" relevance="0.0" xml:lang="en">
                            <KeywordAnnotation>
                                <Keyword>-</Keyword>
                            </KeywordAnnotation>
                        </TextAnnotation>
                    </AudioVisualSegment>
                    <AudioVisualSegment id="track-1.segment-4">
                        <mediaTime>
                            <mediaRelTimePoint>T00:04:29:0F1000</mediaRelTimePoint>
                            <mediaDuration>PT01M30S0N1000F</mediaDuration>
                        </mediaTime>
                        <TextAnnotation confidence="0.5" relevance="0.4" xml:lang="en">
                            <KeywordAnnotation>
                                <Keyword>The</Keyword>
                                <Keyword>binding</Keyword>
                                <Keyword>seen</Keyword>
                            </KeywordAnnotation>
                        </TextAnnotation>
                        <TextAnnotation confidence="0.5" relevance="0.3" xml:lang="en">
                            <KeywordAnnotation>
                                <Keyword>What</Keyword>
                                <Keyword>have</Keyword>
                                <Keyword>static</Keyword>
                            </KeywordAnnotation>
                        </TextAnnotation>
                        <TextAnnotation confidence="0.5" relevance="0.0" xml:lang="en">
                            <KeywordAnnotation>
                                <Keyword>In</Keyword>
                                <Keyword>Wm</Keyword>
                                <Keyword>YP</Keyword>
                                <Keyword>of</Keyword>
                                <Keyword>we</Keyword>
                            </KeywordAnnotation>
                        </TextAnnotation>
                        <TextAnnotation confidence="0.0" relevance="0.4" xml:lang="en">
                            <KeywordAnnotation>
                                <Keyword>bcsecs</Keyword>
                                <Keyword>fmdcmonval</Keyword>
                                <Keyword>nsoemnisms</Keyword>
                            </KeywordAnnotation>
                        </TextAnnotation>
                        <TextAnnotation confidence="0.0" relevance="0.3" xml:lang="en">
                            <KeywordAnnotation>
                                <Keyword>Dyncmrc</Keyword>
                                <Keyword>Genemcny</Keyword>
                                <Keyword>Inhemance</Keyword>
                                <Keyword>Polymorphrsm</Keyword>
                            </KeywordAnnotation>
                        </TextAnnotation>
                        <TextAnnotation confidence="0.0" relevance="0.0" xml:lang="en">
                            <KeywordAnnotation>
                                <Keyword>-</Keyword>
                            </KeywordAnnotation>
                        </TextAnnotation>
                    </AudioVisualSegment>
                    <AudioVisualSegment id="track-1.segment-5">
                        <mediaTime>
                            <mediaRelTimePoint>T00:05:59:0F1000</mediaRelTimePoint>
                            <mediaDuration>PT03M54S0N1000F</mediaDuration>
                        </mediaTime>
                        <TextAnnotation confidence="0.5" relevance="0.5" xml:lang="de">
                            <KeywordAnnotation>
                                <Keyword>iii</Keyword>
                            </KeywordAnnotation>
                        </TextAnnotation>
                        <TextAnnotation confidence="0.5" relevance="0.4" xml:lang="de">
                            <KeywordAnnotation>
                                <Keyword>COMPARABLE</Keyword>
                                <Keyword>Eid</Keyword>
                                <Keyword>deferred</Keyword>
                                <Keyword>sool</Keyword>
                                <Keyword>write</Keyword>
                            </KeywordAnnotation>
                        </TextAnnotation>
                        <TextAnnotation confidence="0.5" relevance="0.3" xml:lang="de">
                            <KeywordAnnotation>
                                <Keyword>Current</Keyword>
                                <Keyword>How</Keyword>
                                <Keyword>alias</Keyword>
                            </KeywordAnnotation>
                        </TextAnnotation>
                        <TextAnnotation confidence="0.5" relevance="0.0" xml:lang="de">
                            <KeywordAnnotation>
                                <Keyword>UE</Keyword>
                                <Keyword>do</Keyword>
                                <Keyword>nr</Keyword>
                                <Keyword>or</Keyword>
                                <Keyword>rm</Keyword>
                                <Keyword>we</Keyword>
                                <Keyword>xc</Keyword>
                            </KeywordAnnotation>
                        </TextAnnotation>
                        <TextAnnotation confidence="0.0" relevance="0.5" xml:lang="de">
                            <KeywordAnnotation>
                                <Keyword>-Y-</Keyword>
                            </KeywordAnnotation>
                        </TextAnnotation>
                        <TextAnnotation confidence="0.0" relevance="0.4" xml:lang="de">
                            <KeywordAnnotation>
                                <Keyword>BOOLEA</Keyword>
                                <Keyword>Va2iZ</Keyword>
                                <Keyword>armu</Keyword>
                                <Keyword>c0MuusLe</Keyword>
                                <Keyword>cauuuuew</Keyword>
                                <Keyword>cum</Keyword>
                                <Keyword>rmw</Keyword>
                            </KeywordAnnotation>
                        </TextAnnotation>
                        <TextAnnotation confidence="0.0" relevance="0.3" xml:lang="de">
                            <KeywordAnnotation>
                                <Keyword>C0MPARA</Keyword>
                                <Keyword>Cur</Keyword>
                                <Keyword>Raul</Keyword>
                                <Keyword>mrcr</Keyword>
                            </KeywordAnnotation>
                        </TextAnnotation>
                        <TextAnnotation confidence="0.0" relevance="0.0" xml:lang="de">
                            <KeywordAnnotation>
                                <Keyword>-</Keyword>
                                <Keyword>E</Keyword>
                                <Keyword>F</Keyword>
                                <Keyword>O</Keyword>
                                <Keyword>Q</Keyword>
                                <Keyword>S</Keyword>
                                <Keyword>W</Keyword>
                                <Keyword>X</Keyword>
                                <Keyword>Z</Keyword>
                                <Keyword>h</Keyword>
                                <Keyword>i</Keyword>
                                <Keyword>m</Keyword>
                                <Keyword>s</Keyword>
                                <Keyword>x</Keyword>
                                <Keyword>y</Keyword>
                            </KeywordAnnotation>
                        </TextAnnotation>
                    </AudioVisualSegment>
                    <AudioVisualSegment id="track-1.segment-6">
                        <mediaTime>
                            <mediaRelTimePoint>T00:09:53:0F1000</mediaRelTimePoint>
                            <mediaDuration>PT01M15S0N1000F</mediaDuration>
                        </mediaTime>
                        <TextAnnotation confidence="0.5" relevance="0.5" xml:lang="en">
                            <KeywordAnnotation>
                                <Keyword>Combining</Keyword>
                                <Keyword>Multiple</Keyword>
                                <Keyword>abstractions</Keyword>
                                <Keyword>inheritance</Keyword>
                            </KeywordAnnotation>
                        </TextAnnotation>
                        <TextAnnotation confidence="0.0" relevance="0.4" xml:lang="en">
                            <KeywordAnnotation>
                                <Keyword>Pclcfion</Keyword>
                                <Keyword>g1g</Keyword>
                                <Keyword>orjder</Keyword>
                                <Keyword>qonymufnfivc</Keyword>
                            </KeywordAnnotation>
                        </TextAnnotation>
                        <TextAnnotation confidence="0.0" relevance="0.0" xml:lang="en">
                            <KeywordAnnotation>
                                <Keyword>O</Keyword>
                                <Keyword>Y</Keyword>
                                <Keyword>l</Keyword>
                            </KeywordAnnotation>
                        </TextAnnotation>
                    </AudioVisualSegment>
                    <AudioVisualSegment id="track-1.segment-7">
                        <mediaTime>
                            <mediaRelTimePoint>T00:11:08:0F1000</mediaRelTimePoint>
                            <mediaDuration>PT50S0N1000F</mediaDuration>
                        </mediaTime>
                        <TextAnnotation confidence="0.5" relevance="0.5" xml:lang="en">
                            <KeywordAnnotation>
                                <Keyword>BOOLEAN</Keyword>
                                <Keyword>COMPARABLE</Keyword>
                                <Keyword>How</Keyword>
                                <Keyword>alias</Keyword>
                                <Keyword>class</Keyword>
                                <Keyword>deferred</Keyword>
                                <Keyword>feature</Keyword>
                                <Keyword>write</Keyword>
                            </KeywordAnnotation>
                        </TextAnnotation>
                        <TextAnnotation confidence="0.5" relevance="0.4" xml:lang="en">
                            <KeywordAnnotation>
                                <Keyword>BOOLEAN</Keyword>
                                <Keyword>COMPARABLE</Keyword>
                                <Keyword>Current</Keyword>
                                <Keyword>Result</Keyword>
                                <Keyword>alias</Keyword>
                                <Keyword>and</Keyword>
                                <Keyword>deferred</Keyword>
                                <Keyword>end</Keyword>
                                <Keyword>less</Keyword>
                                <Keyword>xor</Keyword>
                            </KeywordAnnotation>
                        </TextAnnotation>
                        <TextAnnotation confidence="0.5" relevance="0.0" xml:lang="en">
                            <KeywordAnnotation>
                                <Keyword>Fi</Keyword>
                                <Keyword>do</Keyword>
                                <Keyword>re</Keyword>
                                <Keyword>we</Keyword>
                                <Keyword>xc</Keyword>
                            </KeywordAnnotation>
                        </TextAnnotation>
                        <TextAnnotation confidence="0.0" relevance="0.5" xml:lang="en">
                            <KeywordAnnotation>
                                <Keyword>COMPAQABLE</Keyword>
                            </KeywordAnnotation>
                        </TextAnnotation>
                        <TextAnnotation confidence="0.0" relevance="0.4" xml:lang="en">
                            <KeywordAnnotation>
                                <Keyword>Curran</Keyword>
                                <Keyword>FEAPQHEEE</Keyword>
                                <Keyword>Lqrearcgcqual</Keyword>
                                <Keyword>ques</Keyword>
                            </KeywordAnnotation>
                        </TextAnnotation>
                        <TextAnnotation confidence="0.0" relevance="0.0" xml:lang="en">
                            <KeywordAnnotation>
                                <Keyword>-</Keyword>
                                <Keyword>D</Keyword>
                                <Keyword>G</Keyword>
                                <Keyword>Q</Keyword>
                                <Keyword>g</Keyword>
                                <Keyword>x</Keyword>
                            </KeywordAnnotation>
                        </TextAnnotation>
                    </AudioVisualSegment>
                    <AudioVisualSegment id="track-1.segment-8">
                        <mediaTime>
                            <mediaRelTimePoint>T00:11:58:0F1000</mediaRelTimePoint>
                            <mediaDuration>PT01M19S0N1000F</mediaDuration>
                        </mediaTime>
                        <TextAnnotation confidence="0.5" relevance="0.5" xml:lang="en">
                            <KeywordAnnotation>
                                <Keyword>BOOLEAN</Keyword>
                                <Keyword>COMPARABLE</Keyword>
                                <Keyword>How</Keyword>
                                <Keyword>and</Keyword>
                                <Keyword>class</Keyword>
                                <Keyword>deferred</Keyword>
                                <Keyword>feature</Keyword>
                                <Keyword>write</Keyword>
                            </KeywordAnnotation>
                        </TextAnnotation>
                        <TextAnnotation confidence="0.5" relevance="0.4" xml:lang="en">
                            <KeywordAnnotation>
                                <Keyword>BOOLEAN</Keyword>
                                <Keyword>COMPARABLE</Keyword>
                                <Keyword>Current</Keyword>
                                <Keyword>Result</Keyword>
                                <Keyword>alias</Keyword>
                                <Keyword>and</Keyword>
                                <Keyword>xor</Keyword>
                            </KeywordAnnotation>
                        </TextAnnotation>
                        <TextAnnotation confidence="0.5" relevance="0.0" xml:lang="en">
                            <KeywordAnnotation>
                                <Keyword>BE</Keyword>
                                <Keyword>cU</Keyword>
                                <Keyword>do</Keyword>
                                <Keyword>gr</Keyword>
                                <Keyword>rr</Keyword>
                                <Keyword>we</Keyword>
                            </KeywordAnnotation>
                        </TextAnnotation>
                        <TextAnnotation confidence="0.0" relevance="0.5" xml:lang="en">
                            <KeywordAnnotation>
                                <Keyword>COMPAQAB</Keyword>
                                <Keyword>COMPAQABLE</Keyword>
                                <Keyword>Currenf</Keyword>
                                <Keyword>Qzssyalias</Keyword>
                                <Keyword>def</Keyword>
                                <Keyword>r,j.n</Keyword>
                            </KeywordAnnotation>
                        </TextAnnotation>
                        <TextAnnotation confidence="0.0" relevance="0.4" xml:lang="en">
                            <KeywordAnnotation>
                                <Keyword>BUO</Keyword>
                                <Keyword>Curran</Keyword>
                                <Keyword>TCbMPZ,Q</Keyword>
                                <Keyword>carcr</Keyword>
                                <Keyword>equn</Keyword>
                                <Keyword>iyrearer</Keyword>
                                <Keyword>lj.rzi</Keyword>
                            </KeywordAnnotation>
                        </TextAnnotation>
                        <TextAnnotation confidence="0.0" relevance="0.0" xml:lang="en">
                            <KeywordAnnotation>
                                <Keyword>Q</Keyword>
                                <Keyword>Qc</Keyword>
                                <Keyword>V</Keyword>
                                <Keyword>i</Keyword>
                                <Keyword>q</Keyword>
                                <Keyword>x</Keyword>
                            </KeywordAnnotation>
                        </TextAnnotation>
                    </AudioVisualSegment>
                    <AudioVisualSegment id="track-1.segment-9">
                        <mediaTime>
                            <mediaRelTimePoint>T00:13:17:0F1000</mediaRelTimePoint>
                            <mediaDuration>PT02M20S0N1000F</mediaDuration>
                        </mediaTime>
                        <TextAnnotation confidence="0.5" relevance="0.5" xml:lang="en">
                            <KeywordAnnotation>
                                <Keyword>BOOLEAN</Keyword>
                                <Keyword>COMPARABLE</Keyword>
                                <Keyword>How</Keyword>
                                <Keyword>deferred</Keyword>
                                <Keyword>write</Keyword>
                            </KeywordAnnotation>
                        </TextAnnotation>
                        <TextAnnotation confidence="0.5" relevance="0.4" xml:lang="en">
                            <KeywordAnnotation>
                                <Keyword>BOOLEAN</Keyword>
                                <Keyword>COMPARABLE</Keyword>
                                <Keyword>Current</Keyword>
                                <Keyword>Result</Keyword>
                                <Keyword>alias</Keyword>
                                <Keyword>and</Keyword>
                                <Keyword>end</Keyword>
                                <Keyword>xor</Keyword>
                            </KeywordAnnotation>
                        </TextAnnotation>
                        <TextAnnotation confidence="0.5" relevance="0.0" xml:lang="en">
                            <KeywordAnnotation>
                                <Keyword>cb</Keyword>
                                <Keyword>do</Keyword>
                                <Keyword>ea</Keyword>
                                <Keyword>fe</Keyword>
                                <Keyword>gr</Keyword>
                                <Keyword>wc</Keyword>
                                <Keyword>yO</Keyword>
                            </KeywordAnnotation>
                        </TextAnnotation>
                        <TextAnnotation confidence="0.0" relevance="0.5" xml:lang="en">
                            <KeywordAnnotation>
                                <Keyword>-essjalias</Keyword>
                                <Keyword>APAQAB</Keyword>
                                <Keyword>COMPAPABLE</Keyword>
                                <Keyword>fccfurz</Keyword>
                            </KeywordAnnotation>
                        </TextAnnotation>
                        <TextAnnotation confidence="0.0" relevance="0.4" xml:lang="en">
                            <KeywordAnnotation>
                                <Keyword>Curran</Keyword>
                                <Keyword>Currcnf</Keyword>
                                <Keyword>OA71PZR7BEEj</Keyword>
                                <Keyword>Rzsulf</Keyword>
                                <Keyword>TBbbLEAN</Keyword>
                                <Keyword>dins</Keyword>
                                <Keyword>earcz</Keyword>
                                <Keyword>equa</Keyword>
                                <Keyword>jgrenfer</Keyword>
                            </KeywordAnnotation>
                        </TextAnnotation>
                        <TextAnnotation confidence="0.0" relevance="0.0" xml:lang="en">
                            <KeywordAnnotation>
                                <Keyword>C</Keyword>
                                <Keyword>t</Keyword>
                                <Keyword>u</Keyword>
                                <Keyword>x</Keyword>
                            </KeywordAnnotation>
                        </TextAnnotation>
                    </AudioVisualSegment>
                    <AudioVisualSegment id="track-1.segment-10">
                        <mediaTime>
                            <mediaRelTimePoint>T00:15:37:0F1000</mediaRelTimePoint>
                            <mediaDuration>PT27S0N1000F</mediaDuration>
                        </mediaTime>
                        <TextAnnotation confidence="0.0" relevance="0.4" xml:lang="en">
                            <KeywordAnnotation>
                                <Keyword>AQi</Keyword>
                                <Keyword>UJHMQA</Keyword>
                            </KeywordAnnotation>
                        </TextAnnotation>
                        <TextAnnotation confidence="0.0" relevance="0.0" xml:lang="en">
                            <KeywordAnnotation>
                                <Keyword>A</Keyword>
                                <Keyword>u</Keyword>
                            </KeywordAnnotation>
                        </TextAnnotation>
                    </AudioVisualSegment>
                    <AudioVisualSegment id="track-1.segment-11">
                        <mediaTime>
                            <mediaRelTimePoint>T00:16:04:0F1000</mediaRelTimePoint>
                            <mediaDuration>PT01M01S0N1000F</mediaDuration>
                        </mediaTime>
                        <TextAnnotation confidence="0.5" relevance="0.5" xml:lang="de">
                            <KeywordAnnotation>
                                <Keyword>big</Keyword>
                            </KeywordAnnotation>
                        </TextAnnotation>
                        <TextAnnotation confidence="0.5" relevance="0.0" xml:lang="de">
                            <KeywordAnnotation>
                                <Keyword>En</Keyword>
                            </KeywordAnnotation>
                        </TextAnnotation>
                        <TextAnnotation confidence="0.0" relevance="0.5" xml:lang="de">
                            <KeywordAnnotation>
                                <Keyword>wif</Keyword>
                            </KeywordAnnotation>
                        </TextAnnotation>
                        <TextAnnotation confidence="0.0" relevance="0.0" xml:lang="de">
                            <KeywordAnnotation>
                                <Keyword>E</Keyword>
                            </KeywordAnnotation>
                        </TextAnnotation>
                    </AudioVisualSegment>
                    <AudioVisualSegment id="track-1.segment-12">
                        <mediaTime>
                            <mediaRelTimePoint>T00:17:05:0F1000</mediaRelTimePoint>
                            <mediaDuration>PT04M11S0N1000F</mediaDuration>
                        </mediaTime>
                        <TextAnnotation confidence="0.5" relevance="0.0" xml:lang="de">
                            <KeywordAnnotation>
                                <Keyword>fz</Keyword>
                            </KeywordAnnotation>
                        </TextAnnotation>
                        <TextAnnotation confidence="0.0" relevance="0.5" xml:lang="de">
                            <KeywordAnnotation>
                                <Keyword>KLLQL</Keyword>
                            </KeywordAnnotation>
                        </TextAnnotation>
                        <TextAnnotation confidence="0.0" relevance="0.4" xml:lang="de">
                            <KeywordAnnotation>
                                <Keyword>sgn</Keyword>
                            </KeywordAnnotation>
                        </TextAnnotation>
                        <TextAnnotation confidence="0.0" relevance="0.0" xml:lang="de">
                            <KeywordAnnotation>
                                <Keyword>HQ</Keyword>
                                <Keyword>J</Keyword>
                                <Keyword>M</Keyword>
                                <Keyword>Y</Keyword>
                                <Keyword>Z-</Keyword>
                            </KeywordAnnotation>
                        </TextAnnotation>
                    </AudioVisualSegment>
                    <AudioVisualSegment id="track-1.segment-13">
                        <mediaTime>
                            <mediaRelTimePoint>T00:21:16:0F1000</mediaRelTimePoint>
                            <mediaDuration>PT43S0N1000F</mediaDuration>
                        </mediaTime>
                        <TextAnnotation confidence="0.5" relevance="0.4" xml:lang="de">
                            <KeywordAnnotation>
                                <Keyword>nur</Keyword>
                            </KeywordAnnotation>
                        </TextAnnotation>
                        <TextAnnotation confidence="0.5" relevance="0.0" xml:lang="de">
                            <KeywordAnnotation>
                                <Keyword>qi</Keyword>
                                <Keyword>uw</Keyword>
                                <Keyword>wi</Keyword>
                            </KeywordAnnotation>
                        </TextAnnotation>
                        <TextAnnotation confidence="0.0" relevance="0.5" xml:lang="de">
                            <KeywordAnnotation>
                                <Keyword>ADM</Keyword>
                                <Keyword>KWLML</Keyword>
                            </KeywordAnnotation>
                        </TextAnnotation>
                        <TextAnnotation confidence="0.0" relevance="0.4" xml:lang="de">
                            <KeywordAnnotation>
                                <Keyword>-Qgr</Keyword>
                            </KeywordAnnotation>
                        </TextAnnotation>
                        <TextAnnotation confidence="0.0" relevance="0.0" xml:lang="de">
                            <KeywordAnnotation>
                                <Keyword>E</Keyword>
                                <Keyword>I</Keyword>
                                <Keyword>Q</Keyword>
                                <Keyword>Z-</Keyword>
                            </KeywordAnnotation>
                        </TextAnnotation>
                    </AudioVisualSegment>
                    <AudioVisualSegment id="track-1.segment-14">
                        <mediaTime>
                            <mediaRelTimePoint>T00:21:59:0F1000</mediaRelTimePoint>
                            <mediaDuration>PT32S0N1000F</mediaDuration>
                        </mediaTime>
                        <TextAnnotation confidence="0.5" relevance="0.0" xml:lang="de">
                            <KeywordAnnotation>
                                <Keyword>Aw</Keyword>
                                <Keyword>XE</Keyword>
                                <Keyword>qi</Keyword>
                                <Keyword>wi</Keyword>
                            </KeywordAnnotation>
                        </TextAnnotation>
                        <TextAnnotation confidence="0.0" relevance="0.5" xml:lang="de">
                            <KeywordAnnotation>
                                <Keyword>gwkwe</Keyword>
                            </KeywordAnnotation>
                        </TextAnnotation>
                        <TextAnnotation confidence="0.0" relevance="0.0" xml:lang="de">
                            <KeywordAnnotation>
                                <Keyword>I</Keyword>
                            </KeywordAnnotation>
                        </TextAnnotation>
                    </AudioVisualSegment>
                    <AudioVisualSegment id="track-1.segment-15">
                        <mediaTime>
                            <mediaRelTimePoint>T00:22:31:0F1000</mediaRelTimePoint>
                            <mediaDuration>PT01M13S0N1000F</mediaDuration>
                        </mediaTime>
                        <TextAnnotation confidence="0.5" relevance="0.0" xml:lang="de">
                            <KeywordAnnotation>
                                <Keyword>XE</Keyword>
                            </KeywordAnnotation>
                        </TextAnnotation>
                        <TextAnnotation confidence="0.0" relevance="0.5" xml:lang="de">
                            <KeywordAnnotation>
                                <Keyword>ADM</Keyword>
                                <Keyword>KLLQL</Keyword>
                            </KeywordAnnotation>
                        </TextAnnotation>
                        <TextAnnotation confidence="0.0" relevance="0.4" xml:lang="de">
                            <KeywordAnnotation>
                                <Keyword>Q2E</Keyword>
                            </KeywordAnnotation>
                        </TextAnnotation>
                        <TextAnnotation confidence="0.0" relevance="0.0" xml:lang="de">
                            <KeywordAnnotation>
                                <Keyword>I</Keyword>
                                <Keyword>jg</Keyword>
                            </KeywordAnnotation>
                        </TextAnnotation>
                    </AudioVisualSegment>
                    <AudioVisualSegment id="track-1.segment-16">
                        <mediaTime>
                            <mediaRelTimePoint>T00:23:44:0F1000</mediaRelTimePoint>
                            <mediaDuration>PT30S0N1000F</mediaDuration>
                        </mediaTime>
                        <TextAnnotation confidence="0.5" relevance="0.0" xml:lang="de">
                            <KeywordAnnotation>
                                <Keyword>WW</Keyword>
                                <Keyword>mg</Keyword>
                            </KeywordAnnotation>
                        </TextAnnotation>
                        <TextAnnotation confidence="0.0" relevance="0.5" xml:lang="de">
                            <KeywordAnnotation>
                                <Keyword>KLLLQL</Keyword>
                            </KeywordAnnotation>
                        </TextAnnotation>
                        <TextAnnotation confidence="0.0" relevance="0.4" xml:lang="de">
                            <KeywordAnnotation>
                                <Keyword>sgn</Keyword>
                            </KeywordAnnotation>
                        </TextAnnotation>
                        <TextAnnotation confidence="0.0" relevance="0.0" xml:lang="de">
                            <KeywordAnnotation>
                                <Keyword>H</Keyword>
                                <Keyword>J</Keyword>
                                <Keyword>P</Keyword>
                                <Keyword>Q</Keyword>
                                <Keyword>Z-</Keyword>
                                <Keyword>f</Keyword>
                                <Keyword>l</Keyword>
                                <Keyword>m</Keyword>
                                <Keyword>z</Keyword>
                            </KeywordAnnotation>
                        </TextAnnotation>
                    </AudioVisualSegment>
                    <AudioVisualSegment id="track-1.segment-17">
                        <mediaTime>
                            <mediaRelTimePoint>T00:24:14:0F1000</mediaRelTimePoint>
                            <mediaDuration>PT01M37S0N1000F</mediaDuration>
                        </mediaTime>
                        <TextAnnotation confidence="0.5" relevance="0.6" xml:lang="en">
                            <KeywordAnnotation>
                                <Keyword>BOOLE</Keyword>
                            </KeywordAnnotation>
                        </TextAnnotation>
                        <TextAnnotation confidence="0.5" relevance="0.5" xml:lang="en">
                            <KeywordAnnotation>
                                <Keyword>COMPARABLE</Keyword>
                                <Keyword>How</Keyword>
                                <Keyword>Ras</Keyword>
                                <Keyword>deferred</Keyword>
                                <Keyword>feature</Keyword>
                                <Keyword>write</Keyword>
                            </KeywordAnnotation>
                        </TextAnnotation>
                        <TextAnnotation confidence="0.5" relevance="0.4" xml:lang="en">
                            <KeywordAnnotation>
                                <Keyword>BOOLEAN</Keyword>
                                <Keyword>COMPARABLE</Keyword>
                                <Keyword>Current</Keyword>
                                <Keyword>Result</Keyword>
                                <Keyword>alias</Keyword>
                                <Keyword>and</Keyword>
                                <Keyword>xor</Keyword>
                            </KeywordAnnotation>
                        </TextAnnotation>
                        <TextAnnotation confidence="0.5" relevance="0.0" xml:lang="en">
                            <KeywordAnnotation>
                                <Keyword>Et</Keyword>
                                <Keyword>cg</Keyword>
                                <Keyword>do</Keyword>
                                <Keyword>gr</Keyword>
                                <Keyword>we</Keyword>
                                <Keyword>xc</Keyword>
                                <Keyword>xx</Keyword>
                            </KeywordAnnotation>
                        </TextAnnotation>
                        <TextAnnotation confidence="0.0" relevance="0.6" xml:lang="en">
                            <KeywordAnnotation>
                                <Keyword>OMPAPAELE</Keyword>
                            </KeywordAnnotation>
                        </TextAnnotation>
                        <TextAnnotation confidence="0.0" relevance="0.5" xml:lang="en">
                            <KeywordAnnotation>
                                <Keyword>COMPAQABLE</Keyword>
                            </KeywordAnnotation>
                        </TextAnnotation>
                        <TextAnnotation confidence="0.0" relevance="0.4" xml:lang="en">
                            <KeywordAnnotation>
                                <Keyword>OMPARABLE</Keyword>
                                <Keyword>eafer</Keyword>
                                <Keyword>equa</Keyword>
                                <Keyword>yreafer</Keyword>
                            </KeywordAnnotation>
                        </TextAnnotation>
                        <TextAnnotation confidence="0.0" relevance="0.0" xml:lang="en">
                            <KeywordAnnotation>
                                <Keyword>C</Keyword>
                                <Keyword>G</Keyword>
                                <Keyword>I</Keyword>
                                <Keyword>N</Keyword>
                                <Keyword>i</Keyword>
                                <Keyword>s</Keyword>
                                <Keyword>x</Keyword>
                            </KeywordAnnotation>
                        </TextAnnotation>
                    </AudioVisualSegment>
                    <AudioVisualSegment id="track-1.segment-18">
                        <mediaTime>
                            <mediaRelTimePoint>T00:25:51:0F1000</mediaRelTimePoint>
                            <mediaDuration>PT24S0N1000F</mediaDuration>
                        </mediaTime>
                        <TextAnnotation confidence="0.5" relevance="0.5" xml:lang="en">
                            <KeywordAnnotation>
                                <Keyword>COMPARABLE</Keyword>
                                <Keyword>EAN</Keyword>
                                <Keyword>How</Keyword>
                                <Keyword>and</Keyword>
                                <Keyword>class</Keyword>
                                <Keyword>deferred</Keyword>
                                <Keyword>feature</Keyword>
                                <Keyword>write</Keyword>
                            </KeywordAnnotation>
                        </TextAnnotation>
                        <TextAnnotation confidence="0.5" relevance="0.4" xml:lang="en">
                            <KeywordAnnotation>
                                <Keyword>BOOLEAN</Keyword>
                                <Keyword>COMPARABLE</Keyword>
                                <Keyword>Current</Keyword>
                                <Keyword>Result</Keyword>
                                <Keyword>alias</Keyword>
                                <Keyword>end</Keyword>
                                <Keyword>nuns</Keyword>
                                <Keyword>wearer</Keyword>
                                <Keyword>xor</Keyword>
                            </KeywordAnnotation>
                        </TextAnnotation>
                        <TextAnnotation confidence="0.5" relevance="0.0" xml:lang="en">
                            <KeywordAnnotation>
                                <Keyword>Tc</Keyword>
                                <Keyword>do</Keyword>
                                <Keyword>gr</Keyword>
                                <Keyword>we</Keyword>
                            </KeywordAnnotation>
                        </TextAnnotation>
                        <TextAnnotation confidence="0.0" relevance="0.5" xml:lang="en">
                            <KeywordAnnotation>
                                <Keyword>BOOL</Keyword>
                                <Keyword>COMPAPAELE</Keyword>
                                <Keyword>COMPAQABLE</Keyword>
                                <Keyword>Jigs</Keyword>
                                <Keyword>ueremr</Keyword>
                            </KeywordAnnotation>
                        </TextAnnotation>
                        <TextAnnotation confidence="0.0" relevance="0.4" xml:lang="en">
                            <KeywordAnnotation>
                                <Keyword>Cmvcnt</Keyword>
                                <Keyword>Cum-cnt</Keyword>
                                <Keyword>Resulf</Keyword>
                                <Keyword>TaUbZeAN</Keyword>
                                <Keyword>carev</Keyword>
                                <Keyword>equa</Keyword>
                            </KeywordAnnotation>
                        </TextAnnotation>
                        <TextAnnotation confidence="0.0" relevance="0.0" xml:lang="en">
                            <KeywordAnnotation>
                                <Keyword>F</Keyword>
                                <Keyword>G</Keyword>
                                <Keyword>P</Keyword>
                                <Keyword>T</Keyword>
                                <Keyword>Z</Keyword>
                                <Keyword>g</Keyword>
                                <Keyword>r</Keyword>
                                <Keyword>x</Keyword>
                            </KeywordAnnotation>
                        </TextAnnotation>
                    </AudioVisualSegment>
                    <AudioVisualSegment id="track-1.segment-19">
                        <mediaTime>
                            <mediaRelTimePoint>T00:26:15:0F1000</mediaRelTimePoint>
                            <mediaDuration>PT18S0N1000F</mediaDuration>
                        </mediaTime>
                        <TextAnnotation confidence="0.5" relevance="0.5" xml:lang="en">
                            <KeywordAnnotation>
                                <Keyword>BOOLEAN</Keyword>
                                <Keyword>COMPARABLE</Keyword>
                                <Keyword>Current</Keyword>
                                <Keyword>How</Keyword>
                                <Keyword>Result</Keyword>
                                <Keyword>alias</Keyword>
                                <Keyword>and</Keyword>
                                <Keyword>class</Keyword>
                                <Keyword>deferred</Keyword>
                                <Keyword>end</Keyword>
                                <Keyword>ess</Keyword>
                                <Keyword>feature</Keyword>
                                <Keyword>write</Keyword>
                                <Keyword>xor</Keyword>
                            </KeywordAnnotation>
                        </TextAnnotation>
                        <TextAnnotation confidence="0.5" relevance="0.0" xml:lang="en">
                            <KeywordAnnotation>
                                <Keyword>aE</Keyword>
                                <Keyword>do</Keyword>
                                <Keyword>wc</Keyword>
                            </KeywordAnnotation>
                        </TextAnnotation>
                        <TextAnnotation confidence="0.0" relevance="0.5" xml:lang="en">
                            <KeywordAnnotation>
                                <Keyword>-qrn</Keyword>
                                <Keyword>COMPAPAB</Keyword>
                                <Keyword>COMPAPABLE</Keyword>
                                <Keyword>Curran</Keyword>
                                <Keyword>FCEMPZRFEE</Keyword>
                                <Keyword>Lzrfa</Keyword>
                                <Keyword>QVBUEZEAN</Keyword>
                                <Keyword>defemf</Keyword>
                                <Keyword>equa</Keyword>
                                <Keyword>greaier</Keyword>
                                <Keyword>xJl</Keyword>
                            </KeywordAnnotation>
                        </TextAnnotation>
                        <TextAnnotation confidence="0.0" relevance="0.4" xml:lang="en">
                            <KeywordAnnotation>
                                <Keyword>ymarcr</Keyword>
                            </KeywordAnnotation>
                        </TextAnnotation>
                        <TextAnnotation confidence="0.0" relevance="0.0" xml:lang="en">
                            <KeywordAnnotation>
                                <Keyword>-</Keyword>
                                <Keyword>A</Keyword>
                                <Keyword>J</Keyword>
                                <Keyword>L</Keyword>
                                <Keyword>Q</Keyword>
                                <Keyword>Y</Keyword>
                                <Keyword>i</Keyword>
                                <Keyword>l</Keyword>
                                <Keyword>s</Keyword>
                                <Keyword>s-</Keyword>
                                <Keyword>t</Keyword>
                                <Keyword>x</Keyword>
                            </KeywordAnnotation>
                        </TextAnnotation>
                    </AudioVisualSegment>
                    <AudioVisualSegment id="track-1.segment-20">
                        <mediaTime>
                            <mediaRelTimePoint>T00:26:33:0F1000</mediaRelTimePoint>
                            <mediaDuration>PT17S0N1000F</mediaDuration>
                        </mediaTime>
                        <TextAnnotation confidence="0.5" relevance="0.5" xml:lang="en">
                            <KeywordAnnotation>
                                <Keyword>COMPARABLE</Keyword>
                                <Keyword>EAN</Keyword>
                                <Keyword>How</Keyword>
                                <Keyword>Jin</Keyword>
                                <Keyword>class</Keyword>
                                <Keyword>deferred</Keyword>
                                <Keyword>less</Keyword>
                                <Keyword>write</Keyword>
                            </KeywordAnnotation>
                        </TextAnnotation>
                        <TextAnnotation confidence="0.5" relevance="0.4" xml:lang="en">
                            <KeywordAnnotation>
                                <Keyword>BOOLEAN</Keyword>
                                <Keyword>Current</Keyword>
                                <Keyword>Result</Keyword>
                                <Keyword>alias</Keyword>
                                <Keyword>and</Keyword>
                                <Keyword>anus</Keyword>
                                <Keyword>cnd</Keyword>
                                <Keyword>xor</Keyword>
                            </KeywordAnnotation>
                        </TextAnnotation>
                        <TextAnnotation confidence="0.5" relevance="0.0" xml:lang="en">
                            <KeywordAnnotation>
                                <Keyword>cn</Keyword>
                                <Keyword>do</Keyword>
                                <Keyword>we</Keyword>
                                <Keyword>wz</Keyword>
                            </KeywordAnnotation>
                        </TextAnnotation>
                        <TextAnnotation confidence="0.0" relevance="0.5" xml:lang="en">
                            <KeywordAnnotation>
                                <Keyword>BOOL</Keyword>
                                <Keyword>COMPARAB</Keyword>
                                <Keyword>defcmf</Keyword>
                                <Keyword>fcafurc</Keyword>
                            </KeywordAnnotation>
                        </TextAnnotation>
                        <TextAnnotation confidence="0.0" relevance="0.4" xml:lang="en">
                            <KeywordAnnotation>
                                <Keyword>Curr</Keyword>
                                <Keyword>Curran</Keyword>
                                <Keyword>OMPARABLE</Keyword>
                                <Keyword>QEW</Keyword>
                                <Keyword>Rcsulf</Keyword>
                                <Keyword>TcbMpZn7aZF</Keyword>
                                <Keyword>Ts00ZEA</Keyword>
                                <Keyword>equa</Keyword>
                                <Keyword>grearcr</Keyword>
                            </KeywordAnnotation>
                        </TextAnnotation>
                        <TextAnnotation confidence="0.0" relevance="0.0" xml:lang="en">
                            <KeywordAnnotation>
                                <Keyword>-</Keyword>
                                <Keyword>F</Keyword>
                                <Keyword>i</Keyword>
                                <Keyword>x</Keyword>
                            </KeywordAnnotation>
                        </TextAnnotation>
                    </AudioVisualSegment>
                    <AudioVisualSegment id="track-1.segment-21">
                        <mediaTime>
                            <mediaRelTimePoint>T00:26:50:0F1000</mediaRelTimePoint>
                            <mediaDuration>PT02M09S0N1000F</mediaDuration>
                        </mediaTime>
                        <TextAnnotation confidence="0.5" relevance="0.5" xml:lang="en">
                            <KeywordAnnotation>
                                <Keyword>BOOLEAN</Keyword>
                                <Keyword>COMPARABLE</Keyword>
                                <Keyword>Current</Keyword>
                                <Keyword>How</Keyword>
                                <Keyword>and</Keyword>
                                <Keyword>class</Keyword>
                                <Keyword>deferred</Keyword>
                                <Keyword>end</Keyword>
                                <Keyword>feature</Keyword>
                                <Keyword>write</Keyword>
                            </KeywordAnnotation>
                        </TextAnnotation>
                        <TextAnnotation confidence="0.5" relevance="0.4" xml:lang="en">
                            <KeywordAnnotation>
                                <Keyword>BOOLEAN</Keyword>
                                <Keyword>COMPARABLE</Keyword>
                                <Keyword>Current</Keyword>
                                <Keyword>Result</Keyword>
                                <Keyword>alias</Keyword>
                                <Keyword>xor</Keyword>
                            </KeywordAnnotation>
                        </TextAnnotation>
                        <TextAnnotation confidence="0.5" relevance="0.0" xml:lang="en">
                            <KeywordAnnotation>
                                <Keyword>bc</Keyword>
                                <Keyword>do</Keyword>
                                <Keyword>eU</Keyword>
                                <Keyword>we</Keyword>
                            </KeywordAnnotation>
                        </TextAnnotation>
                        <TextAnnotation confidence="0.0" relevance="0.5" xml:lang="en">
                            <KeywordAnnotation>
                                <Keyword>COMPAQAB</Keyword>
                                <Keyword>COMPARASLE</Keyword>
                                <Keyword>dlius</Keyword>
                            </KeywordAnnotation>
                        </TextAnnotation>
                        <TextAnnotation confidence="0.0" relevance="0.4" xml:lang="en">
                            <KeywordAnnotation>
                                <Keyword>Curran</Keyword>
                                <Keyword>Lgmafegequal</Keyword>
                                <Keyword>OOLEAN</Keyword>
                                <Keyword>PZR</Keyword>
                                <Keyword>TCZj</Keyword>
                                <Keyword>dcf</Keyword>
                                <Keyword>greufcr</Keyword>
                                <Keyword>less-</Keyword>
                            </KeywordAnnotation>
                        </TextAnnotation>
                        <TextAnnotation confidence="0.0" relevance="0.0" xml:lang="en">
                            <KeywordAnnotation>
                                <Keyword>-</Keyword>
                                <Keyword>E</Keyword>
                                <Keyword>H</Keyword>
                                <Keyword>J</Keyword>
                                <Keyword>T</Keyword>
                                <Keyword>Y</Keyword>
                                <Keyword>t</Keyword>
                                <Keyword>x</Keyword>
                            </KeywordAnnotation>
                        </TextAnnotation>
                    </AudioVisualSegment>
                    <AudioVisualSegment id="track-1.segment-22">
                        <mediaTime>
                            <mediaRelTimePoint>T00:28:59:0F1000</mediaRelTimePoint>
                            <mediaDuration>PT28S0N1000F</mediaDuration>
                        </mediaTime>
                        <TextAnnotation confidence="0.5" relevance="0.5" xml:lang="en">
                            <KeywordAnnotation>
                                <Keyword>Combining</Keyword>
                                <Keyword>Multiple</Keyword>
                                <Keyword>abstractions</Keyword>
                                <Keyword>inheritance</Keyword>
                            </KeywordAnnotation>
                        </TextAnnotation>
                        <TextAnnotation confidence="0.5" relevance="0.4" xml:lang="en">
                            <KeywordAnnotation>
                                <Keyword>Ping</Keyword>
                            </KeywordAnnotation>
                        </TextAnnotation>
                        <TextAnnotation confidence="0.0" relevance="0.4" xml:lang="en">
                            <KeywordAnnotation>
                                <Keyword>Pclcfion</Keyword>
                                <Keyword>gorqmufative</Keyword>
                                <Keyword>orldzr</Keyword>
                            </KeywordAnnotation>
                        </TextAnnotation>
                        <TextAnnotation confidence="0.0" relevance="0.0" xml:lang="en">
                            <KeywordAnnotation>
                                <Keyword>O</Keyword>
                                <Keyword>g</Keyword>
                                <Keyword>q</Keyword>
                            </KeywordAnnotation>
                        </TextAnnotation>
                    </AudioVisualSegment>
                    <AudioVisualSegment id="track-1.segment-23">
                        <mediaTime>
                            <mediaRelTimePoint>T00:29:27:0F1000</mediaRelTimePoint>
                            <mediaDuration>PT15S0N1000F</mediaDuration>
                        </mediaTime>
                        <TextAnnotation confidence="0.5" relevance="0.5" xml:lang="en">
                            <KeywordAnnotation>
                                <Keyword>Combining</Keyword>
                                <Keyword>Multiple</Keyword>
                                <Keyword>abstractions</Keyword>
                                <Keyword>inheritance</Keyword>
                            </KeywordAnnotation>
                        </TextAnnotation>
                        <TextAnnotation confidence="0.0" relevance="0.4" xml:lang="en">
                            <KeywordAnnotation>
                                <Keyword>Pelaficn</Keyword>
                                <Keyword>cqdcr</Keyword>
                                <Keyword>qfg</Keyword>
                                <Keyword>qorrymufufivc</Keyword>
                            </KeywordAnnotation>
                        </TextAnnotation>
                        <TextAnnotation confidence="0.0" relevance="0.0" xml:lang="en">
                            <KeywordAnnotation>
                                <Keyword>O</Keyword>
                            </KeywordAnnotation>
                        </TextAnnotation>
                    </AudioVisualSegment>
                    <AudioVisualSegment id="track-1.segment-24">
                        <mediaTime>
                            <mediaRelTimePoint>T00:29:42:0F1000</mediaRelTimePoint>
                            <mediaDuration>PT31S0N1000F</mediaDuration>
                        </mediaTime>
                        <TextAnnotation confidence="0.5" relevance="0.5" xml:lang="de">
                            <KeywordAnnotation>
                                <Keyword>Alu</Keyword>
                            </KeywordAnnotation>
                        </TextAnnotation>
                        <TextAnnotation confidence="0.5" relevance="0.3" xml:lang="de">
                            <KeywordAnnotation>
                                <Keyword>chu</Keyword>
                            </KeywordAnnotation>
                        </TextAnnotation>
                        <TextAnnotation confidence="0.5" relevance="0.1" xml:lang="de">
                            <KeywordAnnotation>
                                <Keyword>tux</Keyword>
                            </KeywordAnnotation>
                        </TextAnnotation>
                        <TextAnnotation confidence="0.0" relevance="0.4" xml:lang="de">
                            <KeywordAnnotation>
                                <Keyword>nmutativc</Keyword>
                            </KeywordAnnotation>
                        </TextAnnotation>
                        <TextAnnotation confidence="0.0" relevance="0.3" xml:lang="de">
                            <KeywordAnnotation>
                                <Keyword>loot</Keyword>
                            </KeywordAnnotation>
                        </TextAnnotation>
                        <TextAnnotation confidence="0.0" relevance="0.0" xml:lang="de">
                            <KeywordAnnotation>
                                <Keyword>I</Keyword>
                                <Keyword>V</Keyword>
                                <Keyword>m</Keyword>
                            </KeywordAnnotation>
                        </TextAnnotation>
                    </AudioVisualSegment>
                    <AudioVisualSegment id="track-1.segment-25">
                        <mediaTime>
                            <mediaRelTimePoint>T00:30:13:0F1000</mediaRelTimePoint>
                            <mediaDuration>PT13S0N1000F</mediaDuration>
                        </mediaTime>
                        <TextAnnotation confidence="0.5" relevance="0.4" xml:lang="de">
                            <KeywordAnnotation>
                                <Keyword>dub</Keyword>
                            </KeywordAnnotation>
                        </TextAnnotation>
                        <TextAnnotation confidence="0.5" relevance="0.0" xml:lang="de">
                            <KeywordAnnotation>
                                <Keyword>Ln</Keyword>
                                <Keyword>Mn</Keyword>
                                <Keyword>QR</Keyword>
                                <Keyword>bL</Keyword>
                                <Keyword>ch</Keyword>
                                <Keyword>fd</Keyword>
                                <Keyword>ii</Keyword>
                                <Keyword>kw</Keyword>
                                <Keyword>ri</Keyword>
                            </KeywordAnnotation>
                        </TextAnnotation>
                        <TextAnnotation confidence="0.0" relevance="0.5" xml:lang="de">
                            <KeywordAnnotation>
                                <Keyword>bmueqrm</Keyword>
                            </KeywordAnnotation>
                        </TextAnnotation>
                        <TextAnnotation confidence="0.0" relevance="0.4" xml:lang="de">
                            <KeywordAnnotation>
                                <Keyword>ccov</Keyword>
                            </KeywordAnnotation>
                        </TextAnnotation>
                        <TextAnnotation confidence="0.0" relevance="0.2" xml:lang="de">
                            <KeywordAnnotation>
                                <Keyword>Tnmr</Keyword>
                            </KeywordAnnotation>
                        </TextAnnotation>
                        <TextAnnotation confidence="0.0" relevance="0.0" xml:lang="de">
                            <KeywordAnnotation>
                                <Keyword>-</Keyword>
                                <Keyword>H</Keyword>
                                <Keyword>J</Keyword>
                                <Keyword>Q</Keyword>
                                <Keyword>Y</Keyword>
                                <Keyword>d</Keyword>
                                <Keyword>j</Keyword>
                                <Keyword>l</Keyword>
                                <Keyword>n</Keyword>
                                <Keyword>r</Keyword>
                                <Keyword>t</Keyword>
                                <Keyword>u</Keyword>
                                <Keyword>v</Keyword>
                            </KeywordAnnotation>
                        </TextAnnotation>
                    </AudioVisualSegment>
                    <AudioVisualSegment id="track-1.segment-26">
                        <mediaTime>
                            <mediaRelTimePoint>T00:30:26:0F1000</mediaRelTimePoint>
                            <mediaDuration>PT18S0N1000F</mediaDuration>
                        </mediaTime>
                        <TextAnnotation confidence="0.5" relevance="0.3" xml:lang="de">
                            <KeywordAnnotation>
                                <Keyword>chu</Keyword>
                                <Keyword>fTZ</Keyword>
                            </KeywordAnnotation>
                        </TextAnnotation>
                        <TextAnnotation confidence="0.5" relevance="0.0" xml:lang="de">
                            <KeywordAnnotation>
                                <Keyword>Ln</Keyword>
                                <Keyword>Lt</Keyword>
                                <Keyword>QR</Keyword>
                                <Keyword>ms</Keyword>
                                <Keyword>rr</Keyword>
                                <Keyword>ru</Keyword>
                                <Keyword>xy</Keyword>
                            </KeywordAnnotation>
                        </TextAnnotation>
                        <TextAnnotation confidence="0.0" relevance="0.7" xml:lang="de">
                            <KeywordAnnotation>
                                <Keyword>bmuruwm</Keyword>
                            </KeywordAnnotation>
                        </TextAnnotation>
                        <TextAnnotation confidence="0.0" relevance="0.5" xml:lang="de">
                            <KeywordAnnotation>
                                <Keyword>Bn-</Keyword>
                                <Keyword>ccpry</Keyword>
                                <Keyword>iv-Ni</Keyword>
                            </KeywordAnnotation>
                        </TextAnnotation>
                        <TextAnnotation confidence="0.0" relevance="0.4" xml:lang="de">
                            <KeywordAnnotation>
                                <Keyword>chAbL</Keyword>
                                <Keyword>hnb</Keyword>
                                <Keyword>ucbab</Keyword>
                                <Keyword>x.r</Keyword>
                            </KeywordAnnotation>
                        </TextAnnotation>
                        <TextAnnotation confidence="0.0" relevance="0.0" xml:lang="de">
                            <KeywordAnnotation>
                                <Keyword>-</Keyword>
                                <Keyword>--</Keyword>
                                <Keyword>F</Keyword>
                                <Keyword>G</Keyword>
                                <Keyword>J</Keyword>
                                <Keyword>M</Keyword>
                                <Keyword>d</Keyword>
                                <Keyword>h</Keyword>
                                <Keyword>k</Keyword>
                                <Keyword>r</Keyword>
                                <Keyword>t</Keyword>
                                <Keyword>u</Keyword>
                                <Keyword>w</Keyword>
                            </KeywordAnnotation>
                        </TextAnnotation>
                    </AudioVisualSegment>
                    <AudioVisualSegment id="track-1.segment-27">
                        <mediaTime>
                            <mediaRelTimePoint>T00:30:44:0F1000</mediaRelTimePoint>
                            <mediaDuration>PT54S0N1000F</mediaDuration>
                        </mediaTime>
                        <TextAnnotation confidence="0.5" relevance="0.0" xml:lang="de">
                            <KeywordAnnotation>
                                <Keyword>QI</Keyword>
                                <Keyword>QR</Keyword>
                                <Keyword>ch</Keyword>
                                <Keyword>li</Keyword>
                                <Keyword>ql</Keyword>
                            </KeywordAnnotation>
                        </TextAnnotation>
                        <TextAnnotation confidence="0.0" relevance="0.5" xml:lang="de">
                            <KeywordAnnotation>
                                <Keyword>Llifi</Keyword>
                                <Keyword>bmu</Keyword>
                            </KeywordAnnotation>
                        </TextAnnotation>
                        <TextAnnotation confidence="0.0" relevance="0.4" xml:lang="de">
                            <KeywordAnnotation>
                                <Keyword>filill</Keyword>
                                <Keyword>uchab</Keyword>
                            </KeywordAnnotation>
                        </TextAnnotation>
                        <TextAnnotation confidence="0.0" relevance="0.0" xml:lang="de">
                            <KeywordAnnotation>
                                <Keyword>-</Keyword>
                                <Keyword>C</Keyword>
                                <Keyword>H</Keyword>
                                <Keyword>I</Keyword>
                                <Keyword>L</Keyword>
                                <Keyword>M</Keyword>
                                <Keyword>Q</Keyword>
                                <Keyword>a</Keyword>
                                <Keyword>b</Keyword>
                                <Keyword>c</Keyword>
                                <Keyword>d</Keyword>
                                <Keyword>n</Keyword>
                                <Keyword>nv</Keyword>
                                <Keyword>r</Keyword>
                                <Keyword>t</Keyword>
                                <Keyword>u</Keyword>
                                <Keyword>w</Keyword>
                                <Keyword>y</Keyword>
                            </KeywordAnnotation>
                        </TextAnnotation>
                    </AudioVisualSegment>
                    <AudioVisualSegment id="track-1.segment-28">
                        <mediaTime>
                            <mediaRelTimePoint>T00:31:38:0F1000</mediaRelTimePoint>
                            <mediaDuration>PT42S0N1000F</mediaDuration>
                        </mediaTime>
                        <TextAnnotation confidence="0.5" relevance="0.4" xml:lang="de">
                            <KeywordAnnotation>
                                <Keyword>dna</Keyword>
                                <Keyword>dnn</Keyword>
                            </KeywordAnnotation>
                        </TextAnnotation>
                        <TextAnnotation confidence="0.5" relevance="0.0" xml:lang="de">
                            <KeywordAnnotation>
                                <Keyword>IG</Keyword>
                                <Keyword>Ld</Keyword>
                                <Keyword>Ln</Keyword>
                                <Keyword>ch</Keyword>
                                <Keyword>if</Keyword>
                                <Keyword>qt</Keyword>
                                <Keyword>zL</Keyword>
                            </KeywordAnnotation>
                        </TextAnnotation>
                        <TextAnnotation confidence="0.0" relevance="0.6" xml:lang="de">
                            <KeywordAnnotation>
                                <Keyword>mmuvqvzw</Keyword>
                            </KeywordAnnotation>
                        </TextAnnotation>
                        <TextAnnotation confidence="0.0" relevance="0.5" xml:lang="de">
                            <KeywordAnnotation>
                                <Keyword>Coyy</Keyword>
                                <Keyword>vli-J</Keyword>
                            </KeywordAnnotation>
                        </TextAnnotation>
                        <TextAnnotation confidence="0.0" relevance="0.4" xml:lang="de">
                            <KeywordAnnotation>
                                <Keyword>chAb</Keyword>
                                <Keyword>eAs</Keyword>
                                <Keyword>uinut</Keyword>
                            </KeywordAnnotation>
                        </TextAnnotation>
                        <TextAnnotation confidence="0.0" relevance="0.0" xml:lang="de">
                            <KeywordAnnotation>
                                <Keyword>-</Keyword>
                                <Keyword>E</Keyword>
                                <Keyword>I</Keyword>
                                <Keyword>R</Keyword>
                                <Keyword>WQ</Keyword>
                                <Keyword>b</Keyword>
                                <Keyword>d</Keyword>
                                <Keyword>g</Keyword>
                                <Keyword>l</Keyword>
                                <Keyword>n</Keyword>
                                <Keyword>t</Keyword>
                                <Keyword>u</Keyword>
                                <Keyword>z</Keyword>
                            </KeywordAnnotation>
                        </TextAnnotation>
                    </AudioVisualSegment>
                    <AudioVisualSegment id="track-1.segment-29">
                        <mediaTime>
                            <mediaRelTimePoint>T00:32:20:0F1000</mediaRelTimePoint>
                            <mediaDuration>PT16S0N1000F</mediaDuration>
                        </mediaTime>
                        <TextAnnotation confidence="0.5" relevance="0.4" xml:lang="de">
                            <KeywordAnnotation>
                                <Keyword>iii</Keyword>
                            </KeywordAnnotation>
                        </TextAnnotation>
                        <TextAnnotation confidence="0.5" relevance="0.2" xml:lang="de">
                            <KeywordAnnotation>
                                <Keyword>SWV</Keyword>
                            </KeywordAnnotation>
                        </TextAnnotation>
                        <TextAnnotation confidence="0.5" relevance="0.0" xml:lang="de">
                            <KeywordAnnotation>
                                <Keyword>HJ</Keyword>
                                <Keyword>QR</Keyword>
                                <Keyword>Ts</Keyword>
                            </KeywordAnnotation>
                        </TextAnnotation>
                        <TextAnnotation confidence="0.0" relevance="0.5" xml:lang="de">
                            <KeywordAnnotation>
                                <Keyword>sr---el</Keyword>
                            </KeywordAnnotation>
                        </TextAnnotation>
                        <TextAnnotation confidence="0.0" relevance="0.4" xml:lang="de">
                            <KeywordAnnotation>
                                <Keyword>nmufcfivc</Keyword>
                            </KeywordAnnotation>
                        </TextAnnotation>
                        <TextAnnotation confidence="0.0" relevance="0.2" xml:lang="de">
                            <KeywordAnnotation>
                                <Keyword>IiF</Keyword>
                                <Keyword>TiW</Keyword>
                                <Keyword>atu</Keyword>
                            </KeywordAnnotation>
                        </TextAnnotation>
                        <TextAnnotation confidence="0.0" relevance="0.0" xml:lang="de">
                            <KeywordAnnotation>
                                <Keyword>-</Keyword>
                                <Keyword>E</Keyword>
                                <Keyword>I</Keyword>
                                <Keyword>U</Keyword>
                                <Keyword>a</Keyword>
                                <Keyword>d</Keyword>
                                <Keyword>f</Keyword>
                                <Keyword>n</Keyword>
                                <Keyword>r</Keyword>
                            </KeywordAnnotation>
                        </TextAnnotation>
                    </AudioVisualSegment>
                    <AudioVisualSegment id="track-1.segment-30">
                        <mediaTime>
                            <mediaRelTimePoint>T00:32:36:0F1000</mediaRelTimePoint>
                            <mediaDuration>PT53S0N1000F</mediaDuration>
                        </mediaTime>
                        <TextAnnotation confidence="0.5" relevance="0.4" xml:lang="en">
                            <KeywordAnnotation>
                                <Keyword>COMPARABLE</Keyword>
                                <Keyword>Current</Keyword>
                                <Keyword>How</Keyword>
                                <Keyword>alias</Keyword>
                                <Keyword>class</Keyword>
                                <Keyword>deferred</Keyword>
                                <Keyword>rur</Keyword>
                                <Keyword>write</Keyword>
                                <Keyword>xor</Keyword>
                            </KeywordAnnotation>
                        </TextAnnotation>
                        <TextAnnotation confidence="0.5" relevance="0.3" xml:lang="en">
                            <KeywordAnnotation>
                                <Keyword>Result</Keyword>
                            </KeywordAnnotation>
                        </TextAnnotation>
                        <TextAnnotation confidence="0.5" relevance="0.0" xml:lang="en">
                            <KeywordAnnotation>
                                <Keyword>Tf</Keyword>
                                <Keyword>do</Keyword>
                                <Keyword>we</Keyword>
                                <Keyword>xc</Keyword>
                            </KeywordAnnotation>
                        </TextAnnotation>
                        <TextAnnotation confidence="0.0" relevance="0.5" xml:lang="en">
                            <KeywordAnnotation>
                                <Keyword>Eij</Keyword>
                            </KeywordAnnotation>
                        </TextAnnotation>
                        <TextAnnotation confidence="0.0" relevance="0.4" xml:lang="en">
                            <KeywordAnnotation>
                                <Keyword>A,,,n</Keyword>
                                <Keyword>BOOLEA</Keyword>
                                <Keyword>COMPARABA</Keyword>
                                <Keyword>COMPARABL</Keyword>
                                <Keyword>Cumm</Keyword>
                                <Keyword>OMPA</Keyword>
                                <Keyword>UBL</Keyword>
                                <Keyword>cafcr</Keyword>
                                <Keyword>gu-</Keyword>
                                <Keyword>lcs</Keyword>
                                <Keyword>qliq</Keyword>
                                <Keyword>rr.r</Keyword>
                            </KeywordAnnotation>
                        </TextAnnotation>
                        <TextAnnotation confidence="0.0" relevance="0.0" xml:lang="en">
                            <KeywordAnnotation>
                                <Keyword>-</Keyword>
                                <Keyword>A</Keyword>
                                <Keyword>C</Keyword>
                                <Keyword>E</Keyword>
                                <Keyword>F</Keyword>
                                <Keyword>FW</Keyword>
                                <Keyword>G</Keyword>
                                <Keyword>J</Keyword>
                                <Keyword>P</Keyword>
                                <Keyword>Y</Keyword>
                                <Keyword>e</Keyword>
                                <Keyword>f</Keyword>
                                <Keyword>i</Keyword>
                                <Keyword>x</Keyword>
                            </KeywordAnnotation>
                        </TextAnnotation>
                    </AudioVisualSegment>
                    <AudioVisualSegment id="track-1.segment-31">
                        <mediaTime>
                            <mediaRelTimePoint>T00:33:29:0F1000</mediaRelTimePoint>
                            <mediaDuration>PT23S0N1000F</mediaDuration>
                        </mediaTime>
                        <TextAnnotation confidence="0.5" relevance="0.5" xml:lang="en">
                            <KeywordAnnotation>
                                <Keyword>COMPARABLE</Keyword>
                                <Keyword>How</Keyword>
                                <Keyword>feature</Keyword>
                                <Keyword>write</Keyword>
                            </KeywordAnnotation>
                        </TextAnnotation>
                        <TextAnnotation confidence="0.5" relevance="0.4" xml:lang="en">
                            <KeywordAnnotation>
                                <Keyword>class</Keyword>
                                <Keyword>deferred</Keyword>
                            </KeywordAnnotation>
                        </TextAnnotation>
                        <TextAnnotation confidence="0.5" relevance="0.0" xml:lang="en">
                            <KeywordAnnotation>
                                <Keyword>do</Keyword>
                                <Keyword>we</Keyword>
                            </KeywordAnnotation>
                        </TextAnnotation>
                        <TextAnnotation confidence="0.0" relevance="0.5" xml:lang="en">
                            <KeywordAnnotation>
                                <Keyword>COMPAQABLE</Keyword>
                            </KeywordAnnotation>
                        </TextAnnotation>
                        <TextAnnotation confidence="0.0" relevance="0.0" xml:lang="en">
                            <KeywordAnnotation>
                                <Keyword>O</Keyword>
                            </KeywordAnnotation>
                        </TextAnnotation>
                    </AudioVisualSegment>
                    <AudioVisualSegment id="track-1.segment-32">
                        <mediaTime>
                            <mediaRelTimePoint>T00:33:52:0F1000</mediaRelTimePoint>
                            <mediaDuration>PT51M28S888N1000F</mediaDuration>
                        </mediaTime>
                        <TextAnnotation confidence="0.5" relevance="0.6" xml:lang="de">
                            <KeywordAnnotation>
                                <Keyword>ELLIPSE</Keyword>
                                <Keyword>and</Keyword>
                            </KeywordAnnotation>
                        </TextAnnotation>
                        <TextAnnotation confidence="0.5" relevance="0.5" xml:lang="de">
                            <KeywordAnnotation>
                                <Keyword>data</Keyword>
                                <Keyword>inheritance</Keyword>
                                <Keyword>structures</Keyword>
                            </KeywordAnnotation>
                        </TextAnnotation>
                        <TextAnnotation confidence="0.5" relevance="0.4" xml:lang="de">
                            <KeywordAnnotation>
                                <Keyword>CIRCLE</Keyword>
                                <Keyword>ELLIPSE</Keyword>
                                <Keyword>POL</Keyword>
                            </KeywordAnnotation>
                        </TextAnnotation>
                        <TextAnnotation confidence="0.5" relevance="0.0" xml:lang="de">
                            <KeywordAnnotation>
                                <Keyword>MJ</Keyword>
                                <Keyword>an</Keyword>
                                <Keyword>cl</Keyword>
                                <Keyword>pE</Keyword>
                                <Keyword>zz</Keyword>
                            </KeywordAnnotation>
                        </TextAnnotation>
                        <TextAnnotation confidence="0.0" relevance="0.6" xml:lang="de">
                            <KeywordAnnotation>
                                <Keyword>Lzsrm</Keyword>
                                <Keyword>cum</Keyword>
                                <Keyword>eww</Keyword>
                                <Keyword>urgnumy</Keyword>
                            </KeywordAnnotation>
                        </TextAnnotation>
                        <TextAnnotation confidence="0.0" relevance="0.5" xml:lang="de">
                            <KeywordAnnotation>
                                <Keyword>EPZ</Keyword>
                                <Keyword>Genaricity</Keyword>
                                <Keyword>Polymorphic</Keyword>
                                <Keyword>lasrr</Keyword>
                                <Keyword>tQf</Keyword>
                            </KeywordAnnotation>
                        </TextAnnotation>
                        <TextAnnotation confidence="0.0" relevance="0.4" xml:lang="de">
                            <KeywordAnnotation>
                                <Keyword>URCLE</Keyword>
                                <Keyword>YGOM</Keyword>
                            </KeywordAnnotation>
                        </TextAnnotation>
                        <TextAnnotation confidence="0.0" relevance="0.0" xml:lang="de">
                            <KeywordAnnotation>
                                <Keyword>-</Keyword>
                                <Keyword>C</Keyword>
                                <Keyword>E</Keyword>
                                <Keyword>F</Keyword>
                                <Keyword>G</Keyword>
                                <Keyword>J</Keyword>
                                <Keyword>L</Keyword>
                                <Keyword>V</Keyword>
                                <Keyword>Z</Keyword>
                                <Keyword>a</Keyword>
                                <Keyword>i</Keyword>
                                <Keyword>l</Keyword>
                                <Keyword>r</Keyword>
                                <Keyword>s</Keyword>
                                <Keyword>z</Keyword>
                            </KeywordAnnotation>
                        </TextAnnotation>
                    </AudioVisualSegment>
                </TemporalDecomposition>
            </AudioVisual>
        </MultimediaContent>
    </Description>
</Mpeg7>
