<?xml version="1.0" encoding="UTF-8"?>
<metadata xmlns="http://www.opencastproject.org/xsd/1.0/dublincore/" xmlns:dcterms="http://purl.org/dc/terms/" xmlns:xsi="http://www.w3.org/2001/XMLSchema-instance">
    <dcterms:creator>Folkers, Gerd</dcterms:creator>
    <dcterms:creator>Fehr, Johannes</dcterms:creator>
    <dcterms:extent xsi:type="dcterms:ISO8601">PT1H14M43.776S</dcterms:extent>
    <dcterms:isPartOf>COLL-0001-00X</dcterms:isPartOf>
    <dcterms:license xml:lang="de">http://www.multimedia.ethz.ch/docs/haftungsausschluss/index</dcterms:license>
    <dcterms:license xml:lang="en">http://www.multimedia.ethz.ch/docs/disclaimer/index</dcterms:license>
    <dcterms:created xsi:type="dcterms:W3CDTF">2009-10-14</dcterms:created>
    <dcterms:language>deu</dcterms:language>
    <dcterms:rightsHolder xml:lang="de">ETH Zürich, Schweiz</dcterms:rightsHolder>
    <dcterms:rightsHolder xml:lang="en">ETH Zurich, Switzerland</dcterms:rightsHolder>
    <dcterms:publisher xml:lang="de">ETH Zürich, ID-MMS; Schweiz</dcterms:publisher>
    <dcterms:publisher xml:lang="en">ETH Zurich, ITS-MMS; Switzerland</dcterms:publisher>
    <dcterms:accessRights>http://www.multimedia.ethz.ch/docs/</dcterms:accessRights>
    <dcterms:spatial>ETHZ, STW</dcterms:spatial>
    <dcterms:identifier>10.3930/ETHZ/AV-1e2af950-1b9c-4c29-9d7a-dcb3a832989c</dcterms:identifier>
    <dcterms:title>Zur Empirie der Emotionen - Einführung</dcterms:title>
</metadata>
