<?xml version="1.0" encoding="UTF-8"?>
<metadata xmlns="http://www.opencastproject.org/xsd/1.0/dublincore/"
	xmlns:dcterms="http://purl.org/dc/terms/" xmlns:xsi="http://www.w3.org/2001/XMLSchema-instance">
	<dcterms:creator>CCES</dcterms:creator>
	<dcterms:license xml:lang="de">http://www.multimedia.ethz.ch/docs/haftungsausschluss/index</dcterms:license>
	<dcterms:license xml:lang="en">http://www.multimedia.ethz.ch/docs/disclaimer/index</dcterms:license>
	<dcterms:created xsi:type="dcterms:W3CDTF">2009-11-12</dcterms:created>
	<dcterms:abstract>Im Vorfeld der Weltklimakonferenz in Kopenhagen
		werden die Diskussionen um die Folgen der globalen Erwärmung wieder
		kontroverser geführt. Mit der Revision des CO2-Gesetzes rückt das
		Thema auch in der Schweiz ins Zentrum der gesellschaftlichen Debatte.
		Die Wissenschaftlerinnen und Wissenschaftler der ETH Zürich tragen mit
		ihrer Forschung massgeblich zu einem besseren Verständnis des
		komplexen Klimasystems bei und liefern Lösungsansätze, um der
		Erderwärmung und ihren Folgen entgegenzuwirken. Sie möchten mit Ihnen
		in einen kritischen Dialog treten.</dcterms:abstract>
	<dcterms:language>deu</dcterms:language>
	<dcterms:rightsHolder xml:lang="de">ETH Zürich, Schweiz</dcterms:rightsHolder>
	<dcterms:rightsHolder xml:lang="en">ETH Zurich,
		Switzerland</dcterms:rightsHolder>
	<dcterms:publisher xml:lang="de">ETH Zürich, ID-MMS;
		Schweiz</dcterms:publisher>
	<dcterms:publisher xml:lang="en">ETH Zurich, ITS-MMS;
		Switzerland</dcterms:publisher>
	<dcterms:identifier>74c13b81-caba-44f1-b2fa-46692e0ca1f3</dcterms:identifier>
	<dcterms:title>Klimaveranstaltung der ETH Zürich, des Sustainability
		Forums Zürich und des CCES</dcterms:title>
</metadata>
