<?xml version="1.0" encoding="UTF-8"?>
<mediapackage>
	<media>
		<track id="track-1" type="presentation/engage">
			<url>tracks/movie.flv</url>
			<mimetype>video/x-flv</mimetype>
			<checksum type="md5">7b3c7e8cc2cba2f5b7af4fd4224f3005</checksum>
			<tags>
				<tag>engage</tag>
			</tags>
		</track>
	</media>
	<metadata>
		<catalog id="catalog-2" type="metadata/dublincore">
			<mimetype>text/xml</mimetype>
			<checksum type="md5">c687b50e496496959d9d2948168defa9</checksum>
			<url>metadata/dublincore-e-talk04.xml</url>
		</catalog>
		<catalog id="catalog-1" ref="series:1cd38174-d51f-4222-8b50-f6116aaf9919"
			type="metadata/dublincore">
			<mimetype>text/xml</mimetype>
			<checksum type="md5">bbfe18027095d06cfe1afdd598060a0a</checksum>
			<url>metadata/dublincore-s-00002.xml</url>
		</catalog>
		<catalog id="catalog-3" type="segments/slides">
			<mimetype>text/xml</mimetype>
			<checksum type="md5">d41d8cd98f00b204e9800998ecf8427e</checksum>
			<url>metadata/mpeg-77471535767341486611.xml</url>
		</catalog>
	</metadata>
</mediapackage>
