<?xml version="1.0" encoding="UTF-8"?>
<mediapackage>
	<media>
		<track id="track-1" type="presentation/engage">
			<url>tracks/movie.flv</url>
			<mimetype>video/x-flv</mimetype>
			<checksum type="md5">7b3c7e8cc2cba2f5b7af4fd4224f3005</checksum>
			<tags>
				<tag>engage</tag>
			</tags>
		</track>
	</media>
	<metadata>
		<catalog id="catalog-2" type="metadata/dublincore">
			<mimetype>text/xml</mimetype>
			<checksum type="md5">573c0630772d45eb9203be1b94b51984</checksum>
			<url>metadata/dublincore-e-medizintechnik.xml</url>
		</catalog>
		<catalog id="catalog-1" ref="series:AlumniHeadquarter" type="metadata/dublincore">
			<mimetype>text/xml</mimetype>
			<checksum type="md5">5275afc0931095c550618baf390024f1</checksum>
			<url>metadata/dublincore7717872125288145728.xml</url>
		</catalog>
		<catalog id="catalog-3" type="segments/slides">
			<mimetype>text/xml</mimetype>
			<checksum type="md5">d41d8cd98f00b204e9800998ecf8427e</checksum>
			<url>metadata/mpeg-74279040375450619023.xml</url>
		</catalog>
	</metadata>
</mediapackage>
