<?xml version="1.0" encoding="UTF-8"?>
<metadata xmlns="http://www.opencastproject.org/xsd/1.0/dublincore/" xmlns:dcterms="http://purl.org/dc/terms/" xmlns:xsi="http://www.w3.org/2001/XMLSchema-instance">
    <dcterms:creator>Sanders, David</dcterms:creator>
    <dcterms:contributor>Department of Physics</dcterms:contributor>
    <dcterms:extent xsi:type="dcterms:ISO8601">PT55M5.358S</dcterms:extent>
    <dcterms:isPartOf>PHYS-0001-00X</dcterms:isPartOf>
    <dcterms:license xml:lang="de">http://www.multimedia.ethz.ch/docs/haftungsausschluss/index</dcterms:license>
    <dcterms:license xml:lang="en">http://www.multimedia.ethz.ch/docs/disclaimer/index</dcterms:license>
    <dcterms:created xsi:type="dcterms:W3CDTF">2009-10-28</dcterms:created>
    <dcterms:abstract>Our current view of galaxy evolution has been dramatically enhanced by new deep field surveys at far-infrared and submillimeter wavelengths. Evidence now suggests that the extragalactic luminosity density in the far-IR/submm region of the electromagnetic spectrum exceeds that in the optical/ultraviolet by factors of 2-5 at redshifts z &gt; 1, implying that as much as 80% of the "activity" in galaxies in the distant Universe is hidden by dust. Much of this obscured activity occurs in Luminous Infrared Galaxies (LIRGs), which appear to be triggered by major mergers of gas-rich spirals. LIRGs are powered by both dust-enshrouded super-starbursts and accretion onto massive black holes (MBH). The LIRG phase ends shortly after the merger of the two MBH, which triggers an ejection of most of the surrounding gas and dust, leaving behind a gas-po0r, massive elliptical galaxy. This major event in galaxy evolution has been largely missed by deep UV/optical surveys. Our own galaxy, the Milky Way will likely suffer a similar fate 5 billion years hence, when it merges with our large neighbor - the Andromeda galaxy. The merger of two MBH (~106 Msun), will be one of the prime targets for testing General Relativity using the Laser Interferometer Space Antenna (LISA). Our results for the number density of LIRGs suggest that such events may be as common as one per week.</dcterms:abstract>
    <dcterms:language>eng</dcterms:language>
    <dcterms:rightsHolder xml:lang="de">ETH Zürich, Schweiz</dcterms:rightsHolder>
    <dcterms:rightsHolder xml:lang="en">ETH Zurich, Switzerland</dcterms:rightsHolder>
    <dcterms:publisher xml:lang="de">ETH Zürich, ID-MMS; Schweiz</dcterms:publisher>
    <dcterms:publisher xml:lang="en">ETH Zurich, ITS-MMS; Switzerland</dcterms:publisher>
    <dcterms:identifier>10.3930/ETHZ/AV-5a61d457-c2b4-43b7-923a-342d990030ed</dcterms:identifier>
    <dcterms:title>The Infrared Universe: The Cosmic Evolution of Superstarbursts
and Merging Massive Black Holes</dcterms:title>
</metadata>
