<?xml version="1.0" encoding="UTF-8"?>
<metadata xmlns="http://www.opencastproject.org/xsd/1.0/dublincore/"
	xmlns:dcterms="http://purl.org/dc/terms/" xmlns:xsi="http://www.w3.org/2001/XMLSchema-instance">
	<dcterms:creator>Bendali, Abderrahmane</dcterms:creator>
	<dcterms:contributor xml:lang="de">Departement
		Mathematik</dcterms:contributor>
	<dcterms:contributor xml:lang="en">Department of
		Mathematics</dcterms:contributor>
	<dcterms:type>Event/Lecture</dcterms:type>
	<dcterms:license xml:lang="de">http://www.multimedia.ethz.ch/docs/haftungsausschluss/index</dcterms:license>
	<dcterms:license xml:lang="en">http://www.multimedia.ethz.ch/docs/disclaimer/index</dcterms:license>
	<dcterms:available xsi:type="dcterms:W3CDTF">2009-09-16</dcterms:available>
	<dcterms:created xsi:type="dcterms:Period">start=2009-09-15T11:00Z;
		end=2009-12-18T11:00Z; scheme=W3C-DTF;</dcterms:created>
	<dcterms:temporal xsi:type="dcterms:Period">start=2009-09-15T11:00Z;
		end=2009-12-18T11:00Z; scheme=W3C-DTF;</dcterms:temporal>
	<dcterms:description>1. Introduction to regular and singular asymptotic
		expansions.&#13;
		&#13;
		2. Scattering by a coated impenetrable obstacle: the Helmholtz&#13;
		et the Maxwell equations.&#13;
		&#13;
		3. Two scales asymptotic expansion of the field scattered by a&#13;
		highly oscillating surface.&#13;
		&#13;
		4. Treatment of the penetration of a wave in slot by means of&#13;
		the method of matched asymptotic expansions.&#13;
		&#13;
		5. Mathematical justification of the cavity model in patch&#13;
		antenna analysis by the method of matched asymptotic expansions.&#13;
		&#13;
		6. Wave propagation in a domain with a small hole.</dcterms:description>
	<dcterms:language>eng</dcterms:language>
	<dcterms:rightsHolder xml:lang="de">ETH Zürich, Schweiz</dcterms:rightsHolder>
	<dcterms:rightsHolder xml:lang="en">ETH Zurich,
		Switzerland</dcterms:rightsHolder>
	<dcterms:publisher xml:lang="de">ETH Zürich, ID-MMS;
		Schweiz</dcterms:publisher>
	<dcterms:publisher xml:lang="en">ETH Zurich, ITS-MMS;
		Switzerland</dcterms:publisher>
	<dcterms:audience xml:lang="de">Bachelorstudium</dcterms:audience>
	<dcterms:audience xml:lang="en">Bachelor Programme</dcterms:audience>
	<dcterms:spatial xml:lang="de">Zürich, Schweiz</dcterms:spatial>
	<dcterms:spatial xml:lang="en">Zurich, Switzerland</dcterms:spatial>
	<dcterms:issued xsi:type="dcterms:W3CDTF">2009-09-16</dcterms:issued>
	<dcterms:identifier>401-4781-59L-2009W</dcterms:identifier>
	<dcterms:title>Asymptotic Methods for Wave Propagation Problems</dcterms:title>
</metadata>
