<?xml version="1.0" encoding="UTF-8"?>
<Mpeg7 xmlns="urn:mpeg:mpeg7:schema:2001" xmlns:mpeg7="urn:mpeg7:schema:2001"
	xmlns:xsi="http://www.w3.org/2001/XMLSchema-instance/">
	<Description xsi:type="ContentEntityType">
		<MultimediaContent xsi:type="AudioVisualType">
			<AudioVisual id="track-1">
				<mediaLocator>
					<mediaUri>file:tracks/camera.avi</mediaUri>
				</mediaLocator>
				<mediaTime>
					<mediaTimePoint>T00:00:00:0F25</mediaTimePoint>
					<mediaDuration>PT01H36M20S0N1000F</mediaDuration>
				</mediaTime>
			</AudioVisual>
			<AudioVisual id="track-0">
				<mediaLocator>
					<mediaUri>file:tracks/grabber.avi</mediaUri>
				</mediaLocator>
				<mediaTime>
					<mediaTimePoint>T00:00:00:0F5</mediaTimePoint>
					<mediaDuration>PT01H41M30S0N1000F</mediaDuration>
				</mediaTime>
				<TemporalDecomposition criteria="temporal"
					gap="false" overlap="false">
					<AudioVisualSegment id="track-0.segment-1">
						<mediaTime>
							<mediaRelTimePoint>T00:00:00:0F1000</mediaRelTimePoint>
							<mediaDuration>PT01M47S0N1000F</mediaDuration>
						</mediaTime>
						<TextAnnotation confidence="0.5" relevance="0.0"
							xml:lang="de">
							<KeywordAnnotation>
								<Keyword>xT</Keyword>
							</KeywordAnnotation>
						</TextAnnotation>
						<TextAnnotation confidence="0.0" relevance="0.2"
							xml:lang="de">
							<KeywordAnnotation>
								<Keyword>-.--</Keyword>
							</KeywordAnnotation>
						</TextAnnotation>
						<TextAnnotation confidence="0.0" relevance="0.0"
							xml:lang="de">
							<KeywordAnnotation>
								<Keyword>-</Keyword>
								<Keyword>f</Keyword>
							</KeywordAnnotation>
						</TextAnnotation>
					</AudioVisualSegment>
					<AudioVisualSegment id="track-0.segment-2">
						<mediaTime>
							<mediaRelTimePoint>T00:01:47:0F1000</mediaRelTimePoint>
							<mediaDuration>PT33M45S0N1000F</mediaDuration>
						</mediaTime>
						<TextAnnotation confidence="0.0" relevance="0.2"
							xml:lang="en">
							<KeywordAnnotation>
								<Keyword>QIIII</Keyword>
							</KeywordAnnotation>
						</TextAnnotation>
						<TextAnnotation confidence="0.0" relevance="0.0"
							xml:lang="en">
							<KeywordAnnotation>
								<Keyword>-</Keyword>
								<Keyword>E</Keyword>
								<Keyword>T</Keyword>
								<Keyword>i</Keyword>
							</KeywordAnnotation>
						</TextAnnotation>
					</AudioVisualSegment>
					<AudioVisualSegment id="track-0.segment-3">
						<mediaTime>
							<mediaRelTimePoint>T00:35:32:0F1000</mediaRelTimePoint>
							<mediaDuration>PT07M39S0N1000F</mediaDuration>
						</mediaTime>
						<TextAnnotation confidence="0.0" relevance="0.2"
							xml:lang="en">
							<KeywordAnnotation>
								<Keyword>lll</Keyword>
							</KeywordAnnotation>
						</TextAnnotation>
						<TextAnnotation confidence="0.0" relevance="0.0"
							xml:lang="en">
							<KeywordAnnotation>
								<Keyword>-</Keyword>
								<Keyword>--</Keyword>
								<Keyword>E</Keyword>
								<Keyword>T</Keyword>
								<Keyword>U</Keyword>
								<Keyword>l</Keyword>
								<Keyword>s</Keyword>
							</KeywordAnnotation>
						</TextAnnotation>
					</AudioVisualSegment>
					<AudioVisualSegment id="track-0.segment-4">
						<mediaTime>
							<mediaRelTimePoint>T00:43:11:0F1000</mediaRelTimePoint>
							<mediaDuration>PT01M58S0N1000F</mediaDuration>
						</mediaTime>
						<TextAnnotation confidence="0.5" relevance="0.5"
							xml:lang="en">
							<KeywordAnnotation>
								<Keyword>The</Keyword>
								<Keyword>and</Keyword>
								<Keyword>fundamental</Keyword>
								<Keyword>mort</Keyword>
								<Keyword>new</Keyword>
								<Keyword>obtained</Keyword>
								<Keyword>the</Keyword>
								<Keyword>thin</Keyword>
							</KeywordAnnotation>
						</TextAnnotation>
						<TextAnnotation confidence="0.5" relevance="0.4"
							xml:lang="en">
							<KeywordAnnotation>
								<Keyword>give</Keyword>
								<Keyword>relevant</Keyword>
								<Keyword>seen</Keyword>
								<Keyword>that</Keyword>
								<Keyword>the</Keyword>
								<Keyword>thi</Keyword>
								<Keyword>yields</Keyword>
								<Keyword>zone</Keyword>
							</KeywordAnnotation>
						</TextAnnotation>
						<TextAnnotation confidence="0.5" relevance="0.0"
							xml:lang="en">
							<KeywordAnnotation>
								<Keyword>II</Keyword>
								<Keyword>Ls</Keyword>
								<Keyword>PI</Keyword>
								<Keyword>aI</Keyword>
								<Keyword>an</Keyword>
								<Keyword>by</Keyword>
								<Keyword>ct</Keyword>
								<Keyword>in</Keyword>
								<Keyword>of</Keyword>
								<Keyword>th</Keyword>
								<Keyword>ut</Keyword>
							</KeywordAnnotation>
						</TextAnnotation>
						<TextAnnotation confidence="0.0" relevance="0.5"
							xml:lang="en">
							<KeywordAnnotation>
								<Keyword>Iunmz</Keyword>
								<Keyword>a.u</Keyword>
								<Keyword>appnnlmatluu</Keyword>
								<Keyword>completly</Keyword>
								<Keyword>givu</Keyword>
								<Keyword>lxmm</Keyword>
							</KeywordAnnotation>
						</TextAnnotation>
						<TextAnnotation confidence="0.0" relevance="0.4"
							xml:lang="en">
							<KeywordAnnotation>
								<Keyword>appmxinnaticn</Keyword>
								<Keyword>balm</Keyword>
							</KeywordAnnotation>
						</TextAnnotation>
						<TextAnnotation confidence="0.0" relevance="0.0"
							xml:lang="en">
							<KeywordAnnotation>
								<Keyword>-</Keyword>
								<Keyword>I</Keyword>
								<Keyword>W</Keyword>
								<Keyword>a</Keyword>
								<Keyword>c</Keyword>
								<Keyword>h</Keyword>
								<Keyword>j</Keyword>
								<Keyword>k</Keyword>
								<Keyword>l</Keyword>
								<Keyword>m</Keyword>
								<Keyword>n</Keyword>
								<Keyword>s</Keyword>
								<Keyword>u</Keyword>
								<Keyword>v</Keyword>
							</KeywordAnnotation>
						</TextAnnotation>
					</AudioVisualSegment>
					<AudioVisualSegment id="track-0.segment-5">
						<mediaTime>
							<mediaRelTimePoint>T00:45:09:0F1000</mediaRelTimePoint>
							<mediaDuration>PT14S0N1000F</mediaDuration>
						</mediaTime>
						<TextAnnotation confidence="0.5" relevance="0.6"
							xml:lang="en">
							<KeywordAnnotation>
								<Keyword>umm</Keyword>
							</KeywordAnnotation>
						</TextAnnotation>
						<TextAnnotation confidence="0.5" relevance="0.5"
							xml:lang="en">
							<KeywordAnnotation>
								<Keyword>and</Keyword>
								<Keyword>asymptotic</Keyword>
								<Keyword>explicit</Keyword>
								<Keyword>foam</Keyword>
								<Keyword>pim</Keyword>
								<Keyword>that</Keyword>
								<Keyword>the</Keyword>
							</KeywordAnnotation>
						</TextAnnotation>
						<TextAnnotation confidence="0.5" relevance="0.4"
							xml:lang="en">
							<KeywordAnnotation>
								<Keyword>Consider</Keyword>
								<Keyword>Write</Keyword>
								<Keyword>equation</Keyword>
								<Keyword>the</Keyword>
							</KeywordAnnotation>
						</TextAnnotation>
						<TextAnnotation confidence="0.5" relevance="0.0"
							xml:lang="en">
							<KeywordAnnotation>
								<Keyword>Bm</Keyword>
								<Keyword>an</Keyword>
								<Keyword>by</Keyword>
								<Keyword>gn</Keyword>
								<Keyword>in</Keyword>
								<Keyword>it</Keyword>
								<Keyword>jj</Keyword>
								<Keyword>ll</Keyword>
								<Keyword>on</Keyword>
								<Keyword>pm</Keyword>
							</KeywordAnnotation>
						</TextAnnotation>
						<TextAnnotation confidence="0.0" relevance="0.6"
							xml:lang="en">
							<KeywordAnnotation>
								<Keyword>Tnnunazmmmr</Keyword>
								<Keyword>irltqral</Keyword>
							</KeywordAnnotation>
						</TextAnnotation>
						<TextAnnotation confidence="0.0" relevance="0.5"
							xml:lang="en">
							<KeywordAnnotation>
								<Keyword>D,u</Keyword>
								<Keyword>codhcients</Keyword>
								<Keyword>intqrating</Keyword>
								<Keyword>knmuing</Keyword>
							</KeywordAnnotation>
						</TextAnnotation>
						<TextAnnotation confidence="0.0" relevance="0.4"
							xml:lang="en">
							<KeywordAnnotation>
								<Keyword>nod</Keyword>
							</KeywordAnnotation>
						</TextAnnotation>
						<TextAnnotation confidence="0.0" relevance="0.3"
							xml:lang="en">
							<KeywordAnnotation>
								<Keyword>ilggjl</Keyword>
							</KeywordAnnotation>
						</TextAnnotation>
						<TextAnnotation confidence="0.0" relevance="0.0"
							xml:lang="en">
							<KeywordAnnotation>
								<Keyword>Q</Keyword>
								<Keyword>u</Keyword>
							</KeywordAnnotation>
						</TextAnnotation>
					</AudioVisualSegment>
					<AudioVisualSegment id="track-0.segment-6">
						<mediaTime>
							<mediaRelTimePoint>T00:45:23:0F1000</mediaRelTimePoint>
							<mediaDuration>PT12S0N1000F</mediaDuration>
						</mediaTime>
						<TextAnnotation confidence="0.5" relevance="0.6"
							xml:lang="en">
							<KeywordAnnotation>
								<Keyword>umm</Keyword>
							</KeywordAnnotation>
						</TextAnnotation>
						<TextAnnotation confidence="0.5" relevance="0.5"
							xml:lang="en">
							<KeywordAnnotation>
								<Keyword>and</Keyword>
								<Keyword>asymptotic</Keyword>
								<Keyword>explicit</Keyword>
								<Keyword>knowing</Keyword>
								<Keyword>pans</Keyword>
								<Keyword>that</Keyword>
								<Keyword>the</Keyword>
							</KeywordAnnotation>
						</TextAnnotation>
						<TextAnnotation confidence="0.5" relevance="0.4"
							xml:lang="en">
							<KeywordAnnotation>
								<Keyword>Consider</Keyword>
								<Keyword>Write</Keyword>
								<Keyword>mill</Keyword>
								<Keyword>next</Keyword>
								<Keyword>the</Keyword>
							</KeywordAnnotation>
						</TextAnnotation>
						<TextAnnotation confidence="0.5" relevance="0.3"
							xml:lang="en">
							<KeywordAnnotation>
								<Keyword>ggm</Keyword>
							</KeywordAnnotation>
						</TextAnnotation>
						<TextAnnotation confidence="0.5" relevance="0.0"
							xml:lang="en">
							<KeywordAnnotation>
								<Keyword>Bp</Keyword>
								<Keyword>Tn</Keyword>
								<Keyword>an</Keyword>
								<Keyword>by</Keyword>
								<Keyword>in</Keyword>
								<Keyword>it</Keyword>
								<Keyword>on</Keyword>
								<Keyword>pm</Keyword>
								<Keyword>ru</Keyword>
							</KeywordAnnotation>
						</TextAnnotation>
						<TextAnnotation confidence="0.0" relevance="0.5"
							xml:lang="en">
							<KeywordAnnotation>
								<Keyword>D,u</Keyword>
								<Keyword>codhcients</Keyword>
								<Keyword>fum</Keyword>
								<Keyword>intqral</Keyword>
								<Keyword>intqrating</Keyword>
							</KeywordAnnotation>
						</TextAnnotation>
						<TextAnnotation confidence="0.0" relevance="0.4"
							xml:lang="en">
							<KeywordAnnotation>
								<Keyword>ll---</Keyword>
								<Keyword>quation</Keyword>
							</KeywordAnnotation>
						</TextAnnotation>
						<TextAnnotation confidence="0.0" relevance="0.0"
							xml:lang="en">
							<KeywordAnnotation>
								<Keyword>V</Keyword>
								<Keyword>a</Keyword>
								<Keyword>m</Keyword>
								<Keyword>n</Keyword>
								<Keyword>u</Keyword>
							</KeywordAnnotation>
						</TextAnnotation>
					</AudioVisualSegment>
					<AudioVisualSegment id="track-0.segment-7">
						<mediaTime>
							<mediaRelTimePoint>T00:45:35:0F1000</mediaRelTimePoint>
							<mediaDuration>PT14S0N1000F</mediaDuration>
						</mediaTime>
						<TextAnnotation confidence="0.5" relevance="0.6"
							xml:lang="en">
							<KeywordAnnotation>
								<Keyword>lam</Keyword>
							</KeywordAnnotation>
						</TextAnnotation>
						<TextAnnotation confidence="0.5" relevance="0.5"
							xml:lang="en">
							<KeywordAnnotation>
								<Keyword>and</Keyword>
								<Keyword>asymptotic</Keyword>
								<Keyword>oem</Keyword>
								<Keyword>that</Keyword>
								<Keyword>the</Keyword>
							</KeywordAnnotation>
						</TextAnnotation>
						<TextAnnotation confidence="0.5" relevance="0.4"
							xml:lang="en">
							<KeywordAnnotation>
								<Keyword>Consider</Keyword>
								<Keyword>Write</Keyword>
								<Keyword>equation</Keyword>
								<Keyword>nun</Keyword>
								<Keyword>the</Keyword>
							</KeywordAnnotation>
						</TextAnnotation>
						<TextAnnotation confidence="0.5" relevance="0.0"
							xml:lang="en">
							<KeywordAnnotation>
								<Keyword>Bm</Keyword>
								<Keyword>HH</Keyword>
								<Keyword>Sn</Keyword>
								<Keyword>an</Keyword>
								<Keyword>by</Keyword>
								<Keyword>in</Keyword>
								<Keyword>it</Keyword>
								<Keyword>me</Keyword>
								<Keyword>mm</Keyword>
								<Keyword>nI</Keyword>
								<Keyword>on</Keyword>
							</KeywordAnnotation>
						</TextAnnotation>
						<TextAnnotation confidence="0.0" relevance="0.6"
							xml:lang="en">
							<KeywordAnnotation>
								<Keyword>f.m</Keyword>
								<Keyword>ivlrqval</Keyword>
								<Keyword>rnemnaammun</Keyword>
							</KeywordAnnotation>
						</TextAnnotation>
						<TextAnnotation confidence="0.0" relevance="0.5"
							xml:lang="en">
							<KeywordAnnotation>
								<Keyword>D,u</Keyword>
								<Keyword>aplicit</Keyword>
								<Keyword>codhcients</Keyword>
								<Keyword>inrqvaring</Keyword>
								<Keyword>knmuing</Keyword>
							</KeywordAnnotation>
						</TextAnnotation>
						<TextAnnotation confidence="0.0" relevance="0.4"
							xml:lang="en">
							<KeywordAnnotation>
								<Keyword>MBL</Keyword>
							</KeywordAnnotation>
						</TextAnnotation>
						<TextAnnotation confidence="0.0" relevance="0.0"
							xml:lang="en">
							<KeywordAnnotation>
								<Keyword>-</Keyword>
								<Keyword>H</Keyword>
								<Keyword>I</Keyword>
								<Keyword>a</Keyword>
								<Keyword>f</Keyword>
								<Keyword>j</Keyword>
								<Keyword>m</Keyword>
								<Keyword>p</Keyword>
								<Keyword>s</Keyword>
								<Keyword>u</Keyword>
								<Keyword>x</Keyword>
							</KeywordAnnotation>
						</TextAnnotation>
					</AudioVisualSegment>
					<AudioVisualSegment id="track-0.segment-8">
						<mediaTime>
							<mediaRelTimePoint>T00:45:49:0F1000</mediaRelTimePoint>
							<mediaDuration>PT34S0N1000F</mediaDuration>
						</mediaTime>
						<TextAnnotation confidence="0.5" relevance="0.6"
							xml:lang="en">
							<KeywordAnnotation>
								<Keyword>the</Keyword>
							</KeywordAnnotation>
						</TextAnnotation>
						<TextAnnotation confidence="0.5" relevance="0.5"
							xml:lang="en">
							<KeywordAnnotation>
								<Keyword>The</Keyword>
								<Keyword>and</Keyword>
								<Keyword>asymptotic</Keyword>
								<Keyword>explicit</Keyword>
								<Keyword>fundamental</Keyword>
								<Keyword>gives</Keyword>
								<Keyword>lemma</Keyword>
								<Keyword>rts</Keyword>
								<Keyword>that</Keyword>
								<Keyword>the</Keyword>
							</KeywordAnnotation>
						</TextAnnotation>
						<TextAnnotation confidence="0.5" relevance="0.4"
							xml:lang="en">
							<KeywordAnnotation>
								<Keyword>Consider</Keyword>
								<Keyword>Write</Keyword>
								<Keyword>equation</Keyword>
								<Keyword>nun</Keyword>
								<Keyword>the</Keyword>
							</KeywordAnnotation>
						</TextAnnotation>
						<TextAnnotation confidence="0.5" relevance="0.0"
							xml:lang="en">
							<KeywordAnnotation>
								<Keyword>an</Keyword>
								<Keyword>gn</Keyword>
								<Keyword>in</Keyword>
								<Keyword>it</Keyword>
								<Keyword>on</Keyword>
							</KeywordAnnotation>
						</TextAnnotation>
						<TextAnnotation confidence="0.0" relevance="0.6"
							xml:lang="en">
							<KeywordAnnotation>
								<Keyword>iistqral</Keyword>
							</KeywordAnnotation>
						</TextAnnotation>
						<TextAnnotation confidence="0.0" relevance="0.5"
							xml:lang="en">
							<KeywordAnnotation>
								<Keyword>O,u</Keyword>
								<Keyword>coelhcients</Keyword>
								<Keyword>fum</Keyword>
								<Keyword>intqrating</Keyword>
								<Keyword>knmuing</Keyword>
							</KeywordAnnotation>
						</TextAnnotation>
						<TextAnnotation confidence="0.0" relevance="0.0"
							xml:lang="en">
							<KeywordAnnotation>
								<Keyword>M</Keyword>
								<Keyword>U</Keyword>
								<Keyword>f</Keyword>
								<Keyword>g</Keyword>
								<Keyword>m</Keyword>
								<Keyword>n</Keyword>
								<Keyword>p</Keyword>
								<Keyword>u</Keyword>
							</KeywordAnnotation>
						</TextAnnotation>
					</AudioVisualSegment>
					<AudioVisualSegment id="track-0.segment-9">
						<mediaTime>
							<mediaRelTimePoint>T00:46:23:0F1000</mediaRelTimePoint>
							<mediaDuration>PT12S0N1000F</mediaDuration>
						</mediaTime>
						<TextAnnotation confidence="0.5" relevance="0.6"
							xml:lang="en">
							<KeywordAnnotation>
								<Keyword>the</Keyword>
							</KeywordAnnotation>
						</TextAnnotation>
						<TextAnnotation confidence="0.5" relevance="0.5"
							xml:lang="en">
							<KeywordAnnotation>
								<Keyword>The</Keyword>
								<Keyword>and</Keyword>
								<Keyword>asymptotic</Keyword>
								<Keyword>explicit</Keyword>
								<Keyword>fundamental</Keyword>
								<Keyword>gives</Keyword>
								<Keyword>knowing</Keyword>
								<Keyword>lemma</Keyword>
								<Keyword>pim</Keyword>
								<Keyword>that</Keyword>
								<Keyword>the</Keyword>
							</KeywordAnnotation>
						</TextAnnotation>
						<TextAnnotation confidence="0.5" relevance="0.4"
							xml:lang="en">
							<KeywordAnnotation>
								<Keyword>Consider</Keyword>
								<Keyword>Write</Keyword>
								<Keyword>neat</Keyword>
								<Keyword>the</Keyword>
							</KeywordAnnotation>
						</TextAnnotation>
						<TextAnnotation confidence="0.5" relevance="0.0"
							xml:lang="en">
							<KeywordAnnotation>
								<Keyword>Bm</Keyword>
								<Keyword>II</Keyword>
								<Keyword>PH</Keyword>
								<Keyword>an</Keyword>
								<Keyword>in</Keyword>
								<Keyword>it</Keyword>
								<Keyword>on</Keyword>
							</KeywordAnnotation>
						</TextAnnotation>
						<TextAnnotation confidence="0.0" relevance="0.6"
							xml:lang="en">
							<KeywordAnnotation>
								<Keyword>tqral</Keyword>
							</KeywordAnnotation>
						</TextAnnotation>
						<TextAnnotation confidence="0.0" relevance="0.5"
							xml:lang="en">
							<KeywordAnnotation>
								<Keyword>codhcients</Keyword>
								<Keyword>fum</Keyword>
								<Keyword>intqrating</Keyword>
							</KeywordAnnotation>
						</TextAnnotation>
						<TextAnnotation confidence="0.0" relevance="0.4"
							xml:lang="en">
							<KeywordAnnotation>
								<Keyword>mxmgs</Keyword>
								<Keyword>quation</Keyword>
							</KeywordAnnotation>
						</TextAnnotation>
						<TextAnnotation confidence="0.0" relevance="0.3"
							xml:lang="en">
							<KeywordAnnotation>
								<Keyword>nlg</Keyword>
							</KeywordAnnotation>
						</TextAnnotation>
						<TextAnnotation confidence="0.0" relevance="0.0"
							xml:lang="en">
							<KeywordAnnotation>
								<Keyword>M</Keyword>
								<Keyword>i</Keyword>
								<Keyword>l</Keyword>
								<Keyword>m</Keyword>
								<Keyword>u</Keyword>
							</KeywordAnnotation>
						</TextAnnotation>
					</AudioVisualSegment>
					<AudioVisualSegment id="track-0.segment-10">
						<mediaTime>
							<mediaRelTimePoint>T00:46:35:0F1000</mediaRelTimePoint>
							<mediaDuration>PT29S0N1000F</mediaDuration>
						</mediaTime>
						<TextAnnotation confidence="0.5" relevance="0.5"
							xml:lang="en">
							<KeywordAnnotation>
								<Keyword>and</Keyword>
								<Keyword>asymptotic</Keyword>
								<Keyword>cnn</Keyword>
								<Keyword>explicit</Keyword>
								<Keyword>fundamental</Keyword>
								<Keyword>gives</Keyword>
								<Keyword>lemma</Keyword>
								<Keyword>pim</Keyword>
								<Keyword>that</Keyword>
								<Keyword>the</Keyword>
							</KeywordAnnotation>
						</TextAnnotation>
						<TextAnnotation confidence="0.5" relevance="0.4"
							xml:lang="en">
							<KeywordAnnotation>
								<Keyword>Consider</Keyword>
								<Keyword>The</Keyword>
								<Keyword>Write</Keyword>
								<Keyword>equation</Keyword>
								<Keyword>nut</Keyword>
								<Keyword>the</Keyword>
							</KeywordAnnotation>
						</TextAnnotation>
						<TextAnnotation confidence="0.5" relevance="0.0"
							xml:lang="en">
							<KeywordAnnotation>
								<Keyword>an</Keyword>
								<Keyword>gn</Keyword>
								<Keyword>in</Keyword>
								<Keyword>it</Keyword>
								<Keyword>on</Keyword>
							</KeywordAnnotation>
						</TextAnnotation>
						<TextAnnotation confidence="0.0" relevance="0.5"
							xml:lang="en">
							<KeywordAnnotation>
								<Keyword>D,u</Keyword>
								<Keyword>codhcients</Keyword>
								<Keyword>iistqral</Keyword>
								<Keyword>intqrating</Keyword>
								<Keyword>knmuing</Keyword>
							</KeywordAnnotation>
						</TextAnnotation>
						<TextAnnotation confidence="0.0" relevance="0.3"
							xml:lang="en">
							<KeywordAnnotation>
								<Keyword>glmgil</Keyword>
							</KeywordAnnotation>
						</TextAnnotation>
						<TextAnnotation confidence="0.0" relevance="0.0"
							xml:lang="en">
							<KeywordAnnotation>
								<Keyword>J</Keyword>
								<Keyword>M</Keyword>
								<Keyword>l</Keyword>
								<Keyword>m</Keyword>
								<Keyword>u</Keyword>
							</KeywordAnnotation>
						</TextAnnotation>
					</AudioVisualSegment>
					<AudioVisualSegment id="track-0.segment-11">
						<mediaTime>
							<mediaRelTimePoint>T00:47:04:0F1000</mediaRelTimePoint>
							<mediaDuration>PT17S0N1000F</mediaDuration>
						</mediaTime>
						<TextAnnotation confidence="0.5" relevance="0.6"
							xml:lang="en">
							<KeywordAnnotation>
								<Keyword>the</Keyword>
							</KeywordAnnotation>
						</TextAnnotation>
						<TextAnnotation confidence="0.5" relevance="0.5"
							xml:lang="en">
							<KeywordAnnotation>
								<Keyword>Blu</Keyword>
								<Keyword>The</Keyword>
								<Keyword>and</Keyword>
								<Keyword>asymptotic</Keyword>
								<Keyword>explicit</Keyword>
								<Keyword>fundamental</Keyword>
								<Keyword>gives</Keyword>
								<Keyword>knowing</Keyword>
								<Keyword>lemma</Keyword>
								<Keyword>that</Keyword>
								<Keyword>the</Keyword>
							</KeywordAnnotation>
						</TextAnnotation>
						<TextAnnotation confidence="0.5" relevance="0.4"
							xml:lang="en">
							<KeywordAnnotation>
								<Keyword>Consider</Keyword>
								<Keyword>Write</Keyword>
								<Keyword>equation</Keyword>
								<Keyword>neat</Keyword>
								<Keyword>the</Keyword>
							</KeywordAnnotation>
						</TextAnnotation>
						<TextAnnotation confidence="0.5" relevance="0.0"
							xml:lang="en">
							<KeywordAnnotation>
								<Keyword>an</Keyword>
								<Keyword>by</Keyword>
								<Keyword>in</Keyword>
								<Keyword>it</Keyword>
								<Keyword>ns</Keyword>
								<Keyword>on</Keyword>
							</KeywordAnnotation>
						</TextAnnotation>
						<TextAnnotation confidence="0.0" relevance="0.6"
							xml:lang="en">
							<KeywordAnnotation>
								<Keyword>tqra</Keyword>
							</KeywordAnnotation>
						</TextAnnotation>
						<TextAnnotation confidence="0.0" relevance="0.5"
							xml:lang="en">
							<KeywordAnnotation>
								<Keyword>codhcients</Keyword>
								<Keyword>funn</Keyword>
								<Keyword>intqrating</Keyword>
							</KeywordAnnotation>
						</TextAnnotation>
						<TextAnnotation confidence="0.0" relevance="0.0"
							xml:lang="en">
							<KeywordAnnotation>
								<Keyword>g</Keyword>
								<Keyword>n</Keyword>
								<Keyword>p</Keyword>
								<Keyword>u</Keyword>
							</KeywordAnnotation>
						</TextAnnotation>
					</AudioVisualSegment>
					<AudioVisualSegment id="track-0.segment-12">
						<mediaTime>
							<mediaRelTimePoint>T00:47:21:0F1000</mediaRelTimePoint>
							<mediaDuration>PT34S0N1000F</mediaDuration>
						</mediaTime>
						<TextAnnotation confidence="0.0" relevance="0.5"
							xml:lang="en">
							<KeywordAnnotation>
								<Keyword>gv.-</Keyword>
							</KeywordAnnotation>
						</TextAnnotation>
						<TextAnnotation confidence="0.0" relevance="0.2"
							xml:lang="en">
							<KeywordAnnotation>
								<Keyword>lIII</Keyword>
							</KeywordAnnotation>
						</TextAnnotation>
						<TextAnnotation confidence="0.0" relevance="0.0"
							xml:lang="en">
							<KeywordAnnotation>
								<Keyword>E</Keyword>
								<Keyword>u</Keyword>
							</KeywordAnnotation>
						</TextAnnotation>
					</AudioVisualSegment>
					<AudioVisualSegment id="track-0.segment-13">
						<mediaTime>
							<mediaRelTimePoint>T00:47:55:0F1000</mediaRelTimePoint>
							<mediaDuration>PT12S0N1000F</mediaDuration>
						</mediaTime>
						<TextAnnotation confidence="0.5" relevance="0.6"
							xml:lang="en">
							<KeywordAnnotation>
								<Keyword>umm</Keyword>
							</KeywordAnnotation>
						</TextAnnotation>
						<TextAnnotation confidence="0.5" relevance="0.5"
							xml:lang="en">
							<KeywordAnnotation>
								<Keyword>Blu</Keyword>
								<Keyword>and</Keyword>
								<Keyword>asymptotic</Keyword>
								<Keyword>explicit</Keyword>
								<Keyword>form</Keyword>
								<Keyword>pins</Keyword>
								<Keyword>that</Keyword>
								<Keyword>the</Keyword>
							</KeywordAnnotation>
						</TextAnnotation>
						<TextAnnotation confidence="0.5" relevance="0.4"
							xml:lang="en">
							<KeywordAnnotation>
								<Keyword>Consider</Keyword>
								<Keyword>Write</Keyword>
								<Keyword>equation</Keyword>
								<Keyword>the</Keyword>
							</KeywordAnnotation>
						</TextAnnotation>
						<TextAnnotation confidence="0.5" relevance="0.0"
							xml:lang="en">
							<KeywordAnnotation>
								<Keyword>II</Keyword>
								<Keyword>LS</Keyword>
								<Keyword>Ll</Keyword>
								<Keyword>an</Keyword>
								<Keyword>by</Keyword>
								<Keyword>gn</Keyword>
								<Keyword>in</Keyword>
								<Keyword>it</Keyword>
								<Keyword>ll</Keyword>
								<Keyword>on</Keyword>
								<Keyword>pm</Keyword>
								<Keyword>um</Keyword>
							</KeywordAnnotation>
						</TextAnnotation>
						<TextAnnotation confidence="0.0" relevance="0.6"
							xml:lang="en">
							<KeywordAnnotation>
								<Keyword>Tnerunaamman</Keyword>
								<Keyword>dsdI</Keyword>
								<Keyword>tqral</Keyword>
							</KeywordAnnotation>
						</TextAnnotation>
						<TextAnnotation confidence="0.0" relevance="0.5"
							xml:lang="en">
							<KeywordAnnotation>
								<Keyword>D,u</Keyword>
								<Keyword>codhcients</Keyword>
								<Keyword>intqrating</Keyword>
								<Keyword>knmuing</Keyword>
							</KeywordAnnotation>
						</TextAnnotation>
						<TextAnnotation confidence="0.0" relevance="0.4"
							xml:lang="en">
							<KeywordAnnotation>
								<Keyword>--Img</Keyword>
								<Keyword>nod</Keyword>
							</KeywordAnnotation>
						</TextAnnotation>
						<TextAnnotation confidence="0.0" relevance="0.0"
							xml:lang="en">
							<KeywordAnnotation>
								<Keyword>L</Keyword>
								<Keyword>i</Keyword>
								<Keyword>l</Keyword>
								<Keyword>u</Keyword>
							</KeywordAnnotation>
						</TextAnnotation>
					</AudioVisualSegment>
					<AudioVisualSegment id="track-0.segment-14">
						<mediaTime>
							<mediaRelTimePoint>T00:48:07:0F1000</mediaRelTimePoint>
							<mediaDuration>PT55S0N1000F</mediaDuration>
						</mediaTime>
						<TextAnnotation confidence="0.5" relevance="0.0"
							xml:lang="de">
							<KeywordAnnotation>
								<Keyword>xT</Keyword>
							</KeywordAnnotation>
						</TextAnnotation>
						<TextAnnotation confidence="0.0" relevance="0.2"
							xml:lang="de">
							<KeywordAnnotation>
								<Keyword>sllll</Keyword>
							</KeywordAnnotation>
						</TextAnnotation>
						<TextAnnotation confidence="0.0" relevance="0.0"
							xml:lang="de">
							<KeywordAnnotation>
								<Keyword>U</Keyword>
								<Keyword>Z</Keyword>
							</KeywordAnnotation>
						</TextAnnotation>
					</AudioVisualSegment>
					<AudioVisualSegment id="track-0.segment-15">
						<mediaTime>
							<mediaRelTimePoint>T00:49:02:0F1000</mediaRelTimePoint>
							<mediaDuration>PT13M28S0N1000F</mediaDuration>
						</mediaTime>
						<TextAnnotation confidence="0.5" relevance="0.0"
							xml:lang="de">
							<KeywordAnnotation>
								<Keyword>xT</Keyword>
							</KeywordAnnotation>
						</TextAnnotation>
						<TextAnnotation confidence="0.0" relevance="0.2"
							xml:lang="de">
							<KeywordAnnotation>
								<Keyword>I---</Keyword>
							</KeywordAnnotation>
						</TextAnnotation>
						<TextAnnotation confidence="0.0" relevance="0.0"
							xml:lang="de">
							<KeywordAnnotation>
								<Keyword>--</Keyword>
								<Keyword>F</Keyword>
								<Keyword>R</Keyword>
								<Keyword>Z</Keyword>
								<Keyword>v</Keyword>
								<Keyword>y</Keyword>
							</KeywordAnnotation>
						</TextAnnotation>
					</AudioVisualSegment>
					<AudioVisualSegment id="track-0.segment-16">
						<mediaTime>
							<mediaRelTimePoint>T01:02:30:0F1000</mediaRelTimePoint>
							<mediaDuration>PT53S0N1000F</mediaDuration>
						</mediaTime>
						<TextAnnotation confidence="0.5" relevance="0.4"
							xml:lang="en">
							<KeywordAnnotation>
								<Keyword>Let</Keyword>
								<Keyword>The</Keyword>
								<Keyword>and</Keyword>
								<Keyword>determine</Keyword>
								<Keyword>one</Keyword>
								<Keyword>only</Keyword>
								<Keyword>that</Keyword>
								<Keyword>the</Keyword>
							</KeywordAnnotation>
						</TextAnnotation>
						<TextAnnotation confidence="0.5" relevance="0.3"
							xml:lang="en">
							<KeywordAnnotation>
								<Keyword>all</Keyword>
								<Keyword>for</Keyword>
								<Keyword>holds</Keyword>
							</KeywordAnnotation>
						</TextAnnotation>
						<TextAnnotation confidence="0.5" relevance="0.0"
							xml:lang="en">
							<KeywordAnnotation>
								<Keyword>me</Keyword>
								<Keyword>mn</Keyword>
								<Keyword>ul</Keyword>
							</KeywordAnnotation>
						</TextAnnotation>
						<TextAnnotation confidence="0.0" relevance="0.4"
							xml:lang="en">
							<KeywordAnnotation>
								<Keyword>Moreover</Keyword>
								<Keyword>begivm</Keyword>
								<Keyword>equatim</Keyword>
								<Keyword>fcllaving</Keyword>
								<Keyword>relarim</Keyword>
							</KeywordAnnotation>
						</TextAnnotation>
						<TextAnnotation confidence="0.0" relevance="0.3"
							xml:lang="en">
							<KeywordAnnotation>
								<Keyword>mee</Keyword>
							</KeywordAnnotation>
						</TextAnnotation>
						<TextAnnotation confidence="0.0" relevance="0.0"
							xml:lang="en">
							<KeywordAnnotation>
								<Keyword>E</Keyword>
								<Keyword>I</Keyword>
								<Keyword>U</Keyword>
								<Keyword>f</Keyword>
								<Keyword>g</Keyword>
								<Keyword>i</Keyword>
								<Keyword>md</Keyword>
								<Keyword>x</Keyword>
							</KeywordAnnotation>
						</TextAnnotation>
					</AudioVisualSegment>
					<AudioVisualSegment id="track-0.segment-17">
						<mediaTime>
							<mediaRelTimePoint>T01:03:23:0F1000</mediaRelTimePoint>
							<mediaDuration>PT55S0N1000F</mediaDuration>
						</mediaTime>
						<TextAnnotation confidence="0.5" relevance="0.4"
							xml:lang="en">
							<KeywordAnnotation>
								<Keyword>and</Keyword>
								<Keyword>one</Keyword>
							</KeywordAnnotation>
						</TextAnnotation>
						<TextAnnotation confidence="0.5" relevance="0.3"
							xml:lang="en">
							<KeywordAnnotation>
								<Keyword>AMA</Keyword>
								<Keyword>Mining</Keyword>
								<Keyword>all</Keyword>
								<Keyword>for</Keyword>
								<Keyword>holds</Keyword>
								<Keyword>the</Keyword>
								<Keyword>true</Keyword>
							</KeywordAnnotation>
						</TextAnnotation>
						<TextAnnotation confidence="0.5" relevance="0.0"
							xml:lang="en">
							<KeywordAnnotation>
								<Keyword>FV</Keyword>
								<Keyword>me</Keyword>
							</KeywordAnnotation>
						</TextAnnotation>
						<TextAnnotation confidence="0.0" relevance="0.4"
							xml:lang="en">
							<KeywordAnnotation>
								<Keyword>Lerbegivmg</Keyword>
								<Keyword>Theequarim</Keyword>
								<Keyword>determins</Keyword>
								<Keyword>mly</Keyword>
								<Keyword>rdatim</Keyword>
							</KeywordAnnotation>
						</TextAnnotation>
						<TextAnnotation confidence="0.0" relevance="0.3"
							xml:lang="en">
							<KeywordAnnotation>
								<Keyword>Maeover</Keyword>
							</KeywordAnnotation>
						</TextAnnotation>
						<TextAnnotation confidence="0.0" relevance="0.0"
							xml:lang="en">
							<KeywordAnnotation>
								<Keyword>I</Keyword>
								<Keyword>J</Keyword>
								<Keyword>i</Keyword>
								<Keyword>m</Keyword>
								<Keyword>u</Keyword>
							</KeywordAnnotation>
						</TextAnnotation>
					</AudioVisualSegment>
					<AudioVisualSegment id="track-0.segment-18">
						<mediaTime>
							<mediaRelTimePoint>T01:04:18:0F1000</mediaRelTimePoint>
							<mediaDuration>PT03M29S0N1000F</mediaDuration>
						</mediaTime>
						<TextAnnotation confidence="0.0" relevance="0.5"
							xml:lang="en">
							<KeywordAnnotation>
								<Keyword>vvw</Keyword>
							</KeywordAnnotation>
						</TextAnnotation>
						<TextAnnotation confidence="0.0" relevance="0.0"
							xml:lang="en">
							<KeywordAnnotation>
								<Keyword>-</Keyword>
								<Keyword>--</Keyword>
								<Keyword>E</Keyword>
								<Keyword>l</Keyword>
								<Keyword>n</Keyword>
								<Keyword>r</Keyword>
								<Keyword>v</Keyword>
							</KeywordAnnotation>
						</TextAnnotation>
					</AudioVisualSegment>
					<AudioVisualSegment id="track-0.segment-19">
						<mediaTime>
							<mediaRelTimePoint>T01:07:47:0F1000</mediaRelTimePoint>
							<mediaDuration>PT46S0N1000F</mediaDuration>
						</mediaTime>
						<TextAnnotation confidence="0.5" relevance="0.4"
							xml:lang="de">
							<KeywordAnnotation>
								<Keyword>The</Keyword>
								<Keyword>and</Keyword>
								<Keyword>sud</Keyword>
								<Keyword>that</Keyword>
								<Keyword>the</Keyword>
							</KeywordAnnotation>
						</TextAnnotation>
						<TextAnnotation confidence="0.5" relevance="0.0"
							xml:lang="de">
							<KeywordAnnotation>
								<Keyword>Le</Keyword>
								<Keyword>Ll</Keyword>
								<Keyword>me</Keyword>
								<Keyword>nl</Keyword>
							</KeywordAnnotation>
						</TextAnnotation>
						<TextAnnotation confidence="0.0" relevance="0.4"
							xml:lang="de">
							<KeywordAnnotation>
								<Keyword>Moreover</Keyword>
								<Keyword>begivm</Keyword>
								<Keyword>determins</Keyword>
								<Keyword>equatim</Keyword>
								<Keyword>fcllming</Keyword>
								<Keyword>mly</Keyword>
								<Keyword>rallv</Keyword>
								<Keyword>relatim</Keyword>
								<Keyword>s4e</Keyword>
							</KeywordAnnotation>
						</TextAnnotation>
						<TextAnnotation confidence="0.0" relevance="0.0"
							xml:lang="de">
							<KeywordAnnotation>
								<Keyword>-</Keyword>
								<Keyword>A</Keyword>
								<Keyword>E</Keyword>
								<Keyword>F</Keyword>
								<Keyword>I</Keyword>
								<Keyword>J</Keyword>
								<Keyword>U</Keyword>
								<Keyword>a</Keyword>
								<Keyword>e</Keyword>
								<Keyword>f</Keyword>
								<Keyword>g</Keyword>
								<Keyword>m</Keyword>
								<Keyword>x</Keyword>
							</KeywordAnnotation>
						</TextAnnotation>
					</AudioVisualSegment>
					<AudioVisualSegment id="track-0.segment-20">
						<mediaTime>
							<mediaRelTimePoint>T01:08:33:0F1000</mediaRelTimePoint>
							<mediaDuration>PT05M04S0N1000F</mediaDuration>
						</mediaTime>
						<TextAnnotation confidence="0.5" relevance="0.0"
							xml:lang="de">
							<KeywordAnnotation>
								<Keyword>xT</Keyword>
							</KeywordAnnotation>
						</TextAnnotation>
						<TextAnnotation confidence="0.0" relevance="0.2"
							xml:lang="de">
							<KeywordAnnotation>
								<Keyword>RI.--</Keyword>
							</KeywordAnnotation>
						</TextAnnotation>
						<TextAnnotation confidence="0.0" relevance="0.0"
							xml:lang="de">
							<KeywordAnnotation>
								<Keyword>-</Keyword>
								<Keyword>--</Keyword>
								<Keyword>E</Keyword>
								<Keyword>I</Keyword>
								<Keyword>T</Keyword>
								<Keyword>Y</Keyword>
							</KeywordAnnotation>
						</TextAnnotation>
					</AudioVisualSegment>
					<AudioVisualSegment id="track-0.segment-21">
						<mediaTime>
							<mediaRelTimePoint>T01:13:37:0F1000</mediaRelTimePoint>
							<mediaDuration>PT27M52S0N1000F</mediaDuration>
						</mediaTime>
						<TextAnnotation confidence="0.0" relevance="0.2"
							xml:lang="en">
							<KeywordAnnotation>
								<Keyword>I---</Keyword>
								<Keyword>l.rxT</Keyword>
							</KeywordAnnotation>
						</TextAnnotation>
						<TextAnnotation confidence="0.0" relevance="0.0"
							xml:lang="en">
							<KeywordAnnotation>
								<Keyword>-</Keyword>
								<Keyword>E</Keyword>
								<Keyword>U</Keyword>
							</KeywordAnnotation>
						</TextAnnotation>
					</AudioVisualSegment>
					<AudioVisualSegment id="track-0.segment-22">
						<mediaTime>
							<mediaRelTimePoint>T01:41:29:0F1000</mediaRelTimePoint>
							<mediaDuration>PT01S0N1000F</mediaDuration>
						</mediaTime>
						<TextAnnotation confidence="0.5" relevance="0.0"
							xml:lang="de">
							<KeywordAnnotation>
								<Keyword>xT</Keyword>
							</KeywordAnnotation>
						</TextAnnotation>
						<TextAnnotation confidence="0.0" relevance="0.2"
							xml:lang="de">
							<KeywordAnnotation>
								<Keyword>I--I</Keyword>
							</KeywordAnnotation>
						</TextAnnotation>
						<TextAnnotation confidence="0.0" relevance="0.0"
							xml:lang="de">
							<KeywordAnnotation>
								<Keyword>--</Keyword>
								<Keyword>E</Keyword>
								<Keyword>I</Keyword>
								<Keyword>Q</Keyword>
								<Keyword>V</Keyword>
							</KeywordAnnotation>
						</TextAnnotation>
					</AudioVisualSegment>
				</TemporalDecomposition>
			</AudioVisual>
		</MultimediaContent>
	</Description>
</Mpeg7>
