<?xml version="1.0" encoding="UTF-8"?>
<metadata xmlns="http://www.opencastproject.org/xsd/1.0/dublincore/"
	xmlns:dcterms="http://purl.org/dc/terms/" xmlns:xsi="http://www.w3.org/2001/XMLSchema-instance">
	<dcterms:creator>Kossmann, Donald Alan</dcterms:creator>
	<dcterms:creator>Fischer, Peter Michael</dcterms:creator>
	<dcterms:contributor xml:lang="de">Departement
		Informatik</dcterms:contributor>
	<dcterms:contributor xml:lang="en">Department of
		Computer Science</dcterms:contributor>
	<dcterms:type>MovingImage/LectureRecording</dcterms:type>
	<dcterms:extent xsi:type="dcterms:ISO8601">PT1H28M38.022S</dcterms:extent>
	<dcterms:isPartOf>251-0317-00L-2009W</dcterms:isPartOf>
	<dcterms:license xml:lang="de">http://www.multimedia.ethz.ch/docs/haftungsausschluss/index</dcterms:license>
	<dcterms:license xml:lang="en">http://www.multimedia.ethz.ch/docs/disclaimer/index</dcterms:license>
	<dcterms:created xsi:type="dcterms:W3CDTF">2009-11-04</dcterms:created>
	<dcterms:temporal xsi:type="dcterms:Period">start=2009-11-04T12:00Z;
		end=2009-11-04T14:00Z; scheme=W3C-DTF;</dcterms:temporal>
	<dcterms:language>eng</dcterms:language>
	<dcterms:rightsHolder xml:lang="de">ETH Zürich, Schweiz</dcterms:rightsHolder>
	<dcterms:rightsHolder xml:lang="en">ETH Zurich,
		Switzerland</dcterms:rightsHolder>
	<dcterms:publisher xml:lang="de">ETH Zürich, ID-MMS;
		Schweiz</dcterms:publisher>
	<dcterms:publisher xml:lang="en">ETH Zurich, ITS-MMS;
		Switzerland</dcterms:publisher>
	<dcterms:spatial>HGD162</dcterms:spatial>
	<dcterms:spatial xml:lang="de">Zürich</dcterms:spatial>
	<dcterms:spatial xml:lang="en">Zurich</dcterms:spatial>
	<dcterms:issued xsi:type="dcterms:W3CDTF">2009-11-05</dcterms:issued>
	<dcterms:identifier>e41937d4-c8cd-4afc-a7e9-c50d033b2eec</dcterms:identifier>
	<dcterms:title>XML and Databases</dcterms:title>
</metadata>
