<?xml version="1.0" encoding="UTF-8"?>
<metadata xmlns="http://www.opencastproject.org/xsd/1.0/dublincore/"
	xmlns:dcterms="http://purl.org/dc/terms/" xmlns:xsi="http://www.w3.org/2001/XMLSchema-instance">
	<dcterms:creator>Kossmann, Donald Alan</dcterms:creator>
	<dcterms:creator>Fischer, Peter Michael</dcterms:creator>
	<dcterms:contributor xml:lang="de">Departement
		Informatik</dcterms:contributor>
	<dcterms:contributor xml:lang="en">Department of
		Computer Science</dcterms:contributor>
	<dcterms:type>Event/Lecture</dcterms:type>
	<dcterms:license xml:lang="de">http://www.multimedia.ethz.ch/docs/haftungsausschluss/index</dcterms:license>
	<dcterms:license xml:lang="en">http://www.multimedia.ethz.ch/docs/disclaimer/index</dcterms:license>
	<dcterms:available xsi:type="dcterms:W3CDTF">2009-09-24</dcterms:available>
	<dcterms:created xsi:type="dcterms:Period">start=2009-09-23T11:00Z;
		end=2009-12-16T14:00Z; scheme=W3C-DTF;</dcterms:created>
	<dcterms:temporal xsi:type="dcterms:Period">start=2009-09-23T11:00Z;
		end=2009-12-16T14:00Z; scheme=W3C-DTF;</dcterms:temporal>
	<dcterms:description>Der W3C-Standard XML hat sich als Dokumentformat
		für den Austausch von Daten über das Internet etabliert. Zunehmend
		werden jedoch Systeme benötigt, die XML-Dokumente effizient speichern,
		abfragen und verarbeiten können. Mit anderen Worten wird immer mehr
		Datenbankfunktionalität für die Verarbeitung von XML-Dokumenten
		gefordert. Zielsetzung dieser Vorlesung ist es daher, Grundkenntnisse
		für den deklarativen Zugriff auf XML-Dokumente sowie effiziente
		Speicherungstechniken für XML-Daten zu vermitteln. Im einzelnen
		diskutiert die Vorlesung semistrukturierte Datenmodelle wie etwa OEM
		und XML, Algebren und Anfragesprachen für den deklarativen Zugriff auf
		XML (XPath, XQuery u.a.) und Abbildungen zwischen XML und
		konventionellen Datenmodellen wie dem ERM.Weiterhin werden effiziente
		Speicherungsstrukturen für XML, Indexstrukturen für Information
		Retrieval auf XML, Transaktionsverwaltung für XML-Repositories sowie
		die Informationsintegration mittels semistrukturierter Datenmodelle
		behandelt. Ein wichtiger Aspekt dieser Vorlesung ist es, die
		vorgestellten Konzepte in Bezug zu setzen zu kommerziellen, XML
		unterstützenden Datenbanksystemen wie etwa IBM DB2, Oracle, Microsoft
		SQL Server und SAG Tamino.</dcterms:description>
	<dcterms:language>eng</dcterms:language>
	<dcterms:rightsHolder xml:lang="de">ETH Zürich, Schweiz</dcterms:rightsHolder>
	<dcterms:rightsHolder xml:lang="en">ETH Zurich,
		Switzerland</dcterms:rightsHolder>
	<dcterms:publisher xml:lang="de">ETH Zürich, ID-MMS;
		Schweiz</dcterms:publisher>
	<dcterms:publisher xml:lang="en">ETH Zurich, ITS-MMS;
		Switzerland</dcterms:publisher>
	<dcterms:audience xml:lang="de">Diplomstudium</dcterms:audience>
	<dcterms:audience xml:lang="en">Diplomar Programme</dcterms:audience>
	<dcterms:spatial xml:lang="de">Zürich, Schweiz</dcterms:spatial>
	<dcterms:spatial xml:lang="en">Zurich, Switzerland</dcterms:spatial>
	<dcterms:issued xsi:type="dcterms:W3CDTF">2009-09-23</dcterms:issued>
	<dcterms:identifier>251-0317-00L-2009W</dcterms:identifier>
	<dcterms:title>XML and Databases</dcterms:title>
</metadata>
