<?xml version="1.0" encoding="UTF-8"?>
<metadata xmlns="http://www.opencastproject.org/xsd/1.0/dublincore/" xmlns:dcterms="http://purl.org/dc/terms/" xmlns:xsi="http://www.w3.org/2001/XMLSchema-instance">
    <dcterms:creator>Delbrueck, Tobi</dcterms:creator>
    <dcterms:contributor>Department of Physics</dcterms:contributor>
    <dcterms:extent xsi:type="dcterms:ISO8601">PT1H3M41.764S</dcterms:extent>
    <dcterms:isPartOf>PHYS-0001-00X</dcterms:isPartOf>
    <dcterms:license xml:lang="de">http://www.multimedia.ethz.ch/docs/haftungsausschluss/index</dcterms:license>
    <dcterms:license xml:lang="en">http://www.multimedia.ethz.ch/docs/disclaimer/index</dcterms:license>
    <dcterms:created xsi:type="dcterms:W3CDTF">2009-09-23</dcterms:created>
    <dcterms:abstract>How do our eyes work? Not much like your digital camera! Rather than sending our brain stroboscopic sequences of still photographs, our eyes output highly compressed asynchronous
digital impulses that already take a huge step towards vision. In this seminar I will demonstrate how a silicon retina chip we developed can be used to cheaply solve fast dynamic vision problems. And how it achieves this by emulating notions from real retinas like local gain
control and asynchronous spike-based digital output. This talk will include live demonstrations of the vision sensor and its use in the world's first pencil balancing robot.</dcterms:abstract>
    <dcterms:language>eng</dcterms:language>
    <dcterms:rightsHolder xml:lang="de">ETH Zürich, Schweiz</dcterms:rightsHolder>
    <dcterms:rightsHolder xml:lang="en">ETH Zurich, Switzerland</dcterms:rightsHolder>
    <dcterms:publisher xml:lang="de">ETH Zürich, ID-MMS; Schweiz</dcterms:publisher>
    <dcterms:publisher xml:lang="en">ETH Zurich, ITS-MMS; Switzerland</dcterms:publisher>
    <dcterms:identifier>10.3930/ETHZ/AV-1e0bb670-2e9f-4d79-a206-d4796a82251d</dcterms:identifier>
    <dcterms:title>Silicon Retina-Tetina-Tetina</dcterms:title>
</metadata>
