<?xml version="1.0" encoding="UTF-8"?>
<metadata xmlns="http://www.opencastproject.org/xsd/1.0/dublincore/" xmlns:dcterms="http://purl.org/dc/terms/" xmlns:xsi="http://www.w3.org/2001/XMLSchema-instance">
    <dcterms:creator>Bendali, Abderrahmane</dcterms:creator>
    <dcterms:contributor xml:lang="de">Departement Mathematik</dcterms:contributor>
    <dcterms:contributor xml:lang="en">Department of Mathematics</dcterms:contributor>
    <dcterms:type>MovingImage/LectureRecording</dcterms:type>
    <dcterms:extent xsi:type="dcterms:ISO8601">PT1H37M22.040S</dcterms:extent>
    <dcterms:isPartOf>401-4781-59L-2009W</dcterms:isPartOf>
    <dcterms:license xml:lang="de">http://www.multimedia.ethz.ch/docs/haftungsausschluss/index</dcterms:license>
    <dcterms:license xml:lang="en">http://www.multimedia.ethz.ch/docs/disclaimer/index</dcterms:license>
    <dcterms:created xsi:type="dcterms:W3CDTF">2009-11-06</dcterms:created>
    <dcterms:temporal xsi:type="dcterms:Period">start=2009-11-06T09:00Z; end=2009-11-06T11:00Z; scheme=W3C-DTF;</dcterms:temporal>
    <dcterms:language>eng</dcterms:language>
    <dcterms:rightsHolder xml:lang="de">ETH Zürich, Schweiz</dcterms:rightsHolder>
    <dcterms:rightsHolder xml:lang="en">ETH Zurich, Switzerland</dcterms:rightsHolder>
    <dcterms:publisher xml:lang="de">ETH Zürich, ID-MMS; Schweiz</dcterms:publisher>
    <dcterms:publisher xml:lang="en">ETH Zurich, ITS-MMS; Switzerland</dcterms:publisher>
    <dcterms:spatial>HG D16.2</dcterms:spatial>
    <dcterms:issued xsi:type="dcterms:W3CDTF">2009-11-07</dcterms:issued>
    <dcterms:identifier>10.3930/ETHZ/AV-9d85135b-4948-4997-91af-e81d87146e3c</dcterms:identifier>
    <dcterms:title>Asymptotic Methods for Wave Propagation Problems</dcterms:title>
</metadata>
