<?xml version="1.0" encoding="UTF-8"?>
<Mpeg7 xmlns="urn:mpeg:mpeg7:schema:2001" xmlns:mpeg7="urn:mpeg7:schema:2001"
	xmlns:xsi="http://www.w3.org/2001/XMLSchema-instance/">
	<Description xsi:type="ContentEntityType">
		<MultimediaContent xsi:type="AudioVisualType">
			<AudioVisual id="track-1">
				<MediaLocator>
					<MediaUri>file:tracks/090915_Kolloquium_L_Guzzella.mov</MediaUri>
				</MediaLocator>
				<MediaTime>
					<MediaTimePoint>T00:00:00:0F1</MediaTimePoint>
					<MediaDuration>PT48M20S33N1000F</MediaDuration>
				</MediaTime>
				<TemporalDecomposition criteria="temporal"
					gap="false" overlap="false">
					<AudioVisualSegment id="track-1.segment-1">
						<MediaTime>
							<MediaRelTimePoint>T00:00:00:0F1000</MediaRelTimePoint>
							<MediaDuration>PT02M05S0N1000F</MediaDuration>
						</MediaTime>
						<TextAnnotation confidence="0.5" relevance="0.3"
							xml:lang="en">
							<KeywordAnnotation>
								<Keyword>Automobiles</Keyword>
								<Keyword>Future</Keyword>
								<Keyword>the</Keyword>
							</KeywordAnnotation>
						</TextAnnotation>
						<TextAnnotation confidence="0.5" relevance="0.0"
							xml:lang="en">
							<KeywordAnnotation>
								<Keyword>of</Keyword>
							</KeywordAnnotation>
						</TextAnnotation>
						<TextAnnotation confidence="0.0" relevance="0.2"
							xml:lang="en">
							<KeywordAnnotation>
								<Keyword>Guzzella</Keyword>
								<Keyword>Lino</Keyword>
							</KeywordAnnotation>
						</TextAnnotation>
						<TextAnnotation confidence="0.0" relevance="0.1"
							xml:lang="en">
							<KeywordAnnotation>
								<Keyword>WHT</Keyword>
							</KeywordAnnotation>
						</TextAnnotation>
						<TextAnnotation confidence="0.0" relevance="0.0"
							xml:lang="en">
							<KeywordAnnotation>
								<Keyword>E</Keyword>
								<Keyword>S</Keyword>
								<Keyword>T</Keyword>
							</KeywordAnnotation>
						</TextAnnotation>
					</AudioVisualSegment>
					<AudioVisualSegment id="track-1.segment-2">
						<MediaTime>
							<MediaRelTimePoint>T00:02:05:0F1000</MediaRelTimePoint>
							<MediaDuration>PT41S0N1000F</MediaDuration>
						</MediaTime>
						<TextAnnotation confidence="0.5" relevance="0.3"
							xml:lang="de">
							<KeywordAnnotation>
								<Keyword>Alois</Keyword>
								<Keyword>Antonio</Keyword>
								<Keyword>Bach</Keyword>
								<Keyword>Chris</Keyword>
								<Keyword>Christian</Keyword>
								<Keyword>Daniel</Keyword>
								<Keyword>David</Keyword>
								<Keyword>ETH</Keyword>
								<Keyword>Konstantinos</Keyword>
								<Keyword>Roman</Keyword>
								<Keyword>Rupp</Keyword>
							</KeywordAnnotation>
						</TextAnnotation>
						<TextAnnotation confidence="0.0" relevance="0.3"
							xml:lang="de">
							<KeywordAnnotation>
								<Keyword>Acknowledgments</Keyword>
								<Keyword>Amstutz</Keyword>
								<Keyword>Boulcuchos</Keyword>
								<Keyword>Dyntar</Keyword>
								<Keyword>EMPA</Keyword>
								<Keyword>IMRT</Keyword>
								<Keyword>LAV</Keyword>
								<Keyword>Onder</Keyword>
								<Keyword>Patrik</Keyword>
								<Keyword>Sciarretta</Keyword>
								<Keyword>Soltic</Keyword>
								<Keyword>ller</Keyword>
							</KeywordAnnotation>
						</TextAnnotation>
						<TextAnnotation confidence="0.0" relevance="0.0"
							xml:lang="de">
							<KeywordAnnotation>
								<Keyword>M</Keyword>
							</KeywordAnnotation>
						</TextAnnotation>
					</AudioVisualSegment>
					<AudioVisualSegment id="track-1.segment-3">
						<MediaTime>
							<MediaRelTimePoint>T00:02:46:0F1000</MediaRelTimePoint>
							<MediaDuration>PT49S0N1000F</MediaDuration>
						</MediaTime>
						<TextAnnotation confidence="0.5" relevance="0.3"
							xml:lang="de">
							<KeywordAnnotation>
								<Keyword>CMM</Keyword>
								<Keyword>GDP</Keyword>
								<Keyword>Why</Keyword>
								<Keyword>annual</Keyword>
								<Keyword>per</Keyword>
							</KeywordAnnotation>
						</TextAnnotation>
						<TextAnnotation confidence="0.5" relevance="0.2"
							xml:lang="de">
							<KeywordAnnotation>
								<Keyword>wwf</Keyword>
							</KeywordAnnotation>
						</TextAnnotation>
						<TextAnnotation confidence="0.5" relevance="0.0"
							xml:lang="de">
							<KeywordAnnotation>
								<Keyword>Em</Keyword>
								<Keyword>MI</Keyword>
								<Keyword>US</Keyword>
								<Keyword>fr</Keyword>
								<Keyword>mn</Keyword>
								<Keyword>rr</Keyword>
							</KeywordAnnotation>
						</TextAnnotation>
						<TextAnnotation confidence="0.0" relevance="0.4"
							xml:lang="de">
							<KeywordAnnotation>
								<Keyword>dFm</Keyword>
							</KeywordAnnotation>
						</TextAnnotation>
						<TextAnnotation confidence="0.0" relevance="0.3"
							xml:lang="de">
							<KeywordAnnotation>
								<Keyword>BMO</Keyword>
								<Keyword>Bother</Keyword>
								<Keyword>Capila</Keyword>
								<Keyword>OECD4lEAl</Keyword>
								<Keyword>Swvcr</Keyword>
								<Keyword>n.m</Keyword>
							</KeywordAnnotation>
						</TextAnnotation>
						<TextAnnotation confidence="0.0" relevance="0.0"
							xml:lang="de">
							<KeywordAnnotation>
								<Keyword>A</Keyword>
								<Keyword>I</Keyword>
								<Keyword>J</Keyword>
								<Keyword>M</Keyword>
								<Keyword>Q</Keyword>
								<Keyword>S</Keyword>
								<Keyword>W</Keyword>
								<Keyword>f</Keyword>
								<Keyword>g</Keyword>
								<Keyword>i</Keyword>
								<Keyword>m</Keyword>
								<Keyword>n</Keyword>
								<Keyword>p</Keyword>
								<Keyword>qw</Keyword>
								<Keyword>u</Keyword>
								<Keyword>v</Keyword>
							</KeywordAnnotation>
						</TextAnnotation>
					</AudioVisualSegment>
					<AudioVisualSegment id="track-1.segment-4">
						<MediaTime>
							<MediaRelTimePoint>T00:03:35:0F1000</MediaRelTimePoint>
							<MediaDuration>PT01M01S0N1000F</MediaDuration>
						</MediaTime>
						<TextAnnotation confidence="0.5" relevance="0.3"
							xml:lang="de">
							<KeywordAnnotation>
								<Keyword>Next</Keyword>
								<Keyword>The</Keyword>
								<Keyword>Tin</Keyword>
							</KeywordAnnotation>
						</TextAnnotation>
						<TextAnnotation confidence="0.5" relevance="0.2"
							xml:lang="de">
							<KeywordAnnotation>
								<Keyword>GDP</Keyword>
								<Keyword>HON</Keyword>
								<Keyword>Sun</Keyword>
								<Keyword>annual</Keyword>
								<Keyword>capita</Keyword>
								<Keyword>per</Keyword>
							</KeywordAnnotation>
						</TextAnnotation>
						<TextAnnotation confidence="0.5" relevance="0.0"
							xml:lang="de">
							<KeywordAnnotation>
								<Keyword>Em</Keyword>
								<Keyword>IM</Keyword>
								<Keyword>Iu</Keyword>
								<Keyword>MU</Keyword>
								<Keyword>PG</Keyword>
								<Keyword>US</Keyword>
								<Keyword>di</Keyword>
								<Keyword>hx</Keyword>
								<Keyword>uy</Keyword>
							</KeywordAnnotation>
						</TextAnnotation>
						<TextAnnotation confidence="0.0" relevance="0.3"
							xml:lang="de">
							<KeywordAnnotation>
								<Keyword>Lizzie</Keyword>
							</KeywordAnnotation>
						</TextAnnotation>
						<TextAnnotation confidence="0.0" relevance="0.2"
							xml:lang="de">
							<KeywordAnnotation>
								<Keyword>IMM</Keyword>
								<Keyword>dhn</Keyword>
								<Keyword>nkip</Keyword>
							</KeywordAnnotation>
						</TextAnnotation>
						<TextAnnotation confidence="0.0" relevance="0.0"
							xml:lang="de">
							<KeywordAnnotation>
								<Keyword>A</Keyword>
								<Keyword>E</Keyword>
								<Keyword>N</Keyword>
								<Keyword>S</Keyword>
								<Keyword>W</Keyword>
								<Keyword>d</Keyword>
								<Keyword>o</Keyword>
								<Keyword>r</Keyword>
							</KeywordAnnotation>
						</TextAnnotation>
					</AudioVisualSegment>
					<AudioVisualSegment id="track-1.segment-5">
						<MediaTime>
							<MediaRelTimePoint>T00:04:36:0F1000</MediaRelTimePoint>
							<MediaDuration>PT01M43S0N1000F</MediaDuration>
						</MediaTime>
						<TextAnnotation confidence="0.5" relevance="0.4"
							xml:lang="de">
							<KeywordAnnotation>
								<Keyword>many</Keyword>
							</KeywordAnnotation>
						</TextAnnotation>
						<TextAnnotation confidence="0.5" relevance="0.3"
							xml:lang="de">
							<KeywordAnnotation>
								<Keyword>Train</Keyword>
								<Keyword>and</Keyword>
								<Keyword>tracks</Keyword>
								<Keyword>tunnels</Keyword>
							</KeywordAnnotation>
						</TextAnnotation>
						<TextAnnotation confidence="0.5" relevance="0.2"
							xml:lang="de">
							<KeywordAnnotation>
								<Keyword>Kunz</Keyword>
								<Keyword>Source</Keyword>
							</KeywordAnnotation>
						</TextAnnotation>
						<TextAnnotation confidence="0.5" relevance="0.0"
							xml:lang="de">
							<KeywordAnnotation>
								<Keyword>EE</Keyword>
								<Keyword>KL</Keyword>
								<Keyword>MJ</Keyword>
								<Keyword>Mh</Keyword>
								<Keyword>mm</Keyword>
							</KeywordAnnotation>
						</TextAnnotation>
						<TextAnnotation confidence="0.0" relevance="0.4"
							xml:lang="de">
							<KeywordAnnotation>
								<Keyword>veqmms</Keyword>
							</KeywordAnnotation>
						</TextAnnotation>
						<TextAnnotation confidence="0.0" relevance="0.3"
							xml:lang="de">
							<KeywordAnnotation>
								<Keyword>Barner</Keyword>
								<Keyword>IPW</Keyword>
								<Keyword>Pkm</Keyword>
								<Keyword>Tank-to-wheel</Keyword>
								<Keyword>Verkehrstage</Keyword>
								<Keyword>Well-to</Keyword>
								<Keyword>Ziirich</Keyword>
								<Keyword>ank</Keyword>
								<Keyword>bddges</Keyword>
								<Keyword>cum</Keyword>
								<Keyword>mads</Keyword>
								<Keyword>spew</Keyword>
								<Keyword>vahidc</Keyword>
							</KeywordAnnotation>
						</TextAnnotation>
						<TextAnnotation confidence="0.0" relevance="0.2"
							xml:lang="de">
							<KeywordAnnotation>
								<Keyword>Baudirektion</Keyword>
								<Keyword>Hansruedi</Keyword>
							</KeywordAnnotation>
						</TextAnnotation>
						<TextAnnotation confidence="0.0" relevance="0.0"
							xml:lang="de">
							<KeywordAnnotation>
								<Keyword>-</Keyword>
								<Keyword>I</Keyword>
								<Keyword>Pw</Keyword>
								<Keyword>W</Keyword>
							</KeywordAnnotation>
						</TextAnnotation>
					</AudioVisualSegment>
					<AudioVisualSegment id="track-1.segment-6">
						<MediaTime>
							<MediaRelTimePoint>T00:06:19:0F1000</MediaRelTimePoint>
							<MediaDuration>PT47S0N1000F</MediaDuration>
						</MediaTime>
						<TextAnnotation confidence="0.5" relevance="0.4"
							xml:lang="en">
							<KeywordAnnotation>
								<Keyword>Are</Keyword>
								<Keyword>Control</Keyword>
								<Keyword>Important</Keyword>
								<Keyword>Systems</Keyword>
							</KeywordAnnotation>
						</TextAnnotation>
						<TextAnnotation confidence="0.5" relevance="0.0"
							xml:lang="en">
							<KeywordAnnotation>
								<Keyword>ai</Keyword>
							</KeywordAnnotation>
						</TextAnnotation>
						<TextAnnotation confidence="0.0" relevance="0.0"
							xml:lang="en">
							<KeywordAnnotation>
								<Keyword>A</Keyword>
								<Keyword>i</Keyword>
							</KeywordAnnotation>
						</TextAnnotation>
					</AudioVisualSegment>
					<AudioVisualSegment id="track-1.segment-7">
						<MediaTime>
							<MediaRelTimePoint>T00:07:06:0F1000</MediaRelTimePoint>
							<MediaDuration>PT01M20S0N1000F</MediaDuration>
						</MediaTime>
						<TextAnnotation confidence="0.5" relevance="0.4"
							xml:lang="en">
							<KeywordAnnotation>
								<Keyword>Main</Keyword>
								<Keyword>Problem</Keyword>
								<Keyword>but</Keyword>
								<Keyword>out</Keyword>
							</KeywordAnnotation>
						</TextAnnotation>
						<TextAnnotation confidence="0.5" relevance="0.3"
							xml:lang="en">
							<KeywordAnnotation>
								<Keyword>Not</Keyword>
								<Keyword>Pollution</Keyword>
								<Keyword>The</Keyword>
								<Keyword>are</Keyword>
								<Keyword>cost</Keyword>
								<Keyword>details</Keyword>
								<Keyword>emission</Keyword>
								<Keyword>engines</Keyword>
								<Keyword>etc</Keyword>
								<Keyword>have</Keyword>
								<Keyword>important</Keyword>
								<Keyword>issue</Keyword>
								<Keyword>main</Keyword>
								<Keyword>maintenance</Keyword>
								<Keyword>monitoring</Keyword>
								<Keyword>worked</Keyword>
								<Keyword>zer</Keyword>
							</KeywordAnnotation>
						</TextAnnotation>
						<TextAnnotation confidence="0.5" relevance="0.0"
							xml:lang="en">
							<KeywordAnnotation>
								<Keyword>be</Keyword>
								<Keyword>is</Keyword>
								<Keyword>ls</Keyword>
								<Keyword>to</Keyword>
							</KeywordAnnotation>
						</TextAnnotation>
						<TextAnnotation confidence="0.0" relevance="0.4"
							xml:lang="en">
							<KeywordAnnotation>
								<Keyword>feasible</Keyword>
							</KeywordAnnotation>
						</TextAnnotation>
						<TextAnnotation confidence="0.0" relevance="0.3"
							xml:lang="en">
							<KeywordAnnotation>
								<Keyword>pollutant</Keyword>
							</KeywordAnnotation>
						</TextAnnotation>
						<TextAnnotation confidence="0.0" relevance="0.0"
							xml:lang="en">
							<KeywordAnnotation>
								<Keyword>r</Keyword>
							</KeywordAnnotation>
						</TextAnnotation>
					</AudioVisualSegment>
					<AudioVisualSegment id="track-1.segment-8">
						<MediaTime>
							<MediaRelTimePoint>T00:08:26:0F1000</MediaRelTimePoint>
							<MediaDuration>PT59S0N1000F</MediaDuration>
						</MediaTime>
						<TextAnnotation confidence="0.5" relevance="0.4"
							xml:lang="en">
							<KeywordAnnotation>
								<Keyword>Levels</Keyword>
								<Keyword>Pollution</Keyword>
							</KeywordAnnotation>
						</TextAnnotation>
						<TextAnnotation confidence="0.5" relevance="0.0"
							xml:lang="en">
							<KeywordAnnotation>
								<Keyword>NO</Keyword>
								<Keyword>YU</Keyword>
								<Keyword>rr</Keyword>
							</KeywordAnnotation>
						</TextAnnotation>
						<TextAnnotation confidence="0.0" relevance="0.4"
							xml:lang="en">
							<KeywordAnnotation>
								<Keyword>Zurich</Keyword>
							</KeywordAnnotation>
						</TextAnnotation>
						<TextAnnotation confidence="0.0" relevance="0.3"
							xml:lang="en">
							<KeywordAnnotation>
								<Keyword>TNI</Keyword>
								<Keyword>dlqj</Keyword>
							</KeywordAnnotation>
						</TextAnnotation>
						<TextAnnotation confidence="0.0" relevance="0.0"
							xml:lang="en">
							<KeywordAnnotation>
								<Keyword>E</Keyword>
								<Keyword>H</Keyword>
								<Keyword>I</Keyword>
								<Keyword>J</Keyword>
								<Keyword>M</Keyword>
								<Keyword>W</Keyword>
								<Keyword>i</Keyword>
								<Keyword>m</Keyword>
							</KeywordAnnotation>
						</TextAnnotation>
					</AudioVisualSegment>
					<AudioVisualSegment id="track-1.segment-9">
						<MediaTime>
							<MediaRelTimePoint>T00:09:25:0F1000</MediaRelTimePoint>
							<MediaDuration>PT55S0N1000F</MediaDuration>
						</MediaTime>
						<TextAnnotation confidence="0.5" relevance="0.4"
							xml:lang="de">
							<KeywordAnnotation>
								<Keyword>Engines</Keyword>
								<Keyword>Limit</Keyword>
								<Keyword>Negative</Keyword>
								<Keyword>emission</Keyword>
							</KeywordAnnotation>
						</TextAnnotation>
						<TextAnnotation confidence="0.5" relevance="0.3"
							xml:lang="de">
							<KeywordAnnotation>
								<Keyword>The</Keyword>
							</KeywordAnnotation>
						</TextAnnotation>
						<TextAnnotation confidence="0.5" relevance="0.0"
							xml:lang="de">
							<KeywordAnnotation>
								<Keyword>IM</Keyword>
								<Keyword>IQ</Keyword>
								<Keyword>IU</Keyword>
								<Keyword>ml</Keyword>
								<Keyword>mv</Keyword>
								<Keyword>ra</Keyword>
							</KeywordAnnotation>
						</TextAnnotation>
						<TextAnnotation confidence="0.0" relevance="0.4"
							xml:lang="de">
							<KeywordAnnotation>
								<Keyword>lzi</Keyword>
							</KeywordAnnotation>
						</TextAnnotation>
						<TextAnnotation confidence="0.0" relevance="0.0"
							xml:lang="de">
							<KeywordAnnotation>
								<Keyword>-g</Keyword>
								<Keyword>Fw</Keyword>
								<Keyword>M</Keyword>
								<Keyword>O</Keyword>
								<Keyword>P</Keyword>
								<Keyword>Q</Keyword>
								<Keyword>W</Keyword>
								<Keyword>j</Keyword>
								<Keyword>w</Keyword>
							</KeywordAnnotation>
						</TextAnnotation>
					</AudioVisualSegment>
					<AudioVisualSegment id="track-1.segment-10">
						<MediaTime>
							<MediaRelTimePoint>T00:10:20:0F1000</MediaRelTimePoint>
							<MediaDuration>PT19S0N1000F</MediaDuration>
						</MediaTime>
						<TextAnnotation confidence="0.5" relevance="0.4"
							xml:lang="en">
							<KeywordAnnotation>
								<Keyword>About</Keyword>
								<Keyword>Diesel</Keyword>
								<Keyword>Engines</Keyword>
							</KeywordAnnotation>
						</TextAnnotation>
						<TextAnnotation confidence="0.5" relevance="0.3"
							xml:lang="en">
							<KeywordAnnotation>
								<Keyword>Diesel</Keyword>
								<Keyword>What</Keyword>
								<Keyword>always</Keyword>
								<Keyword>clean</Keyword>
								<Keyword>concentrations</Keyword>
								<Keyword>lean</Keyword>
								<Keyword>never</Keyword>
								<Keyword>reduction</Keyword>
								<Keyword>relevant</Keyword>
							</KeywordAnnotation>
						</TextAnnotation>
						<TextAnnotation confidence="0.5" relevance="0.2"
							xml:lang="en">
							<KeywordAnnotation>
								<Keyword>NOx</Keyword>
								<Keyword>and</Keyword>
								<Keyword>matter</Keyword>
								<Keyword>particulate</Keyword>
							</KeywordAnnotation>
						</TextAnnotation>
						<TextAnnotation confidence="0.5" relevance="0.0"
							xml:lang="en">
							<KeywordAnnotation>
								<Keyword>CO</Keyword>
								<Keyword>Mm</Keyword>
								<Keyword>PM</Keyword>
								<Keyword>in</Keyword>
							</KeywordAnnotation>
						</TextAnnotation>
						<TextAnnotation confidence="0.0" relevance="0.3"
							xml:lang="en">
							<KeywordAnnotation>
								<Keyword>pollutant</Keyword>
							</KeywordAnnotation>
						</TextAnnotation>
						<TextAnnotation confidence="0.0" relevance="0.0"
							xml:lang="en">
							<KeywordAnnotation>
								<Keyword>-</Keyword>
								<Keyword>A</Keyword>
								<Keyword>C</Keyword>
								<Keyword>I</Keyword>
								<Keyword>O</Keyword>
								<Keyword>W</Keyword>
							</KeywordAnnotation>
						</TextAnnotation>
					</AudioVisualSegment>
					<AudioVisualSegment id="track-1.segment-11">
						<MediaTime>
							<MediaRelTimePoint>T00:10:39:0F1000</MediaRelTimePoint>
							<MediaDuration>PT35S0N1000F</MediaDuration>
						</MediaTime>
						<TextAnnotation confidence="0.5" relevance="0.4"
							xml:lang="de">
							<KeywordAnnotation>
								<Keyword>pam</Keyword>
							</KeywordAnnotation>
						</TextAnnotation>
						<TextAnnotation confidence="0.5" relevance="0.3"
							xml:lang="de">
							<KeywordAnnotation>
								<Keyword>Constraints</Keyword>
								<Keyword>KGB</Keyword>
								<Keyword>all</Keyword>
								<Keyword>design</Keyword>
								<Keyword>engine</Keyword>
								<Keyword>ideal</Keyword>
								<Keyword>tolerances</Keyword>
							</KeywordAnnotation>
						</TextAnnotation>
						<TextAnnotation confidence="0.5" relevance="0.0"
							xml:lang="de">
							<KeywordAnnotation>
								<Keyword>PM</Keyword>
								<Keyword>QI</Keyword>
								<Keyword>ae</Keyword>
								<Keyword>an</Keyword>
							</KeywordAnnotation>
						</TextAnnotation>
						<TextAnnotation confidence="0.0" relevance="0.4"
							xml:lang="de">
							<KeywordAnnotation>
								<Keyword>agw</Keyword>
								<Keyword>ruienganala</Keyword>
							</KeywordAnnotation>
						</TextAnnotation>
						<TextAnnotation confidence="0.0" relevance="0.3"
							xml:lang="de">
							<KeywordAnnotation>
								<Keyword>IImIlS</Keyword>
								<Keyword>IOGIHDCES</Keyword>
								<Keyword>Pollutant</Keyword>
								<Keyword>dsssgn</Keyword>
								<Keyword>mam</Keyword>
								<Keyword>selcf</Keyword>
							</KeywordAnnotation>
						</TextAnnotation>
						<TextAnnotation confidence="0.0" relevance="0.0"
							xml:lang="de">
							<KeywordAnnotation>
								<Keyword>-</Keyword>
								<Keyword>I</Keyword>
								<Keyword>S</Keyword>
								<Keyword>T</Keyword>
								<Keyword>X</Keyword>
								<Keyword>f</Keyword>
								<Keyword>u</Keyword>
							</KeywordAnnotation>
						</TextAnnotation>
					</AudioVisualSegment>
					<AudioVisualSegment id="track-1.segment-12">
						<MediaTime>
							<MediaRelTimePoint>T00:11:14:0F1000</MediaRelTimePoint>
							<MediaDuration>PT01M53S0N1000F</MediaDuration>
						</MediaTime>
						<TextAnnotation confidence="0.5" relevance="0.4"
							xml:lang="en">
							<KeywordAnnotation>
								<Keyword>Control</Keyword>
								<Keyword>Engine</Keyword>
								<Keyword>Structure</Keyword>
							</KeywordAnnotation>
						</TextAnnotation>
						<TextAnnotation confidence="0.5" relevance="0.3"
							xml:lang="en">
							<KeywordAnnotation>
								<Keyword>Diesel</Keyword>
								<Keyword>Gif</Keyword>
								<Keyword>HOW</Keyword>
								<Keyword>Standard</Keyword>
								<Keyword>points</Keyword>
								<Keyword>set</Keyword>
							</KeywordAnnotation>
						</TextAnnotation>
						<TextAnnotation confidence="0.5" relevance="0.0"
							xml:lang="en">
							<KeywordAnnotation>
								<Keyword>IT</Keyword>
							</KeywordAnnotation>
						</TextAnnotation>
						<TextAnnotation confidence="0.0" relevance="0.3"
							xml:lang="en">
							<KeywordAnnotation>
								<Keyword>DODS</Keyword>
								<Keyword>DTGSSU</Keyword>
								<Keyword>MBSS</Keyword>
								<Keyword>SGIISOYSZ</Keyword>
								<Keyword>actuators</Keyword>
								<Keyword>lconircllersl</Keyword>
							</KeywordAnnotation>
						</TextAnnotation>
						<TextAnnotation confidence="0.0" relevance="0.2"
							xml:lang="en">
							<KeywordAnnotation>
								<Keyword>ETB-Brlgihe</Keyword>
							</KeywordAnnotation>
						</TextAnnotation>
						<TextAnnotation confidence="0.0" relevance="0.0"
							xml:lang="en">
							<KeywordAnnotation>
								<Keyword>E</Keyword>
								<Keyword>I</Keyword>
								<Keyword>O</Keyword>
								<Keyword>S</Keyword>
								<Keyword>T</Keyword>
								<Keyword>u</Keyword>
							</KeywordAnnotation>
						</TextAnnotation>
					</AudioVisualSegment>
					<AudioVisualSegment id="track-1.segment-13">
						<MediaTime>
							<MediaRelTimePoint>T00:13:07:0F1000</MediaRelTimePoint>
							<MediaDuration>PT29S0N1000F</MediaDuration>
						</MediaTime>
						<TextAnnotation confidence="0.5" relevance="0.4"
							xml:lang="en">
							<KeywordAnnotation>
								<Keyword>Constraints</Keyword>
								<Keyword>aged</Keyword>
								<Keyword>poem</Keyword>
								<Keyword>sen</Keyword>
							</KeywordAnnotation>
						</TextAnnotation>
						<TextAnnotation confidence="0.5" relevance="0.3"
							xml:lang="en">
							<KeywordAnnotation>
								<Keyword>engine</Keyword>
								<Keyword>ideal</Keyword>
							</KeywordAnnotation>
						</TextAnnotation>
						<TextAnnotation confidence="0.5" relevance="0.2"
							xml:lang="en">
							<KeywordAnnotation>
								<Keyword>tolerances</Keyword>
							</KeywordAnnotation>
						</TextAnnotation>
						<TextAnnotation confidence="0.5" relevance="0.0"
							xml:lang="en">
							<KeywordAnnotation>
								<Keyword>PM</Keyword>
							</KeywordAnnotation>
						</TextAnnotation>
						<TextAnnotation confidence="0.0" relevance="0.4"
							xml:lang="en">
							<KeywordAnnotation>
								<Keyword>Pollutant</Keyword>
								<Keyword>marrengane</Keyword>
							</KeywordAnnotation>
						</TextAnnotation>
						<TextAnnotation confidence="0.0" relevance="0.3"
							xml:lang="en">
							<KeywordAnnotation>
								<Keyword>assign</Keyword>
							</KeywordAnnotation>
						</TextAnnotation>
						<TextAnnotation confidence="0.0" relevance="0.2"
							xml:lang="en">
							<KeywordAnnotation>
								<Keyword>dssngn</Keyword>
							</KeywordAnnotation>
						</TextAnnotation>
						<TextAnnotation confidence="0.0" relevance="0.0"
							xml:lang="en">
							<KeywordAnnotation>
								<Keyword>OY</Keyword>
								<Keyword>Q</Keyword>
								<Keyword>v</Keyword>
							</KeywordAnnotation>
						</TextAnnotation>
					</AudioVisualSegment>
					<AudioVisualSegment id="track-1.segment-14">
						<MediaTime>
							<MediaRelTimePoint>T00:13:36:0F1000</MediaRelTimePoint>
							<MediaDuration>PT01M11S0N1000F</MediaDuration>
						</MediaTime>
						<TextAnnotation confidence="0.5" relevance="0.4"
							xml:lang="en">
							<KeywordAnnotation>
								<Keyword>Better</Keyword>
								<Keyword>OBD</Keyword>
								<Keyword>and</Keyword>
								<Keyword>better</Keyword>
								<Keyword>close</Keyword>
								<Keyword>economy</Keyword>
								<Keyword>feedback</Keyword>
								<Keyword>fewer</Keyword>
								<Keyword>fuel</Keyword>
								<Keyword>fusion</Keyword>
								<Keyword>higher</Keyword>
								<Keyword>required</Keyword>
								<Keyword>sensor</Keyword>
								<Keyword>temperatures</Keyword>
								<Keyword>this</Keyword>
								<Keyword>tolerances</Keyword>
								<Keyword>turing</Keyword>
							</KeywordAnnotation>
						</TextAnnotation>
						<TextAnnotation confidence="0.5" relevance="0.3"
							xml:lang="en">
							<KeywordAnnotation>
								<Keyword>all</Keyword>
								<Keyword>engines</Keyword>
								<Keyword>feedback</Keyword>
								<Keyword>keep</Keyword>
								<Keyword>use</Keyword>
								<Keyword>using</Keyword>
							</KeywordAnnotation>
						</TextAnnotation>
						<TextAnnotation confidence="0.5" relevance="0.0"
							xml:lang="en">
							<KeywordAnnotation>
								<Keyword>PM</Keyword>
								<Keyword>re</Keyword>
								<Keyword>to</Keyword>
							</KeywordAnnotation>
						</TextAnnotation>
						<TextAnnotation confidence="0.0" relevance="0.4"
							xml:lang="en">
							<KeywordAnnotation>
								<Keyword>DPF</Keyword>
								<Keyword>axed</Keyword>
								<Keyword>cheaper</Keyword>
								<Keyword>injectors</Keyword>
								<Keyword>manufac</Keyword>
								<Keyword>ofthe</Keyword>
								<Keyword>pqint</Keyword>
								<Keyword>regenerations</Keyword>
							</KeywordAnnotation>
						</TextAnnotation>
						<TextAnnotation confidence="0.0" relevance="0.3"
							xml:lang="en">
							<KeywordAnnotation>
								<Keyword>Cheaper</Keyword>
							</KeywordAnnotation>
						</TextAnnotation>
						<TextAnnotation confidence="0.0" relevance="0.0"
							xml:lang="en">
							<KeywordAnnotation>
								<Keyword>-</Keyword>
								<Keyword>--</Keyword>
								<Keyword>I</Keyword>
							</KeywordAnnotation>
						</TextAnnotation>
					</AudioVisualSegment>
					<AudioVisualSegment id="track-1.segment-15">
						<MediaTime>
							<MediaRelTimePoint>T00:14:47:0F1000</MediaRelTimePoint>
							<MediaDuration>PT01M35S0N1000F</MediaDuration>
						</MediaTime>
						<TextAnnotation confidence="0.5" relevance="0.4"
							xml:lang="de">
							<KeywordAnnotation>
								<Keyword>EEK</Keyword>
								<Keyword>Full</Keyword>
								<Keyword>Future</Keyword>
								<Keyword>Kyoto</Keyword>
								<Keyword>Starting</Keyword>
								<Keyword>Trade</Keyword>
								<Keyword>World</Keyword>
							</KeywordAnnotation>
						</TextAnnotation>
						<TextAnnotation confidence="0.5" relevance="0.3"
							xml:lang="de">
							<KeywordAnnotation>
								<Keyword>Energy</Keyword>
								<Keyword>Primary</Keyword>
								<Keyword>cal</Keyword>
							</KeywordAnnotation>
						</TextAnnotation>
						<TextAnnotation confidence="0.5" relevance="0.0"
							xml:lang="de">
							<KeywordAnnotation>
								<Keyword>An</Keyword>
								<Keyword>EA</Keyword>
								<Keyword>Im</Keyword>
								<Keyword>VG</Keyword>
								<Keyword>WT</Keyword>
								<Keyword>im</Keyword>
								<Keyword>sI</Keyword>
							</KeywordAnnotation>
						</TextAnnotation>
						<TextAnnotation confidence="0.0" relevance="0.4"
							xml:lang="de">
							<KeywordAnnotation>
								<Keyword>Scenario</Keyword>
								<Keyword>optimistic</Keyword>
							</KeywordAnnotation>
						</TextAnnotation>
						<TextAnnotation confidence="0.0" relevance="0.3"
							xml:lang="de">
							<KeywordAnnotation>
								<Keyword>I8i</Keyword>
								<Keyword>pun</Keyword>
							</KeywordAnnotation>
						</TextAnnotation>
						<TextAnnotation confidence="0.0" relevance="0.2"
							xml:lang="de">
							<KeywordAnnotation>
								<Keyword>Sbums</Keyword>
							</KeywordAnnotation>
						</TextAnnotation>
						<TextAnnotation confidence="0.0" relevance="0.0"
							xml:lang="de">
							<KeywordAnnotation>
								<Keyword>Y</Keyword>
								<Keyword>m</Keyword>
							</KeywordAnnotation>
						</TextAnnotation>
					</AudioVisualSegment>
					<AudioVisualSegment id="track-1.segment-16">
						<MediaTime>
							<MediaRelTimePoint>T00:16:22:0F1000</MediaRelTimePoint>
							<MediaDuration>PT50S0N1000F</MediaDuration>
						</MediaTime>
						<TextAnnotation confidence="0.5" relevance="0.3"
							xml:lang="de">
							<KeywordAnnotation>
								<Keyword>emission</Keyword>
								<Keyword>system</Keyword>
							</KeywordAnnotation>
						</TextAnnotation>
						<TextAnnotation confidence="0.5" relevance="0.2"
							xml:lang="de">
							<KeywordAnnotation>
								<Keyword>energy</Keyword>
								<Keyword>miles</Keyword>
							</KeywordAnnotation>
						</TextAnnotation>
						<TextAnnotation confidence="0.5" relevance="0.0"
							xml:lang="de">
							<KeywordAnnotation>
								<Keyword>em</Keyword>
								<Keyword>in</Keyword>
							</KeywordAnnotation>
						</TextAnnotation>
						<TextAnnotation confidence="0.0" relevance="0.3"
							xml:lang="de">
							<KeywordAnnotation>
								<Keyword>aaw</Keyword>
								<Keyword>gmy</Keyword>
								<Keyword>mhnonos</Keyword>
								<Keyword>pollutant</Keyword>
								<Keyword>tank-to-vehicle</Keyword>
								<Keyword>weII-to-tank</Keyword>
							</KeywordAnnotation>
						</TextAnnotation>
						<TextAnnotation confidence="0.0" relevance="0.2"
							xml:lang="de">
							<KeywordAnnotation>
								<Keyword>dVM</Keyword>
								<Keyword>neglected</Keyword>
								<Keyword>vehicle-to</Keyword>
								<Keyword>vehido</Keyword>
							</KeywordAnnotation>
						</TextAnnotation>
						<TextAnnotation confidence="0.0" relevance="0.0"
							xml:lang="de">
							<KeywordAnnotation>
								<Keyword>A</Keyword>
								<Keyword>E</Keyword>
								<Keyword>I</Keyword>
								<Keyword>Q</Keyword>
								<Keyword>T</Keyword>
								<Keyword>j</Keyword>
								<Keyword>m</Keyword>
							</KeywordAnnotation>
						</TextAnnotation>
					</AudioVisualSegment>
					<AudioVisualSegment id="track-1.segment-17">
						<MediaTime>
							<MediaRelTimePoint>T00:17:12:0F1000</MediaRelTimePoint>
							<MediaDuration>PT39S0N1000F</MediaDuration>
						</MediaTime>
						<TextAnnotation confidence="0.5" relevance="0.4"
							xml:lang="en">
							<KeywordAnnotation>
								<Keyword>Cycles</Keyword>
								<Keyword>Test</Keyword>
								<Keyword>apples</Keyword>
								<Keyword>compare</Keyword>
								<Keyword>with</Keyword>
							</KeywordAnnotation>
						</TextAnnotation>
						<TextAnnotation confidence="0.5" relevance="0.3"
							xml:lang="en">
							<KeywordAnnotation>
								<Keyword>Test</Keyword>
								<Keyword>aggressive</Keyword>
								<Keyword>cycle</Keyword>
								<Keyword>four</Keyword>
								<Keyword>more</Keyword>
								<Keyword>often</Keyword>
								<Keyword>repetitions</Keyword>
							</KeywordAnnotation>
						</TextAnnotation>
						<TextAnnotation confidence="0.5" relevance="0.2"
							xml:lang="en">
							<KeywordAnnotation>
								<Keyword>Other</Keyword>
								<Keyword>Real</Keyword>
								<Keyword>cycles</Keyword>
								<Keyword>driving</Keyword>
								<Keyword>other</Keyword>
								<Keyword>patterns</Keyword>
								<Keyword>regions</Keyword>
								<Keyword>test</Keyword>
								<Keyword>used</Keyword>
							</KeywordAnnotation>
						</TextAnnotation>
						<TextAnnotation confidence="0.5" relevance="0.0"
							xml:lang="en">
							<KeywordAnnotation>
								<Keyword>EU</Keyword>
								<Keyword>hl</Keyword>
								<Keyword>in</Keyword>
								<Keyword>km</Keyword>
							</KeywordAnnotation>
						</TextAnnotation>
						<TextAnnotation confidence="0.0" relevance="0.0"
							xml:lang="en">
							<KeywordAnnotation>
								<Keyword>-</Keyword>
								<Keyword>S</Keyword>
								<Keyword>t</Keyword>
							</KeywordAnnotation>
						</TextAnnotation>
					</AudioVisualSegment>
					<AudioVisualSegment id="track-1.segment-18">
						<MediaTime>
							<MediaRelTimePoint>T00:17:51:0F1000</MediaRelTimePoint>
							<MediaDuration>PT31S0N1000F</MediaDuration>
						</MediaTime>
						<TextAnnotation confidence="0.5" relevance="0.4"
							xml:lang="en">
							<KeywordAnnotation>
								<Keyword>Losses</Keyword>
							</KeywordAnnotation>
						</TextAnnotation>
						<TextAnnotation confidence="0.5" relevance="0.3"
							xml:lang="en">
							<KeywordAnnotation>
								<Keyword>Energy</Keyword>
								<Keyword>Mechanical</Keyword>
								<Keyword>Vehicle</Keyword>
								<Keyword>aerodynamic</Keyword>
							</KeywordAnnotation>
						</TextAnnotation>
						<TextAnnotation confidence="0.5" relevance="0.2"
							xml:lang="en">
							<KeywordAnnotation>
								<Keyword>force</Keyword>
								<Keyword>mama</Keyword>
								<Keyword>rolling</Keyword>
							</KeywordAnnotation>
						</TextAnnotation>
						<TextAnnotation confidence="0.0" relevance="0.4"
							xml:lang="en">
							<KeywordAnnotation>
								<Keyword>a.-oam</Keyword>
							</KeywordAnnotation>
						</TextAnnotation>
						<TextAnnotation confidence="0.0" relevance="0.3"
							xml:lang="en">
							<KeywordAnnotation>
								<Keyword>-cg</Keyword>
								<Keyword>TTICIIOFI</Keyword>
							</KeywordAnnotation>
						</TextAnnotation>
						<TextAnnotation confidence="0.0" relevance="0.2"
							xml:lang="en">
							<KeywordAnnotation>
								<Keyword>friciion</Keyword>
							</KeywordAnnotation>
						</TextAnnotation>
						<TextAnnotation confidence="0.0" relevance="0.0"
							xml:lang="en">
							<KeywordAnnotation>
								<Keyword>F</Keyword>
								<Keyword>V</Keyword>
								<Keyword>X</Keyword>
							</KeywordAnnotation>
						</TextAnnotation>
					</AudioVisualSegment>
					<AudioVisualSegment id="track-1.segment-19">
						<MediaTime>
							<MediaRelTimePoint>T00:18:22:0F1000</MediaRelTimePoint>
							<MediaDuration>PT19S0N1000F</MediaDuration>
						</MediaTime>
						<TextAnnotation confidence="0.5" relevance="0.4"
							xml:lang="en">
							<KeywordAnnotation>
								<Keyword>cycle</Keyword>
							</KeywordAnnotation>
						</TextAnnotation>
						<TextAnnotation confidence="0.5" relevance="0.3"
							xml:lang="en">
							<KeywordAnnotation>
								<Keyword>Energy</Keyword>
								<Keyword>Mechanical</Keyword>
								<Keyword>aerodynamic</Keyword>
								<Keyword>mass</Keyword>
								<Keyword>shape</Keyword>
								<Keyword>vehicle</Keyword>
							</KeywordAnnotation>
						</TextAnnotation>
						<TextAnnotation confidence="0.5" relevance="0.2"
							xml:lang="en">
							<KeywordAnnotation>
								<Keyword>area</Keyword>
							</KeywordAnnotation>
						</TextAnnotation>
						<TextAnnotation confidence="0.5" relevance="0.0"
							xml:lang="en">
							<KeywordAnnotation>
								<Keyword>EU</Keyword>
								<Keyword>km</Keyword>
								<Keyword>ll</Keyword>
								<Keyword>no</Keyword>
								<Keyword>rh</Keyword>
							</KeywordAnnotation>
						</TextAnnotation>
						<TextAnnotation confidence="0.0" relevance="0.4"
							xml:lang="en">
							<KeywordAnnotation>
								<Keyword>recuperation</Keyword>
							</KeywordAnnotation>
						</TextAnnotation>
						<TextAnnotation confidence="0.0" relevance="0.3"
							xml:lang="en">
							<KeywordAnnotation>
								<Keyword>tires</Keyword>
							</KeywordAnnotation>
						</TextAnnotation>
						<TextAnnotation confidence="0.0" relevance="0.2"
							xml:lang="en">
							<KeywordAnnotation>
								<Keyword>frontal</Keyword>
							</KeywordAnnotation>
						</TextAnnotation>
						<TextAnnotation confidence="0.0" relevance="0.0"
							xml:lang="en">
							<KeywordAnnotation>
								<Keyword>A</Keyword>
								<Keyword>E</Keyword>
								<Keyword>O</Keyword>
								<Keyword>c</Keyword>
								<Keyword>k</Keyword>
								<Keyword>l</Keyword>
								<Keyword>m</Keyword>
							</KeywordAnnotation>
						</TextAnnotation>
					</AudioVisualSegment>
					<AudioVisualSegment id="track-1.segment-20">
						<MediaTime>
							<MediaRelTimePoint>T00:18:41:0F1000</MediaRelTimePoint>
							<MediaDuration>PT01M20S0N1000F</MediaDuration>
						</MediaTime>
						<TextAnnotation confidence="0.5" relevance="0.4"
							xml:lang="de">
							<KeywordAnnotation>
								<Keyword>Energy</Keyword>
								<Keyword>Mechanical</Keyword>
								<Keyword>cycle</Keyword>
							</KeywordAnnotation>
						</TextAnnotation>
						<TextAnnotation confidence="0.5" relevance="0.3"
							xml:lang="de">
							<KeywordAnnotation>
								<Keyword>Arch</Keyword>
								<Keyword>car</Keyword>
								<Keyword>compact</Keyword>
								<Keyword>eco</Keyword>
								<Keyword>large</Keyword>
							</KeywordAnnotation>
						</TextAnnotation>
						<TextAnnotation confidence="0.5" relevance="0.0"
							xml:lang="de">
							<KeywordAnnotation>
								<Keyword>EU</Keyword>
								<Keyword>MJ</Keyword>
								<Keyword>OO</Keyword>
								<Keyword>kg</Keyword>
								<Keyword>km</Keyword>
								<Keyword>no</Keyword>
								<Keyword>rn</Keyword>
							</KeywordAnnotation>
						</TextAnnotation>
						<TextAnnotation confidence="0.0" relevance="0.4"
							xml:lang="de">
							<KeywordAnnotation>
								<Keyword>kWh</Keyword>
								<Keyword>kcal</Keyword>
								<Keyword>recuperation</Keyword>
							</KeywordAnnotation>
						</TextAnnotation>
						<TextAnnotation confidence="0.0" relevance="0.3"
							xml:lang="de">
							<KeywordAnnotation>
								<Keyword>D.0lZ</Keyword>
								<Keyword>full-size</Keyword>
								<Keyword>rnI,tc</Keyword>
							</KeywordAnnotation>
						</TextAnnotation>
						<TextAnnotation confidence="0.0" relevance="0.0"
							xml:lang="de">
							<KeywordAnnotation>
								<Keyword>-</Keyword>
								<Keyword>D</Keyword>
								<Keyword>E</Keyword>
								<Keyword>I</Keyword>
								<Keyword>l</Keyword>
								<Keyword>v</Keyword>
							</KeywordAnnotation>
						</TextAnnotation>
					</AudioVisualSegment>
					<AudioVisualSegment id="track-1.segment-21">
						<MediaTime>
							<MediaRelTimePoint>T00:20:01:0F1000</MediaRelTimePoint>
							<MediaDuration>PT02M36S0N1000F</MediaDuration>
						</MediaTime>
						<TextAnnotation confidence="0.5" relevance="0.4"
							xml:lang="de">
							<KeywordAnnotation>
								<Keyword>Potential</Keyword>
								<Keyword>cycle</Keyword>
							</KeywordAnnotation>
						</TextAnnotation>
						<TextAnnotation confidence="0.5" relevance="0.2"
							xml:lang="de">
							<KeywordAnnotation>
								<Keyword>car</Keyword>
							</KeywordAnnotation>
						</TextAnnotation>
						<TextAnnotation confidence="0.5" relevance="0.0"
							xml:lang="de">
							<KeywordAnnotation>
								<Keyword>EM</Keyword>
								<Keyword>EU</Keyword>
								<Keyword>Of</Keyword>
								<Keyword>kg</Keyword>
								<Keyword>mm</Keyword>
								<Keyword>mz</Keyword>
							</KeywordAnnotation>
						</TextAnnotation>
						<TextAnnotation confidence="0.0" relevance="0.4"
							xml:lang="de">
							<KeywordAnnotation>
								<Keyword>Recuperation</Keyword>
							</KeywordAnnotation>
						</TextAnnotation>
						<TextAnnotation confidence="0.0" relevance="0.3"
							xml:lang="de">
							<KeywordAnnotation>
								<Keyword>Urogio</Keyword>
								<Keyword>iw-</Keyword>
								<Keyword>nrsc</Keyword>
							</KeywordAnnotation>
						</TextAnnotation>
						<TextAnnotation confidence="0.0" relevance="0.2"
							xml:lang="de">
							<KeywordAnnotation>
								<Keyword>Full-sizs</Keyword>
								<Keyword>r,-</Keyword>
							</KeywordAnnotation>
						</TextAnnotation>
						<TextAnnotation confidence="0.0" relevance="0.0"
							xml:lang="de">
							<KeywordAnnotation>
								<Keyword>-</Keyword>
								<Keyword>A</Keyword>
								<Keyword>E</Keyword>
								<Keyword>I</Keyword>
								<Keyword>K</Keyword>
								<Keyword>i</Keyword>
								<Keyword>l</Keyword>
								<Keyword>m</Keyword>
								<Keyword>nv</Keyword>
								<Keyword>r</Keyword>
								<Keyword>v</Keyword>
							</KeywordAnnotation>
						</TextAnnotation>
					</AudioVisualSegment>
					<AudioVisualSegment id="track-1.segment-22">
						<MediaTime>
							<MediaRelTimePoint>T00:22:37:0F1000</MediaRelTimePoint>
							<MediaDuration>PT31S0N1000F</MediaDuration>
						</MediaTime>
						<TextAnnotation confidence="0.5" relevance="0.4"
							xml:lang="en">
							<KeywordAnnotation>
								<Keyword>Energy</Keyword>
								<Keyword>Equivalent</Keyword>
								<Keyword>Fuel</Keyword>
								<Keyword>engine</Keyword>
							</KeywordAnnotation>
						</TextAnnotation>
						<TextAnnotation confidence="0.5" relevance="0.3"
							xml:lang="en">
							<KeywordAnnotation>
								<Keyword>Mechanical</Keyword>
								<Keyword>car</Keyword>
								<Keyword>eco</Keyword>
								<Keyword>efficient</Keyword>
								<Keyword>full</Keyword>
								<Keyword>size</Keyword>
							</KeywordAnnotation>
						</TextAnnotation>
						<TextAnnotation confidence="0.5" relevance="0.2"
							xml:lang="en">
							<KeywordAnnotation>
								<Keyword>Diesel</Keyword>
								<Keyword>gallon</Keyword>
								<Keyword>miles</Keyword>
							</KeywordAnnotation>
						</TextAnnotation>
						<TextAnnotation confidence="0.5" relevance="0.0"
							xml:lang="en">
							<KeywordAnnotation>
								<Keyword>In</Keyword>
								<Keyword>km</Keyword>
							</KeywordAnnotation>
						</TextAnnotation>
						<TextAnnotation confidence="0.0" relevance="0.3"
							xml:lang="en">
							<KeywordAnnotation>
								<Keyword>assuming</Keyword>
							</KeywordAnnotation>
						</TextAnnotation>
						<TextAnnotation confidence="0.0" relevance="0.0"
							xml:lang="en">
							<KeywordAnnotation>
								<Keyword>I</Keyword>
								<Keyword>a</Keyword>
							</KeywordAnnotation>
						</TextAnnotation>
					</AudioVisualSegment>
					<AudioVisualSegment id="track-1.segment-23">
						<MediaTime>
							<MediaRelTimePoint>T00:23:08:0F1000</MediaRelTimePoint>
							<MediaDuration>PT50S0N1000F</MediaDuration>
						</MediaTime>
						<TextAnnotation confidence="0.5" relevance="0.4"
							xml:lang="en">
							<KeywordAnnotation>
								<Keyword>Efficiency</Keyword>
								<Keyword>Engine</Keyword>
								<Keyword>engine</Keyword>
							</KeywordAnnotation>
						</TextAnnotation>
						<TextAnnotation confidence="0.5" relevance="0.3"
							xml:lang="en">
							<KeywordAnnotation>
								<Keyword>mechanical</Keyword>
							</KeywordAnnotation>
						</TextAnnotation>
						<TextAnnotation confidence="0.5" relevance="0.2"
							xml:lang="en">
							<KeywordAnnotation>
								<Keyword>speed</Keyword>
							</KeywordAnnotation>
						</TextAnnotation>
						<TextAnnotation confidence="0.5" relevance="0.0"
							xml:lang="en">
							<KeywordAnnotation>
								<Keyword>Jz</Keyword>
								<Keyword>kl</Keyword>
								<Keyword>wm</Keyword>
							</KeywordAnnotation>
						</TextAnnotation>
						<TextAnnotation confidence="0.0" relevance="0.4"
							xml:lang="en">
							<KeywordAnnotation>
								<Keyword>LQT</Keyword>
								<Keyword>gasoline</Keyword>
								<Keyword>nkuuel</Keyword>
							</KeywordAnnotation>
						</TextAnnotation>
						<TextAnnotation confidence="0.0" relevance="0.3"
							xml:lang="en">
							<KeywordAnnotation>
								<Keyword>YJ-</Keyword>
								<Keyword>torcaue</Keyword>
							</KeywordAnnotation>
						</TextAnnotation>
						<TextAnnotation confidence="0.0" relevance="0.0"
							xml:lang="en">
							<KeywordAnnotation>
								<Keyword>-</Keyword>
								<Keyword>A</Keyword>
								<Keyword>I</Keyword>
								<Keyword>I-</Keyword>
								<Keyword>T</Keyword>
								<Keyword>V</Keyword>
								<Keyword>W</Keyword>
								<Keyword>i</Keyword>
								<Keyword>n</Keyword>
								<Keyword>r</Keyword>
								<Keyword>x</Keyword>
							</KeywordAnnotation>
						</TextAnnotation>
					</AudioVisualSegment>
					<AudioVisualSegment id="track-1.segment-24">
						<MediaTime>
							<MediaRelTimePoint>T00:23:58:0F1000</MediaRelTimePoint>
							<MediaDuration>PT49S0N1000F</MediaDuration>
						</MediaTime>
						<TextAnnotation confidence="0.5" relevance="0.4"
							xml:lang="de">
							<KeywordAnnotation>
								<Keyword>cycle</Keyword>
								<Keyword>hmm</Keyword>
								<Keyword>mph</Keyword>
							</KeywordAnnotation>
						</TextAnnotation>
						<TextAnnotation confidence="0.5" relevance="0.3"
							xml:lang="de">
							<KeywordAnnotation>
								<Keyword>Acceleration</Keyword>
								<Keyword>Cat</Keyword>
								<Keyword>average</Keyword>
								<Keyword>cycle</Keyword>
								<Keyword>for</Keyword>
								<Keyword>maximum</Keyword>
								<Keyword>needed</Keyword>
								<Keyword>power</Keyword>
								<Keyword>time</Keyword>
							</KeywordAnnotation>
						</TextAnnotation>
						<TextAnnotation confidence="0.5" relevance="0.0"
							xml:lang="de">
							<KeywordAnnotation>
								<Keyword>EU</Keyword>
								<Keyword>OO</Keyword>
								<Keyword>in</Keyword>
								<Keyword>kW</Keyword>
								<Keyword>kg</Keyword>
								<Keyword>km</Keyword>
								<Keyword>ml</Keyword>
							</KeywordAnnotation>
						</TextAnnotation>
						<TextAnnotation confidence="0.0" relevance="0.3"
							xml:lang="de">
							<KeywordAnnotation>
								<Keyword>Drivability</Keyword>
								<Keyword>Full-SIZG</Keyword>
							</KeywordAnnotation>
						</TextAnnotation>
						<TextAnnotation confidence="0.0" relevance="0.0"
							xml:lang="de">
							<KeywordAnnotation>
								<Keyword>-</Keyword>
								<Keyword>A</Keyword>
								<Keyword>O</Keyword>
								<Keyword>c</Keyword>
								<Keyword>h</Keyword>
								<Keyword>l</Keyword>
								<Keyword>m</Keyword>
								<Keyword>s</Keyword>
							</KeywordAnnotation>
						</TextAnnotation>
					</AudioVisualSegment>
					<AudioVisualSegment id="track-1.segment-25">
						<MediaTime>
							<MediaRelTimePoint>T00:24:47:0F1000</MediaRelTimePoint>
							<MediaDuration>PT01M06S0N1000F</MediaDuration>
						</MediaTime>
						<TextAnnotation confidence="0.5" relevance="0.4"
							xml:lang="de">
							<KeywordAnnotation>
								<Keyword>Engine</Keyword>
								<Keyword>Replace</Keyword>
							</KeywordAnnotation>
						</TextAnnotation>
						<TextAnnotation confidence="0.5" relevance="0.0"
							xml:lang="de">
							<KeywordAnnotation>
								<Keyword>An</Keyword>
								<Keyword>By</Keyword>
								<Keyword>kJ</Keyword>
							</KeywordAnnotation>
						</TextAnnotation>
						<TextAnnotation confidence="0.0" relevance="0.3"
							xml:lang="de">
							<KeywordAnnotation>
								<Keyword>ZMMG</Keyword>
							</KeywordAnnotation>
						</TextAnnotation>
						<TextAnnotation confidence="0.0" relevance="0.0"
							xml:lang="de">
							<KeywordAnnotation>
								<Keyword>A</Keyword>
								<Keyword>I</Keyword>
								<Keyword>I-</Keyword>
								<Keyword>T</Keyword>
								<Keyword>V</Keyword>
								<Keyword>V-</Keyword>
								<Keyword>f</Keyword>
								<Keyword>m</Keyword>
								<Keyword>n</Keyword>
							</KeywordAnnotation>
						</TextAnnotation>
					</AudioVisualSegment>
					<AudioVisualSegment id="track-1.segment-26">
						<MediaTime>
							<MediaRelTimePoint>T00:25:53:0F1000</MediaRelTimePoint>
							<MediaDuration>PT41S0N1000F</MediaDuration>
						</MediaTime>
						<TextAnnotation confidence="0.5" relevance="0.4"
							xml:lang="de">
							<KeywordAnnotation>
								<Keyword>Engine</Keyword>
								<Keyword>Replace</Keyword>
							</KeywordAnnotation>
						</TextAnnotation>
						<TextAnnotation confidence="0.5" relevance="0.0"
							xml:lang="de">
							<KeywordAnnotation>
								<Keyword>An</Keyword>
								<Keyword>By</Keyword>
								<Keyword>kJ</Keyword>
							</KeywordAnnotation>
						</TextAnnotation>
						<TextAnnotation confidence="0.0" relevance="0.5"
							xml:lang="de">
							<KeywordAnnotation>
								<Keyword>GWTISZHQ</Keyword>
							</KeywordAnnotation>
						</TextAnnotation>
						<TextAnnotation confidence="0.0" relevance="0.3"
							xml:lang="de">
							<KeywordAnnotation>
								<Keyword>-.r</Keyword>
							</KeywordAnnotation>
						</TextAnnotation>
						<TextAnnotation confidence="0.0" relevance="0.0"
							xml:lang="de">
							<KeywordAnnotation>
								<Keyword>-</Keyword>
								<Keyword>A</Keyword>
								<Keyword>E</Keyword>
								<Keyword>I</Keyword>
								<Keyword>I-</Keyword>
								<Keyword>NV</Keyword>
								<Keyword>V</Keyword>
								<Keyword>V-</Keyword>
								<Keyword>d</Keyword>
								<Keyword>i</Keyword>
								<Keyword>l</Keyword>
								<Keyword>n</Keyword>
							</KeywordAnnotation>
						</TextAnnotation>
					</AudioVisualSegment>
					<AudioVisualSegment id="track-1.segment-27">
						<MediaTime>
							<MediaRelTimePoint>T00:26:34:0F1000</MediaRelTimePoint>
							<MediaDuration>PT02M29S0N1000F</MediaDuration>
						</MediaTime>
						<TextAnnotation confidence="0.5" relevance="0.4"
							xml:lang="en">
							<KeywordAnnotation>
								<Keyword>HEP</Keyword>
							</KeywordAnnotation>
						</TextAnnotation>
						<TextAnnotation confidence="0.5" relevance="0.3"
							xml:lang="en">
							<KeywordAnnotation>
								<Keyword>Engine</Keyword>
								<Keyword>Use</Keyword>
								<Keyword>wheels</Keyword>
							</KeywordAnnotation>
						</TextAnnotation>
						<TextAnnotation confidence="0.5" relevance="0.2"
							xml:lang="en">
							<KeywordAnnotation>
								<Keyword>Battery</Keyword>
							</KeywordAnnotation>
						</TextAnnotation>
						<TextAnnotation confidence="0.0" relevance="0.4"
							xml:lang="en">
							<KeywordAnnotation>
								<Keyword>Hybrid-Electric</Keyword>
								<Keyword>Powertrains</Keyword>
							</KeywordAnnotation>
						</TextAnnotation>
						<TextAnnotation confidence="0.0" relevance="0.3"
							xml:lang="en">
							<KeywordAnnotation>
								<Keyword>E-Generator</Keyword>
								<Keyword>tothe</Keyword>
							</KeywordAnnotation>
						</TextAnnotation>
						<TextAnnotation confidence="0.0" relevance="0.2"
							xml:lang="en">
							<KeywordAnnotation>
								<Keyword>E-Motor</Keyword>
							</KeywordAnnotation>
						</TextAnnotation>
						<TextAnnotation confidence="0.0" relevance="0.0"
							xml:lang="en">
							<KeywordAnnotation>
								<Keyword>Z</Keyword>
							</KeywordAnnotation>
						</TextAnnotation>
					</AudioVisualSegment>
					<AudioVisualSegment id="track-1.segment-28">
						<MediaTime>
							<MediaRelTimePoint>T00:29:03:0F1000</MediaRelTimePoint>
							<MediaDuration>PT01M32S0N1000F</MediaDuration>
						</MediaTime>
						<TextAnnotation confidence="0.5" relevance="0.4"
							xml:lang="en">
							<KeywordAnnotation>
								<Keyword>Idea</Keyword>
								<Keyword>Key</Keyword>
								<Keyword>Management</Keyword>
							</KeywordAnnotation>
						</TextAnnotation>
						<TextAnnotation confidence="0.5" relevance="0.3"
							xml:lang="en">
							<KeywordAnnotation>
								<Keyword>Energy</Keyword>
								<Keyword>battery</Keyword>
								<Keyword>changes</Keyword>
								<Keyword>depends</Keyword>
								<Keyword>elevation</Keyword>
								<Keyword>factor</Keyword>
								<Keyword>motor</Keyword>
								<Keyword>only</Keyword>
								<Keyword>time</Keyword>
							</KeywordAnnotation>
						</TextAnnotation>
						<TextAnnotation confidence="0.5" relevance="0.2"
							xml:lang="en">
							<KeywordAnnotation>
								<Keyword>cycles</Keyword>
								<Keyword>driving</Keyword>
								<Keyword>equivalence</Keyword>
								<Keyword>settings</Keyword>
								<Keyword>simple</Keyword>
								<Keyword>with</Keyword>
							</KeywordAnnotation>
						</TextAnnotation>
						<TextAnnotation confidence="0.5" relevance="0.0"
							xml:lang="en">
							<KeywordAnnotation>
								<Keyword>In</Keyword>
								<Keyword>gb</Keyword>
								<Keyword>no</Keyword>
								<Keyword>on</Keyword>
							</KeywordAnnotation>
						</TextAnnotation>
						<TextAnnotation confidence="0.0" relevance="0.3"
							xml:lang="en">
							<KeywordAnnotation>
								<Keyword>AS0C</Keyword>
								<Keyword>Afuel</Keyword>
								<Keyword>SoC</Keyword>
								<Keyword>sock</Keyword>
							</KeywordAnnotation>
						</TextAnnotation>
						<TextAnnotation confidence="0.0" relevance="0.0"
							xml:lang="en">
							<KeywordAnnotation>
								<Keyword>-</Keyword>
								<Keyword>A</Keyword>
								<Keyword>H</Keyword>
								<Keyword>V</Keyword>
								<Keyword>m</Keyword>
								<Keyword>s</Keyword>
								<Keyword>x</Keyword>
							</KeywordAnnotation>
						</TextAnnotation>
					</AudioVisualSegment>
					<AudioVisualSegment id="track-1.segment-29">
						<MediaTime>
							<MediaRelTimePoint>T00:30:35:0F1000</MediaRelTimePoint>
							<MediaDuration>PT20S0N1000F</MediaDuration>
						</MediaTime>
						<TextAnnotation confidence="0.5" relevance="0.4"
							xml:lang="en">
							<KeywordAnnotation>
								<Keyword>Idea</Keyword>
								<Keyword>Key</Keyword>
							</KeywordAnnotation>
						</TextAnnotation>
						<TextAnnotation confidence="0.5" relevance="0.3"
							xml:lang="en">
							<KeywordAnnotation>
								<Keyword>Energy</Keyword>
								<Keyword>Management</Keyword>
								<Keyword>changes</Keyword>
								<Keyword>depends</Keyword>
								<Keyword>elevation</Keyword>
								<Keyword>factor</Keyword>
								<Keyword>motor</Keyword>
								<Keyword>only</Keyword>
								<Keyword>time</Keyword>
							</KeywordAnnotation>
						</TextAnnotation>
						<TextAnnotation confidence="0.5" relevance="0.2"
							xml:lang="en">
							<KeywordAnnotation>
								<Keyword>cycles</Keyword>
								<Keyword>driving</Keyword>
								<Keyword>equivalence</Keyword>
								<Keyword>settings</Keyword>
								<Keyword>simple</Keyword>
								<Keyword>with</Keyword>
							</KeywordAnnotation>
						</TextAnnotation>
						<TextAnnotation confidence="0.5" relevance="0.0"
							xml:lang="en">
							<KeywordAnnotation>
								<Keyword>In</Keyword>
								<Keyword>gb</Keyword>
								<Keyword>mk</Keyword>
								<Keyword>no</Keyword>
								<Keyword>on</Keyword>
							</KeywordAnnotation>
						</TextAnnotation>
						<TextAnnotation confidence="0.0" relevance="0.3"
							xml:lang="en">
							<KeywordAnnotation>
								<Keyword>AS0C</Keyword>
								<Keyword>Afuel</Keyword>
								<Keyword>SoC</Keyword>
								<Keyword>nanerennar</Keyword>
							</KeywordAnnotation>
						</TextAnnotation>
						<TextAnnotation confidence="0.0" relevance="0.2"
							xml:lang="en">
							<KeywordAnnotation>
								<Keyword>bamry</Keyword>
							</KeywordAnnotation>
						</TextAnnotation>
						<TextAnnotation confidence="0.0" relevance="0.0"
							xml:lang="en">
							<KeywordAnnotation>
								<Keyword>-</Keyword>
								<Keyword>A</Keyword>
								<Keyword>H</Keyword>
								<Keyword>s</Keyword>
								<Keyword>x</Keyword>
							</KeywordAnnotation>
						</TextAnnotation>
					</AudioVisualSegment>
					<AudioVisualSegment id="track-1.segment-30">
						<MediaTime>
							<MediaRelTimePoint>T00:30:55:0F1000</MediaRelTimePoint>
							<MediaDuration>PT01M0N1000F</MediaDuration>
						</MediaTime>
						<TextAnnotation confidence="0.5" relevance="0.4"
							xml:lang="en">
							<KeywordAnnotation>
								<Keyword>Implementation</Keyword>
							</KeywordAnnotation>
						</TextAnnotation>
						<TextAnnotation confidence="0.5" relevance="0.3"
							xml:lang="en">
							<KeywordAnnotation>
								<Keyword>Equivalence</Keyword>
								<Keyword>Fuel</Keyword>
								<Keyword>Minimum</Keyword>
								<Keyword>Principle</Keyword>
								<Keyword>acceleration</Keyword>
								<Keyword>constraint</Keyword>
								<Keyword>consumption</Keyword>
								<Keyword>cos</Keyword>
								<Keyword>factor</Keyword>
								<Keyword>follows</Keyword>
								<Keyword>for</Keyword>
								<Keyword>frm</Keyword>
								<Keyword>from</Keyword>
								<Keyword>grad</Keyword>
								<Keyword>optimized</Keyword>
								<Keyword>time</Keyword>
								<Keyword>weed</Keyword>
							</KeywordAnnotation>
						</TextAnnotation>
						<TextAnnotation confidence="0.5" relevance="0.0"
							xml:lang="en">
							<KeywordAnnotation>
								<Keyword>as</Keyword>
								<Keyword>at</Keyword>
								<Keyword>lh</Keyword>
								<Keyword>rd</Keyword>
							</KeywordAnnotation>
						</TextAnnotation>
						<TextAnnotation confidence="0.0" relevance="0.3"
							xml:lang="en">
							<KeywordAnnotation>
								<Keyword>-to-go</Keyword>
								<Keyword>Iinal</Keyword>
								<Keyword>Ijq</Keyword>
								<Keyword>SoC</Keyword>
								<Keyword>SoC.w</Keyword>
								<Keyword>minimizing</Keyword>
								<Keyword>ucl</Keyword>
							</KeywordAnnotation>
						</TextAnnotation>
						<TextAnnotation confidence="0.0" relevance="0.0"
							xml:lang="en">
							<KeywordAnnotation>
								<Keyword>H</Keyword>
								<Keyword>I</Keyword>
								<Keyword>L</Keyword>
								<Keyword>M</Keyword>
								<Keyword>P</Keyword>
								<Keyword>T</Keyword>
								<Keyword>U</Keyword>
								<Keyword>l</Keyword>
								<Keyword>s</Keyword>
								<Keyword>u</Keyword>
								<Keyword>w</Keyword>
								<Keyword>z</Keyword>
							</KeywordAnnotation>
						</TextAnnotation>
					</AudioVisualSegment>
					<AudioVisualSegment id="track-1.segment-31">
						<MediaTime>
							<MediaRelTimePoint>T00:31:55:0F1000</MediaRelTimePoint>
							<MediaDuration>PT41S0N1000F</MediaDuration>
						</MediaTime>
						<TextAnnotation confidence="0.5" relevance="0.4"
							xml:lang="de">
							<KeywordAnnotation>
								<Keyword>Modeling</Keyword>
								<Keyword>Paradigms</Keyword>
							</KeywordAnnotation>
						</TextAnnotation>
						<TextAnnotation confidence="0.5" relevance="0.3"
							xml:lang="de">
							<KeywordAnnotation>
								<Keyword>Backward</Keyword>
								<Keyword>causal</Keyword>
								<Keyword>forward</Keyword>
								<Keyword>mil</Keyword>
							</KeywordAnnotation>
						</TextAnnotation>
						<TextAnnotation confidence="0.5" relevance="0.0"
							xml:lang="de">
							<KeywordAnnotation>
								<Keyword>Fl</Keyword>
								<Keyword>hl</Keyword>
								<Keyword>kn</Keyword>
								<Keyword>ku</Keyword>
							</KeywordAnnotation>
						</TextAnnotation>
						<TextAnnotation confidence="0.0" relevance="0.4"
							xml:lang="de">
							<KeywordAnnotation>
								<Keyword>IFI</Keyword>
							</KeywordAnnotation>
						</TextAnnotation>
						<TextAnnotation confidence="0.0" relevance="0.3"
							xml:lang="de">
							<KeywordAnnotation>
								<Keyword>causality</Keyword>
								<Keyword>inverted</Keyword>
								<Keyword>physics-based</Keyword>
							</KeywordAnnotation>
						</TextAnnotation>
						<TextAnnotation confidence="0.0" relevance="0.0"
							xml:lang="de">
							<KeywordAnnotation>
								<Keyword>-</Keyword>
								<Keyword>A</Keyword>
								<Keyword>Fw</Keyword>
								<Keyword>Z</Keyword>
								<Keyword>f</Keyword>
								<Keyword>k</Keyword>
								<Keyword>r</Keyword>
								<Keyword>s</Keyword>
								<Keyword>v</Keyword>
								<Keyword>z</Keyword>
							</KeywordAnnotation>
						</TextAnnotation>
					</AudioVisualSegment>
					<AudioVisualSegment id="track-1.segment-32">
						<MediaTime>
							<MediaRelTimePoint>T00:32:36:0F1000</MediaRelTimePoint>
							<MediaDuration>PT39S0N1000F</MediaDuration>
						</MediaTime>
						<TextAnnotation confidence="0.5" relevance="0.4"
							xml:lang="en">
							<KeywordAnnotation>
								<Keyword>Main</Keyword>
								<Keyword>Points</Keyword>
								<Keyword>When</Keyword>
								<Keyword>acceleration</Keyword>
								<Keyword>and</Keyword>
								<Keyword>are</Keyword>
								<Keyword>both</Keyword>
								<Keyword>complete</Keyword>
								<Keyword>course</Keyword>
								<Keyword>desired</Keyword>
								<Keyword>down</Keyword>
								<Keyword>during</Keyword>
								<Keyword>efficiency</Keyword>
								<Keyword>for</Keyword>
								<Keyword>friction</Keyword>
								<Keyword>from</Keyword>
								<Keyword>high</Keyword>
								<Keyword>minimize</Keyword>
								<Keyword>mode</Keyword>
								<Keyword>motors</Keyword>
								<Keyword>optimized</Keyword>
								<Keyword>parallel</Keyword>
								<Keyword>power</Keyword>
								<Keyword>provide</Keyword>
								<Keyword>separation</Keyword>
								<Keyword>shut</Keyword>
								<Keyword>sources</Keyword>
								<Keyword>speed</Keyword>
								<Keyword>the</Keyword>
								<Keyword>torque</Keyword>
								<Keyword>used</Keyword>
								<Keyword>wheels</Keyword>
							</KeywordAnnotation>
						</TextAnnotation>
						<TextAnnotation confidence="0.5" relevance="0.3"
							xml:lang="en">
							<KeywordAnnotation>
								<Keyword>One</Keyword>
								<Keyword>Use</Keyword>
								<Keyword>mechanical</Keyword>
								<Keyword>two</Keyword>
							</KeywordAnnotation>
						</TextAnnotation>
						<TextAnnotation confidence="0.5" relevance="0.0"
							xml:lang="en">
							<KeywordAnnotation>
								<Keyword>Of</Keyword>
								<Keyword>in</Keyword>
								<Keyword>to</Keyword>
							</KeywordAnnotation>
						</TextAnnotation>
						<TextAnnotation confidence="0.0" relevance="0.4"
							xml:lang="en">
							<KeywordAnnotation>
								<Keyword>accelerations</Keyword>
								<Keyword>coasting</Keyword>
								<Keyword>drivability</Keyword>
								<Keyword>sustain</Keyword>
							</KeywordAnnotation>
						</TextAnnotation>
						<TextAnnotation confidence="0.0" relevance="0.0"
							xml:lang="en">
							<KeywordAnnotation>
								<Keyword>-</Keyword>
								<Keyword>A</Keyword>
							</KeywordAnnotation>
						</TextAnnotation>
					</AudioVisualSegment>
					<AudioVisualSegment id="track-1.segment-33">
						<MediaTime>
							<MediaRelTimePoint>T00:33:15:0F1000</MediaRelTimePoint>
							<MediaDuration>PT01M46S0N1000F</MediaDuration>
						</MediaTime>
						<TextAnnotation confidence="0.5" relevance="0.3"
							xml:lang="de">
							<KeywordAnnotation>
								<Keyword>IiS</Keyword>
								<Keyword>beans</Keyword>
								<Keyword>cane</Keyword>
								<Keyword>sugar</Keyword>
							</KeywordAnnotation>
						</TextAnnotation>
						<TextAnnotation confidence="0.5" relevance="0.2"
							xml:lang="de">
							<KeywordAnnotation>
								<Keyword>Gun</Keyword>
								<Keyword>Quo</Keyword>
								<Keyword>Source</Keyword>
								<Keyword>Zah</Keyword>
							</KeywordAnnotation>
						</TextAnnotation>
						<TextAnnotation confidence="0.5" relevance="0.0"
							xml:lang="de">
							<KeywordAnnotation>
								<Keyword>Br</Keyword>
								<Keyword>US</Keyword>
								<Keyword>al</Keyword>
								<Keyword>at</Keyword>
								<Keyword>cn</Keyword>
								<Keyword>fI</Keyword>
								<Keyword>mm</Keyword>
								<Keyword>xx</Keyword>
							</KeywordAnnotation>
						</TextAnnotation>
						<TextAnnotation confidence="0.0" relevance="0.3"
							xml:lang="de">
							<KeywordAnnotation>
								<Keyword>BAFU</Keyword>
								<Keyword>EMPA</Keyword>
								<Keyword>Imeenm</Keyword>
								<Keyword>QBS</Keyword>
								<Keyword>QIGSDYIOUSG</Keyword>
								<Keyword>cn-</Keyword>
								<Keyword>gmnns</Keyword>
								<Keyword>i0l</Keyword>
								<Keyword>pmm</Keyword>
								<Keyword>soy</Keyword>
								<Keyword>wma</Keyword>
							</KeywordAnnotation>
						</TextAnnotation>
						<TextAnnotation confidence="0.0" relevance="0.0"
							xml:lang="de">
							<KeywordAnnotation>
								<Keyword>-</Keyword>
								<Keyword>E</Keyword>
								<Keyword>N</Keyword>
								<Keyword>O</Keyword>
								<Keyword>S</Keyword>
								<Keyword>T</Keyword>
								<Keyword>g</Keyword>
								<Keyword>r</Keyword>
							</KeywordAnnotation>
						</TextAnnotation>
					</AudioVisualSegment>
					<AudioVisualSegment id="track-1.segment-34">
						<MediaTime>
							<MediaRelTimePoint>T00:35:01:0F1000</MediaRelTimePoint>
							<MediaDuration>PT01M26S0N1000F</MediaDuration>
						</MediaTime>
						<TextAnnotation confidence="0.5" relevance="0.3"
							xml:lang="en">
							<KeywordAnnotation>
								<Keyword>Diesel</Keyword>
								<Keyword>Energy</Keyword>
							</KeywordAnnotation>
						</TextAnnotation>
						<TextAnnotation confidence="0.5" relevance="0.2"
							xml:lang="en">
							<KeywordAnnotation>
								<Keyword>Zebra</Keyword>
								<Keyword>energy</Keyword>
								<Keyword>fuel</Keyword>
								<Keyword>hydrocarbons</Keyword>
								<Keyword>mass</Keyword>
								<Keyword>mechanical</Keyword>
								<Keyword>net</Keyword>
							</KeywordAnnotation>
						</TextAnnotation>
						<TextAnnotation confidence="0.5" relevance="0.0"
							xml:lang="en">
							<KeywordAnnotation>
								<Keyword>MH</Keyword>
								<Keyword>Ni</Keyword>
								<Keyword>Pb</Keyword>
								<Keyword>kg</Keyword>
							</KeywordAnnotation>
						</TextAnnotation>
						<TextAnnotation confidence="0.0" relevance="0.3"
							xml:lang="en">
							<KeywordAnnotation>
								<Keyword>Densitics</Keyword>
								<Keyword>Zillw</Keyword>
								<Keyword>gasolme</Keyword>
							</KeywordAnnotation>
						</TextAnnotation>
						<TextAnnotation confidence="0.0" relevance="0.2"
							xml:lang="en">
							<KeywordAnnotation>
								<Keyword>Li-ion</Keyword>
								<Keyword>batteries</Keyword>
								<Keyword>kWh</Keyword>
							</KeywordAnnotation>
						</TextAnnotation>
						<TextAnnotation confidence="0.0" relevance="0.0"
							xml:lang="en">
							<KeywordAnnotation>
								<Keyword>H</Keyword>
								<Keyword>I</Keyword>
								<Keyword>Y</Keyword>
							</KeywordAnnotation>
						</TextAnnotation>
					</AudioVisualSegment>
					<AudioVisualSegment id="track-1.segment-35">
						<MediaTime>
							<MediaRelTimePoint>T00:36:27:0F1000</MediaRelTimePoint>
							<MediaDuration>PT06M16S0N1000F</MediaDuration>
						</MediaTime>
						<TextAnnotation confidence="0.5" relevance="0.4"
							xml:lang="de">
							<KeywordAnnotation>
								<Keyword>cms</Keyword>
							</KeywordAnnotation>
						</TextAnnotation>
						<TextAnnotation confidence="0.5" relevance="0.3"
							xml:lang="de">
							<KeywordAnnotation>
								<Keyword>Diesel</Keyword>
								<Keyword>electric</Keyword>
								<Keyword>engine</Keyword>
								<Keyword>size</Keyword>
							</KeywordAnnotation>
						</TextAnnotation>
						<TextAnnotation confidence="0.5" relevance="0.0"
							xml:lang="de">
							<KeywordAnnotation>
								<Keyword>CO</Keyword>
								<Keyword>IB</Keyword>
								<Keyword>PP</Keyword>
								<Keyword>RM</Keyword>
								<Keyword>km</Keyword>
								<Keyword>lm</Keyword>
								<Keyword>mP</Keyword>
								<Keyword>mn</Keyword>
								<Keyword>nb</Keyword>
								<Keyword>nc</Keyword>
								<Keyword>yl</Keyword>
							</KeywordAnnotation>
						</TextAnnotation>
						<TextAnnotation confidence="0.0" relevance="0.4"
							xml:lang="de">
							<KeywordAnnotation>
								<Keyword>cozrwon</Keyword>
								<Keyword>hmnry</Keyword>
								<Keyword>idW</Keyword>
								<Keyword>loess</Keyword>
								<Keyword>nbmvysls</Keyword>
								<Keyword>ssssll</Keyword>
							</KeywordAnnotation>
						</TextAnnotation>
						<TextAnnotation confidence="0.0" relevance="0.3"
							xml:lang="de">
							<KeywordAnnotation>
								<Keyword>CO,lkm</Keyword>
								<Keyword>CO2Ikm</Keyword>
								<Keyword>Ikm</Keyword>
								<Keyword>lull</Keyword>
								<Keyword>nnmarvcwm</Keyword>
								<Keyword>nucr</Keyword>
								<Keyword>vsmdc</Keyword>
								<Keyword>wm.w.nm</Keyword>
							</KeywordAnnotation>
						</TextAnnotation>
						<TextAnnotation confidence="0.0" relevance="0.0"
							xml:lang="de">
							<KeywordAnnotation>
								<Keyword>A</Keyword>
								<Keyword>C</Keyword>
								<Keyword>I</Keyword>
								<Keyword>c</Keyword>
								<Keyword>g</Keyword>
								<Keyword>l</Keyword>
								<Keyword>m</Keyword>
								<Keyword>o</Keyword>
								<Keyword>q</Keyword>
								<Keyword>y</Keyword>
							</KeywordAnnotation>
						</TextAnnotation>
					</AudioVisualSegment>
					<AudioVisualSegment id="track-1.segment-36">
						<MediaTime>
							<MediaRelTimePoint>T00:42:43:0F1000</MediaRelTimePoint>
							<MediaDuration>PT30S0N1000F</MediaDuration>
						</MediaTime>
						<TextAnnotation confidence="0.5" relevance="0.3"
							xml:lang="en">
							<KeywordAnnotation>
								<Keyword>Fatalities</Keyword>
								<Keyword>Switzerland</Keyword>
								<Keyword>The</Keyword>
								<Keyword>This</Keyword>
								<Keyword>absolute</Keyword>
								<Keyword>accidents</Keyword>
								<Keyword>all</Keyword>
								<Keyword>and</Keyword>
								<Keyword>are</Keyword>
								<Keyword>caused</Keyword>
								<Keyword>continued</Keyword>
								<Keyword>driver</Keyword>
								<Keyword>errors</Keyword>
								<Keyword>inhabitants</Keyword>
								<Keyword>majority</Keyword>
								<Keyword>must</Keyword>
								<Keyword>trend</Keyword>
								<Keyword>vast</Keyword>
								<Keyword>vision</Keyword>
								<Keyword>zero</Keyword>
								<Keyword>zoos</Keyword>
							</KeywordAnnotation>
						</TextAnnotation>
						<TextAnnotation confidence="0.5" relevance="0.0"
							xml:lang="en">
							<KeywordAnnotation>
								<Keyword>ao</Keyword>
								<Keyword>be</Keyword>
								<Keyword>by</Keyword>
								<Keyword>of</Keyword>
								<Keyword>sz</Keyword>
								<Keyword>ws</Keyword>
							</KeywordAnnotation>
						</TextAnnotation>
						<TextAnnotation confidence="0.0" relevance="0.3"
							xml:lang="en">
							<KeywordAnnotation>
								<Keyword>Road-Traffic</Keyword>
								<Keyword>inattention</Keyword>
								<Keyword>tramc</Keyword>
							</KeywordAnnotation>
						</TextAnnotation>
						<TextAnnotation confidence="0.0" relevance="0.0"
							xml:lang="en">
							<KeywordAnnotation>
								<Keyword>F</Keyword>
								<Keyword>I</Keyword>
								<Keyword>P</Keyword>
								<Keyword>T</Keyword>
								<Keyword>V</Keyword>
							</KeywordAnnotation>
						</TextAnnotation>
					</AudioVisualSegment>
					<AudioVisualSegment id="track-1.segment-37">
						<MediaTime>
							<MediaRelTimePoint>T00:43:13:0F1000</MediaRelTimePoint>
							<MediaDuration>PT36S0N1000F</MediaDuration>
						</MediaTime>
						<TextAnnotation confidence="0.5" relevance="0.4"
							xml:lang="de">
							<KeywordAnnotation>
								<Keyword>The</Keyword>
								<Keyword>car</Keyword>
								<Keyword>society</Keyword>
							</KeywordAnnotation>
						</TextAnnotation>
						<TextAnnotation confidence="0.5" relevance="0.2"
							xml:lang="de">
							<KeywordAnnotation>
								<Keyword>cycle</Keyword>
								<Keyword>kmI</Keyword>
								<Keyword>mpg</Keyword>
							</KeywordAnnotation>
						</TextAnnotation>
						<TextAnnotation confidence="0.5" relevance="0.0"
							xml:lang="de">
							<KeywordAnnotation>
								<Keyword>Df</Keyword>
								<Keyword>EU</Keyword>
								<Keyword>cw</Keyword>
								<Keyword>kW</Keyword>
								<Keyword>kg</Keyword>
								<Keyword>km</Keyword>
							</KeywordAnnotation>
						</TextAnnotation>
						<TextAnnotation confidence="0.0" relevance="0.4"
							xml:lang="de">
							<KeywordAnnotation>
								<Keyword>OmZ</Keyword>
								<Keyword>amiflg</Keyword>
								<Keyword>forths</Keyword>
							</KeywordAnnotation>
						</TextAnnotation>
						<TextAnnotation confidence="0.0" relevance="0.0"
							xml:lang="de">
							<KeywordAnnotation>
								<Keyword>A</Keyword>
								<Keyword>C</Keyword>
								<Keyword>I</Keyword>
								<Keyword>m</Keyword>
								<Keyword>q</Keyword>
								<Keyword>r</Keyword>
							</KeywordAnnotation>
						</TextAnnotation>
					</AudioVisualSegment>
					<AudioVisualSegment id="track-1.segment-38">
						<MediaTime>
							<MediaRelTimePoint>T00:43:49:0F1000</MediaRelTimePoint>
							<MediaDuration>PT12S0N1000F</MediaDuration>
						</MediaTime>
						<TextAnnotation confidence="0.5" relevance="0.4"
							xml:lang="en">
							<KeywordAnnotation>
								<Keyword>Leaf</Keyword>
							</KeywordAnnotation>
						</TextAnnotation>
						<TextAnnotation confidence="0.5" relevance="0.3"
							xml:lang="en">
							<KeywordAnnotation>
								<Keyword>Autonomous</Keyword>
								<Keyword>Driving</Keyword>
							</KeywordAnnotation>
						</TextAnnotation>
						<TextAnnotation confidence="0.5" relevance="0.2"
							xml:lang="en">
							<KeywordAnnotation>
								<Keyword>The</Keyword>
								<Keyword>Vehicle</Keyword>
							</KeywordAnnotation>
						</TextAnnotation>
						<TextAnnotation confidence="0.5" relevance="0.1"
							xml:lang="en">
							<KeywordAnnotation>
								<Keyword>ASL</Keyword>
								<Keyword>ETH</Keyword>
								<Keyword>Roland</Keyword>
								<Keyword>courtesy</Keyword>
							</KeywordAnnotation>
						</TextAnnotation>
						<TextAnnotation confidence="0.0" relevance="0.2"
							xml:lang="en">
							<KeywordAnnotation>
								<Keyword>SmartTer</Keyword>
							</KeywordAnnotation>
						</TextAnnotation>
						<TextAnnotation confidence="0.0" relevance="0.1"
							xml:lang="en">
							<KeywordAnnotation>
								<Keyword>Siegwart</Keyword>
								<Keyword>Zurich</Keyword>
							</KeywordAnnotation>
						</TextAnnotation>
						<TextAnnotation confidence="0.0" relevance="0.0"
							xml:lang="en">
							<KeywordAnnotation>
								<Keyword>V</Keyword>
							</KeywordAnnotation>
						</TextAnnotation>
					</AudioVisualSegment>
					<AudioVisualSegment id="track-1.segment-39">
						<MediaTime>
							<MediaRelTimePoint>T00:44:01:0F1000</MediaRelTimePoint>
							<MediaDuration>PT44S0N1000F</MediaDuration>
						</MediaTime>
						<TextAnnotation confidence="0.5" relevance="0.0"
							xml:lang="de">
							<KeywordAnnotation>
								<Keyword>Am</Keyword>
								<Keyword>ww</Keyword>
							</KeywordAnnotation>
						</TextAnnotation>
						<TextAnnotation confidence="0.0" relevance="0.2"
							xml:lang="de">
							<KeywordAnnotation>
								<Keyword>Hrova</Keyword>
							</KeywordAnnotation>
						</TextAnnotation>
						<TextAnnotation confidence="0.0" relevance="0.0"
							xml:lang="de">
							<KeywordAnnotation>
								<Keyword>D</Keyword>
							</KeywordAnnotation>
						</TextAnnotation>
					</AudioVisualSegment>
					<AudioVisualSegment id="track-1.segment-40">
						<MediaTime>
							<MediaRelTimePoint>T00:44:45:0F1000</MediaRelTimePoint>
							<MediaDuration>PT03M33S0N1000F</MediaDuration>
						</MediaTime>
						<TextAnnotation confidence="0.5" relevance="0.2"
							xml:lang="de">
							<KeywordAnnotation>
								<Keyword>Ill</Keyword>
								<Keyword>JSP</Keyword>
							</KeywordAnnotation>
						</TextAnnotation>
						<TextAnnotation confidence="0.5" relevance="0.0"
							xml:lang="de">
							<KeywordAnnotation>
								<Keyword>HL</Keyword>
								<Keyword>LJ</Keyword>
								<Keyword>is</Keyword>
							</KeywordAnnotation>
						</TextAnnotation>
						<TextAnnotation confidence="0.0" relevance="0.2"
							xml:lang="de">
							<KeywordAnnotation>
								<Keyword>iIlII</Keyword>
							</KeywordAnnotation>
						</TextAnnotation>
						<TextAnnotation confidence="0.0" relevance="0.0"
							xml:lang="de">
							<KeywordAnnotation>
								<Keyword>-</Keyword>
								<Keyword>F</Keyword>
								<Keyword>V</Keyword>
								<Keyword>Z</Keyword>
								<Keyword>t</Keyword>
							</KeywordAnnotation>
						</TextAnnotation>
					</AudioVisualSegment>
					<AudioVisualSegment id="track-1.segment-41">
						<MediaTime>
							<MediaRelTimePoint>T00:48:18:0F1000</MediaRelTimePoint>
							<MediaDuration>PT02S33N1000F</MediaDuration>
						</MediaTime>
						<TextAnnotation confidence="0.5" relevance="0.3"
							xml:lang="en">
							<KeywordAnnotation>
								<Keyword>Thank</Keyword>
								<Keyword>attention</Keyword>
								<Keyword>for</Keyword>
								<Keyword>you</Keyword>
								<Keyword>your</Keyword>
							</KeywordAnnotation>
						</TextAnnotation>
					</AudioVisualSegment>
				</TemporalDecomposition>
			</AudioVisual>
		</MultimediaContent>
	</Description>
</Mpeg7>
