<?xml version="1.0" encoding="UTF-8"?>
<metadata xmlns="http://www.opencastproject.org/xsd/1.0/dublincore/"
	xmlns:dcterms="http://purl.org/dc/terms/" xmlns:xsi="http://www.w3.org/2001/XMLSchema-instance">
	<dcterms:creator>Hoffmann, Volker - Professor für Nachhaltigkeit und
		Technologie</dcterms:creator>
	<dcterms:extent xsi:type="dcterms:ISO8601">PT28M30.120S</dcterms:extent>
	<dcterms:isPartOf>74c13b81-caba-44f1-b2fa-46692e0ca1f3</dcterms:isPartOf>
	<dcterms:license xml:lang="de">http://www.multimedia.ethz.ch/docs/haftungsausschluss/index</dcterms:license>
	<dcterms:license xml:lang="en">http://www.multimedia.ethz.ch/docs/disclaimer/index</dcterms:license>
	<dcterms:created xsi:type="dcterms:W3CDTF">2009-11-12</dcterms:created>
	<dcterms:language>deu</dcterms:language>
	<dcterms:rightsHolder xml:lang="de">ETH Zürich, Schweiz</dcterms:rightsHolder>
	<dcterms:rightsHolder xml:lang="en">ETH Zurich,
		Switzerland</dcterms:rightsHolder>
	<dcterms:publisher xml:lang="de">ETH Zürich, ID-MMS;
		Schweiz</dcterms:publisher>
	<dcterms:publisher xml:lang="en">ETH Zurich, ITS-MMS;
		Switzerland</dcterms:publisher>
	<dcterms:identifier>72ee3c14-3be2-4b40-a22c-2122e3519cc4</dcterms:identifier>
	<dcterms:title>Folgen für die Wirtschaft</dcterms:title>
</metadata>
