<?xml version="1.0" encoding="UTF-8"?>
<mediapackage duration="10674000" id="10.3930/ETHZ/AV-66f7dc51-61ba-48e5-b839-d059f1636d66">
<media>
<track id="track-1" type="engage/presenter">
    <url>http://downloads.opencastproject.org/media/car.flv</url>
    <mimetype>video/x-flv</mimetype>
    <checksum type="md5">7b3c7e8cc2cba2f5b7af4fd4224f3005</checksum>
</track>
<mimetype>video/msvideo</mimetype>
<checksum type="md5">126d7a57cdddef45fe143adecfd52bcf</checksum>
<url>tracks/camera.avi</url>
<Duration>10674000</Duration>
<Audio id="stream-2">
<Encoder type="MPEG Audio"/>
<Channels>2</Channels>
<BitDepth>16</BitDepth>
<BitRate>128000.0</BitRate>
</Audio>
<Video id="stream-1">
<Encoder type="MPEG-4 Visual"/>
<Size>768x576</Size>
<ScanType type="Progressive"/>
<BitRate>3999896.0</BitRate>
<FrameRate>25.0</FrameRate>
</Video>
<mimetype>video/msvideo</mimetype>
<checksum type="md5">de33fe6c441e974f60b7c8aa3a280cf4</checksum>
<url>tracks/grabber.avi</url>
<Duration>10674000</Duration>
<Audio id="stream-2">
<Encoder type="MPEG Audio"/>
<Channels>2</Channels>
<BitDepth>16</BitDepth>
<BitRate>128000.0</BitRate>
</Audio>
<Video id="stream-1">
<Encoder type="MPEG-4 Visual"/>
<Size>1024x768</Size>
<ScanType type="Progressive"/>
<BitRate>307815.0</BitRate>
<FrameRate>5.0</FrameRate>
</Video>
</media>
<metadata>
<catalog id="catalog-1" type="metadata/dublincore">
<mimetype>text/xml</mimetype>
<checksum type="md5">b469a6810a5720d26a0926fdb947e9a6</checksum>
<url>metadata/dublincore1950769517859186745.xml</url>
</catalog>
<catalog id="catalog-2" ref="series:351-0723-00L-2009W" type="metadata/dublincore">
<mimetype>text/xml</mimetype>
<checksum type="md5">765e9c3b7b856d7ad3947f55b3750ca6</checksum>
<url>metadata/dublincore5357754466196394589.xml</url>
</catalog>
<catalog id="catalog-3" type="metadata/mpeg-7">
<mimetype>text/xml</mimetype>
<checksum type="md5">d41d8cd98f00b204e9800998ecf8427e</checksum>
<url>metadata/mpeg-73825713656303868225.xml</url>
</catalog>
</metadata>
<attachments>
    <attachment id="attachment-1" type="engage/cover">
        <url>http://downloads.opencastproject.org/media/engage-cover.jpg</url>
        <mimetype>image/jpeg</mimetype>
    </attachment>
    <attachment id="attachment-2" type="feed/cover">
        <url>http://downloads.opencastproject.org/media/feed-cover.jpg</url>
        <mimetype>image/jpeg</mimetype>
    </attachment>
</attachments>
</mediapackage>
