<?xml version="1.0" encoding="UTF-8"?>
<component name="org.opencastproject.template.TemplateWebService" immediate="true">
  <implementation class="org.opencastproject.template.endpoint.TemplateWebServiceImpl" />
  <property name="service.description" value="Template SOAP Endpoint" />
  <property name="service.exported.interfaces" value="org.opencastproject.template.endpoint.TemplateWebService" />
  <property name="service.exported.configs" value="org.apache.cxf.ws" />
  <property name="org.apache.cxf.dosgi.databinding" value="jaxb"/>
  <property name="org.apache.cxf.dosgi.frontend" value="jaxws"/>
  <property name="org.apache.cxf.ws.httpservice.context" value="/template/soap" />
  <service>
    <provide interface="org.opencastproject.template.endpoint.TemplateWebService" />
  </service>
  <reference name="service-impl" interface="org.opencastproject.template.api.TemplateService"
    cardinality="0..1" policy="dynamic" bind="setService" unbind="unsetService" />
</component>
