<?xml version="1.0" encoding="UTF-8"?>
<Mpeg7 xmlns="urn:mpeg:mpeg7:schema:2001" xmlns:mpeg7="urn:mpeg7:schema:2001"
	xmlns:xsi="http://www.w3.org/2001/XMLSchema-instance/">
	<Description xsi:type="ContentEntityType">
		<MultimediaContent xsi:type="AudioVisualType">
			<AudioVisual id="track-1">
				<mediaLocator>
					<mediaUri>file:tracks/Jon_Crowcroft_slides.mov</mediaUri>
				</mediaLocator>
				<mediaTime>
					<mediaTimePoint>T00:00:00:0F1</mediaTimePoint>
					<mediaDuration>PT33M37S595N1000F</mediaDuration>
				</mediaTime>
				<TemporalDecomposition criteria="temporal"
					gap="false" overlap="false">
					<AudioVisualSegment id="track-1.segment-1">
						<mediaTime>
							<mediaRelTimePoint>T00:00:00:0F1000</mediaRelTimePoint>
							<mediaDuration>PT02M46S0N1000F</mediaDuration>
						</mediaTime>
						<TextAnnotation confidence="0.5" relevance="0.5"
							xml:lang="en">
							<KeywordAnnotation>
								<Keyword>Contributed</Keyword>
								<Keyword>Long</Keyword>
								<Keyword>Resources</Keyword>
								<Keyword>Tale</Keyword>
								<Keyword>User</Keyword>
							</KeywordAnnotation>
						</TextAnnotation>
						<TextAnnotation confidence="0.5" relevance="0.4"
							xml:lang="en">
							<KeywordAnnotation>
								<Keyword>Economics</Keyword>
								<Keyword>Philosophy</Keyword>
								<Keyword>Politics</Keyword>
								<Keyword>and</Keyword>
								<Keyword>some</Keyword>
							</KeywordAnnotation>
						</TextAnnotation>
						<TextAnnotation confidence="0.5" relevance="0.3"
							xml:lang="en">
							<KeywordAnnotation>
								<Keyword>http</Keyword>
								<Keyword>research</Keyword>
							</KeywordAnnotation>
						</TextAnnotation>
						<TextAnnotation confidence="0.5" relevance="0.0"
							xml:lang="en">
							<KeywordAnnotation>
								<Keyword>ac</Keyword>
								<Keyword>my</Keyword>
								<Keyword>of</Keyword>
								<Keyword>ot</Keyword>
								<Keyword>uk</Keyword>
							</KeywordAnnotation>
						</TextAnnotation>
						<TextAnnotation confidence="0.0" relevance="0.4"
							xml:lang="en">
							<KeywordAnnotation>
								<Keyword>cI.cam.ac</Keyword>
								<Keyword>vvww</Keyword>
							</KeywordAnnotation>
						</TextAnnotation>
						<TextAnnotation confidence="0.0" relevance="0.0"
							xml:lang="en">
							<KeywordAnnotation>
								<Keyword>A</Keyword>
							</KeywordAnnotation>
						</TextAnnotation>
					</AudioVisualSegment>
					<AudioVisualSegment id="track-1.segment-2">
						<mediaTime>
							<mediaRelTimePoint>T00:02:46:0F1000</mediaRelTimePoint>
							<mediaDuration>PT01M52S0N1000F</mediaDuration>
						</mediaTime>
						<TextAnnotation confidence="0.5" relevance="0.5"
							xml:lang="en">
							<KeywordAnnotation>
								<Keyword>Contributed</Keyword>
								<Keyword>Long</Keyword>
								<Keyword>Resources</Keyword>
								<Keyword>Tale</Keyword>
								<Keyword>User</Keyword>
							</KeywordAnnotation>
						</TextAnnotation>
						<TextAnnotation confidence="0.5" relevance="0.4"
							xml:lang="en">
							<KeywordAnnotation>
								<Keyword>Economics</Keyword>
								<Keyword>Philosophy</Keyword>
								<Keyword>Politics</Keyword>
								<Keyword>and</Keyword>
								<Keyword>some</Keyword>
							</KeywordAnnotation>
						</TextAnnotation>
						<TextAnnotation confidence="0.5" relevance="0.3"
							xml:lang="en">
							<KeywordAnnotation>
								<Keyword>http</Keyword>
								<Keyword>research</Keyword>
							</KeywordAnnotation>
						</TextAnnotation>
						<TextAnnotation confidence="0.5" relevance="0.0"
							xml:lang="en">
							<KeywordAnnotation>
								<Keyword>ac</Keyword>
								<Keyword>my</Keyword>
								<Keyword>of</Keyword>
								<Keyword>uk</Keyword>
							</KeywordAnnotation>
						</TextAnnotation>
						<TextAnnotation confidence="0.0" relevance="0.4"
							xml:lang="en">
							<KeywordAnnotation>
								<Keyword>cI.cam.ac</Keyword>
								<Keyword>vwvw</Keyword>
							</KeywordAnnotation>
						</TextAnnotation>
						<TextAnnotation confidence="0.0" relevance="0.0"
							xml:lang="en">
							<KeywordAnnotation>
								<Keyword>A</Keyword>
							</KeywordAnnotation>
						</TextAnnotation>
					</AudioVisualSegment>
					<AudioVisualSegment id="track-1.segment-3">
						<mediaTime>
							<mediaRelTimePoint>T00:04:38:0F1000</mediaRelTimePoint>
							<mediaDuration>PT43S0N1000F</mediaDuration>
						</mediaTime>
						<TextAnnotation confidence="0.5" relevance="0.5"
							xml:lang="en">
							<KeywordAnnotation>
								<Keyword>Contributed</Keyword>
								<Keyword>Long</Keyword>
								<Keyword>Resources</Keyword>
								<Keyword>Tale</Keyword>
								<Keyword>User</Keyword>
							</KeywordAnnotation>
						</TextAnnotation>
						<TextAnnotation confidence="0.5" relevance="0.4"
							xml:lang="en">
							<KeywordAnnotation>
								<Keyword>Economics</Keyword>
								<Keyword>Philosophy</Keyword>
								<Keyword>Politics</Keyword>
								<Keyword>and</Keyword>
								<Keyword>some</Keyword>
							</KeywordAnnotation>
						</TextAnnotation>
						<TextAnnotation confidence="0.5" relevance="0.3"
							xml:lang="en">
							<KeywordAnnotation>
								<Keyword>http</Keyword>
								<Keyword>research</Keyword>
							</KeywordAnnotation>
						</TextAnnotation>
						<TextAnnotation confidence="0.5" relevance="0.0"
							xml:lang="en">
							<KeywordAnnotation>
								<Keyword>ac</Keyword>
								<Keyword>my</Keyword>
								<Keyword>of</Keyword>
								<Keyword>ot</Keyword>
								<Keyword>uk</Keyword>
							</KeywordAnnotation>
						</TextAnnotation>
						<TextAnnotation confidence="0.0" relevance="0.4"
							xml:lang="en">
							<KeywordAnnotation>
								<Keyword>cI.cam.ac</Keyword>
								<Keyword>vvww</Keyword>
							</KeywordAnnotation>
						</TextAnnotation>
						<TextAnnotation confidence="0.0" relevance="0.0"
							xml:lang="en">
							<KeywordAnnotation>
								<Keyword>A</Keyword>
							</KeywordAnnotation>
						</TextAnnotation>
					</AudioVisualSegment>
					<AudioVisualSegment id="track-1.segment-4">
						<mediaTime>
							<mediaRelTimePoint>T00:05:21:0F1000</mediaRelTimePoint>
							<mediaDuration>PT01M34S0N1000F</mediaDuration>
						</mediaTime>
						<TextAnnotation confidence="0.5" relevance="0.5"
							xml:lang="en">
							<KeywordAnnotation>
								<Keyword>Contributed</Keyword>
								<Keyword>Long</Keyword>
								<Keyword>Resources</Keyword>
								<Keyword>Tale</Keyword>
								<Keyword>User</Keyword>
							</KeywordAnnotation>
						</TextAnnotation>
						<TextAnnotation confidence="0.5" relevance="0.4"
							xml:lang="en">
							<KeywordAnnotation>
								<Keyword>Economics</Keyword>
								<Keyword>Philosophy</Keyword>
								<Keyword>Politics</Keyword>
								<Keyword>and</Keyword>
								<Keyword>some</Keyword>
							</KeywordAnnotation>
						</TextAnnotation>
						<TextAnnotation confidence="0.5" relevance="0.3"
							xml:lang="en">
							<KeywordAnnotation>
								<Keyword>http</Keyword>
								<Keyword>research</Keyword>
							</KeywordAnnotation>
						</TextAnnotation>
						<TextAnnotation confidence="0.5" relevance="0.0"
							xml:lang="en">
							<KeywordAnnotation>
								<Keyword>ac</Keyword>
								<Keyword>my</Keyword>
								<Keyword>of</Keyword>
								<Keyword>uk</Keyword>
							</KeywordAnnotation>
						</TextAnnotation>
						<TextAnnotation confidence="0.0" relevance="0.4"
							xml:lang="en">
							<KeywordAnnotation>
								<Keyword>cI.cam.ac</Keyword>
								<Keyword>vwvw</Keyword>
							</KeywordAnnotation>
						</TextAnnotation>
						<TextAnnotation confidence="0.0" relevance="0.0"
							xml:lang="en">
							<KeywordAnnotation>
								<Keyword>A</Keyword>
							</KeywordAnnotation>
						</TextAnnotation>
					</AudioVisualSegment>
					<AudioVisualSegment id="track-1.segment-5">
						<mediaTime>
							<mediaRelTimePoint>T00:06:55:0F1000</mediaRelTimePoint>
							<mediaDuration>PT52S0N1000F</mediaDuration>
						</mediaTime>
						<TextAnnotation confidence="0.5" relevance="0.4"
							xml:lang="en">
							<KeywordAnnotation>
								<Keyword>Business</Keyword>
								<Keyword>But</Keyword>
								<Keyword>Lies</Keyword>
								<Keyword>Mountain</Keyword>
								<Keyword>Revolution</Keyword>
								<Keyword>Truth</Keyword>
								<Keyword>Valley</Keyword>
								<Keyword>case</Keyword>
								<Keyword>disruptive</Keyword>
								<Keyword>get</Keyword>
								<Keyword>have</Keyword>
								<Keyword>the</Keyword>
								<Keyword>there</Keyword>
								<Keyword>through</Keyword>
								<Keyword>wade</Keyword>
							</KeywordAnnotation>
						</TextAnnotation>
						<TextAnnotation confidence="0.5" relevance="0.0"
							xml:lang="en">
							<KeywordAnnotation>
								<Keyword>of</Keyword>
								<Keyword>on</Keyword>
								<Keyword>re</Keyword>
								<Keyword>to</Keyword>
								<Keyword>we</Keyword>
							</KeywordAnnotation>
						</TextAnnotation>
						<TextAnnotation confidence="0.0" relevance="0.5"
							xml:lang="en">
							<KeywordAnnotation>
								<Keyword>Rant</Keyword>
							</KeywordAnnotation>
						</TextAnnotation>
						<TextAnnotation confidence="0.0" relevance="0.4"
							xml:lang="en">
							<KeywordAnnotation>
								<Keyword>Deployable</Keyword>
								<Keyword>Hey</Keyword>
								<Keyword>ev0Buti0n</Keyword>
								<Keyword>scaleabie</Keyword>
							</KeywordAnnotation>
						</TextAnnotation>
						<TextAnnotation confidence="0.0" relevance="0.0"
							xml:lang="en">
							<KeywordAnnotation>
								<Keyword>v</Keyword>
							</KeywordAnnotation>
						</TextAnnotation>
					</AudioVisualSegment>
					<AudioVisualSegment id="track-1.segment-6">
						<mediaTime>
							<mediaRelTimePoint>T00:07:47:0F1000</mediaRelTimePoint>
							<mediaDuration>PT36S0N1000F</mediaDuration>
						</mediaTime>
						<TextAnnotation confidence="0.5" relevance="0.4"
							xml:lang="en">
							<KeywordAnnotation>
								<Keyword>Business</Keyword>
								<Keyword>But</Keyword>
								<Keyword>Lies</Keyword>
								<Keyword>Mountain</Keyword>
								<Keyword>Revolution</Keyword>
								<Keyword>Truth</Keyword>
								<Keyword>Valley</Keyword>
								<Keyword>case</Keyword>
								<Keyword>disruptive</Keyword>
								<Keyword>evolution</Keyword>
								<Keyword>get</Keyword>
								<Keyword>have</Keyword>
								<Keyword>the</Keyword>
								<Keyword>there</Keyword>
								<Keyword>through</Keyword>
								<Keyword>wade</Keyword>
							</KeywordAnnotation>
						</TextAnnotation>
						<TextAnnotation confidence="0.5" relevance="0.0"
							xml:lang="en">
							<KeywordAnnotation>
								<Keyword>of</Keyword>
								<Keyword>on</Keyword>
								<Keyword>re</Keyword>
								<Keyword>to</Keyword>
								<Keyword>we</Keyword>
							</KeywordAnnotation>
						</TextAnnotation>
						<TextAnnotation confidence="0.0" relevance="0.5"
							xml:lang="en">
							<KeywordAnnotation>
								<Keyword>Rant</Keyword>
							</KeywordAnnotation>
						</TextAnnotation>
						<TextAnnotation confidence="0.0" relevance="0.4"
							xml:lang="en">
							<KeywordAnnotation>
								<Keyword>Deployabhe</Keyword>
								<Keyword>Hey</Keyword>
								<Keyword>scaleabhe</Keyword>
							</KeywordAnnotation>
						</TextAnnotation>
						<TextAnnotation confidence="0.0" relevance="0.0"
							xml:lang="en">
							<KeywordAnnotation>
								<Keyword>v</Keyword>
							</KeywordAnnotation>
						</TextAnnotation>
					</AudioVisualSegment>
					<AudioVisualSegment id="track-1.segment-7">
						<mediaTime>
							<mediaRelTimePoint>T00:08:23:0F1000</mediaRelTimePoint>
							<mediaDuration>PT02M29S0N1000F</mediaDuration>
						</mediaTime>
						<TextAnnotation confidence="0.5" relevance="0.4"
							xml:lang="en">
							<KeywordAnnotation>
								<Keyword>Business</Keyword>
								<Keyword>But</Keyword>
								<Keyword>Lies</Keyword>
								<Keyword>Mountain</Keyword>
								<Keyword>Truth</Keyword>
								<Keyword>Valley</Keyword>
								<Keyword>case</Keyword>
								<Keyword>disruptive</Keyword>
								<Keyword>evolution</Keyword>
								<Keyword>get</Keyword>
								<Keyword>have</Keyword>
								<Keyword>the</Keyword>
								<Keyword>there</Keyword>
								<Keyword>through</Keyword>
								<Keyword>wade</Keyword>
							</KeywordAnnotation>
						</TextAnnotation>
						<TextAnnotation confidence="0.5" relevance="0.0"
							xml:lang="en">
							<KeywordAnnotation>
								<Keyword>of</Keyword>
								<Keyword>on</Keyword>
								<Keyword>re</Keyword>
								<Keyword>to</Keyword>
								<Keyword>we</Keyword>
							</KeywordAnnotation>
						</TextAnnotation>
						<TextAnnotation confidence="0.0" relevance="0.5"
							xml:lang="en">
							<KeywordAnnotation>
								<Keyword>Rant</Keyword>
								<Keyword>scaleabm</Keyword>
							</KeywordAnnotation>
						</TextAnnotation>
						<TextAnnotation confidence="0.0" relevance="0.4"
							xml:lang="en">
							<KeywordAnnotation>
								<Keyword>Deployable</Keyword>
								<Keyword>Hey</Keyword>
								<Keyword>Revolut</Keyword>
							</KeywordAnnotation>
						</TextAnnotation>
						<TextAnnotation confidence="0.0" relevance="0.0"
							xml:lang="en">
							<KeywordAnnotation>
								<Keyword>v</Keyword>
							</KeywordAnnotation>
						</TextAnnotation>
					</AudioVisualSegment>
					<AudioVisualSegment id="track-1.segment-8">
						<mediaTime>
							<mediaRelTimePoint>T00:10:52:0F1000</mediaRelTimePoint>
							<mediaDuration>PT01M59S0N1000F</mediaDuration>
						</mediaTime>
						<TextAnnotation confidence="0.5" relevance="0.5"
							xml:lang="en">
							<KeywordAnnotation>
								<Keyword>Net</Keyword>
								<Keyword>The</Keyword>
								<Keyword>This</Keyword>
								<Keyword>Value</Keyword>
								<Keyword>all</Keyword>
								<Keyword>and</Keyword>
								<Keyword>any</Keyword>
								<Keyword>applies</Keyword>
								<Keyword>can</Keyword>
								<Keyword>content</Keyword>
								<Keyword>disruptive</Keyword>
								<Keyword>don</Keyword>
								<Keyword>down</Keyword>
								<Keyword>either</Keyword>
								<Keyword>existence</Keyword>
								<Keyword>from</Keyword>
								<Keyword>governments</Keyword>
								<Keyword>infrastructure</Keyword>
								<Keyword>layer</Keyword>
								<Keyword>links</Keyword>
								<Keyword>net</Keyword>
								<Keyword>practice</Keyword>
								<Keyword>provider</Keyword>
								<Keyword>providers</Keyword>
								<Keyword>removing</Keyword>
								<Keyword>switches</Keyword>
								<Keyword>tends</Keyword>
								<Keyword>the</Keyword>
								<Keyword>trust</Keyword>
								<Keyword>value</Keyword>
								<Keyword>way</Keyword>
								<Keyword>with</Keyword>
							</KeywordAnnotation>
						</TextAnnotation>
						<TextAnnotation confidence="0.5" relevance="0.0"
							xml:lang="en">
							<KeywordAnnotation>
								<Keyword>At</Keyword>
								<Keyword>by</Keyword>
								<Keyword>of</Keyword>
								<Keyword>to</Keyword>
								<Keyword>we</Keyword>
							</KeywordAnnotation>
						</TextAnnotation>
						<TextAnnotation confidence="0.0" relevance="0.6"
							xml:lang="en">
							<KeywordAnnotation>
								<Keyword>deployable</Keyword>
							</KeywordAnnotation>
						</TextAnnotation>
						<TextAnnotation confidence="0.0" relevance="0.5"
							xml:lang="en">
							<KeywordAnnotation>
								<Keyword>maximise</Keyword>
								<Keyword>mere</Keyword>
								<Keyword>monopolistic</Keyword>
								<Keyword>non-neutral</Keyword>
								<Keyword>scaleable</Keyword>
							</KeywordAnnotation>
						</TextAnnotation>
						<TextAnnotation confidence="0.0" relevance="0.0"
							xml:lang="en">
							<KeywordAnnotation>
								<Keyword>l</Keyword>
								<Keyword>t</Keyword>
							</KeywordAnnotation>
						</TextAnnotation>
					</AudioVisualSegment>
					<AudioVisualSegment id="track-1.segment-9">
						<mediaTime>
							<mediaRelTimePoint>T00:12:51:0F1000</mediaRelTimePoint>
							<mediaDuration>PT27S0N1000F</mediaDuration>
						</mediaTime>
						<TextAnnotation confidence="0.5" relevance="0.6"
							xml:lang="en">
							<KeywordAnnotation>
								<Keyword>either</Keyword>
							</KeywordAnnotation>
						</TextAnnotation>
						<TextAnnotation confidence="0.5" relevance="0.5"
							xml:lang="en">
							<KeywordAnnotation>
								<Keyword>Net</Keyword>
								<Keyword>The</Keyword>
								<Keyword>This</Keyword>
								<Keyword>Value</Keyword>
								<Keyword>all</Keyword>
								<Keyword>and</Keyword>
								<Keyword>any</Keyword>
								<Keyword>applies</Keyword>
								<Keyword>can</Keyword>
								<Keyword>content</Keyword>
								<Keyword>disruptive</Keyword>
								<Keyword>don</Keyword>
								<Keyword>down</Keyword>
								<Keyword>existence</Keyword>
								<Keyword>from</Keyword>
								<Keyword>governments</Keyword>
								<Keyword>infrastructure</Keyword>
								<Keyword>layer</Keyword>
								<Keyword>links</Keyword>
								<Keyword>net</Keyword>
								<Keyword>practice</Keyword>
								<Keyword>provider</Keyword>
								<Keyword>providers</Keyword>
								<Keyword>removing</Keyword>
								<Keyword>switches</Keyword>
								<Keyword>tends</Keyword>
								<Keyword>the</Keyword>
								<Keyword>trust</Keyword>
								<Keyword>value</Keyword>
								<Keyword>way</Keyword>
								<Keyword>with</Keyword>
							</KeywordAnnotation>
						</TextAnnotation>
						<TextAnnotation confidence="0.5" relevance="0.0"
							xml:lang="en">
							<KeywordAnnotation>
								<Keyword>At</Keyword>
								<Keyword>by</Keyword>
								<Keyword>of</Keyword>
								<Keyword>to</Keyword>
								<Keyword>we</Keyword>
							</KeywordAnnotation>
						</TextAnnotation>
						<TextAnnotation confidence="0.0" relevance="0.6"
							xml:lang="en">
							<KeywordAnnotation>
								<Keyword>deployable</Keyword>
							</KeywordAnnotation>
						</TextAnnotation>
						<TextAnnotation confidence="0.0" relevance="0.5"
							xml:lang="en">
							<KeywordAnnotation>
								<Keyword>maximise</Keyword>
								<Keyword>mere</Keyword>
								<Keyword>monopolistic</Keyword>
								<Keyword>non-neutral</Keyword>
								<Keyword>scaleable</Keyword>
							</KeywordAnnotation>
						</TextAnnotation>
						<TextAnnotation confidence="0.0" relevance="0.0"
							xml:lang="en">
							<KeywordAnnotation>
								<Keyword>I</Keyword>
								<Keyword>t</Keyword>
							</KeywordAnnotation>
						</TextAnnotation>
					</AudioVisualSegment>
					<AudioVisualSegment id="track-1.segment-10">
						<mediaTime>
							<mediaRelTimePoint>T00:13:18:0F1000</mediaRelTimePoint>
							<mediaDuration>PT20M19S595N1000F</mediaDuration>
						</mediaTime>
						<TextAnnotation confidence="0.5" relevance="0.6"
							xml:lang="en">
							<KeywordAnnotation>
								<Keyword>Tse</Keyword>
								<Keyword>being</Keyword>
								<Keyword>many</Keyword>
								<Keyword>may</Keyword>
								<Keyword>next</Keyword>
								<Keyword>practical</Keyword>
								<Keyword>that</Keyword>
							</KeywordAnnotation>
						</TextAnnotation>
						<TextAnnotation confidence="0.5" relevance="0.5"
							xml:lang="en">
							<KeywordAnnotation>
								<Keyword>Now</Keyword>
								<Keyword>This</Keyword>
								<Keyword>ach</Keyword>
								<Keyword>any</Keyword>
								<Keyword>appear</Keyword>
								<Keyword>are</Keyword>
								<Keyword>can</Keyword>
								<Keyword>capacity</Keyword>
								<Keyword>case</Keyword>
								<Keyword>cooperative</Keyword>
								<Keyword>delay</Keyword>
								<Keyword>get</Keyword>
								<Keyword>got</Keyword>
								<Keyword>have</Keyword>
								<Keyword>market</Keyword>
								<Keyword>not</Keyword>
								<Keyword>relay</Keyword>
								<Keyword>researchers</Keyword>
								<Keyword>rid</Keyword>
								<Keyword>systems</Keyword>
								<Keyword>the</Keyword>
								<Keyword>there</Keyword>
								<Keyword>tolerance</Keyword>
								<Keyword>wireless</Keyword>
							</KeywordAnnotation>
						</TextAnnotation>
						<TextAnnotation confidence="0.5" relevance="0.0"
							xml:lang="en">
							<KeywordAnnotation>
								<Keyword>be</Keyword>
								<Keyword>by</Keyword>
								<Keyword>if</Keyword>
								<Keyword>is</Keyword>
								<Keyword>of</Keyword>
								<Keyword>to</Keyword>
								<Keyword>we</Keyword>
							</KeywordAnnotation>
						</TextAnnotation>
						<TextAnnotation confidence="0.0" relevance="0.6"
							xml:lang="en">
							<KeywordAnnotation>
								<Keyword>Providerless</Keyword>
								<Keyword>analysed</Keyword>
								<Keyword>godliness</Keyword>
							</KeywordAnnotation>
						</TextAnnotation>
						<TextAnnotation confidence="0.0" relevance="0.5"
							xml:lang="en">
							<KeywordAnnotation>
								<Keyword>Grossglauser</Keyword>
								<Keyword>Gupta-Kumar</Keyword>
								<Keyword>Multihop</Keyword>
								<Keyword>Uimitcd</Keyword>
								<Keyword>fundamentalfly</Keyword>
								<Keyword>nets</Keyword>
								<Keyword>providexs</Keyword>
								<Keyword>weceiver</Keyword>
							</KeywordAnnotation>
						</TextAnnotation>
					</AudioVisualSegment>
				</TemporalDecomposition>
			</AudioVisual>
		</MultimediaContent>
	</Description>
</Mpeg7>
