<?xml version="1.0" encoding="UTF-8"?>
<mediapackage duration="600000" id="10.3930/ETHZ/AV-8d76a82d-a1af-4b46-a913-5540157bd2e6">
<media>
<track id="track-1" type="engage/presenter">
    <url>http://downloads.opencastproject.org/media/car.flv</url>
    <mimetype>video/x-flv</mimetype>
    <checksum type="md5">7b3c7e8cc2cba2f5b7af4fd4224f3005</checksum>
</track>
<mimetype>audio/mp4</mimetype>
<checksum type="md5">44797fc54ef36c27f641bd2478e899dd</checksum>
<url>tracks/grabber.mp4</url>
<Duration>600000</Duration>
<Video id="stream-1">
<Encoder type="MPEG-4 Visual"/>
<Size>1024x768</Size>
<ScanType type="Progressive"/>
<BitRate>327877.0</BitRate>
<FrameRate>4.0</FrameRate>
</Video>
</media>
<metadata>
<catalog id="catalog-1" type="metadata/dublincore">
<mimetype>text/xml</mimetype>
<checksum type="md5">08c40d8d87b88948717ca9414dcf4e2f</checksum>
<url>metadata/dublincore-test-e.xml</url>
</catalog>
<catalog id="catalog-2" type="metadata/mpeg-7">
<mimetype>text/xml</mimetype>
<checksum type="md5">d41d8cd98f00b204e9800998ecf8427e</checksum>
<url>metadata/mpeg-71866290379014289113.xml</url>
</catalog>
</metadata>
<attachments>
    <attachment id="attachment-1" type="engage/cover">
        <url>http://downloads.opencastproject.org/media/engage-cover.jpg</url>
        <mimetype>image/jpeg</mimetype>
    </attachment>
    <attachment id="attachment-2" type="feed/cover">
        <url>http://downloads.opencastproject.org/media/feed-cover.jpg</url>
        <mimetype>image/jpeg</mimetype>
    </attachment>
</attachments>
</mediapackage>
