<?xml version="1.0" encoding="UTF-8"?>
<mediapackage duration="4864080" id="10.3930/ETHZ/AV-54753d2e-6e5c-43c2-afa1-92ba26e9d22d">
<media>
<track id="track-1" type="engage/presenter">
    <url>http://downloads.opencastproject.org/media/car.flv</url>
    <mimetype>video/x-flv</mimetype>
    <checksum type="md5">7b3c7e8cc2cba2f5b7af4fd4224f3005</checksum>
</track>
<mimetype>video/quicktime</mimetype>
<checksum type="md5">1463679ca3310522bc19cb8a745462ce</checksum>
<url>tracks/20091103_D16_2_Bendali_DV.mov</url>
<Duration>4864080</Duration>
<Audio id="stream-2">
<Encoder type="PCM"/>
<Channels>2</Channels>
<BitDepth>16</BitDepth>
<BitRate>1536000.0</BitRate>
</Audio>
<Video id="stream-1">
<Encoder type="Digital Video"/>
<Size>720x576</Size>
<BitRate>544100.0</BitRate>
<FrameRate>25.0</FrameRate>
</Video>
</media>
<metadata>
<catalog id="catalog-2" type="metadata/dublincore">
<mimetype>text/xml</mimetype>
<checksum type="md5">669922d2e77a6c034320028117a1ae9b</checksum>
<url>metadata/dublincore-e-Bendali20091103.xml</url>
</catalog>
<catalog id="catalog-1" ref="series:401-4781-59L-2009W" type="metadata/dublincore">
<mimetype>text/xml</mimetype>
<checksum type="md5">377e852caa72099816abbd692377e83f</checksum>
<url>metadata/dublincore-s-Bendali09.xml</url>
</catalog>
<catalog id="catalog-3" type="metadata/mpeg-7">
<mimetype>text/xml</mimetype>
<checksum type="md5">d41d8cd98f00b204e9800998ecf8427e</checksum>
<url>metadata/mpeg-74120918104542111121.xml</url>
</catalog>
</metadata>
<attachments>
    <attachment id="attachment-1" type="engage/cover">
        <url>http://downloads.opencastproject.org/media/engage-cover.jpg</url>
        <mimetype>image/jpeg</mimetype>
    </attachment>
    <attachment id="attachment-2" type="feed/cover">
        <url>http://downloads.opencastproject.org/media/feed-cover.jpg</url>
        <mimetype>image/jpeg</mimetype>
    </attachment>
</attachments>
</mediapackage>
