<?xml version="1.0" encoding="UTF-8"?>
<metadata xmlns="http://www.opencastproject.org/xsd/1.0/dublincore/" xmlns:dcterms="http://purl.org/dc/terms/" xmlns:xsi="http://www.w3.org/2001/XMLSchema-instance">
    <dcterms:creator>John Pendry</dcterms:creator>
    <dcterms:contributor>Department of Physics</dcterms:contributor>
    <dcterms:extent xsi:type="dcterms:ISO8601">PT1H14M59.531S</dcterms:extent>
    <dcterms:isPartOf>PHYS-0001-00X</dcterms:isPartOf>
    <dcterms:license xml:lang="de">http://www.multimedia.ethz.ch/docs/haftungsausschluss/index</dcterms:license>
    <dcterms:license xml:lang="en">http://www.multimedia.ethz.ch/docs/disclaimer/index</dcterms:license>
    <dcterms:created xsi:type="dcterms:W3CDTF">2009-09-15</dcterms:created>
    <dcterms:abstract>New artificial materials are being designed and manufactured which have an extraordinary property when exposed to a beam of light. Instead of light bending through them as it does in natural materials like water and glass, it bends the wrong way. It has the potential to make objects invisible and provides the basis for a perfect lens: one that can focus more precisely than the wavelength of light.</dcterms:abstract>
    <dcterms:language>eng</dcterms:language>
    <dcterms:rightsHolder xml:lang="de">ETH Zürich, Schweiz</dcterms:rightsHolder>
    <dcterms:rightsHolder xml:lang="en">ETH Zurich, Switzerland</dcterms:rightsHolder>
    <dcterms:publisher xml:lang="de">ETH Zürich, ID-MMS; Schweiz</dcterms:publisher>
    <dcterms:publisher xml:lang="en">ETH Zurich, ITS-MMS; Switzerland</dcterms:publisher>
    <dcterms:identifier>10.3930/ETHZ/AV-5555f05c-c4e9-41e2-8414-e9a9f2e098fe</dcterms:identifier>
    <dcterms:title>Invisible Cloaks and a Perfect Lens</dcterms:title>
</metadata>
