<?xml version="1.0" encoding="UTF-8"?>
<Mpeg7 xmlns="urn:mpeg:mpeg7:schema:2001" xmlns:mpeg7="urn:mpeg7:schema:2001" xmlns:xsi="http://www.w3.org/2001/XMLSchema-instance/">
    <Description xsi:type="ContentEntityType">
        <MultimediaContent xsi:type="AudioVisualType">
            <AudioVisual id="track-1">
                <mediaLocator>
                    <mediaUri>file:tracks/20090505_Kolloquium_D_Sornette.mp4</mediaUri>
                </mediaLocator>
                <mediaTime>
                    <mediaTimePoint>T00:00:00:0F2</mediaTimePoint>
                    <mediaDuration>PT01H17M55S500N1000F</mediaDuration>
                </mediaTime>
                <TemporalDecomposition criteria="temporal" gap="false" overlap="false">
                    <AudioVisualSegment id="track-1.segment-1">
                        <mediaTime>
                            <mediaRelTimePoint>T00:00:00:0F1000</mediaRelTimePoint>
                            <mediaDuration>PT04M27S0N1000F</mediaDuration>
                        </mediaTime>
                        <TextAnnotation confidence="0.5" relevance="0.5" xml:lang="en">
                            <KeywordAnnotation>
                                <Keyword>and</Keyword>
                            </KeywordAnnotation>
                        </TextAnnotation>
                        <TextAnnotation confidence="0.5" relevance="0.4" xml:lang="en">
                            <KeywordAnnotation>
                                <Keyword>PREDICTION</Keyword>
                            </KeywordAnnotation>
                        </TextAnnotation>
                        <TextAnnotation confidence="0.5" relevance="0.3" xml:lang="en">
                            <KeywordAnnotation>
                                <Keyword>Stock</Keyword>
                            </KeywordAnnotation>
                        </TextAnnotation>
                        <TextAnnotation confidence="0.5" relevance="0.0" xml:lang="en">
                            <KeywordAnnotation>
                                <Keyword>mL</Keyword>
                            </KeywordAnnotation>
                        </TextAnnotation>
                        <TextAnnotation confidence="0.0" relevance="0.3" xml:lang="en">
                            <KeywordAnnotation>
                                <Keyword>Qrgsh</Keyword>
                            </KeywordAnnotation>
                        </TextAnnotation>
                        <TextAnnotation confidence="0.0" relevance="0.0" xml:lang="en">
                            <KeywordAnnotation>
                                <Keyword>I</Keyword>
                                <Keyword>Y</Keyword>
                            </KeywordAnnotation>
                        </TextAnnotation>
                    </AudioVisualSegment>
                    <AudioVisualSegment id="track-1.segment-2">
                        <mediaTime>
                            <mediaRelTimePoint>T00:04:27:0F1000</mediaRelTimePoint>
                            <mediaDuration>PT02M30S0N1000F</mediaDuration>
                        </mediaTime>
                        <TextAnnotation confidence="0.5" relevance="0.5" xml:lang="de">
                            <KeywordAnnotation>
                                <Keyword>nam</Keyword>
                                <Keyword>win</Keyword>
                            </KeywordAnnotation>
                        </TextAnnotation>
                        <TextAnnotation confidence="0.5" relevance="0.4" xml:lang="de">
                            <KeywordAnnotation>
                                <Keyword>Dsb</Keyword>
                                <Keyword>Wen</Keyword>
                                <Keyword>agents</Keyword>
                                <Keyword>and</Keyword>
                                <Keyword>critical</Keyword>
                                <Keyword>illnesses</Keyword>
                                <Keyword>mum</Keyword>
                                <Keyword>social</Keyword>
                            </KeywordAnnotation>
                        </TextAnnotation>
                        <TextAnnotation confidence="0.5" relevance="0.0" xml:lang="de">
                            <KeywordAnnotation>
                                <Keyword>Ag</Keyword>
                                <Keyword>Am</Keyword>
                                <Keyword>Mn</Keyword>
                                <Keyword>aq</Keyword>
                                <Keyword>cp</Keyword>
                                <Keyword>mk</Keyword>
                                <Keyword>mm</Keyword>
                                <Keyword>ru</Keyword>
                                <Keyword>uI</Keyword>
                            </KeywordAnnotation>
                        </TextAnnotation>
                        <TextAnnotation confidence="0.0" relevance="0.5" xml:lang="de">
                            <KeywordAnnotation>
                                <Keyword>iwmnm</Keyword>
                                <Keyword>mmm</Keyword>
                                <Keyword>my-rm</Keyword>
                                <Keyword>wwwjww</Keyword>
                            </KeywordAnnotation>
                        </TextAnnotation>
                        <TextAnnotation confidence="0.0" relevance="0.4" xml:lang="de">
                            <KeywordAnnotation>
                                <Keyword>Apw</Keyword>
                                <Keyword>Cunumruizl</Keyword>
                                <Keyword>MLN</Keyword>
                                <Keyword>cqmiunon</Keyword>
                                <Keyword>cum</Keyword>
                                <Keyword>danin</Keyword>
                                <Keyword>whwvn</Keyword>
                            </KeywordAnnotation>
                        </TextAnnotation>
                        <TextAnnotation confidence="0.0" relevance="0.3" xml:lang="de">
                            <KeywordAnnotation>
                                <Keyword>rmmics</Keyword>
                            </KeywordAnnotation>
                        </TextAnnotation>
                        <TextAnnotation confidence="0.0" relevance="0.0" xml:lang="de">
                            <KeywordAnnotation>
                                <Keyword>-</Keyword>
                                <Keyword>I</Keyword>
                                <Keyword>L</Keyword>
                                <Keyword>QN</Keyword>
                                <Keyword>W</Keyword>
                                <Keyword>W-</Keyword>
                                <Keyword>a</Keyword>
                                <Keyword>k</Keyword>
                                <Keyword>m</Keyword>
                                <Keyword>n</Keyword>
                                <Keyword>u</Keyword>
                                <Keyword>y</Keyword>
                            </KeywordAnnotation>
                        </TextAnnotation>
                    </AudioVisualSegment>
                    <AudioVisualSegment id="track-1.segment-3">
                        <mediaTime>
                            <mediaRelTimePoint>T00:06:57:0F1000</mediaRelTimePoint>
                            <mediaDuration>PT46S0N1000F</mediaDuration>
                        </mediaTime>
                        <TextAnnotation confidence="0.5" relevance="0.1" xml:lang="de">
                            <KeywordAnnotation>
                                <Keyword>iII</Keyword>
                            </KeywordAnnotation>
                        </TextAnnotation>
                        <TextAnnotation confidence="0.5" relevance="0.0" xml:lang="de">
                            <KeywordAnnotation>
                                <Keyword>IK</Keyword>
                                <Keyword>Ii</Keyword>
                            </KeywordAnnotation>
                        </TextAnnotation>
                        <TextAnnotation confidence="0.0" relevance="0.4" xml:lang="de">
                            <KeywordAnnotation>
                                <Keyword>Qiisr</Keyword>
                                <Keyword>UIQ</Keyword>
                            </KeywordAnnotation>
                        </TextAnnotation>
                        <TextAnnotation confidence="0.0" relevance="0.3" xml:lang="de">
                            <KeywordAnnotation>
                                <Keyword>If1TlH</Keyword>
                                <Keyword>QTEF</Keyword>
                            </KeywordAnnotation>
                        </TextAnnotation>
                        <TextAnnotation confidence="0.0" relevance="0.2" xml:lang="de">
                            <KeywordAnnotation>
                                <Keyword>lii</Keyword>
                            </KeywordAnnotation>
                        </TextAnnotation>
                        <TextAnnotation confidence="0.0" relevance="0.0" xml:lang="de">
                            <KeywordAnnotation>
                                <Keyword>-</Keyword>
                                <Keyword>F</Keyword>
                                <Keyword>M</Keyword>
                                <Keyword>U</Keyword>
                                <Keyword>i</Keyword>
                                <Keyword>l</Keyword>
                            </KeywordAnnotation>
                        </TextAnnotation>
                    </AudioVisualSegment>
                    <AudioVisualSegment id="track-1.segment-4">
                        <mediaTime>
                            <mediaRelTimePoint>T00:07:43:0F1000</mediaRelTimePoint>
                            <mediaDuration>PT06M41S0N1000F</mediaDuration>
                        </mediaTime>
                        <TextAnnotation confidence="0.5" relevance="0.3" xml:lang="de">
                            <KeywordAnnotation>
                                <Keyword>Coupling</Keyword>
                                <Keyword>strength</Keyword>
                            </KeywordAnnotation>
                        </TextAnnotation>
                        <TextAnnotation confidence="0.5" relevance="0.0" xml:lang="de">
                            <KeywordAnnotation>
                                <Keyword>TA</Keyword>
                                <Keyword>VI</Keyword>
                                <Keyword>mw</Keyword>
                                <Keyword>wr</Keyword>
                            </KeywordAnnotation>
                        </TextAnnotation>
                        <TextAnnotation confidence="0.0" relevance="0.3" xml:lang="de">
                            <KeywordAnnotation>
                                <Keyword>incrcuscs</Keyword>
                            </KeywordAnnotation>
                        </TextAnnotation>
                        <TextAnnotation confidence="0.0" relevance="0.0" xml:lang="de">
                            <KeywordAnnotation>
                                <Keyword>I</Keyword>
                                <Keyword>J</Keyword>
                                <Keyword>L</Keyword>
                                <Keyword>V</Keyword>
                                <Keyword>W</Keyword>
                                <Keyword>Y</Keyword>
                                <Keyword>l</Keyword>
                                <Keyword>w</Keyword>
                            </KeywordAnnotation>
                        </TextAnnotation>
                    </AudioVisualSegment>
                    <AudioVisualSegment id="track-1.segment-5">
                        <mediaTime>
                            <mediaRelTimePoint>T00:14:24:0F1000</mediaRelTimePoint>
                            <mediaDuration>PT06M02S0N1000F</mediaDuration>
                        </mediaTime>
                        <TextAnnotation confidence="0.5" relevance="0.5" xml:lang="en">
                            <KeywordAnnotation>
                                <Keyword>city</Keyword>
                                <Keyword>turbulent</Keyword>
                                <Keyword>velocity</Keyword>
                            </KeywordAnnotation>
                        </TextAnnotation>
                        <TextAnnotation confidence="0.5" relevance="0.4" xml:lang="en">
                            <KeywordAnnotation>
                                <Keyword>Beyond</Keyword>
                                <Keyword>Material</Keyword>
                                <Keyword>Paris</Keyword>
                                <Keyword>and</Keyword>
                                <Keyword>distribution</Keyword>
                                <Keyword>dragon</Keyword>
                                <Keyword>dragons</Keyword>
                                <Keyword>failure</Keyword>
                                <Keyword>law</Keyword>
                                <Keyword>laws</Keyword>
                                <Keyword>pdf</Keyword>
                                <Keyword>power</Keyword>
                                <Keyword>processes</Keyword>
                                <Keyword>six</Keyword>
                                <Keyword>thc</Keyword>
                                <Keyword>the</Keyword>
                                <Keyword>und</Keyword>
                            </KeywordAnnotation>
                        </TextAnnotation>
                        <TextAnnotation confidence="0.5" relevance="0.0" xml:lang="en">
                            <KeywordAnnotation>
                                <Keyword>as</Keyword>
                                <Keyword>in</Keyword>
                                <Keyword>of</Keyword>
                            </KeywordAnnotation>
                        </TextAnnotation>
                        <TextAnnotation confidence="0.0" relevance="0.5" xml:lang="en">
                            <KeywordAnnotation>
                                <Keyword>Frcnch</Keyword>
                            </KeywordAnnotation>
                        </TextAnnotation>
                        <TextAnnotation confidence="0.0" relevance="0.4" xml:lang="en">
                            <KeywordAnnotation>
                                <Keyword>Dmg0ns</Keyword>
                                <Keyword>Epilcptic</Keyword>
                                <Keyword>Extrcmc</Keyword>
                                <Keyword>Gutcnbcrg-Richter</Keyword>
                                <Keyword>Huctuzntions</Keyword>
                                <Keyword>Outlicrs</Keyword>
                                <Keyword>Zipfdistribution</Keyword>
                                <Keyword>chuructcristic</Keyword>
                                <Keyword>cunhquukcs</Keyword>
                                <Keyword>cvcms</Keyword>
                                <Keyword>cxnmplcs</Keyword>
                                <Keyword>dmwduwns</Keyword>
                                <Keyword>dragon-king</Keyword>
                                <Keyword>linanciul</Keyword>
                                <Keyword>ruplurc</Keyword>
                                <Keyword>seizures</Keyword>
                            </KeywordAnnotation>
                        </TextAnnotation>
                    </AudioVisualSegment>
                    <AudioVisualSegment id="track-1.segment-6">
                        <mediaTime>
                            <mediaRelTimePoint>T00:20:26:0F1000</mediaRelTimePoint>
                            <mediaDuration>PT10M44S0N1000F</mediaDuration>
                        </mediaTime>
                        <TextAnnotation confidence="0.5" relevance="0.5" xml:lang="de">
                            <KeywordAnnotation>
                                <Keyword>Afi</Keyword>
                            </KeywordAnnotation>
                        </TextAnnotation>
                        <TextAnnotation confidence="0.5" relevance="0.4" xml:lang="de">
                            <KeywordAnnotation>
                                <Keyword>Black</Keyword>
                                <Keyword>emphasis</Keyword>
                            </KeywordAnnotation>
                        </TextAnnotation>
                        <TextAnnotation confidence="0.5" relevance="0.0" xml:lang="de">
                            <KeywordAnnotation>
                                <Keyword>an</Keyword>
                                <Keyword>as</Keyword>
                                <Keyword>if</Keyword>
                                <Keyword>mm</Keyword>
                                <Keyword>mn</Keyword>
                                <Keyword>nn</Keyword>
                                <Keyword>on</Keyword>
                                <Keyword>tL</Keyword>
                                <Keyword>un</Keyword>
                                <Keyword>wk</Keyword>
                                <Keyword>xv</Keyword>
                            </KeywordAnnotation>
                        </TextAnnotation>
                        <TextAnnotation confidence="0.0" relevance="0.5" xml:lang="de">
                            <KeywordAnnotation>
                                <Keyword>nnn</Keyword>
                            </KeywordAnnotation>
                        </TextAnnotation>
                        <TextAnnotation confidence="0.0" relevance="0.4" xml:lang="de">
                            <KeywordAnnotation>
                                <Keyword>Crashes</Keyword>
                                <Keyword>mnum</Keyword>
                                <Keyword>nmk</Keyword>
                                <Keyword>swam</Keyword>
                                <Keyword>swans</Keyword>
                            </KeywordAnnotation>
                        </TextAnnotation>
                        <TextAnnotation confidence="0.0" relevance="0.3" xml:lang="de">
                            <KeywordAnnotation>
                                <Keyword>raditiun</Keyword>
                            </KeywordAnnotation>
                        </TextAnnotation>
                        <TextAnnotation confidence="0.0" relevance="0.0" xml:lang="de">
                            <KeywordAnnotation>
                                <Keyword>-</Keyword>
                                <Keyword>I</Keyword>
                                <Keyword>M</Keyword>
                                <Keyword>N</Keyword>
                                <Keyword>V</Keyword>
                                <Keyword>W</Keyword>
                                <Keyword>jM</Keyword>
                                <Keyword>l</Keyword>
                                <Keyword>r</Keyword>
                            </KeywordAnnotation>
                        </TextAnnotation>
                    </AudioVisualSegment>
                    <AudioVisualSegment id="track-1.segment-7">
                        <mediaTime>
                            <mediaRelTimePoint>T00:31:10:0F1000</mediaRelTimePoint>
                            <mediaDuration>PT58S0N1000F</mediaDuration>
                        </mediaTime>
                        <TextAnnotation confidence="0.5" relevance="0.4" xml:lang="de">
                            <KeywordAnnotation>
                                <Keyword>aus</Keyword>
                                <Keyword>ing</Keyword>
                                <Keyword>sun</Keyword>
                                <Keyword>umm</Keyword>
                            </KeywordAnnotation>
                        </TextAnnotation>
                        <TextAnnotation confidence="0.5" relevance="0.3" xml:lang="de">
                            <KeywordAnnotation>
                                <Keyword>Ics</Keyword>
                            </KeywordAnnotation>
                        </TextAnnotation>
                        <TextAnnotation confidence="0.5" relevance="0.0" xml:lang="de">
                            <KeywordAnnotation>
                                <Keyword>LH</Keyword>
                                <Keyword>Tr</Keyword>
                                <Keyword>as</Keyword>
                                <Keyword>mR</Keyword>
                                <Keyword>rr</Keyword>
                                <Keyword>st</Keyword>
                                <Keyword>ty</Keyword>
                                <Keyword>uu</Keyword>
                                <Keyword>wl</Keyword>
                                <Keyword>yl</Keyword>
                            </KeywordAnnotation>
                        </TextAnnotation>
                        <TextAnnotation confidence="0.0" relevance="0.4" xml:lang="de">
                            <KeywordAnnotation>
                                <Keyword>Fvurnkcmlkl</Keyword>
                                <Keyword>INI</Keyword>
                                <Keyword>Iwnog</Keyword>
                                <Keyword>Nnrq</Keyword>
                                <Keyword>chy</Keyword>
                            </KeywordAnnotation>
                        </TextAnnotation>
                        <TextAnnotation confidence="0.0" relevance="0.3" xml:lang="de">
                            <KeywordAnnotation>
                                <Keyword>Exv</Keyword>
                                <Keyword>Pun6os</Keyword>
                                <Keyword>Svcs</Keyword>
                                <Keyword>msg</Keyword>
                                <Keyword>q4.Fv</Keyword>
                            </KeywordAnnotation>
                        </TextAnnotation>
                        <TextAnnotation confidence="0.0" relevance="0.0" xml:lang="de">
                            <KeywordAnnotation>
                                <Keyword>A</Keyword>
                                <Keyword>E</Keyword>
                                <Keyword>F</Keyword>
                                <Keyword>H</Keyword>
                                <Keyword>P</Keyword>
                                <Keyword>Y</Keyword>
                                <Keyword>g</Keyword>
                                <Keyword>i</Keyword>
                                <Keyword>l</Keyword>
                                <Keyword>m</Keyword>
                                <Keyword>n</Keyword>
                                <Keyword>o</Keyword>
                                <Keyword>q</Keyword>
                                <Keyword>qd</Keyword>
                                <Keyword>r</Keyword>
                                <Keyword>u</Keyword>
                                <Keyword>v</Keyword>
                                <Keyword>w</Keyword>
                                <Keyword>wq</Keyword>
                                <Keyword>y</Keyword>
                            </KeywordAnnotation>
                        </TextAnnotation>
                    </AudioVisualSegment>
                    <AudioVisualSegment id="track-1.segment-8">
                        <mediaTime>
                            <mediaRelTimePoint>T00:32:08:0F1000</mediaRelTimePoint>
                            <mediaDuration>PT01M08S0N1000F</mediaDuration>
                        </mediaTime>
                        <TextAnnotation confidence="0.5" relevance="0.2" xml:lang="de">
                            <KeywordAnnotation>
                                <Keyword>Energy</Keyword>
                                <Keyword>the</Keyword>
                            </KeywordAnnotation>
                        </TextAnnotation>
                        <TextAnnotation confidence="0.5" relevance="0.0" xml:lang="de">
                            <KeywordAnnotation>
                                <Keyword>Zi</Keyword>
                                <Keyword>av</Keyword>
                                <Keyword>gt</Keyword>
                                <Keyword>im</Keyword>
                                <Keyword>nd</Keyword>
                                <Keyword>ni</Keyword>
                                <Keyword>oI</Keyword>
                                <Keyword>wm</Keyword>
                            </KeywordAnnotation>
                        </TextAnnotation>
                        <TextAnnotation confidence="0.0" relevance="0.4" xml:lang="de">
                            <KeywordAnnotation>
                                <Keyword>IMIM</Keyword>
                                <Keyword>ISMG</Keyword>
                            </KeywordAnnotation>
                        </TextAnnotation>
                        <TextAnnotation confidence="0.0" relevance="0.3" xml:lang="de">
                            <KeywordAnnotation>
                                <Keyword>ccnd</Keyword>
                                <Keyword>glv</Keyword>
                                <Keyword>nion</Keyword>
                                <Keyword>s6noachwi1d</Keyword>
                            </KeywordAnnotation>
                        </TextAnnotation>
                        <TextAnnotation confidence="0.0" relevance="0.2" xml:lang="de">
                            <KeywordAnnotation>
                                <Keyword>ch.Th</Keyword>
                                <Keyword>lor</Keyword>
                                <Keyword>tirngs</Keyword>
                            </KeywordAnnotation>
                        </TextAnnotation>
                        <TextAnnotation confidence="0.0" relevance="0.0" xml:lang="de">
                            <KeywordAnnotation>
                                <Keyword>-</Keyword>
                                <Keyword>I</Keyword>
                                <Keyword>M</Keyword>
                                <Keyword>Q</Keyword>
                                <Keyword>c</Keyword>
                                <Keyword>g</Keyword>
                                <Keyword>m</Keyword>
                                <Keyword>n</Keyword>
                                <Keyword>r</Keyword>
                                <Keyword>t</Keyword>
                                <Keyword>v</Keyword>
                                <Keyword>w</Keyword>
                            </KeywordAnnotation>
                        </TextAnnotation>
                    </AudioVisualSegment>
                    <AudioVisualSegment id="track-1.segment-9">
                        <mediaTime>
                            <mediaRelTimePoint>T00:33:16:0F1000</mediaRelTimePoint>
                            <mediaDuration>PT06M06S0N1000F</mediaDuration>
                        </mediaTime>
                        <TextAnnotation confidence="0.5" relevance="0.3" xml:lang="en">
                            <KeywordAnnotation>
                                <Keyword>Mammalia</Keyword>
                                <Keyword>Physics</Keyword>
                                <Keyword>Review</Keyword>
                                <Keyword>and</Keyword>
                            </KeywordAnnotation>
                        </TextAnnotation>
                        <TextAnnotation confidence="0.0" relevance="0.3" xml:lang="en">
                            <KeywordAnnotation>
                                <Keyword>IIR.UI</Keyword>
                                <Keyword>Pnrxcia</Keyword>
                            </KeywordAnnotation>
                        </TextAnnotation>
                        <TextAnnotation confidence="0.0" relevance="0.0" xml:lang="en">
                            <KeywordAnnotation>
                                <Keyword>A</Keyword>
                                <Keyword>E</Keyword>
                                <Keyword>I</Keyword>
                                <Keyword>f</Keyword>
                            </KeywordAnnotation>
                        </TextAnnotation>
                    </AudioVisualSegment>
                    <AudioVisualSegment id="track-1.segment-10">
                        <mediaTime>
                            <mediaRelTimePoint>T00:39:22:0F1000</mediaRelTimePoint>
                            <mediaDuration>PT25S0N1000F</mediaDuration>
                        </mediaTime>
                        <TextAnnotation confidence="0.5" relevance="0.4" xml:lang="de">
                            <KeywordAnnotation>
                                <Keyword>Sur</Keyword>
                                <Keyword>closed</Keyword>
                                <Keyword>eyes</Keyword>
                                <Keyword>mul</Keyword>
                                <Keyword>open</Keyword>
                            </KeywordAnnotation>
                        </TextAnnotation>
                        <TextAnnotation confidence="0.5" relevance="0.3" xml:lang="de">
                            <KeywordAnnotation>
                                <Keyword>eyes</Keyword>
                            </KeywordAnnotation>
                        </TextAnnotation>
                        <TextAnnotation confidence="0.5" relevance="0.0" xml:lang="de">
                            <KeywordAnnotation>
                                <Keyword>QI</Keyword>
                                <Keyword>al</Keyword>
                                <Keyword>iu</Keyword>
                                <Keyword>lM</Keyword>
                            </KeywordAnnotation>
                        </TextAnnotation>
                        <TextAnnotation confidence="0.0" relevance="0.5" xml:lang="de">
                            <KeywordAnnotation>
                                <Keyword>uu-</Keyword>
                            </KeywordAnnotation>
                        </TextAnnotation>
                        <TextAnnotation confidence="0.0" relevance="0.4" xml:lang="de">
                            <KeywordAnnotation>
                                <Keyword>LNMMMtl</Keyword>
                                <Keyword>Vivi</Keyword>
                                <Keyword>awake</Keyword>
                                <Keyword>relaxed</Keyword>
                                <Keyword>wwmMWMMWMWMn</Keyword>
                            </KeywordAnnotation>
                        </TextAnnotation>
                        <TextAnnotation confidence="0.0" relevance="0.3" xml:lang="de">
                            <KeywordAnnotation>
                                <Keyword>awake</Keyword>
                                <Keyword>relaxed</Keyword>
                                <Keyword>seizure</Keyword>
                            </KeywordAnnotation>
                        </TextAnnotation>
                        <TextAnnotation confidence="0.0" relevance="0.0" xml:lang="de">
                            <KeywordAnnotation>
                                <Keyword>M</Keyword>
                                <Keyword>V</Keyword>
                                <Keyword>s</Keyword>
                            </KeywordAnnotation>
                        </TextAnnotation>
                    </AudioVisualSegment>
                    <AudioVisualSegment id="track-1.segment-11">
                        <mediaTime>
                            <mediaRelTimePoint>T00:39:47:0F1000</mediaRelTimePoint>
                            <mediaDuration>PT07M54S0N1000F</mediaDuration>
                        </mediaTime>
                        <TextAnnotation confidence="0.5" relevance="0.4" xml:lang="en">
                            <KeywordAnnotation>
                                <Keyword>Material</Keyword>
                                <Keyword>and</Keyword>
                                <Keyword>birth</Keyword>
                                <Keyword>events</Keyword>
                                <Keyword>financial</Keyword>
                            </KeywordAnnotation>
                        </TextAnnotation>
                        <TextAnnotation confidence="0.5" relevance="0.0" xml:lang="en">
                            <KeywordAnnotation>
                                <Keyword>cr</Keyword>
                                <Keyword>of</Keyword>
                            </KeywordAnnotation>
                        </TextAnnotation>
                        <TextAnnotation confidence="0.0" relevance="0.4" xml:lang="en">
                            <KeywordAnnotation>
                                <Keyword>PNAS</Keyword>
                                <Keyword>Predictability</Keyword>
                                <Keyword>catastrophic</Keyword>
                                <Keyword>earfhquakeg</Keyword>
                                <Keyword>hbuuy</Keyword>
                                <Keyword>hhman</Keyword>
                                <Keyword>ruptpre</Keyword>
                                <Keyword>shes</Keyword>
                                <Keyword>tqfbulence</Keyword>
                            </KeywordAnnotation>
                        </TextAnnotation>
                        <TextAnnotation confidence="0.0" relevance="0.0" xml:lang="en">
                            <KeywordAnnotation>
                                <Keyword>z</Keyword>
                            </KeywordAnnotation>
                        </TextAnnotation>
                    </AudioVisualSegment>
                    <AudioVisualSegment id="track-1.segment-12">
                        <mediaTime>
                            <mediaRelTimePoint>T00:47:41:0F1000</mediaRelTimePoint>
                            <mediaDuration>PT24S0N1000F</mediaDuration>
                        </mediaTime>
                        <TextAnnotation confidence="0.5" relevance="0.0" xml:lang="de">
                            <KeywordAnnotation>
                                <Keyword>II</Keyword>
                                <Keyword>If</Keyword>
                                <Keyword>Mg</Keyword>
                                <Keyword>in</Keyword>
                                <Keyword>ll</Keyword>
                                <Keyword>wu</Keyword>
                            </KeywordAnnotation>
                        </TextAnnotation>
                        <TextAnnotation confidence="0.0" relevance="0.4" xml:lang="de">
                            <KeywordAnnotation>
                                <Keyword>imlxutriul</Keyword>
                                <Keyword>lhv</Keyword>
                                <Keyword>nwsl</Keyword>
                                <Keyword>phuw</Keyword>
                            </KeywordAnnotation>
                        </TextAnnotation>
                        <TextAnnotation confidence="0.0" relevance="0.3" xml:lang="de">
                            <KeywordAnnotation>
                                <Keyword>EYRUI</Keyword>
                                <Keyword>lnr</Keyword>
                                <Keyword>mni</Keyword>
                                <Keyword>nuu</Keyword>
                                <Keyword>prvelmhm</Keyword>
                                <Keyword>rlulnrng</Keyword>
                            </KeywordAnnotation>
                        </TextAnnotation>
                        <TextAnnotation confidence="0.0" relevance="0.0" xml:lang="de">
                            <KeywordAnnotation>
                                <Keyword>-</Keyword>
                                <Keyword>I-</Keyword>
                                <Keyword>UQ</Keyword>
                                <Keyword>Z</Keyword>
                                <Keyword>f</Keyword>
                                <Keyword>i</Keyword>
                                <Keyword>n</Keyword>
                                <Keyword>y</Keyword>
                            </KeywordAnnotation>
                        </TextAnnotation>
                    </AudioVisualSegment>
                    <AudioVisualSegment id="track-1.segment-13">
                        <mediaTime>
                            <mediaRelTimePoint>T00:48:05:0F1000</mediaRelTimePoint>
                            <mediaDuration>PT06M48S0N1000F</mediaDuration>
                        </mediaTime>
                        <TextAnnotation confidence="0.5" relevance="0.4" xml:lang="de">
                            <KeywordAnnotation>
                                <Keyword>China</Keyword>
                                <Keyword>Hang</Keyword>
                                <Keyword>Index</Keyword>
                            </KeywordAnnotation>
                        </TextAnnotation>
                        <TextAnnotation confidence="0.5" relevance="0.0" xml:lang="de">
                            <KeywordAnnotation>
                                <Keyword>EE</Keyword>
                                <Keyword>QM</Keyword>
                            </KeywordAnnotation>
                        </TextAnnotation>
                        <TextAnnotation confidence="0.0" relevance="0.4" xml:lang="de">
                            <KeywordAnnotation>
                                <Keyword>Entreprises</Keyword>
                                <Keyword>HSCEI</Keyword>
                                <Keyword>Seng</Keyword>
                            </KeywordAnnotation>
                        </TextAnnotation>
                        <TextAnnotation confidence="0.0" relevance="0.2" xml:lang="de">
                            <KeywordAnnotation>
                                <Keyword>l00S</Keyword>
                            </KeywordAnnotation>
                        </TextAnnotation>
                        <TextAnnotation confidence="0.0" relevance="0.0" xml:lang="de">
                            <KeywordAnnotation>
                                <Keyword>I</Keyword>
                                <Keyword>l</Keyword>
                                <Keyword>r</Keyword>
                            </KeywordAnnotation>
                        </TextAnnotation>
                    </AudioVisualSegment>
                    <AudioVisualSegment id="track-1.segment-14">
                        <mediaTime>
                            <mediaRelTimePoint>T00:54:53:0F1000</mediaRelTimePoint>
                            <mediaDuration>PT07M36S0N1000F</mediaDuration>
                        </mediaTime>
                        <TextAnnotation confidence="0.5" relevance="0.4" xml:lang="en">
                            <KeywordAnnotation>
                                <Keyword>ISmS</Keyword>
                                <Keyword>biology</Keyword>
                                <Keyword>defense</Keyword>
                                <Keyword>economics</Keyword>
                                <Keyword>prediction</Keyword>
                                <Keyword>question</Keyword>
                                <Keyword>rather</Keyword>
                                <Keyword>rule</Keyword>
                                <Keyword>than</Keyword>
                                <Keyword>the</Keyword>
                                <Keyword>view</Keyword>
                                <Keyword>world</Keyword>
                            </KeywordAnnotation>
                        </TextAnnotation>
                        <TextAnnotation confidence="0.5" relevance="0.3" xml:lang="en">
                            <KeywordAnnotation>
                                <Keyword>are</Keyword>
                                <Keyword>events</Keyword>
                                <Keyword>extreme</Keyword>
                                <Keyword>the</Keyword>
                            </KeywordAnnotation>
                        </TextAnnotation>
                        <TextAnnotation confidence="0.5" relevance="0.0" xml:lang="en">
                            <KeywordAnnotation>
                                <Keyword>II</Keyword>
                                <Keyword>fT</Keyword>
                                <Keyword>of</Keyword>
                            </KeywordAnnotation>
                        </TextAnnotation>
                        <TextAnnotation confidence="0.0" relevance="0.5" xml:lang="en">
                            <KeywordAnnotation>
                                <Keyword>QQJAA</Keyword>
                            </KeywordAnnotation>
                        </TextAnnotation>
                        <TextAnnotation confidence="0.0" relevance="0.4" xml:lang="en">
                            <KeywordAnnotation>
                                <Keyword>Ch8f</Keyword>
                                <Keyword>DGW</Keyword>
                                <Keyword>IpO</Keyword>
                                <Keyword>geosciences</Keyword>
                                <Keyword>ibrium</Keyword>
                                <Keyword>l8I</Keyword>
                                <Keyword>out-0f</Keyword>
                                <Keyword>squi</Keyword>
                                <Keyword>trans-disciplinarity</Keyword>
                            </KeywordAnnotation>
                        </TextAnnotation>
                        <TextAnnotation confidence="0.0" relevance="0.0" xml:lang="en">
                            <KeywordAnnotation>
                                <Keyword>-</Keyword>
                                <Keyword>I</Keyword>
                                <Keyword>L</Keyword>
                                <Keyword>Q</Keyword>
                                <Keyword>T</Keyword>
                                <Keyword>a</Keyword>
                                <Keyword>e</Keyword>
                                <Keyword>n</Keyword>
                                <Keyword>s</Keyword>
                            </KeywordAnnotation>
                        </TextAnnotation>
                    </AudioVisualSegment>
                    <AudioVisualSegment id="track-1.segment-15">
                        <mediaTime>
                            <mediaRelTimePoint>T01:02:29:0F1000</mediaRelTimePoint>
                            <mediaDuration>PT15M25S0N1000F</mediaDuration>
                        </mediaTime>
                        <TextAnnotation confidence="0.5" relevance="0.4" xml:lang="en">
                            <KeywordAnnotation>
                                <Keyword>EXTREMES</Keyword>
                                <Keyword>and</Keyword>
                            </KeywordAnnotation>
                        </TextAnnotation>
                        <TextAnnotation confidence="0.5" relevance="0.2" xml:lang="en">
                            <KeywordAnnotation>
                                <Keyword>Money</Keyword>
                            </KeywordAnnotation>
                        </TextAnnotation>
                        <TextAnnotation confidence="0.5" relevance="0.0" xml:lang="en">
                            <KeywordAnnotation>
                                <Keyword>Mu</Keyword>
                            </KeywordAnnotation>
                        </TextAnnotation>
                        <TextAnnotation confidence="0.0" relevance="0.4" xml:lang="en">
                            <KeywordAnnotation>
                                <Keyword>CRISES</Keyword>
                            </KeywordAnnotation>
                        </TextAnnotation>
                    </AudioVisualSegment>
                    <AudioVisualSegment id="track-1.segment-16">
                        <mediaTime>
                            <mediaRelTimePoint>T01:17:54:0F1000</mediaRelTimePoint>
                            <mediaDuration>PT01S500N1000F</mediaDuration>
                        </mediaTime>
                        <TextAnnotation confidence="0.5" relevance="0.3" xml:lang="de">
                            <KeywordAnnotation>
                                <Keyword>Kommunikation</Keyword>
                            </KeywordAnnotation>
                        </TextAnnotation>
                        <TextAnnotation confidence="0.5" relevance="0.2" xml:lang="de">
                            <KeywordAnnotation>
                                <Keyword>Materials</Keyword>
                            </KeywordAnnotation>
                        </TextAnnotation>
                        <TextAnnotation confidence="0.5" relevance="0.0" xml:lang="de">
                            <KeywordAnnotation>
                                <Keyword>Pr</Keyword>
                                <Keyword>ch</Keyword>
                            </KeywordAnnotation>
                        </TextAnnotation>
                        <TextAnnotation confidence="0.0" relevance="0.4" xml:lang="de">
                            <KeywordAnnotation>
                                <Keyword>Empa</Keyword>
                                <Keyword>Hagynapn</Keyword>
                            </KeywordAnnotation>
                        </TextAnnotation>
                        <TextAnnotation confidence="0.0" relevance="0.3" xml:lang="de">
                            <KeywordAnnotation>
                                <Keyword>EMPA</Keyword>
                                <Keyword>Empa</Keyword>
                                <Keyword>MiQ1ae</Keyword>
                                <Keyword>empa</Keyword>
                                <Keyword>empatv</Keyword>
                                <Keyword>ww.emp</Keyword>
                            </KeywordAnnotation>
                        </TextAnnotation>
                        <TextAnnotation confidence="0.0" relevance="0.2" xml:lang="de">
                            <KeywordAnnotation>
                                <Keyword>Sdence</Keyword>
                                <Keyword>Tedmology</Keyword>
                            </KeywordAnnotation>
                        </TextAnnotation>
                        <TextAnnotation confidence="0.0" relevance="0.0" xml:lang="de">
                            <KeywordAnnotation>
                                <Keyword>A</Keyword>
                                <Keyword>v</Keyword>
                            </KeywordAnnotation>
                        </TextAnnotation>
                    </AudioVisualSegment>
                </TemporalDecomposition>
            </AudioVisual>
        </MultimediaContent>
    </Description>
</Mpeg7>
