<?xml version="1.0" encoding="UTF-8"?>
<mediapackage>
	<media>
		<track id="track-1" type="presentation/engage">
			<url>tracks/movie.flv</url>
			<mimetype>video/x-flv</mimetype>
			<checksum type="md5">7b3c7e8cc2cba2f5b7af4fd4224f3005</checksum>
			<tags>
				<tag>engage</tag>
			</tags>
		</track>
	</media>
	<metadata>
		<catalog id="catalog-2" type="metadata/dublincore">
			<mimetype>text/xml</mimetype>
			<checksum type="md5">5d56df5ae474d6fbb4c46d66059e1de8</checksum>
			<url>metadata/dublincore-e-brassard.xml</url>
		</catalog>
		<catalog id="catalog-1" ref="series:PHYS-0001-00X" type="metadata/dublincore">
			<mimetype>text/xml</mimetype>
			<checksum type="md5">d32d4a7a4d381f878ae22d60121de2ea</checksum>
			<url>metadata/dublincore5685421320474000369.xml</url>
		</catalog>
		<catalog id="catalog-3" type="segments/slides">
			<mimetype>text/xml</mimetype>
			<checksum type="md5">d41d8cd98f00b204e9800998ecf8427e</checksum>
			<url>metadata/mpeg-78988054906506985034.xml</url>
		</catalog>
	</metadata>
</mediapackage>
