<?xml version="1.0" encoding="UTF-8"?>
<metadata xmlns="http://www.opencastproject.org/xsd/1.0/dublincore/" xmlns:dcterms="http://purl.org/dc/terms/" xmlns:xsi="http://www.w3.org/2001/XMLSchema-instance">
    <dcterms:creator>Laurent Stadler</dcterms:creator>
    <dcterms:contributor>Department of Architecture</dcterms:contributor>
    <dcterms:type>Event/Presentation</dcterms:type>
    <dcterms:created xsi:type="dcterms:W3CDTF">2007-10-23</dcterms:created>
    <dcterms:temporal xsi:type="dcterms:Period">start=2007-10-23; scheme=W3C-DTF;</dcterms:temporal>
    <dcterms:description xml:lang="en"/>
    <dcterms:language>eng</dcterms:language>
    <dcterms:publisher>ETH Zurich, ITS-MMS; Zurich, Switzerland</dcterms:publisher>
    <dcterms:identifier>ARCH-0002-00X</dcterms:identifier>
    <dcterms:title xml:lang="en">Assistenzprofessur für Architekturtheorie</dcterms:title>
</metadata>
