<?xml version="1.0" encoding="UTF-8"?>
<mediapackage duration="6392000" id="10.3930/ETHZ/AV-438ef817-040e-4d47-957b-d7a611c8a044">
<media>
<track id="track-1" type="engage/presenter">
    <url>http://downloads.opencastproject.org/media/car.flv</url>
    <mimetype>video/x-flv</mimetype>
    <checksum type="md5">7b3c7e8cc2cba2f5b7af4fd4224f3005</checksum>
</track>
<mimetype>video/msvideo</mimetype>
<checksum type="md5">0331d3ea314e222bf88edd95711305c9</checksum>
<url>tracks/camera.avi</url>
<Duration>6392000</Duration>
<Audio id="stream-2">
<Encoder type="MPEG Audio"/>
<Channels>2</Channels>
<BitDepth>16</BitDepth>
<BitRate>128000.0</BitRate>
</Audio>
<Video id="stream-1">
<Encoder type="MPEG-4 Visual"/>
<Size>768x576</Size>
<ScanType type="Progressive"/>
<BitRate>3300564.0</BitRate>
<FrameRate>25.0</FrameRate>
</Video>
<mimetype>video/msvideo</mimetype>
<checksum type="md5">d7795b66952b5ff2b2fb7b712b5d1cb0</checksum>
<url>tracks/grabber.avi</url>
<Duration>6392000</Duration>
<Audio id="stream-2">
<Encoder type="MPEG Audio"/>
<Channels>2</Channels>
<BitDepth>16</BitDepth>
<BitRate>128000.0</BitRate>
</Audio>
<Video id="stream-1">
<Encoder type="MPEG-4 Visual"/>
<Size>1024x768</Size>
<ScanType type="Progressive"/>
<BitRate>380458.0</BitRate>
<FrameRate>5.0</FrameRate>
</Video>
</media>
<metadata>
<catalog id="catalog-2" ref="series:401-4781-59L" type="metadata/dublincore">
<mimetype>text/xml</mimetype>
<checksum type="md5">7f6a01e11ae1b60f9bdaf154a7f5c9c1</checksum>
<url>metadata/dublincore2020216730616073721.xml</url>
</catalog>
<catalog id="catalog-1" type="metadata/dublincore">
<mimetype>text/xml</mimetype>
<checksum type="md5">b74d59d460c3c07dbe5b3fe138d73238</checksum>
<url>metadata/dublincore934227643696989517.xml</url>
</catalog>
<catalog id="catalog-3" type="metadata/mpeg-7">
<mimetype>text/xml</mimetype>
<checksum type="md5">d41d8cd98f00b204e9800998ecf8427e</checksum>
<url>metadata/mpeg-77198507840062739613.xml</url>
</catalog>
</metadata>
<attachments>
    <attachment id="attachment-1" type="engage/cover">
        <url>http://downloads.opencastproject.org/media/engage-cover.jpg</url>
        <mimetype>image/jpeg</mimetype>
    </attachment>
    <attachment id="attachment-2" type="feed/cover">
        <url>http://downloads.opencastproject.org/media/feed-cover.jpg</url>
        <mimetype>image/jpeg</mimetype>
    </attachment>
</attachments>
</mediapackage>
