<?xml version="1.0" encoding="UTF-8"?>
<metadata xmlns="http://www.opencastproject.org/xsd/1.0/dublincore/" xmlns:dcterms="http://purl.org/dc/terms/" xmlns:xsi="http://www.w3.org/2001/XMLSchema-instance">
    <dcterms:creator>Meyer, Michael</dcterms:creator>
    <dcterms:contributor>Institute for Astronomy, Departement of Physics</dcterms:contributor>
    <dcterms:extent xsi:type="dcterms:ISO8601">PT53M27.920S</dcterms:extent>
    <dcterms:isPartOf>BIB-0001-00V</dcterms:isPartOf>
    <dcterms:license xml:lang="de">http://www.multimedia.ethz.ch/docs/haftungsausschluss/index</dcterms:license>
    <dcterms:license xml:lang="en">http://www.multimedia.ethz.ch/docs/disclaimer/index</dcterms:license>
    <dcterms:created xsi:type="dcterms:W3CDTF">2009-09-21</dcterms:created>
    <dcterms:abstract>Einfuehrungsvorlesung</dcterms:abstract>
    <dcterms:language>eng</dcterms:language>
    <dcterms:rightsHolder xml:lang="de">ETH Zürich, Schweiz</dcterms:rightsHolder>
    <dcterms:rightsHolder xml:lang="en">ETH Zurich, Switzerland</dcterms:rightsHolder>
    <dcterms:publisher xml:lang="de">ETH Zürich, ID-MMS; Schweiz</dcterms:publisher>
    <dcterms:publisher xml:lang="en">ETH Zurich, ITS-MMS; Switzerland</dcterms:publisher>
    <dcterms:identifier>10.3930/ETHZ/AV-1636acb3-ae00-4e94-8237-555a836d8086</dcterms:identifier>
    <dcterms:title>Formation and Evolution of Planetary Systems: The Making of an Epicurean Feast</dcterms:title>
</metadata>
