<?xml version="1.0" encoding="UTF-8"?>
<metadata xmlns="http://www.opencastproject.org/xsd/1.0/dublincore/" xmlns:dcterms="http://purl.org/dc/terms/" xmlns:xsi="http://www.w3.org/2001/XMLSchema-instance">
    <dcterms:contributor>ETH Zuerich</dcterms:contributor>
    <dcterms:type>Event/Lecture</dcterms:type>
    <dcterms:extent xsi:type="dcterms:ISO8601">PT53M27.920S</dcterms:extent>
    <dcterms:license xml:lang="de">http://www.multimedia.ethz.ch/docs/haftungsausschluss/index</dcterms:license>
    <dcterms:license xml:lang="en">http://www.multimedia.ethz.ch/docs/disclaimer/index</dcterms:license>
    <dcterms:created xsi:type="dcterms:W3CDTF">2006-04-11</dcterms:created>
    <dcterms:temporal xsi:type="dcterms:Period">start=2006-04-11; scheme=W3C-DTF;</dcterms:temporal>
    <dcterms:description xml:lang="de">Videoaufzeichnungen der Einführungs- und Abschiedsvorlesungen an der ETH Zürich / Recordings of introductory and farewell lectures at ETH Zurich&#13;
&lt;p&gt;&#13;
Weitere Videoaufzeichnungen von Einführungs- und Abschiedsvorlesungen sind in &lt;a href="http://www.nebis.ch"&gt;NEBIS&lt;/a&gt; erschlossen und im &lt;a href="http://www.ethbib.ethz.ch/bildarchiv/index.html"&gt;Bildarchiv&lt;/a&gt; vor Ort zugänglich. &lt;/p&gt;</dcterms:description>
    <dcterms:language>deu</dcterms:language>
    <dcterms:rightsHolder xml:lang="de">ETH Zürich, Schweiz</dcterms:rightsHolder>
    <dcterms:rightsHolder xml:lang="en">ETH Zurich, Switzerland</dcterms:rightsHolder>
    <dcterms:publisher xml:lang="de">ETH Zürich, ID-MMS; Schweiz</dcterms:publisher>
    <dcterms:publisher xml:lang="en">ETH Zurich, ITS-MMS; Switzerland</dcterms:publisher>
    
    <dcterms:identifier>BIB-0001-00V</dcterms:identifier>
    <dcterms:title xml:lang="de">Einführungs- und Abschiedsvorlesungen</dcterms:title>
</metadata>
