<?xml version="1.0" encoding="UTF-8"?>
<metadata xmlns="http://www.opencastproject.org/xsd/1.0/dublincore/"
	xmlns:dcterms="http://purl.org/dc/terms/" xmlns:xsi="http://www.w3.org/2001/XMLSchema-instance">
	<dcterms:creator>Klaus Stephan</dcterms:creator>
	<dcterms:contributor xml:lang="en">IT Services</dcterms:contributor>
	<dcterms:type>MovingImage/Talk</dcterms:type>
	<dcterms:extent xsi:type="dcterms:ISO8601">PT41M36S</dcterms:extent>
	<dcterms:license xml:lang="de">http://www.multimedia.ethz.ch/docs/haftungsausschluss/index</dcterms:license>
	<dcterms:license xml:lang="en">http://www.multimedia.ethz.ch/docs/disclaimer/index</dcterms:license>
	<dcterms:description xml:lang="en">Presentation of the
		new ETH Microsoft Word Templates for Office 2007 with hints about
		their deployment and usage by members of the Central Bodies of ETH</dcterms:description>
	<dcterms:description>Präsentation der neuen Microsoft Word Vorlagen für
		Office 2007 der ETH Zürich, mit Hinweisen über deren Verteilung und
		Nutzung an den Arbeitsplätzen der Zentralen Organe der ETH</dcterms:description>
	<dcterms:language>deu</dcterms:language>
	<dcterms:rightsHolder xml:lang="de">ETH Zürich, Schweiz</dcterms:rightsHolder>
	<dcterms:rightsHolder xml:lang="en">ETH Zurich,
		Switzerland</dcterms:rightsHolder>
	<dcterms:publisher xml:lang="de">ETH Zürich, ID-MMS;
		Schweiz</dcterms:publisher>
	<dcterms:publisher xml:lang="en">ETH Zurich, ITS-MMS;
		Switzerland</dcterms:publisher>
	<dcterms:spatial>HG E1.2</dcterms:spatial>
	<dcterms:identifier>f502e199-7887-4037-bff6-f43f27473d71</dcterms:identifier>
	<dcterms:title xml:lang="en">Presentation of the new ETH
		Microsoft Word Templates for Office 2007</dcterms:title>
	<dcterms:title>Präsentation der neuen Microsoft Word Vorlagen für
		Office 2007 der ETH Zürich</dcterms:title>
</metadata>
