<?xml version="1.0" encoding="UTF-8"?>
<metadata xmlns="http://www.opencastproject.org/xsd/1.0/dublincore/" xmlns:dcterms="http://purl.org/dc/terms/" xmlns:xsi="http://www.w3.org/2001/XMLSchema-instance">
    <dcterms:creator>Bendali, Abderrahmane</dcterms:creator>
    <dcterms:contributor>Department of Mathematics</dcterms:contributor>
    <dcterms:type>Moving Image/Lecture Recording</dcterms:type>
    <dcterms:extent xsi:type="dcterms:ISO8601">PT1H37M35S</dcterms:extent>
    <dcterms:isPartOf>401-4781-59L-2009W</dcterms:isPartOf>
    <dcterms:license>http://www.multimedia.ethz.ch/docs/disclaimer/index</dcterms:license>
    <dcterms:created xsi:type="dcterms:W3CDTF">2009-10-09</dcterms:created>
    <dcterms:abstract xml:lang="de">his course presents techniques and algorithms based on either regular or singular asymptotic expansions to efficiently solve some wave propagation problems which are difficult (maybe impossible) to tackle by means of a direct numerical simulation. The focus is on wave propagation problems in singular geometries like thin layers and slits.</dcterms:abstract>
    <dcterms:subject xml:lang="de">Mathematics</dcterms:subject>
    <dcterms:language>eng</dcterms:language>
    <dcterms:rightsHolder>ETH Zurich, Zurich, Switzerland</dcterms:rightsHolder>
    <dcterms:publisher>ETH Zurich, ITS-MMS</dcterms:publisher>
    
    <dcterms:identifier>10.3930/ETHZ/AV-588095d4-37b1-4db9-b45e-4c5d45142a3a</dcterms:identifier>
    <dcterms:title xml:lang="de">Asymptotic Methods for Wave Propagation Problems</dcterms:title>
</metadata>
