<?xml version="1.0" encoding="UTF-8"?>
<metadata xmlns="http://www.opencastproject.org/xsd/1.0/dublincore/"
	xmlns:dcterms="http://purl.org/dc/terms/" xmlns:xsi="http://www.w3.org/2001/XMLSchema-instance">
	<dcterms:contributor>Department of Physics</dcterms:contributor>
	<dcterms:type>Event/Presentation</dcterms:type>
	<dcterms:license xml:lang="de">http://www.multimedia.ethz.ch/docs/haftungsausschluss/index</dcterms:license>
	<dcterms:license xml:lang="en">http://www.multimedia.ethz.ch/docs/disclaimer/index</dcterms:license>
	<dcterms:created xsi:type="dcterms:W3CDTF">2007-09-25</dcterms:created>
	<dcterms:temporal xsi:type="dcterms:Period">start=2007-09-25;
		scheme=W3C-DTF;</dcterms:temporal>
	<dcterms:description xml:lang="en">The Zurich Physics
		Colloquium is jointly organized by the University of Zurich and the
		ETH Zurich. Its mission is to bring both students and faculty with
		diverse interests (astrophysics, condensed matter physics, high energy
		physics, quantum electronics/optics) into contact with newest
		scientific developments in natural sciences, predominantly physics but
		also biology, chemistry, and topics from environmental sciences.
		Leading experts explain the basic questions in their field of research
		and communicate the fascination for their work.</dcterms:description>
	<dcterms:language>eng</dcterms:language>
	<dcterms:rightsHolder xml:lang="de">ETH Zürich, Schweiz</dcterms:rightsHolder>
	<dcterms:rightsHolder xml:lang="en">ETH Zurich,
		Switzerland</dcterms:rightsHolder>
	<dcterms:publisher xml:lang="de">ETH Zürich, ID-MMS;
		Schweiz</dcterms:publisher>
	<dcterms:publisher xml:lang="en">ETH Zurich, ITS-MMS;
		Switzerland</dcterms:publisher>

	<dcterms:identifier>PHYS-0001-00X</dcterms:identifier>
	<dcterms:title xml:lang="en">The Zurich Physics Colloquium</dcterms:title>
</metadata>
