<?xml version="1.0" encoding="UTF-8"?>
<Mpeg7 xmlns="urn:mpeg:mpeg7:schema:2001" xmlns:mpeg7="urn:mpeg7:schema:2001"
	xmlns:xsi="http://www.w3.org/2001/XMLSchema-instance/">
	<Description xsi:type="ContentEntityType">
		<MultimediaContent xsi:type="AudioVisualType">
			<AudioVisual id="track-1">
				<MediaLocator>
					<MediaUri>file:tracks/20090923_Delbruck.mov</MediaUri>
				</MediaLocator>
				<MediaTime>
					<MediaTimePoint>T00:00:00:0F1</MediaTimePoint>
					<MediaDuration>PT01H03M41S764N1000F</MediaDuration>
				</MediaTime>
				<TemporalDecomposition criteria="temporal"
					gap="false" overlap="false">
					<AudioVisualSegment id="track-1.segment-1">
						<MediaTime>
							<MediaRelTimePoint>T00:00:00:0F1000</MediaRelTimePoint>
							<MediaDuration>PT22S0N1000F</MediaDuration>
						</MediaTime>
						<TextAnnotation confidence="0.5" relevance="0.4"
							xml:lang="en">
							<KeywordAnnotation>
								<Keyword>Silicon</Keyword>
							</KeywordAnnotation>
						</TextAnnotation>
						<TextAnnotation confidence="0.5" relevance="0.0"
							xml:lang="en">
							<KeywordAnnotation>
								<Keyword>of</Keyword>
							</KeywordAnnotation>
						</TextAnnotation>
						<TextAnnotation confidence="0.0" relevance="0.4"
							xml:lang="en">
							<KeywordAnnotation>
								<Keyword>Delbruck</Keyword>
								<Keyword>Tobi</Keyword>
								<Keyword>retina-tetina-tetina</Keyword>
							</KeywordAnnotation>
						</TextAnnotation>
						<TextAnnotation confidence="0.0" relevance="0.3"
							xml:lang="en">
							<KeywordAnnotation>
								<Keyword>-ETH</Keyword>
								<Keyword>Inst</Keyword>
								<Keyword>Neurcinformatics</Keyword>
								<Keyword>UZI-</Keyword>
								<Keyword>Zurich</Keyword>
								<Keyword>ini</Keyword>
								<Keyword>siliconretinaini</Keyword>
								<Keyword>t0bi</Keyword>
								<Keyword>uzh.ch</Keyword>
							</KeywordAnnotation>
						</TextAnnotation>
					</AudioVisualSegment>
					<AudioVisualSegment id="track-1.segment-2">
						<MediaTime>
							<MediaRelTimePoint>T00:00:22:0F1000</MediaRelTimePoint>
							<MediaDuration>PT22S0N1000F</MediaDuration>
						</MediaTime>
						<TextAnnotation confidence="0.5" relevance="0.4"
							xml:lang="en">
							<KeywordAnnotation>
								<Keyword>Silicon</Keyword>
							</KeywordAnnotation>
						</TextAnnotation>
						<TextAnnotation confidence="0.5" relevance="0.0"
							xml:lang="en">
							<KeywordAnnotation>
								<Keyword>of</Keyword>
							</KeywordAnnotation>
						</TextAnnotation>
						<TextAnnotation confidence="0.0" relevance="0.4"
							xml:lang="en">
							<KeywordAnnotation>
								<Keyword>Delbwuck</Keyword>
								<Keyword>Tobi</Keyword>
								<Keyword>retina-tetina-tetina</Keyword>
							</KeywordAnnotation>
						</TextAnnotation>
						<TextAnnotation confidence="0.0" relevance="0.3"
							xml:lang="en">
							<KeywordAnnotation>
								<Keyword>Inst</Keyword>
								<Keyword>Neuroinformatics</Keyword>
								<Keyword>UZH-ETH</Keyword>
								<Keyword>Zurich</Keyword>
								<Keyword>ini</Keyword>
								<Keyword>ini.uzh.ch</Keyword>
								<Keyword>siliconretina</Keyword>
								<Keyword>tobi</Keyword>
								<Keyword>uzh.ch</Keyword>
							</KeywordAnnotation>
						</TextAnnotation>
					</AudioVisualSegment>
					<AudioVisualSegment id="track-1.segment-3">
						<MediaTime>
							<MediaRelTimePoint>T00:00:44:0F1000</MediaRelTimePoint>
							<MediaDuration>PT18S0N1000F</MediaDuration>
						</MediaTime>
						<TextAnnotation confidence="0.5" relevance="0.4"
							xml:lang="en">
							<KeywordAnnotation>
								<Keyword>Silicon</Keyword>
							</KeywordAnnotation>
						</TextAnnotation>
						<TextAnnotation confidence="0.5" relevance="0.0"
							xml:lang="en">
							<KeywordAnnotation>
								<Keyword>of</Keyword>
							</KeywordAnnotation>
						</TextAnnotation>
						<TextAnnotation confidence="0.0" relevance="0.4"
							xml:lang="en">
							<KeywordAnnotation>
								<Keyword>Delbruck</Keyword>
								<Keyword>Tobi</Keyword>
								<Keyword>retina-tetina-tetina</Keyword>
							</KeywordAnnotation>
						</TextAnnotation>
						<TextAnnotation confidence="0.0" relevance="0.3"
							xml:lang="en">
							<KeywordAnnotation>
								<Keyword>Inst</Keyword>
								<Keyword>Neurcinformatics</Keyword>
								<Keyword>UZH-ETH</Keyword>
								<Keyword>Zurich</Keyword>
								<Keyword>ini</Keyword>
								<Keyword>siliconretina</Keyword>
								<Keyword>tobi</Keyword>
								<Keyword>uzh.ch</Keyword>
							</KeywordAnnotation>
						</TextAnnotation>
					</AudioVisualSegment>
					<AudioVisualSegment id="track-1.segment-4">
						<MediaTime>
							<MediaRelTimePoint>T00:01:02:0F1000</MediaRelTimePoint>
							<MediaDuration>PT25S0N1000F</MediaDuration>
						</MediaTime>
						<TextAnnotation confidence="0.5" relevance="0.5"
							xml:lang="en">
							<KeywordAnnotation>
								<Keyword>Computation</Keyword>
								<Keyword>Course</Keyword>
							</KeywordAnnotation>
						</TextAnnotation>
						<TextAnnotation confidence="0.5" relevance="0.4"
							xml:lang="en">
							<KeywordAnnotation>
								<Keyword>Caltech</Keyword>
								<Keyword>Physics</Keyword>
							</KeywordAnnotation>
						</TextAnnotation>
						<TextAnnotation confidence="0.5" relevance="0.3"
							xml:lang="en">
							<KeywordAnnotation>
								<Keyword>Dick</Keyword>
								<Keyword>Feynman</Keyword>
								<Keyword>Mead</Keyword>
							</KeywordAnnotation>
						</TextAnnotation>
						<TextAnnotation confidence="0.5" relevance="0.0"
							xml:lang="en">
							<KeywordAnnotation>
								<Keyword>mn</Keyword>
								<Keyword>of</Keyword>
							</KeywordAnnotation>
						</TextAnnotation>
						<TextAnnotation confidence="0.0" relevance="0.3"
							xml:lang="en">
							<KeywordAnnotation>
								<Keyword>Carver</Keyword>
							</KeywordAnnotation>
						</TextAnnotation>
						<TextAnnotation confidence="0.0" relevance="0.0"
							xml:lang="en">
							<KeywordAnnotation>
								<Keyword>B</Keyword>
								<Keyword>J</Keyword>
								<Keyword>L</Keyword>
							</KeywordAnnotation>
						</TextAnnotation>
					</AudioVisualSegment>
					<AudioVisualSegment id="track-1.segment-5">
						<MediaTime>
							<MediaRelTimePoint>T00:01:27:0F1000</MediaRelTimePoint>
							<MediaDuration>PT01M49S0N1000F</MediaDuration>
						</MediaTime>
						<TextAnnotation confidence="0.5" relevance="0.0"
							xml:lang="de">
							<KeywordAnnotation>
								<Keyword>Il</Keyword>
								<Keyword>if</Keyword>
								<Keyword>vw</Keyword>
								<Keyword>xl</Keyword>
							</KeywordAnnotation>
						</TextAnnotation>
						<TextAnnotation confidence="0.0" relevance="0.0"
							xml:lang="de">
							<KeywordAnnotation>
								<Keyword>--</Keyword>
								<Keyword>A</Keyword>
								<Keyword>U</Keyword>
								<Keyword>X</Keyword>
								<Keyword>a</Keyword>
								<Keyword>q</Keyword>
							</KeywordAnnotation>
						</TextAnnotation>
					</AudioVisualSegment>
					<AudioVisualSegment id="track-1.segment-6">
						<MediaTime>
							<MediaRelTimePoint>T00:03:16:0F1000</MediaRelTimePoint>
							<MediaDuration>PT01M01S0N1000F</MediaDuration>
						</MediaTime>
						<TextAnnotation confidence="0.5" relevance="0.5"
							xml:lang="en">
							<KeywordAnnotation>
								<Keyword>Why</Keyword>
								<Keyword>about</Keyword>
								<Keyword>computers</Keyword>
								<Keyword>magic</Keyword>
								<Keyword>not</Keyword>
								<Keyword>physics</Keyword>
								<Keyword>same</Keyword>
								<Keyword>sums</Keyword>
								<Keyword>than</Keyword>
								<Keyword>the</Keyword>
							</KeywordAnnotation>
						</TextAnnotation>
						<TextAnnotation confidence="0.5" relevance="0.4"
							xml:lang="en">
							<KeywordAnnotation>
								<Keyword>Computer</Keyword>
								<Keyword>Cost</Keyword>
								<Keyword>about</Keyword>
								<Keyword>are</Keyword>
								<Keyword>engineering</Keyword>
								<Keyword>least</Keyword>
								<Keyword>level</Keyword>
								<Keyword>million</Keyword>
								<Keyword>more</Keyword>
								<Keyword>synapse</Keyword>
								<Keyword>the</Keyword>
							</KeywordAnnotation>
						</TextAnnotation>
						<TextAnnotation confidence="0.5" relevance="0.3"
							xml:lang="en">
							<KeywordAnnotation>
								<Keyword>Ions</Keyword>
								<Keyword>Mobility</Keyword>
								<Keyword>about</Keyword>
								<Keyword>electrons</Keyword>
								<Keyword>that</Keyword>
							</KeywordAnnotation>
						</TextAnnotation>
						<TextAnnotation confidence="0.5" relevance="0.0"
							xml:lang="en">
							<KeywordAnnotation>
								<Keyword>At</Keyword>
								<Keyword>In</Keyword>
								<Keyword>Is</Keyword>
								<Keyword>It</Keyword>
								<Keyword>at</Keyword>
								<Keyword>is</Keyword>
								<Keyword>of</Keyword>
								<Keyword>on</Keyword>
								<Keyword>or</Keyword>
								<Keyword>vs</Keyword>
							</KeywordAnnotation>
						</TextAnnotation>
						<TextAnnotation confidence="0.0" relevance="0.5"
							xml:lang="en">
							<KeywordAnnotation>
								<Keyword>nfhcisnt</Keyword>
							</KeywordAnnotation>
						</TextAnnotation>
						<TextAnnotation confidence="0.0" relevance="0.4"
							xml:lang="en">
							<KeywordAnnotation>
								<Keyword>Bwrain</Keyword>
								<Keyword>Wha</Keyword>
								<Keyword>actlvatlng</Keyword>
								<Keyword>bralns</Keyword>
								<Keyword>llmes</Keyword>
								<Keyword>neuromorphic</Keyword>
								<Keyword>olomsntay</Keyword>
								<Keyword>oporralion</Keyword>
								<Keyword>powerr</Keyword>
								<Keyword>systgm</Keyword>
								<Keyword>translsdor</Keyword>
								<Keyword>tummg</Keyword>
							</KeywordAnnotation>
						</TextAnnotation>
						<TextAnnotation confidence="0.0" relevance="0.3"
							xml:lang="en">
							<KeywordAnnotation>
								<Keyword>slllcon</Keyword>
								<Keyword>solutlcn</Keyword>
								<Keyword>tlmes</Keyword>
							</KeywordAnnotation>
						</TextAnnotation>
						<TextAnnotation confidence="0.0" relevance="0.0"
							xml:lang="en">
							<KeywordAnnotation>
								<Keyword>I</Keyword>
								<Keyword>Q</Keyword>
								<Keyword>X</Keyword>
								<Keyword>s</Keyword>
							</KeywordAnnotation>
						</TextAnnotation>
					</AudioVisualSegment>
					<AudioVisualSegment id="track-1.segment-7">
						<MediaTime>
							<MediaRelTimePoint>T00:04:17:0F1000</MediaRelTimePoint>
							<MediaDuration>PT01M45S0N1000F</MediaDuration>
						</MediaTime>
						<TextAnnotation confidence="0.5" relevance="0.5"
							xml:lang="en">
							<KeywordAnnotation>
								<Keyword>about</Keyword>
								<Keyword>magic</Keyword>
								<Keyword>same</Keyword>
								<Keyword>sums</Keyword>
							</KeywordAnnotation>
						</TextAnnotation>
						<TextAnnotation confidence="0.5" relevance="0.4"
							xml:lang="en">
							<KeywordAnnotation>
								<Keyword>Computer</Keyword>
								<Keyword>Cost</Keyword>
								<Keyword>Why</Keyword>
								<Keyword>about</Keyword>
								<Keyword>are</Keyword>
								<Keyword>computers</Keyword>
								<Keyword>east</Keyword>
								<Keyword>efficient</Keyword>
								<Keyword>elementary</Keyword>
								<Keyword>engineering</Keyword>
								<Keyword>level</Keyword>
								<Keyword>more</Keyword>
								<Keyword>synapse</Keyword>
								<Keyword>system</Keyword>
								<Keyword>than</Keyword>
								<Keyword>the</Keyword>
							</KeywordAnnotation>
						</TextAnnotation>
						<TextAnnotation confidence="0.5" relevance="0.3"
							xml:lang="en">
							<KeywordAnnotation>
								<Keyword>Ions</Keyword>
								<Keyword>Mobility</Keyword>
								<Keyword>electrons</Keyword>
								<Keyword>solution</Keyword>
								<Keyword>that</Keyword>
								<Keyword>times</Keyword>
							</KeywordAnnotation>
						</TextAnnotation>
						<TextAnnotation confidence="0.5" relevance="0.0"
							xml:lang="en">
							<KeywordAnnotation>
								<Keyword>At</Keyword>
								<Keyword>In</Keyword>
								<Keyword>Is</Keyword>
								<Keyword>It</Keyword>
								<Keyword>at</Keyword>
								<Keyword>in</Keyword>
								<Keyword>is</Keyword>
								<Keyword>nm</Keyword>
								<Keyword>of</Keyword>
								<Keyword>on</Keyword>
								<Keyword>or</Keyword>
								<Keyword>vs</Keyword>
							</KeywordAnnotation>
						</TextAnnotation>
						<TextAnnotation confidence="0.0" relevance="0.5"
							xml:lang="en">
							<KeywordAnnotation>
								<Keyword>physfcs</Keyword>
							</KeywordAnnotation>
						</TextAnnotation>
						<TextAnnotation confidence="0.0" relevance="0.4"
							xml:lang="en">
							<KeywordAnnotation>
								<Keyword>Bwain</Keyword>
								<Keyword>Wha</Keyword>
								<Keyword>actlvatlng</Keyword>
								<Keyword>brains</Keyword>
								<Keyword>cpscathon</Keyword>
								<Keyword>llmes</Keyword>
								<Keyword>mllllon</Keyword>
								<Keyword>neurcmcrphic</Keyword>
								<Keyword>pcwerr</Keyword>
								<Keyword>translsior</Keyword>
								<Keyword>twmlng</Keyword>
							</KeywordAnnotation>
						</TextAnnotation>
						<TextAnnotation confidence="0.0" relevance="0.3"
							xml:lang="en">
							<KeywordAnnotation>
								<Keyword>abou</Keyword>
								<Keyword>slllcon</Keyword>
							</KeywordAnnotation>
						</TextAnnotation>
						<TextAnnotation confidence="0.0" relevance="0.0"
							xml:lang="en">
							<KeywordAnnotation>
								<Keyword>I</Keyword>
								<Keyword>K</Keyword>
								<Keyword>s</Keyword>
							</KeywordAnnotation>
						</TextAnnotation>
					</AudioVisualSegment>
					<AudioVisualSegment id="track-1.segment-8">
						<MediaTime>
							<MediaRelTimePoint>T00:06:02:0F1000</MediaRelTimePoint>
							<MediaDuration>PT33S0N1000F</MediaDuration>
						</MediaTime>
						<TextAnnotation confidence="0.5" relevance="0.5"
							xml:lang="en">
							<KeywordAnnotation>
								<Keyword>about</Keyword>
								<Keyword>magic</Keyword>
								<Keyword>not</Keyword>
								<Keyword>same</Keyword>
								<Keyword>sums</Keyword>
							</KeywordAnnotation>
						</TextAnnotation>
						<TextAnnotation confidence="0.5" relevance="0.4"
							xml:lang="en">
							<KeywordAnnotation>
								<Keyword>Computer</Keyword>
								<Keyword>Cost</Keyword>
								<Keyword>Why</Keyword>
								<Keyword>about</Keyword>
								<Keyword>are</Keyword>
								<Keyword>computers</Keyword>
								<Keyword>elementary</Keyword>
								<Keyword>engineering</Keyword>
								<Keyword>level</Keyword>
								<Keyword>more</Keyword>
								<Keyword>system</Keyword>
								<Keyword>than</Keyword>
								<Keyword>the</Keyword>
							</KeywordAnnotation>
						</TextAnnotation>
						<TextAnnotation confidence="0.5" relevance="0.3"
							xml:lang="en">
							<KeywordAnnotation>
								<Keyword>Ions</Keyword>
								<Keyword>about</Keyword>
								<Keyword>electrons</Keyword>
								<Keyword>solution</Keyword>
								<Keyword>that</Keyword>
							</KeywordAnnotation>
						</TextAnnotation>
						<TextAnnotation confidence="0.5" relevance="0.0"
							xml:lang="en">
							<KeywordAnnotation>
								<Keyword>At</Keyword>
								<Keyword>In</Keyword>
								<Keyword>Is</Keyword>
								<Keyword>It</Keyword>
								<Keyword>at</Keyword>
								<Keyword>is</Keyword>
								<Keyword>of</Keyword>
								<Keyword>on</Keyword>
								<Keyword>or</Keyword>
								<Keyword>vs</Keyword>
							</KeywordAnnotation>
						</TextAnnotation>
						<TextAnnotation confidence="0.0" relevance="0.5"
							xml:lang="en">
							<KeywordAnnotation>
								<Keyword>physftcs</Keyword>
							</KeywordAnnotation>
						</TextAnnotation>
						<TextAnnotation confidence="0.0" relevance="0.4"
							xml:lang="en">
							<KeywordAnnotation>
								<Keyword>Brrain</Keyword>
								<Keyword>Ieast</Keyword>
								<Keyword>Wha</Keyword>
								<Keyword>activating</Keyword>
								<Keyword>afflciant</Keyword>
								<Keyword>bralns</Keyword>
								<Keyword>mllllon</Keyword>
								<Keyword>neuromorphic</Keyword>
								<Keyword>oponaliion</Keyword>
								<Keyword>powerr</Keyword>
								<Keyword>synmsa</Keyword>
								<Keyword>tlmes</Keyword>
								<Keyword>translsdor</Keyword>
								<Keyword>twrnlng</Keyword>
							</KeywordAnnotation>
						</TextAnnotation>
						<TextAnnotation confidence="0.0" relevance="0.3"
							xml:lang="en">
							<KeywordAnnotation>
								<Keyword>Mcblllty</Keyword>
								<Keyword>slllcon</Keyword>
								<Keyword>tlmes</Keyword>
							</KeywordAnnotation>
						</TextAnnotation>
						<TextAnnotation confidence="0.0" relevance="0.0"
							xml:lang="en">
							<KeywordAnnotation>
								<Keyword>I</Keyword>
								<Keyword>X</Keyword>
								<Keyword>s</Keyword>
							</KeywordAnnotation>
						</TextAnnotation>
					</AudioVisualSegment>
					<AudioVisualSegment id="track-1.segment-9">
						<MediaTime>
							<MediaRelTimePoint>T00:06:35:0F1000</MediaRelTimePoint>
							<MediaDuration>PT20S0N1000F</MediaDuration>
						</MediaTime>
						<TextAnnotation confidence="0.5" relevance="0.5"
							xml:lang="en">
							<KeywordAnnotation>
								<Keyword>about</Keyword>
								<Keyword>magic</Keyword>
								<Keyword>physics</Keyword>
								<Keyword>same</Keyword>
								<Keyword>sums</Keyword>
							</KeywordAnnotation>
						</TextAnnotation>
						<TextAnnotation confidence="0.5" relevance="0.4"
							xml:lang="en">
							<KeywordAnnotation>
								<Keyword>Brain</Keyword>
								<Keyword>Computer</Keyword>
								<Keyword>Cost</Keyword>
								<Keyword>Why</Keyword>
								<Keyword>about</Keyword>
								<Keyword>are</Keyword>
								<Keyword>computers</Keyword>
								<Keyword>level</Keyword>
								<Keyword>more</Keyword>
								<Keyword>synapse</Keyword>
								<Keyword>system</Keyword>
								<Keyword>than</Keyword>
								<Keyword>the</Keyword>
							</KeywordAnnotation>
						</TextAnnotation>
						<TextAnnotation confidence="0.5" relevance="0.3"
							xml:lang="en">
							<KeywordAnnotation>
								<Keyword>Ions</Keyword>
								<Keyword>about</Keyword>
								<Keyword>electrons</Keyword>
								<Keyword>that</Keyword>
								<Keyword>times</Keyword>
							</KeywordAnnotation>
						</TextAnnotation>
						<TextAnnotation confidence="0.5" relevance="0.0"
							xml:lang="en">
							<KeywordAnnotation>
								<Keyword>At</Keyword>
								<Keyword>In</Keyword>
								<Keyword>Is</Keyword>
								<Keyword>It</Keyword>
								<Keyword>at</Keyword>
								<Keyword>cr</Keyword>
								<Keyword>is</Keyword>
								<Keyword>no</Keyword>
								<Keyword>of</Keyword>
								<Keyword>on</Keyword>
								<Keyword>vs</Keyword>
							</KeywordAnnotation>
						</TextAnnotation>
						<TextAnnotation confidence="0.0" relevance="0.4"
							xml:lang="en">
							<KeywordAnnotation>
								<Keyword>Ieast</Keyword>
								<Keyword>Wha</Keyword>
								<Keyword>actlvatlng</Keyword>
								<Keyword>bralns</Keyword>
								<Keyword>enguneering</Keyword>
								<Keyword>mllllun</Keyword>
								<Keyword>neuromorphic</Keyword>
								<Keyword>olamsntay</Keyword>
								<Keyword>powerr</Keyword>
								<Keyword>sfflciasrt</Keyword>
								<Keyword>tlmes</Keyword>
								<Keyword>translsdor</Keyword>
								<Keyword>twrnlng</Keyword>
								<Keyword>upowation</Keyword>
							</KeywordAnnotation>
						</TextAnnotation>
						<TextAnnotation confidence="0.0" relevance="0.3"
							xml:lang="en">
							<KeywordAnnotation>
								<Keyword>MoWIty</Keyword>
								<Keyword>slllcon</Keyword>
								<Keyword>solutlon</Keyword>
							</KeywordAnnotation>
						</TextAnnotation>
						<TextAnnotation confidence="0.0" relevance="0.0"
							xml:lang="en">
							<KeywordAnnotation>
								<Keyword>I</Keyword>
								<Keyword>K</Keyword>
								<Keyword>s</Keyword>
							</KeywordAnnotation>
						</TextAnnotation>
					</AudioVisualSegment>
					<AudioVisualSegment id="track-1.segment-10">
						<MediaTime>
							<MediaRelTimePoint>T00:06:55:0F1000</MediaRelTimePoint>
							<MediaDuration>PT19S0N1000F</MediaDuration>
						</MediaTime>
						<TextAnnotation confidence="0.5" relevance="0.5"
							xml:lang="en">
							<KeywordAnnotation>
								<Keyword>about</Keyword>
								<Keyword>magic</Keyword>
								<Keyword>physics</Keyword>
								<Keyword>same</Keyword>
								<Keyword>sums</Keyword>
							</KeywordAnnotation>
						</TextAnnotation>
						<TextAnnotation confidence="0.5" relevance="0.4"
							xml:lang="en">
							<KeywordAnnotation>
								<Keyword>Computer</Keyword>
								<Keyword>Cost</Keyword>
								<Keyword>What</Keyword>
								<Keyword>Why</Keyword>
								<Keyword>about</Keyword>
								<Keyword>are</Keyword>
								<Keyword>engineering</Keyword>
								<Keyword>level</Keyword>
								<Keyword>more</Keyword>
								<Keyword>system</Keyword>
								<Keyword>than</Keyword>
								<Keyword>the</Keyword>
							</KeywordAnnotation>
						</TextAnnotation>
						<TextAnnotation confidence="0.5" relevance="0.3"
							xml:lang="en">
							<KeywordAnnotation>
								<Keyword>Ions</Keyword>
								<Keyword>about</Keyword>
								<Keyword>electrons</Keyword>
								<Keyword>that</Keyword>
								<Keyword>times</Keyword>
							</KeywordAnnotation>
						</TextAnnotation>
						<TextAnnotation confidence="0.5" relevance="0.0"
							xml:lang="en">
							<KeywordAnnotation>
								<Keyword>At</Keyword>
								<Keyword>In</Keyword>
								<Keyword>Is</Keyword>
								<Keyword>It</Keyword>
								<Keyword>at</Keyword>
								<Keyword>is</Keyword>
								<Keyword>of</Keyword>
								<Keyword>on</Keyword>
								<Keyword>or</Keyword>
								<Keyword>vs</Keyword>
							</KeywordAnnotation>
						</TextAnnotation>
						<TextAnnotation confidence="0.0" relevance="0.5"
							xml:lang="en">
							<KeywordAnnotation>
								<Keyword>ncl</Keyword>
							</KeywordAnnotation>
						</TextAnnotation>
						<TextAnnotation confidence="0.0" relevance="0.4"
							xml:lang="en">
							<KeywordAnnotation>
								<Keyword>Bwrain</Keyword>
								<Keyword>Ieast</Keyword>
								<Keyword>actlvatlng</Keyword>
								<Keyword>alomsntay</Keyword>
								<Keyword>bralns</Keyword>
								<Keyword>compmcrs</Keyword>
								<Keyword>mllllun</Keyword>
								<Keyword>neuromcrphic</Keyword>
								<Keyword>opmation</Keyword>
								<Keyword>powerr</Keyword>
								<Keyword>sfflcisnt</Keyword>
								<Keyword>synmsa</Keyword>
								<Keyword>tlmes</Keyword>
								<Keyword>translsdor</Keyword>
								<Keyword>tumlng</Keyword>
							</KeywordAnnotation>
						</TextAnnotation>
						<TextAnnotation confidence="0.0" relevance="0.3"
							xml:lang="en">
							<KeywordAnnotation>
								<Keyword>Mowlty</Keyword>
								<Keyword>slllccn</Keyword>
								<Keyword>solutlon</Keyword>
							</KeywordAnnotation>
						</TextAnnotation>
						<TextAnnotation confidence="0.0" relevance="0.0"
							xml:lang="en">
							<KeywordAnnotation>
								<Keyword>I</Keyword>
								<Keyword>K</Keyword>
								<Keyword>s</Keyword>
							</KeywordAnnotation>
						</TextAnnotation>
					</AudioVisualSegment>
					<AudioVisualSegment id="track-1.segment-11">
						<MediaTime>
							<MediaRelTimePoint>T00:07:14:0F1000</MediaRelTimePoint>
							<MediaDuration>PT27S0N1000F</MediaDuration>
						</MediaTime>
						<TextAnnotation confidence="0.5" relevance="0.5"
							xml:lang="en">
							<KeywordAnnotation>
								<Keyword>about</Keyword>
								<Keyword>magic</Keyword>
								<Keyword>physics</Keyword>
								<Keyword>same</Keyword>
								<Keyword>soma</Keyword>
							</KeywordAnnotation>
						</TextAnnotation>
						<TextAnnotation confidence="0.5" relevance="0.4"
							xml:lang="en">
							<KeywordAnnotation>
								<Keyword>Brain</Keyword>
								<Keyword>Computer</Keyword>
								<Keyword>Cost</Keyword>
								<Keyword>Why</Keyword>
								<Keyword>about</Keyword>
								<Keyword>are</Keyword>
								<Keyword>computers</Keyword>
								<Keyword>efficient</Keyword>
								<Keyword>engineering</Keyword>
								<Keyword>level</Keyword>
								<Keyword>more</Keyword>
								<Keyword>synapse</Keyword>
								<Keyword>system</Keyword>
								<Keyword>than</Keyword>
								<Keyword>the</Keyword>
							</KeywordAnnotation>
						</TextAnnotation>
						<TextAnnotation confidence="0.5" relevance="0.3"
							xml:lang="en">
							<KeywordAnnotation>
								<Keyword>Ions</Keyword>
								<Keyword>MoW</Keyword>
								<Keyword>about</Keyword>
								<Keyword>electrons</Keyword>
								<Keyword>solution</Keyword>
								<Keyword>that</Keyword>
							</KeywordAnnotation>
						</TextAnnotation>
						<TextAnnotation confidence="0.5" relevance="0.0"
							xml:lang="en">
							<KeywordAnnotation>
								<Keyword>At</Keyword>
								<Keyword>In</Keyword>
								<Keyword>Is</Keyword>
								<Keyword>It</Keyword>
								<Keyword>at</Keyword>
								<Keyword>cr</Keyword>
								<Keyword>is</Keyword>
								<Keyword>of</Keyword>
								<Keyword>on</Keyword>
								<Keyword>ty</Keyword>
								<Keyword>vs</Keyword>
							</KeywordAnnotation>
						</TextAnnotation>
						<TextAnnotation confidence="0.0" relevance="0.5"
							xml:lang="en">
							<KeywordAnnotation>
								<Keyword>ncl</Keyword>
							</KeywordAnnotation>
						</TextAnnotation>
						<TextAnnotation confidence="0.0" relevance="0.4"
							xml:lang="en">
							<KeywordAnnotation>
								<Keyword>Ieast</Keyword>
								<Keyword>Wha</Keyword>
								<Keyword>actlvatlng</Keyword>
								<Keyword>bralns</Keyword>
								<Keyword>clamsntay</Keyword>
								<Keyword>llmes</Keyword>
								<Keyword>mllllon</Keyword>
								<Keyword>neuromorphic</Keyword>
								<Keyword>oporration</Keyword>
								<Keyword>powarr</Keyword>
								<Keyword>slllcon</Keyword>
								<Keyword>translscor</Keyword>
								<Keyword>twrnlng</Keyword>
							</KeywordAnnotation>
						</TextAnnotation>
						<TextAnnotation confidence="0.0" relevance="0.3"
							xml:lang="en">
							<KeywordAnnotation>
								<Keyword>tlmes</Keyword>
							</KeywordAnnotation>
						</TextAnnotation>
						<TextAnnotation confidence="0.0" relevance="0.0"
							xml:lang="en">
							<KeywordAnnotation>
								<Keyword>I</Keyword>
								<Keyword>K</Keyword>
								<Keyword>s</Keyword>
							</KeywordAnnotation>
						</TextAnnotation>
					</AudioVisualSegment>
					<AudioVisualSegment id="track-1.segment-12">
						<MediaTime>
							<MediaRelTimePoint>T00:07:41:0F1000</MediaRelTimePoint>
							<MediaDuration>PT40S0N1000F</MediaDuration>
						</MediaTime>
						<TextAnnotation confidence="0.5" relevance="0.5"
							xml:lang="en">
							<KeywordAnnotation>
								<Keyword>about</Keyword>
								<Keyword>magic</Keyword>
								<Keyword>not</Keyword>
								<Keyword>physics</Keyword>
								<Keyword>same</Keyword>
								<Keyword>soma</Keyword>
							</KeywordAnnotation>
						</TextAnnotation>
						<TextAnnotation confidence="0.5" relevance="0.4"
							xml:lang="en">
							<KeywordAnnotation>
								<Keyword>Computer</Keyword>
								<Keyword>Cost</Keyword>
								<Keyword>What</Keyword>
								<Keyword>Why</Keyword>
								<Keyword>about</Keyword>
								<Keyword>are</Keyword>
								<Keyword>computers</Keyword>
								<Keyword>efficient</Keyword>
								<Keyword>engineering</Keyword>
								<Keyword>level</Keyword>
								<Keyword>more</Keyword>
								<Keyword>synapse</Keyword>
								<Keyword>system</Keyword>
								<Keyword>than</Keyword>
								<Keyword>the</Keyword>
							</KeywordAnnotation>
						</TextAnnotation>
						<TextAnnotation confidence="0.5" relevance="0.3"
							xml:lang="en">
							<KeywordAnnotation>
								<Keyword>Ions</Keyword>
								<Keyword>Mobility</Keyword>
								<Keyword>about</Keyword>
								<Keyword>electrons</Keyword>
								<Keyword>that</Keyword>
							</KeywordAnnotation>
						</TextAnnotation>
						<TextAnnotation confidence="0.5" relevance="0.0"
							xml:lang="en">
							<KeywordAnnotation>
								<Keyword>At</Keyword>
								<Keyword>In</Keyword>
								<Keyword>Is</Keyword>
								<Keyword>It</Keyword>
								<Keyword>at</Keyword>
								<Keyword>cr</Keyword>
								<Keyword>in</Keyword>
								<Keyword>is</Keyword>
								<Keyword>of</Keyword>
								<Keyword>on</Keyword>
								<Keyword>vs</Keyword>
							</KeywordAnnotation>
						</TextAnnotation>
						<TextAnnotation confidence="0.0" relevance="0.4"
							xml:lang="en">
							<KeywordAnnotation>
								<Keyword>Brrain</Keyword>
								<Keyword>Ieast</Keyword>
								<Keyword>actlvatlng</Keyword>
								<Keyword>bralns</Keyword>
								<Keyword>clamsntay</Keyword>
								<Keyword>iturrnlng</Keyword>
								<Keyword>llmes</Keyword>
								<Keyword>mllllun</Keyword>
								<Keyword>neuromorphic</Keyword>
								<Keyword>oporration</Keyword>
								<Keyword>powerr</Keyword>
								<Keyword>translsdor</Keyword>
							</KeywordAnnotation>
						</TextAnnotation>
						<TextAnnotation confidence="0.0" relevance="0.3"
							xml:lang="en">
							<KeywordAnnotation>
								<Keyword>slllcon</Keyword>
								<Keyword>solutlcn</Keyword>
								<Keyword>tlmes</Keyword>
							</KeywordAnnotation>
						</TextAnnotation>
						<TextAnnotation confidence="0.0" relevance="0.0"
							xml:lang="en">
							<KeywordAnnotation>
								<Keyword>I</Keyword>
								<Keyword>X</Keyword>
								<Keyword>s</Keyword>
							</KeywordAnnotation>
						</TextAnnotation>
					</AudioVisualSegment>
					<AudioVisualSegment id="track-1.segment-13">
						<MediaTime>
							<MediaRelTimePoint>T00:08:21:0F1000</MediaRelTimePoint>
							<MediaDuration>PT26S0N1000F</MediaDuration>
						</MediaTime>
						<TextAnnotation confidence="0.5" relevance="0.4"
							xml:lang="de">
							<KeywordAnnotation>
								<Keyword>Function</Keyword>
								<Keyword>retina</Keyword>
								<Keyword>the</Keyword>
							</KeywordAnnotation>
						</TextAnnotation>
						<TextAnnotation confidence="0.5" relevance="0.0"
							xml:lang="de">
							<KeywordAnnotation>
								<Keyword>HN</Keyword>
								<Keyword>Mk</Keyword>
								<Keyword>of</Keyword>
							</KeywordAnnotation>
						</TextAnnotation>
						<TextAnnotation confidence="0.0" relevance="0.1"
							xml:lang="de">
							<KeywordAnnotation>
								<Keyword>Rcdieck</Keyword>
							</KeywordAnnotation>
						</TextAnnotation>
						<TextAnnotation confidence="0.0" relevance="0.0"
							xml:lang="de">
							<KeywordAnnotation>
								<Keyword>E</Keyword>
								<Keyword>H</Keyword>
								<Keyword>I</Keyword>
								<Keyword>K</Keyword>
								<Keyword>L</Keyword>
								<Keyword>M</Keyword>
								<Keyword>Q</Keyword>
								<Keyword>W</Keyword>
								<Keyword>i</Keyword>
								<Keyword>k</Keyword>
							</KeywordAnnotation>
						</TextAnnotation>
					</AudioVisualSegment>
					<AudioVisualSegment id="track-1.segment-14">
						<MediaTime>
							<MediaRelTimePoint>T00:08:47:0F1000</MediaRelTimePoint>
							<MediaDuration>PT42S0N1000F</MediaDuration>
						</MediaTime>
						<TextAnnotation confidence="0.5" relevance="0.4"
							xml:lang="de">
							<KeywordAnnotation>
								<Keyword>Function</Keyword>
								<Keyword>retina</Keyword>
								<Keyword>the</Keyword>
							</KeywordAnnotation>
						</TextAnnotation>
						<TextAnnotation confidence="0.5" relevance="0.0"
							xml:lang="de">
							<KeywordAnnotation>
								<Keyword>HY</Keyword>
								<Keyword>MW</Keyword>
								<Keyword>of</Keyword>
							</KeywordAnnotation>
						</TextAnnotation>
						<TextAnnotation confidence="0.0" relevance="0.4"
							xml:lang="de">
							<KeywordAnnotation>
								<Keyword>MZYNXMQ</Keyword>
							</KeywordAnnotation>
						</TextAnnotation>
						<TextAnnotation confidence="0.0" relevance="0.1"
							xml:lang="de">
							<KeywordAnnotation>
								<Keyword>Rcdieck</Keyword>
							</KeywordAnnotation>
						</TextAnnotation>
						<TextAnnotation confidence="0.0" relevance="0.0"
							xml:lang="de">
							<KeywordAnnotation>
								<Keyword>I</Keyword>
							</KeywordAnnotation>
						</TextAnnotation>
					</AudioVisualSegment>
					<AudioVisualSegment id="track-1.segment-15">
						<MediaTime>
							<MediaRelTimePoint>T00:09:29:0F1000</MediaRelTimePoint>
							<MediaDuration>PT50S0N1000F</MediaDuration>
						</MediaTime>
						<TextAnnotation confidence="0.5" relevance="0.4"
							xml:lang="en">
							<KeywordAnnotation>
								<Keyword>Function</Keyword>
								<Keyword>retina</Keyword>
								<Keyword>the</Keyword>
							</KeywordAnnotation>
						</TextAnnotation>
						<TextAnnotation confidence="0.5" relevance="0.0"
							xml:lang="en">
							<KeywordAnnotation>
								<Keyword>II</Keyword>
								<Keyword>of</Keyword>
							</KeywordAnnotation>
						</TextAnnotation>
						<TextAnnotation confidence="0.0" relevance="0.1"
							xml:lang="en">
							<KeywordAnnotation>
								<Keyword>Rodieck</Keyword>
							</KeywordAnnotation>
						</TextAnnotation>
						<TextAnnotation confidence="0.0" relevance="0.0"
							xml:lang="en">
							<KeywordAnnotation>
								<Keyword>I</Keyword>
								<Keyword>X</Keyword>
								<Keyword>i</Keyword>
								<Keyword>l</Keyword>
							</KeywordAnnotation>
						</TextAnnotation>
					</AudioVisualSegment>
					<AudioVisualSegment id="track-1.segment-16">
						<MediaTime>
							<MediaRelTimePoint>T00:10:19:0F1000</MediaRelTimePoint>
							<MediaDuration>PT01M08S0N1000F</MediaDuration>
						</MediaTime>
						<TextAnnotation confidence="0.5" relevance="0.4"
							xml:lang="en">
							<KeywordAnnotation>
								<Keyword>Function</Keyword>
								<Keyword>asynchronous</Keyword>
								<Keyword>digital</Keyword>
								<Keyword>dynamic</Keyword>
								<Keyword>encodes</Keyword>
								<Keyword>from</Keyword>
								<Keyword>into</Keyword>
								<Keyword>meaningful</Keyword>
								<Keyword>range</Keyword>
								<Keyword>retina</Keyword>
								<Keyword>signal</Keyword>
								<Keyword>small</Keyword>
								<Keyword>the</Keyword>
								<Keyword>useful</Keyword>
							</KeywordAnnotation>
						</TextAnnotation>
						<TextAnnotation confidence="0.5" relevance="0.3"
							xml:lang="en">
							<KeywordAnnotation>
								<Keyword>events</Keyword>
								<Keyword>features</Keyword>
							</KeywordAnnotation>
						</TextAnnotation>
						<TextAnnotation confidence="0.5" relevance="0.0"
							xml:lang="en">
							<KeywordAnnotation>
								<Keyword>of</Keyword>
							</KeywordAnnotation>
						</TextAnnotation>
						<TextAnnotation confidence="0.0" relevance="0.4"
							xml:lang="en">
							<KeywordAnnotation>
								<Keyword>Outputs</Keyword>
								<Keyword>mdundant</Keyword>
								<Keyword>spatia</Keyword>
								<Keyword>temporal-spectral</Keyword>
								<Keyword>unternal</Keyword>
								<Keyword>w0rUd</Keyword>
								<Keyword>wRde</Keyword>
							</KeywordAnnotation>
						</TextAnnotation>
						<TextAnnotation confidence="0.0" relevance="0.3"
							xml:lang="en">
							<KeywordAnnotation>
								<Keyword>L..g</Keyword>
							</KeywordAnnotation>
						</TextAnnotation>
						<TextAnnotation confidence="0.0" relevance="0.2"
							xml:lang="en">
							<KeywordAnnotation>
								<Keyword>Rcdieck</Keyword>
							</KeywordAnnotation>
						</TextAnnotation>
						<TextAnnotation confidence="0.0" relevance="0.0"
							xml:lang="en">
							<KeywordAnnotation>
								<Keyword>-</Keyword>
								<Keyword>QW</Keyword>
								<Keyword>a</Keyword>
								<Keyword>i</Keyword>
							</KeywordAnnotation>
						</TextAnnotation>
					</AudioVisualSegment>
					<AudioVisualSegment id="track-1.segment-17">
						<MediaTime>
							<MediaRelTimePoint>T00:11:27:0F1000</MediaRelTimePoint>
							<MediaDuration>PT34S0N1000F</MediaDuration>
						</MediaTime>
						<TextAnnotation confidence="0.5" relevance="0.5"
							xml:lang="en">
							<KeywordAnnotation>
								<Keyword>evans</Keyword>
							</KeywordAnnotation>
						</TextAnnotation>
						<TextAnnotation confidence="0.5" relevance="0.4"
							xml:lang="en">
							<KeywordAnnotation>
								<Keyword>Function</Keyword>
								<Keyword>digital</Keyword>
								<Keyword>dynamic</Keyword>
								<Keyword>encodes</Keyword>
								<Keyword>into</Keyword>
								<Keyword>meaningful</Keyword>
								<Keyword>range</Keyword>
								<Keyword>redundant</Keyword>
								<Keyword>retina</Keyword>
								<Keyword>small</Keyword>
								<Keyword>the</Keyword>
								<Keyword>useful</Keyword>
							</KeywordAnnotation>
						</TextAnnotation>
						<TextAnnotation confidence="0.5" relevance="0.3"
							xml:lang="en">
							<KeywordAnnotation>
								<Keyword>features</Keyword>
								<Keyword>from</Keyword>
							</KeywordAnnotation>
						</TextAnnotation>
						<TextAnnotation confidence="0.5" relevance="0.0"
							xml:lang="en">
							<KeywordAnnotation>
								<Keyword>fi</Keyword>
								<Keyword>of</Keyword>
							</KeywordAnnotation>
						</TextAnnotation>
						<TextAnnotation confidence="0.0" relevance="0.4"
							xml:lang="en">
							<KeywordAnnotation>
								<Keyword>Outputs</Keyword>
								<Keyword>asynchrondus</Keyword>
								<Keyword>lnternqsignal</Keyword>
								<Keyword>spatial-temporal-spectral</Keyword>
								<Keyword>wRde</Keyword>
								<Keyword>worHd</Keyword>
							</KeywordAnnotation>
						</TextAnnotation>
						<TextAnnotation confidence="0.0" relevance="0.2"
							xml:lang="en">
							<KeywordAnnotation>
								<Keyword>Rcdieck</Keyword>
							</KeywordAnnotation>
						</TextAnnotation>
						<TextAnnotation confidence="0.0" relevance="0.0"
							xml:lang="en">
							<KeywordAnnotation>
								<Keyword>E</Keyword>
								<Keyword>I</Keyword>
								<Keyword>a</Keyword>
							</KeywordAnnotation>
						</TextAnnotation>
					</AudioVisualSegment>
					<AudioVisualSegment id="track-1.segment-18">
						<MediaTime>
							<MediaRelTimePoint>T00:12:01:0F1000</MediaRelTimePoint>
							<MediaDuration>PT30S0N1000F</MediaDuration>
						</MediaTime>
						<TextAnnotation confidence="0.5" relevance="0.4"
							xml:lang="en">
							<KeywordAnnotation>
								<Keyword>Function</Keyword>
								<Keyword>digital</Keyword>
								<Keyword>dynamic</Keyword>
								<Keyword>encodes</Keyword>
								<Keyword>evans</Keyword>
								<Keyword>into</Keyword>
								<Keyword>meaningful</Keyword>
								<Keyword>range</Keyword>
								<Keyword>redundant</Keyword>
								<Keyword>retina</Keyword>
								<Keyword>small</Keyword>
								<Keyword>the</Keyword>
								<Keyword>useful</Keyword>
								<Keyword>wide</Keyword>
							</KeywordAnnotation>
						</TextAnnotation>
						<TextAnnotation confidence="0.5" relevance="0.3"
							xml:lang="en">
							<KeywordAnnotation>
								<Keyword>features</Keyword>
								<Keyword>from</Keyword>
							</KeywordAnnotation>
						</TextAnnotation>
						<TextAnnotation confidence="0.5" relevance="0.0"
							xml:lang="en">
							<KeywordAnnotation>
								<Keyword>of</Keyword>
							</KeywordAnnotation>
						</TextAnnotation>
						<TextAnnotation confidence="0.0" relevance="0.4"
							xml:lang="en">
							<KeywordAnnotation>
								<Keyword>asynchromdus</Keyword>
								<Keyword>mternqsignal</Keyword>
								<Keyword>spatial-tcmporal-spectral</Keyword>
								<Keyword>worHd</Keyword>
							</KeywordAnnotation>
						</TextAnnotation>
						<TextAnnotation confidence="0.0" relevance="0.3"
							xml:lang="en">
							<KeywordAnnotation>
								<Keyword>Outputs</Keyword>
							</KeywordAnnotation>
						</TextAnnotation>
						<TextAnnotation confidence="0.0" relevance="0.2"
							xml:lang="en">
							<KeywordAnnotation>
								<Keyword>Rcdieck</Keyword>
							</KeywordAnnotation>
						</TextAnnotation>
						<TextAnnotation confidence="0.0" relevance="0.0"
							xml:lang="en">
							<KeywordAnnotation>
								<Keyword>a</Keyword>
							</KeywordAnnotation>
						</TextAnnotation>
					</AudioVisualSegment>
					<AudioVisualSegment id="track-1.segment-19">
						<MediaTime>
							<MediaRelTimePoint>T00:12:31:0F1000</MediaRelTimePoint>
							<MediaDuration>PT31S0N1000F</MediaDuration>
						</MediaTime>
						<TextAnnotation confidence="0.5" relevance="0.3"
							xml:lang="de">
							<KeywordAnnotation>
								<Keyword>Dynamic</Keyword>
								<Keyword>ETH</Keyword>
								<Keyword>Sensor</Keyword>
								<Keyword>Vision</Keyword>
							</KeywordAnnotation>
						</TextAnnotation>
						<TextAnnotation confidence="0.0" relevance="0.3"
							xml:lang="de">
							<KeywordAnnotation>
								<Keyword>DVS</Keyword>
							</KeywordAnnotation>
						</TextAnnotation>
						<TextAnnotation confidence="0.0" relevance="0.0"
							xml:lang="de">
							<KeywordAnnotation>
								<Keyword>k</Keyword>
							</KeywordAnnotation>
						</TextAnnotation>
					</AudioVisualSegment>
					<AudioVisualSegment id="track-1.segment-20">
						<MediaTime>
							<MediaRelTimePoint>T00:13:02:0F1000</MediaRelTimePoint>
							<MediaDuration>PT26S0N1000F</MediaDuration>
						</MediaTime>
						<TextAnnotation confidence="0.5" relevance="0.5"
							xml:lang="de">
							<KeywordAnnotation>
								<Keyword>changed</Keyword>
								<Keyword>has</Keyword>
								<Keyword>intensity</Keyword>
								<Keyword>log</Keyword>
								<Keyword>sensor</Keyword>
							</KeywordAnnotation>
						</TextAnnotation>
						<TextAnnotation confidence="0.5" relevance="0.4"
							xml:lang="de">
							<KeywordAnnotation>
								<Keyword>the</Keyword>
								<Keyword>vision</Keyword>
							</KeywordAnnotation>
						</TextAnnotation>
						<TextAnnotation confidence="0.5" relevance="0.3"
							xml:lang="de">
							<KeywordAnnotation>
								<Keyword>local</Keyword>
							</KeywordAnnotation>
						</TextAnnotation>
						<TextAnnotation confidence="0.5" relevance="0.0"
							xml:lang="de">
							<KeywordAnnotation>
								<Keyword>EI</Keyword>
								<Keyword>ET</Keyword>
								<Keyword>Fs</Keyword>
								<Keyword>II</Keyword>
								<Keyword>In</Keyword>
								<Keyword>Ir</Keyword>
								<Keyword>OI</Keyword>
								<Keyword>US</Keyword>
								<Keyword>eJ</Keyword>
								<Keyword>es</Keyword>
							</KeywordAnnotation>
						</TextAnnotation>
						<TextAnnotation confidence="0.0" relevance="0.5"
							xml:lang="de">
							<KeywordAnnotation>
								<Keyword>haH.he</Keyword>
								<Keyword>hmIaive</Keyword>
							</KeywordAnnotation>
						</TextAnnotation>
						<TextAnnotation confidence="0.0" relevance="0.4"
							xml:lang="de">
							<KeywordAnnotation>
								<Keyword>Ddnltmsm</Keyword>
								<Keyword>addresse</Keyword>
								<Keyword>aiddress-eventsthatencode</Keyword>
								<Keyword>bmnqi</Keyword>
								<Keyword>chapgqs</Keyword>
								<Keyword>efficienily</Keyword>
								<Keyword>encod</Keyword>
								<Keyword>fni</Keyword>
								<Keyword>sceneren</Keyword>
							</KeywordAnnotation>
						</TextAnnotation>
						<TextAnnotation confidence="0.0" relevance="0.0"
							xml:lang="de">
							<KeywordAnnotation>
								<Keyword>-</Keyword>
								<Keyword>E</Keyword>
								<Keyword>I</Keyword>
								<Keyword>M</Keyword>
								<Keyword>Q</Keyword>
								<Keyword>V</Keyword>
								<Keyword>W</Keyword>
								<Keyword>X</Keyword>
								<Keyword>b</Keyword>
								<Keyword>d</Keyword>
								<Keyword>e</Keyword>
								<Keyword>f</Keyword>
								<Keyword>g</Keyword>
								<Keyword>i</Keyword>
								<Keyword>p</Keyword>
								<Keyword>q</Keyword>
								<Keyword>x</Keyword>
								<Keyword>y</Keyword>
							</KeywordAnnotation>
						</TextAnnotation>
					</AudioVisualSegment>
					<AudioVisualSegment id="track-1.segment-21">
						<MediaTime>
							<MediaRelTimePoint>T00:13:28:0F1000</MediaRelTimePoint>
							<MediaDuration>PT18S0N1000F</MediaDuration>
						</MediaTime>
						<TextAnnotation confidence="0.5" relevance="0.4"
							xml:lang="en">
							<KeywordAnnotation>
								<Keyword>changed</Keyword>
								<Keyword>has</Keyword>
								<Keyword>intensity</Keyword>
								<Keyword>local</Keyword>
								<Keyword>log</Keyword>
								<Keyword>responds</Keyword>
								<Keyword>scene</Keyword>
								<Keyword>sensor</Keyword>
								<Keyword>that</Keyword>
								<Keyword>the</Keyword>
								<Keyword>vision</Keyword>
							</KeywordAnnotation>
						</TextAnnotation>
						<TextAnnotation confidence="0.5" relevance="0.3"
							xml:lang="en">
							<KeywordAnnotation>
								<Keyword>gut</Keyword>
							</KeywordAnnotation>
						</TextAnnotation>
						<TextAnnotation confidence="0.5" relevance="0.0"
							xml:lang="en">
							<KeywordAnnotation>
								<Keyword>II</Keyword>
								<Keyword>In</Keyword>
								<Keyword>bg</Keyword>
								<Keyword>cn</Keyword>
								<Keyword>jl</Keyword>
								<Keyword>lI</Keyword>
								<Keyword>nn</Keyword>
								<Keyword>rr</Keyword>
								<Keyword>to</Keyword>
							</KeywordAnnotation>
						</TextAnnotation>
						<TextAnnotation confidence="0.0" relevance="0.4"
							xml:lang="en">
							<KeywordAnnotation>
								<Keyword>JhII</Keyword>
								<Keyword>SZQIS</Keyword>
								<Keyword>addresse</Keyword>
								<Keyword>ddress-events</Keyword>
								<Keyword>encode</Keyword>
								<Keyword>nges</Keyword>
								<Keyword>ous</Keyword>
								<Keyword>reflectsncr</Keyword>
								<Keyword>relavve</Keyword>
							</KeywordAnnotation>
						</TextAnnotation>
						<TextAnnotation confidence="0.0" relevance="0.3"
							xml:lang="en">
							<KeywordAnnotation>
								<Keyword>Jaw</Keyword>
								<Keyword>encqd</Keyword>
								<Keyword>gmcjargby</Keyword>
								<Keyword>ogeraticn</Keyword>
							</KeywordAnnotation>
						</TextAnnotation>
						<TextAnnotation confidence="0.0" relevance="0.0"
							xml:lang="en">
							<KeywordAnnotation>
								<Keyword>-</Keyword>
								<Keyword>A</Keyword>
								<Keyword>H</Keyword>
								<Keyword>I</Keyword>
								<Keyword>P</Keyword>
								<Keyword>Q</Keyword>
								<Keyword>a</Keyword>
								<Keyword>e</Keyword>
								<Keyword>i</Keyword>
								<Keyword>j</Keyword>
								<Keyword>l</Keyword>
								<Keyword>n</Keyword>
								<Keyword>n-</Keyword>
								<Keyword>p</Keyword>
								<Keyword>r</Keyword>
							</KeywordAnnotation>
						</TextAnnotation>
					</AudioVisualSegment>
					<AudioVisualSegment id="track-1.segment-22">
						<MediaTime>
							<MediaRelTimePoint>T00:13:46:0F1000</MediaRelTimePoint>
							<MediaDuration>PT49S0N1000F</MediaDuration>
						</MediaTime>
						<TextAnnotation confidence="0.5" relevance="0.4"
							xml:lang="en">
							<KeywordAnnotation>
								<Keyword>changed</Keyword>
								<Keyword>has</Keyword>
								<Keyword>intensity</Keyword>
								<Keyword>relative</Keyword>
								<Keyword>responds</Keyword>
								<Keyword>scene</Keyword>
								<Keyword>sensor</Keyword>
								<Keyword>vision</Keyword>
							</KeywordAnnotation>
						</TextAnnotation>
						<TextAnnotation confidence="0.5" relevance="0.3"
							xml:lang="en">
							<KeywordAnnotation>
								<Keyword>log</Keyword>
								<Keyword>that</Keyword>
								<Keyword>the</Keyword>
							</KeywordAnnotation>
						</TextAnnotation>
						<TextAnnotation confidence="0.5" relevance="0.0"
							xml:lang="en">
							<KeywordAnnotation>
								<Keyword>bg</Keyword>
								<Keyword>me</Keyword>
								<Keyword>nn</Keyword>
								<Keyword>pg</Keyword>
								<Keyword>pl</Keyword>
								<Keyword>to</Keyword>
								<Keyword>zr</Keyword>
							</KeywordAnnotation>
						</TextAnnotation>
						<TextAnnotation confidence="0.0" relevance="0.4"
							xml:lang="en">
							<KeywordAnnotation>
								<Keyword>M13-</Keyword>
								<Keyword>addresse</Keyword>
								<Keyword>crE</Keyword>
								<Keyword>ous</Keyword>
								<Keyword>refIectsnq</Keyword>
							</KeywordAnnotation>
						</TextAnnotation>
						<TextAnnotation confidence="0.0" relevance="0.3"
							xml:lang="en">
							<KeywordAnnotation>
								<Keyword>encode</Keyword>
								<Keyword>encqd</Keyword>
								<Keyword>gfficjargby</Keyword>
								<Keyword>ogeratlcn</Keyword>
								<Keyword>vddress-events</Keyword>
							</KeywordAnnotation>
						</TextAnnotation>
						<TextAnnotation confidence="0.0" relevance="0.0"
							xml:lang="en">
							<KeywordAnnotation>
								<Keyword>-</Keyword>
								<Keyword>F</Keyword>
								<Keyword>H</Keyword>
								<Keyword>I</Keyword>
								<Keyword>L</Keyword>
								<Keyword>Q</Keyword>
								<Keyword>S</Keyword>
								<Keyword>c</Keyword>
								<Keyword>f</Keyword>
								<Keyword>g</Keyword>
								<Keyword>i</Keyword>
								<Keyword>r</Keyword>
								<Keyword>v</Keyword>
							</KeywordAnnotation>
						</TextAnnotation>
					</AudioVisualSegment>
					<AudioVisualSegment id="track-1.segment-23">
						<MediaTime>
							<MediaRelTimePoint>T00:14:35:0F1000</MediaRelTimePoint>
							<MediaDuration>PT55S0N1000F</MediaDuration>
						</MediaTime>
						<TextAnnotation confidence="0.5" relevance="0.4"
							xml:lang="de">
							<KeywordAnnotation>
								<Keyword>changed</Keyword>
								<Keyword>relative</Keyword>
								<Keyword>responds</Keyword>
								<Keyword>sensor</Keyword>
								<Keyword>vision</Keyword>
							</KeywordAnnotation>
						</TextAnnotation>
						<TextAnnotation confidence="0.5" relevance="0.3"
							xml:lang="de">
							<KeywordAnnotation>
								<Keyword>address</Keyword>
								<Keyword>has</Keyword>
								<Keyword>intensity</Keyword>
								<Keyword>local</Keyword>
								<Keyword>log</Keyword>
								<Keyword>scene</Keyword>
								<Keyword>that</Keyword>
								<Keyword>the</Keyword>
							</KeywordAnnotation>
						</TextAnnotation>
						<TextAnnotation confidence="0.5" relevance="0.0"
							xml:lang="de">
							<KeywordAnnotation>
								<Keyword>AJ</Keyword>
								<Keyword>TX</Keyword>
								<Keyword>ZY</Keyword>
								<Keyword>bg</Keyword>
								<Keyword>ch</Keyword>
								<Keyword>jr</Keyword>
								<Keyword>ln</Keyword>
								<Keyword>me</Keyword>
								<Keyword>nn</Keyword>
								<Keyword>to</Keyword>
								<Keyword>us</Keyword>
							</KeywordAnnotation>
						</TextAnnotation>
						<TextAnnotation confidence="0.0" relevance="0.4"
							xml:lang="de">
							<KeywordAnnotation>
								<Keyword>I1E-</Keyword>
							</KeywordAnnotation>
						</TextAnnotation>
						<TextAnnotation confidence="0.0" relevance="0.3"
							xml:lang="de">
							<KeywordAnnotation>
								<Keyword>I..n...I</Keyword>
								<Keyword>Jjjlg</Keyword>
								<Keyword>encode</Keyword>
								<Keyword>encqd</Keyword>
								<Keyword>gfficjargby</Keyword>
								<Keyword>mIae</Keyword>
								<Keyword>nges</Keyword>
								<Keyword>ogeraticn</Keyword>
								<Keyword>renecmn</Keyword>
								<Keyword>vddressevents</Keyword>
							</KeywordAnnotation>
						</TextAnnotation>
						<TextAnnotation confidence="0.0" relevance="0.0"
							xml:lang="de">
							<KeywordAnnotation>
								<Keyword>-</Keyword>
								<Keyword>-T</Keyword>
								<Keyword>C</Keyword>
								<Keyword>F</Keyword>
								<Keyword>I</Keyword>
								<Keyword>Q</Keyword>
								<Keyword>Y</Keyword>
								<Keyword>a</Keyword>
								<Keyword>f</Keyword>
								<Keyword>i</Keyword>
								<Keyword>n</Keyword>
								<Keyword>r</Keyword>
								<Keyword>s</Keyword>
								<Keyword>x</Keyword>
							</KeywordAnnotation>
						</TextAnnotation>
					</AudioVisualSegment>
					<AudioVisualSegment id="track-1.segment-24">
						<MediaTime>
							<MediaRelTimePoint>T00:15:30:0F1000</MediaRelTimePoint>
							<MediaDuration>PT11S0N1000F</MediaDuration>
						</MediaTime>
						<TextAnnotation confidence="0.5" relevance="0.4"
							xml:lang="de">
							<KeywordAnnotation>
								<Keyword>changed</Keyword>
								<Keyword>has</Keyword>
								<Keyword>intensity</Keyword>
								<Keyword>local</Keyword>
								<Keyword>log</Keyword>
								<Keyword>ren</Keyword>
								<Keyword>responds</Keyword>
								<Keyword>scene</Keyword>
								<Keyword>sensor</Keyword>
								<Keyword>that</Keyword>
								<Keyword>the</Keyword>
								<Keyword>vision</Keyword>
							</KeywordAnnotation>
						</TextAnnotation>
						<TextAnnotation confidence="0.5" relevance="0.0"
							xml:lang="de">
							<KeywordAnnotation>
								<Keyword>FI</Keyword>
								<Keyword>QT</Keyword>
								<Keyword>Ti</Keyword>
								<Keyword>bg</Keyword>
								<Keyword>ch</Keyword>
								<Keyword>ii</Keyword>
								<Keyword>jh</Keyword>
								<Keyword>lm</Keyword>
								<Keyword>ln</Keyword>
								<Keyword>pl</Keyword>
								<Keyword>re</Keyword>
								<Keyword>rs</Keyword>
								<Keyword>to</Keyword>
							</KeywordAnnotation>
						</TextAnnotation>
						<TextAnnotation confidence="0.0" relevance="0.4"
							xml:lang="de">
							<KeywordAnnotation>
								<Keyword>-YL</Keyword>
								<Keyword>addresse</Keyword>
								<Keyword>awe</Keyword>
								<Keyword>encode</Keyword>
								<Keyword>encqd</Keyword>
								<Keyword>gfficjargby</Keyword>
								<Keyword>ggqs</Keyword>
								<Keyword>iI1E-</Keyword>
								<Keyword>mnqi</Keyword>
								<Keyword>ogeraticn</Keyword>
								<Keyword>ous</Keyword>
								<Keyword>vddress-events</Keyword>
							</KeywordAnnotation>
						</TextAnnotation>
						<TextAnnotation confidence="0.0" relevance="0.0"
							xml:lang="de">
							<KeywordAnnotation>
								<Keyword>-</Keyword>
								<Keyword>C</Keyword>
								<Keyword>E</Keyword>
								<Keyword>F</Keyword>
								<Keyword>H</Keyword>
								<Keyword>I</Keyword>
								<Keyword>I-</Keyword>
								<Keyword>JF</Keyword>
								<Keyword>L</Keyword>
								<Keyword>V</Keyword>
								<Keyword>X</Keyword>
								<Keyword>Z</Keyword>
								<Keyword>a</Keyword>
								<Keyword>f</Keyword>
								<Keyword>i</Keyword>
								<Keyword>i-</Keyword>
								<Keyword>m</Keyword>
								<Keyword>n</Keyword>
								<Keyword>q</Keyword>
								<Keyword>r</Keyword>
								<Keyword>s</Keyword>
								<Keyword>u</Keyword>
								<Keyword>v</Keyword>
							</KeywordAnnotation>
						</TextAnnotation>
					</AudioVisualSegment>
					<AudioVisualSegment id="track-1.segment-25">
						<MediaTime>
							<MediaRelTimePoint>T00:15:41:0F1000</MediaRelTimePoint>
							<MediaDuration>PT34S0N1000F</MediaDuration>
						</MediaTime>
						<TextAnnotation confidence="0.5" relevance="0.4"
							xml:lang="en">
							<KeywordAnnotation>
								<Keyword>changed</Keyword>
								<Keyword>events</Keyword>
								<Keyword>has</Keyword>
								<Keyword>intensity</Keyword>
								<Keyword>local</Keyword>
								<Keyword>log</Keyword>
								<Keyword>responds</Keyword>
								<Keyword>scene</Keyword>
								<Keyword>sensor</Keyword>
								<Keyword>that</Keyword>
								<Keyword>the</Keyword>
								<Keyword>vision</Keyword>
							</KeywordAnnotation>
						</TextAnnotation>
						<TextAnnotation confidence="0.5" relevance="0.0"
							xml:lang="en">
							<KeywordAnnotation>
								<Keyword>JJ</Keyword>
								<Keyword>QT</Keyword>
								<Keyword>Zh</Keyword>
								<Keyword>bg</Keyword>
								<Keyword>ch</Keyword>
								<Keyword>ln</Keyword>
								<Keyword>me</Keyword>
								<Keyword>nn</Keyword>
								<Keyword>rr</Keyword>
								<Keyword>to</Keyword>
							</KeywordAnnotation>
						</TextAnnotation>
						<TextAnnotation confidence="0.0" relevance="0.4"
							xml:lang="en">
							<KeywordAnnotation>
								<Keyword>F-F</Keyword>
								<Keyword>FII</Keyword>
								<Keyword>I..x</Keyword>
								<Keyword>J-D</Keyword>
								<Keyword>JilI</Keyword>
								<Keyword>NQII</Keyword>
								<Keyword>addresse</Keyword>
								<Keyword>ddress</Keyword>
								<Keyword>encode</Keyword>
								<Keyword>encqd</Keyword>
								<Keyword>gfficjaqlly</Keyword>
								<Keyword>nges</Keyword>
								<Keyword>ogeraticn</Keyword>
								<Keyword>ous</Keyword>
								<Keyword>relavve</Keyword>
								<Keyword>renecmn</Keyword>
								<Keyword>ri.Iht</Keyword>
								<Keyword>y1I</Keyword>
							</KeywordAnnotation>
						</TextAnnotation>
						<TextAnnotation confidence="0.0" relevance="0.0"
							xml:lang="en">
							<KeywordAnnotation>
								<Keyword>-</Keyword>
								<Keyword>C</Keyword>
								<Keyword>D</Keyword>
								<Keyword>E</Keyword>
								<Keyword>H</Keyword>
								<Keyword>I</Keyword>
								<Keyword>L</Keyword>
								<Keyword>L-</Keyword>
								<Keyword>M</Keyword>
								<Keyword>Q</Keyword>
								<Keyword>S</Keyword>
								<Keyword>a</Keyword>
								<Keyword>i</Keyword>
								<Keyword>l</Keyword>
								<Keyword>n</Keyword>
								<Keyword>r</Keyword>
								<Keyword>s</Keyword>
								<Keyword>v</Keyword>
								<Keyword>x</Keyword>
							</KeywordAnnotation>
						</TextAnnotation>
					</AudioVisualSegment>
					<AudioVisualSegment id="track-1.segment-26">
						<MediaTime>
							<MediaRelTimePoint>T00:16:15:0F1000</MediaRelTimePoint>
							<MediaDuration>PT39S0N1000F</MediaDuration>
						</MediaTime>
						<TextAnnotation confidence="0.5" relevance="0.6"
							xml:lang="de">
							<KeywordAnnotation>
								<Keyword>IEEE</Keyword>
								<Keyword>was</Keyword>
							</KeywordAnnotation>
						</TextAnnotation>
						<TextAnnotation confidence="0.5" relevance="0.4"
							xml:lang="de">
							<KeywordAnnotation>
								<Keyword>WWE</Keyword>
								<Keyword>address</Keyword>
								<Keyword>local</Keyword>
								<Keyword>one</Keyword>
								<Keyword>that</Keyword>
							</KeywordAnnotation>
						</TextAnnotation>
						<TextAnnotation confidence="0.5" relevance="0.0"
							xml:lang="de">
							<KeywordAnnotation>
								<Keyword>LT</Keyword>
								<Keyword>MA</Keyword>
								<Keyword>VL</Keyword>
								<Keyword>dl</Keyword>
								<Keyword>il</Keyword>
								<Keyword>in</Keyword>
								<Keyword>it</Keyword>
								<Keyword>li</Keyword>
								<Keyword>me</Keyword>
								<Keyword>mm</Keyword>
								<Keyword>mr</Keyword>
								<Keyword>my</Keyword>
								<Keyword>ra</Keyword>
								<Keyword>rg</Keyword>
								<Keyword>za</Keyword>
							</KeywordAnnotation>
						</TextAnnotation>
						<TextAnnotation confidence="0.0" relevance="0.6"
							xml:lang="de">
							<KeywordAnnotation>
								<Keyword>encm</Keyword>
								<Keyword>gmcgsquy</Keyword>
								<Keyword>npemuon</Keyword>
							</KeywordAnnotation>
						</TextAnnotation>
						<TextAnnotation confidence="0.0" relevance="0.5"
							xml:lang="de">
							<KeywordAnnotation>
								<Keyword>IUUGCGDS</Keyword>
								<Keyword>VIVTE</Keyword>
								<Keyword>mensny</Keyword>
								<Keyword>mmmam</Keyword>
								<Keyword>nasumngmng</Keyword>
								<Keyword>nsmmm</Keyword>
							</KeywordAnnotation>
						</TextAnnotation>
						<TextAnnotation confidence="0.0" relevance="0.4"
							xml:lang="de">
							<KeywordAnnotation>
								<Keyword>---</Keyword>
								<Keyword>BCQDQ</Keyword>
								<Keyword>T.T</Keyword>
								<Keyword>avr</Keyword>
								<Keyword>chinges</Keyword>
								<Keyword>ddress-events</Keyword>
								<Keyword>encode</Keyword>
							</KeywordAnnotation>
						</TextAnnotation>
						<TextAnnotation confidence="0.0" relevance="0.0"
							xml:lang="de">
							<KeywordAnnotation>
								<Keyword>-</Keyword>
								<Keyword>--</Keyword>
								<Keyword>-H</Keyword>
								<Keyword>C</Keyword>
								<Keyword>F</Keyword>
								<Keyword>I</Keyword>
								<Keyword>J</Keyword>
								<Keyword>L</Keyword>
								<Keyword>N</Keyword>
								<Keyword>T</Keyword>
								<Keyword>a</Keyword>
								<Keyword>c</Keyword>
								<Keyword>e</Keyword>
								<Keyword>h</Keyword>
								<Keyword>j</Keyword>
								<Keyword>m</Keyword>
								<Keyword>n</Keyword>
								<Keyword>p</Keyword>
								<Keyword>r</Keyword>
								<Keyword>s</Keyword>
								<Keyword>v</Keyword>
							</KeywordAnnotation>
						</TextAnnotation>
					</AudioVisualSegment>
					<AudioVisualSegment id="track-1.segment-27">
						<MediaTime>
							<MediaRelTimePoint>T00:16:54:0F1000</MediaRelTimePoint>
							<MediaDuration>PT32S0N1000F</MediaDuration>
						</MediaTime>
						<TextAnnotation confidence="0.5" relevance="0.4"
							xml:lang="de">
							<KeywordAnnotation>
								<Keyword>address</Keyword>
								<Keyword>changed</Keyword>
								<Keyword>events</Keyword>
								<Keyword>has</Keyword>
								<Keyword>intensity</Keyword>
								<Keyword>local</Keyword>
								<Keyword>log</Keyword>
								<Keyword>responds</Keyword>
								<Keyword>sensor</Keyword>
								<Keyword>that</Keyword>
								<Keyword>the</Keyword>
								<Keyword>vision</Keyword>
							</KeywordAnnotation>
						</TextAnnotation>
						<TextAnnotation confidence="0.5" relevance="0.3"
							xml:lang="de">
							<KeywordAnnotation>
								<Keyword>IIT</Keyword>
							</KeywordAnnotation>
						</TextAnnotation>
						<TextAnnotation confidence="0.5" relevance="0.0"
							xml:lang="de">
							<KeywordAnnotation>
								<Keyword>DV</Keyword>
								<Keyword>IE</Keyword>
								<Keyword>II</Keyword>
								<Keyword>In</Keyword>
								<Keyword>Lf</Keyword>
								<Keyword>bg</Keyword>
								<Keyword>ch</Keyword>
								<Keyword>il</Keyword>
								<Keyword>jp</Keyword>
								<Keyword>ll</Keyword>
								<Keyword>ln</Keyword>
								<Keyword>to</Keyword>
								<Keyword>ve</Keyword>
							</KeywordAnnotation>
						</TextAnnotation>
						<TextAnnotation confidence="0.0" relevance="0.4"
							xml:lang="de">
							<KeywordAnnotation>
								<Keyword>-L.--Ir</Keyword>
								<Keyword>ENE</Keyword>
								<Keyword>FETIBCKHHSX</Keyword>
								<Keyword>IPYIE</Keyword>
								<Keyword>Sl2S</Keyword>
								<Keyword>ddress</Keyword>
								<Keyword>encode</Keyword>
								<Keyword>nges</Keyword>
								<Keyword>ogeratlcn</Keyword>
								<Keyword>ous</Keyword>
								<Keyword>rela</Keyword>
							</KeywordAnnotation>
						</TextAnnotation>
						<TextAnnotation confidence="0.0" relevance="0.3"
							xml:lang="de">
							<KeywordAnnotation>
								<Keyword>Z.ZL</Keyword>
								<Keyword>encqd</Keyword>
								<Keyword>gfficjerghy</Keyword>
							</KeywordAnnotation>
						</TextAnnotation>
						<TextAnnotation confidence="0.0" relevance="0.0"
							xml:lang="de">
							<KeywordAnnotation>
								<Keyword>-</Keyword>
								<Keyword>C</Keyword>
								<Keyword>E</Keyword>
								<Keyword>F</Keyword>
								<Keyword>I</Keyword>
								<Keyword>L</Keyword>
								<Keyword>O</Keyword>
								<Keyword>V</Keyword>
								<Keyword>X</Keyword>
								<Keyword>a</Keyword>
								<Keyword>l</Keyword>
								<Keyword>n</Keyword>
								<Keyword>r</Keyword>
								<Keyword>u</Keyword>
							</KeywordAnnotation>
						</TextAnnotation>
					</AudioVisualSegment>
					<AudioVisualSegment id="track-1.segment-28">
						<MediaTime>
							<MediaRelTimePoint>T00:17:26:0F1000</MediaRelTimePoint>
							<MediaDuration>PT17S0N1000F</MediaDuration>
						</MediaTime>
						<TextAnnotation confidence="0.5" relevance="0.4"
							xml:lang="de">
							<KeywordAnnotation>
								<Keyword>has</Keyword>
								<Keyword>intensity</Keyword>
								<Keyword>local</Keyword>
								<Keyword>log</Keyword>
								<Keyword>relative</Keyword>
								<Keyword>responds</Keyword>
								<Keyword>sensor</Keyword>
								<Keyword>that</Keyword>
								<Keyword>the</Keyword>
								<Keyword>vision</Keyword>
								<Keyword>www</Keyword>
							</KeywordAnnotation>
						</TextAnnotation>
						<TextAnnotation confidence="0.5" relevance="0.0"
							xml:lang="de">
							<KeywordAnnotation>
								<Keyword>IE</Keyword>
								<Keyword>II</Keyword>
								<Keyword>QT</Keyword>
								<Keyword>bg</Keyword>
								<Keyword>ch</Keyword>
								<Keyword>gn</Keyword>
								<Keyword>hu</Keyword>
								<Keyword>in</Keyword>
							</KeywordAnnotation>
						</TextAnnotation>
						<TextAnnotation confidence="0.0" relevance="0.4"
							xml:lang="de">
							<KeywordAnnotation>
								<Keyword>DdaI</Keyword>
								<Keyword>JS.a</Keyword>
								<Keyword>SCBUQ</Keyword>
								<Keyword>SUEDE</Keyword>
								<Keyword>address-events</Keyword>
								<Keyword>addresse</Keyword>
								<Keyword>dwanged</Keyword>
								<Keyword>encode</Keyword>
								<Keyword>encqd</Keyword>
								<Keyword>gfficjaryhy</Keyword>
								<Keyword>mnpmm</Keyword>
								<Keyword>nges</Keyword>
								<Keyword>ogerathcn</Keyword>
								<Keyword>ous</Keyword>
								<Keyword>sIi</Keyword>
							</KeywordAnnotation>
						</TextAnnotation>
						<TextAnnotation confidence="0.0" relevance="0.0"
							xml:lang="de">
							<KeywordAnnotation>
								<Keyword>-</Keyword>
								<Keyword>A</Keyword>
								<Keyword>E</Keyword>
								<Keyword>I</Keyword>
								<Keyword>J</Keyword>
								<Keyword>L</Keyword>
								<Keyword>V</Keyword>
								<Keyword>X</Keyword>
								<Keyword>f</Keyword>
								<Keyword>i</Keyword>
								<Keyword>l</Keyword>
								<Keyword>n</Keyword>
								<Keyword>u</Keyword>
								<Keyword>v</Keyword>
								<Keyword>w</Keyword>
								<Keyword>z</Keyword>
							</KeywordAnnotation>
						</TextAnnotation>
					</AudioVisualSegment>
					<AudioVisualSegment id="track-1.segment-29">
						<MediaTime>
							<MediaRelTimePoint>T00:17:43:0F1000</MediaRelTimePoint>
							<MediaDuration>PT01M17S0N1000F</MediaDuration>
						</MediaTime>
						<TextAnnotation confidence="0.5" relevance="0.5"
							xml:lang="de">
							<KeywordAnnotation>
								<Keyword>max</Keyword>
							</KeywordAnnotation>
						</TextAnnotation>
						<TextAnnotation confidence="0.5" relevance="0.4"
							xml:lang="de">
							<KeywordAnnotation>
								<Keyword>changed</Keyword>
								<Keyword>has</Keyword>
								<Keyword>intensity</Keyword>
								<Keyword>local</Keyword>
								<Keyword>log</Keyword>
								<Keyword>sensor</Keyword>
								<Keyword>that</Keyword>
								<Keyword>the</Keyword>
							</KeywordAnnotation>
						</TextAnnotation>
						<TextAnnotation confidence="0.5" relevance="0.0"
							xml:lang="de">
							<KeywordAnnotation>
								<Keyword>DW</Keyword>
								<Keyword>Eh</Keyword>
								<Keyword>In</Keyword>
								<Keyword>bg</Keyword>
								<Keyword>ch</Keyword>
								<Keyword>fD</Keyword>
								<Keyword>iy</Keyword>
								<Keyword>me</Keyword>
								<Keyword>ns</Keyword>
								<Keyword>qI</Keyword>
								<Keyword>us</Keyword>
							</KeywordAnnotation>
						</TextAnnotation>
						<TextAnnotation confidence="0.0" relevance="0.5"
							xml:lang="de">
							<KeywordAnnotation>
								<Keyword>-acres</Keyword>
								<Keyword>-evenrs</Keyword>
								<Keyword>auaresse</Keyword>
								<Keyword>enema</Keyword>
							</KeywordAnnotation>
						</TextAnnotation>
						<TextAnnotation confidence="0.0" relevance="0.4"
							xml:lang="de">
							<KeywordAnnotation>
								<Keyword>Ihii</Keyword>
								<Keyword>Ilsceneren</Keyword>
								<Keyword>cmnqi</Keyword>
								<Keyword>encqd</Keyword>
								<Keyword>gfficjargby</Keyword>
								<Keyword>ggqs</Keyword>
								<Keyword>iI1I</Keyword>
								<Keyword>ilZf</Keyword>
								<Keyword>llE</Keyword>
								<Keyword>mmm</Keyword>
								<Keyword>ogeratbn</Keyword>
								<Keyword>responas</Keyword>
								<Keyword>rl-</Keyword>
								<Keyword>vnsaun</Keyword>
							</KeywordAnnotation>
						</TextAnnotation>
						<TextAnnotation confidence="0.0" relevance="0.0"
							xml:lang="de">
							<KeywordAnnotation>
								<Keyword>-</Keyword>
								<Keyword>A</Keyword>
								<Keyword>E</Keyword>
								<Keyword>I</Keyword>
								<Keyword>J</Keyword>
								<Keyword>L</Keyword>
								<Keyword>M</Keyword>
								<Keyword>P</Keyword>
								<Keyword>T</Keyword>
								<Keyword>a</Keyword>
								<Keyword>c</Keyword>
								<Keyword>e</Keyword>
								<Keyword>h</Keyword>
								<Keyword>l</Keyword>
								<Keyword>m</Keyword>
								<Keyword>n</Keyword>
								<Keyword>r</Keyword>
								<Keyword>s</Keyword>
								<Keyword>v</Keyword>
								<Keyword>w-</Keyword>
							</KeywordAnnotation>
						</TextAnnotation>
					</AudioVisualSegment>
					<AudioVisualSegment id="track-1.segment-30">
						<MediaTime>
							<MediaRelTimePoint>T00:19:00:0F1000</MediaRelTimePoint>
							<MediaDuration>PT41S0N1000F</MediaDuration>
						</MediaTime>
						<TextAnnotation confidence="0.5" relevance="0.5"
							xml:lang="en">
							<KeywordAnnotation>
								<Keyword>lin</Keyword>
							</KeywordAnnotation>
						</TextAnnotation>
						<TextAnnotation confidence="0.5" relevance="0.4"
							xml:lang="en">
							<KeywordAnnotation>
								<Keyword>address</Keyword>
								<Keyword>changed</Keyword>
								<Keyword>has</Keyword>
								<Keyword>log</Keyword>
								<Keyword>responds</Keyword>
								<Keyword>sensor</Keyword>
								<Keyword>that</Keyword>
								<Keyword>the</Keyword>
								<Keyword>vision</Keyword>
							</KeywordAnnotation>
						</TextAnnotation>
						<TextAnnotation confidence="0.5" relevance="0.3"
							xml:lang="en">
							<KeywordAnnotation>
								<Keyword>local</Keyword>
							</KeywordAnnotation>
						</TextAnnotation>
						<TextAnnotation confidence="0.5" relevance="0.0"
							xml:lang="en">
							<KeywordAnnotation>
								<Keyword>II</Keyword>
								<Keyword>In</Keyword>
								<Keyword>by</Keyword>
								<Keyword>ch</Keyword>
								<Keyword>iu</Keyword>
								<Keyword>me</Keyword>
								<Keyword>to</Keyword>
							</KeywordAnnotation>
						</TextAnnotation>
						<TextAnnotation confidence="0.0" relevance="0.4"
							xml:lang="en">
							<KeywordAnnotation>
								<Keyword>Eriqiddress-events</Keyword>
								<Keyword>I3YV</Keyword>
								<Keyword>Ifn</Keyword>
								<Keyword>cmnq</Keyword>
								<Keyword>encode</Keyword>
								<Keyword>inmnsity</Keyword>
								<Keyword>ogeratlcn</Keyword>
								<Keyword>ous</Keyword>
								<Keyword>qggs</Keyword>
								<Keyword>reladve</Keyword>
								<Keyword>sqeqqrern</Keyword>
							</KeywordAnnotation>
						</TextAnnotation>
						<TextAnnotation confidence="0.0" relevance="0.3"
							xml:lang="en">
							<KeywordAnnotation>
								<Keyword>gfficjaryhy</Keyword>
								<Keyword>sncqd</Keyword>
							</KeywordAnnotation>
						</TextAnnotation>
						<TextAnnotation confidence="0.0" relevance="0.0"
							xml:lang="en">
							<KeywordAnnotation>
								<Keyword>-</Keyword>
								<Keyword>C</Keyword>
								<Keyword>I</Keyword>
								<Keyword>L</Keyword>
								<Keyword>M</Keyword>
								<Keyword>Q</Keyword>
								<Keyword>T</Keyword>
								<Keyword>V</Keyword>
								<Keyword>X</Keyword>
								<Keyword>e</Keyword>
								<Keyword>i</Keyword>
								<Keyword>l</Keyword>
								<Keyword>m</Keyword>
								<Keyword>q</Keyword>
							</KeywordAnnotation>
						</TextAnnotation>
					</AudioVisualSegment>
					<AudioVisualSegment id="track-1.segment-31">
						<MediaTime>
							<MediaRelTimePoint>T00:19:41:0F1000</MediaRelTimePoint>
							<MediaDuration>PT37S0N1000F</MediaDuration>
						</MediaTime>
						<TextAnnotation confidence="0.5" relevance="0.2"
							xml:lang="de">
							<KeywordAnnotation>
								<Keyword>Pur</Keyword>
							</KeywordAnnotation>
						</TextAnnotation>
						<TextAnnotation confidence="0.5" relevance="0.0"
							xml:lang="de">
							<KeywordAnnotation>
								<Keyword>QM</Keyword>
								<Keyword>bt</Keyword>
								<Keyword>ht</Keyword>
								<Keyword>lZ</Keyword>
								<Keyword>nl</Keyword>
								<Keyword>re</Keyword>
								<Keyword>to</Keyword>
							</KeywordAnnotation>
						</TextAnnotation>
						<TextAnnotation confidence="0.0" relevance="0.4"
							xml:lang="de">
							<KeywordAnnotation>
								<Keyword>IPMMN</Keyword>
								<Keyword>Y51Z</Keyword>
								<Keyword>ZiU1e</Keyword>
								<Keyword>addresse</Keyword>
								<Keyword>adve</Keyword>
							</KeywordAnnotation>
						</TextAnnotation>
						<TextAnnotation confidence="0.0" relevance="0.3"
							xml:lang="de">
							<KeywordAnnotation>
								<Keyword>calchang</Keyword>
							</KeywordAnnotation>
						</TextAnnotation>
						<TextAnnotation confidence="0.0" relevance="0.2"
							xml:lang="de">
							<KeywordAnnotation>
								<Keyword>Lxyv</Keyword>
							</KeywordAnnotation>
						</TextAnnotation>
						<TextAnnotation confidence="0.0" relevance="0.0"
							xml:lang="de">
							<KeywordAnnotation>
								<Keyword>-</Keyword>
								<Keyword>A</Keyword>
								<Keyword>J</Keyword>
								<Keyword>L</Keyword>
								<Keyword>N</Keyword>
								<Keyword>P</Keyword>
								<Keyword>QJ</Keyword>
								<Keyword>T</Keyword>
								<Keyword>Z</Keyword>
								<Keyword>e</Keyword>
								<Keyword>l</Keyword>
								<Keyword>r</Keyword>
								<Keyword>s</Keyword>
								<Keyword>w</Keyword>
								<Keyword>z</Keyword>
							</KeywordAnnotation>
						</TextAnnotation>
					</AudioVisualSegment>
					<AudioVisualSegment id="track-1.segment-32">
						<MediaTime>
							<MediaRelTimePoint>T00:20:18:0F1000</MediaRelTimePoint>
							<MediaDuration>PT32S0N1000F</MediaDuration>
						</MediaTime>
						<TextAnnotation confidence="0.5" relevance="0.4"
							xml:lang="de">
							<KeywordAnnotation>
								<Keyword>zes</Keyword>
							</KeywordAnnotation>
						</TextAnnotation>
						<TextAnnotation confidence="0.5" relevance="0.0"
							xml:lang="de">
							<KeywordAnnotation>
								<Keyword>Gt</Keyword>
								<Keyword>VJ</Keyword>
								<Keyword>al</Keyword>
								<Keyword>ei</Keyword>
								<Keyword>nl</Keyword>
								<Keyword>re</Keyword>
								<Keyword>to</Keyword>
								<Keyword>ze</Keyword>
							</KeywordAnnotation>
						</TextAnnotation>
						<TextAnnotation confidence="0.0" relevance="0.4"
							xml:lang="de">
							<KeywordAnnotation>
								<Keyword>addresse</Keyword>
								<Keyword>adve</Keyword>
								<Keyword>mqzm</Keyword>
								<Keyword>mzo</Keyword>
								<Keyword>nmzw</Keyword>
								<Keyword>rux</Keyword>
							</KeywordAnnotation>
						</TextAnnotation>
						<TextAnnotation confidence="0.0" relevance="0.2"
							xml:lang="de">
							<KeywordAnnotation>
								<Keyword>Wah</Keyword>
								<Keyword>hrvrv</Keyword>
							</KeywordAnnotation>
						</TextAnnotation>
						<TextAnnotation confidence="0.0" relevance="0.0"
							xml:lang="de">
							<KeywordAnnotation>
								<Keyword>-</Keyword>
								<Keyword>A</Keyword>
								<Keyword>C</Keyword>
								<Keyword>I</Keyword>
								<Keyword>J</Keyword>
								<Keyword>L</Keyword>
								<Keyword>M</Keyword>
								<Keyword>U</Keyword>
								<Keyword>V</Keyword>
								<Keyword>W</Keyword>
								<Keyword>e</Keyword>
								<Keyword>g</Keyword>
								<Keyword>l</Keyword>
								<Keyword>lv</Keyword>
								<Keyword>m</Keyword>
								<Keyword>n</Keyword>
								<Keyword>q</Keyword>
								<Keyword>r</Keyword>
								<Keyword>s</Keyword>
								<Keyword>t</Keyword>
								<Keyword>y</Keyword>
								<Keyword>z</Keyword>
							</KeywordAnnotation>
						</TextAnnotation>
					</AudioVisualSegment>
					<AudioVisualSegment id="track-1.segment-33">
						<MediaTime>
							<MediaRelTimePoint>T00:20:50:0F1000</MediaRelTimePoint>
							<MediaDuration>PT14S0N1000F</MediaDuration>
						</MediaTime>
						<TextAnnotation confidence="0.5" relevance="0.3"
							xml:lang="de">
							<KeywordAnnotation>
								<Keyword>address</Keyword>
								<Keyword>changed</Keyword>
								<Keyword>rim</Keyword>
								<Keyword>the</Keyword>
							</KeywordAnnotation>
						</TextAnnotation>
						<TextAnnotation confidence="0.5" relevance="0.0"
							xml:lang="de">
							<KeywordAnnotation>
								<Keyword>as</Keyword>
								<Keyword>bj</Keyword>
								<Keyword>gn</Keyword>
								<Keyword>re</Keyword>
								<Keyword>to</Keyword>
							</KeywordAnnotation>
						</TextAnnotation>
						<TextAnnotation confidence="0.0" relevance="0.4"
							xml:lang="de">
							<KeywordAnnotation>
								<Keyword>auve</Keyword>
							</KeywordAnnotation>
						</TextAnnotation>
						<TextAnnotation confidence="0.0" relevance="0.2"
							xml:lang="de">
							<KeywordAnnotation>
								<Keyword>ax-</Keyword>
								<Keyword>calchang</Keyword>
							</KeywordAnnotation>
						</TextAnnotation>
						<TextAnnotation confidence="0.0" relevance="0.0"
							xml:lang="de">
							<KeywordAnnotation>
								<Keyword>E</Keyword>
								<Keyword>I</Keyword>
								<Keyword>J</Keyword>
								<Keyword>K</Keyword>
								<Keyword>M</Keyword>
								<Keyword>V</Keyword>
								<Keyword>Z</Keyword>
								<Keyword>e</Keyword>
								<Keyword>f</Keyword>
								<Keyword>i</Keyword>
								<Keyword>l</Keyword>
								<Keyword>r</Keyword>
								<Keyword>s</Keyword>
								<Keyword>v</Keyword>
							</KeywordAnnotation>
						</TextAnnotation>
					</AudioVisualSegment>
					<AudioVisualSegment id="track-1.segment-34">
						<MediaTime>
							<MediaRelTimePoint>T00:21:04:0F1000</MediaRelTimePoint>
							<MediaDuration>PT27S0N1000F</MediaDuration>
						</MediaTime>
						<TextAnnotation confidence="0.5" relevance="0.5"
							xml:lang="en">
							<KeywordAnnotation>
								<Keyword>and</Keyword>
								<Keyword>capabilities</Keyword>
								<Keyword>dynamic</Keyword>
								<Keyword>local</Keyword>
								<Keyword>reh</Keyword>
								<Keyword>scene</Keyword>
								<Keyword>wide</Keyword>
							</KeywordAnnotation>
						</TextAnnotation>
						<TextAnnotation confidence="0.5" relevance="0.4"
							xml:lang="en">
							<KeywordAnnotation>
								<Keyword>Each</Keyword>
								<Keyword>Principle</Keyword>
								<Keyword>This</Keyword>
								<Keyword>active</Keyword>
								<Keyword>addresses</Keyword>
								<Keyword>amount</Keyword>
								<Keyword>camera</Keyword>
								<Keyword>change</Keyword>
								<Keyword>changed</Keyword>
								<Keyword>digital</Keyword>
								<Keyword>event</Keyword>
								<Keyword>has</Keyword>
								<Keyword>intensity</Keyword>
								<Keyword>log</Keyword>
								<Keyword>means</Keyword>
								<Keyword>operation</Keyword>
								<Keyword>quantized</Keyword>
								<Keyword>relative</Keyword>
								<Keyword>responds</Keyword>
								<Keyword>sensor</Keyword>
								<Keyword>that</Keyword>
								<Keyword>the</Keyword>
								<Keyword>vision</Keyword>
							</KeywordAnnotation>
						</TextAnnotation>
						<TextAnnotation confidence="0.5" relevance="0.3"
							xml:lang="en">
							<KeywordAnnotation>
								<Keyword>Same</Keyword>
								<Keyword>contrast</Keyword>
							</KeywordAnnotation>
						</TextAnnotation>
						<TextAnnotation confidence="0.5" relevance="0.0"
							xml:lang="en">
							<KeywordAnnotation>
								<Keyword>II</Keyword>
								<Keyword>Il</Keyword>
								<Keyword>by</Keyword>
								<Keyword>cf</Keyword>
								<Keyword>ch</Keyword>
								<Keyword>ef</Keyword>
								<Keyword>in</Keyword>
								<Keyword>ll</Keyword>
								<Keyword>of</Keyword>
								<Keyword>pi</Keyword>
								<Keyword>to</Keyword>
								<Keyword>wm</Keyword>
							</KeywordAnnotation>
						</TextAnnotation>
						<TextAnnotation confidence="0.0" relevance="0.6"
							xml:lang="en">
							<KeywordAnnotation>
								<Keyword>atency</Keyword>
							</KeywordAnnotation>
						</TextAnnotation>
						<TextAnnotation confidence="0.0" relevance="0.5"
							xml:lang="en">
							<KeywordAnnotation>
								<Keyword>ctancs</Keyword>
								<Keyword>npIgmer</Keyword>
								<Keyword>ogeration</Keyword>
								<Keyword>pges</Keyword>
								<Keyword>srprt</Keyword>
								<Keyword>tary</Keyword>
							</KeywordAnnotation>
						</TextAnnotation>
						<TextAnnotation confidence="0.0" relevance="0.4"
							xml:lang="en">
							<KeywordAnnotation>
								<Keyword>DVS</Keyword>
								<Keyword>Itemits</Keyword>
								<Keyword>TIQ</Keyword>
								<Keyword>address-events</Keyword>
								<Keyword>conv</Keyword>
								<Keyword>encode</Keyword>
								<Keyword>inlensiry</Keyword>
								<Keyword>ntional</Keyword>
								<Keyword>piixels</Keyword>
								<Keyword>temporal-contrast</Keyword>
								<Keyword>ynchr0n0us</Keyword>
							</KeywordAnnotation>
						</TextAnnotation>
						<TextAnnotation confidence="0.0" relevance="0.0"
							xml:lang="en">
							<KeywordAnnotation>
								<Keyword>-v</Keyword>
								<Keyword>C</Keyword>
								<Keyword>I</Keyword>
								<Keyword>S</Keyword>
								<Keyword>a</Keyword>
								<Keyword>r</Keyword>
								<Keyword>v</Keyword>
							</KeywordAnnotation>
						</TextAnnotation>
					</AudioVisualSegment>
					<AudioVisualSegment id="track-1.segment-35">
						<MediaTime>
							<MediaRelTimePoint>T00:21:31:0F1000</MediaRelTimePoint>
							<MediaDuration>PT03M49S0N1000F</MediaDuration>
						</MediaTime>
						<TextAnnotation confidence="0.5" relevance="0.5"
							xml:lang="en">
							<KeywordAnnotation>
								<Keyword>performance</Keyword>
							</KeywordAnnotation>
						</TextAnnotation>
						<TextAnnotation confidence="0.5" relevance="0.4"
							xml:lang="en">
							<KeywordAnnotation>
								<Keyword>Low</Keyword>
								<Keyword>light</Keyword>
							</KeywordAnnotation>
						</TextAnnotation>
						<TextAnnotation confidence="0.5" relevance="0.2"
							xml:lang="en">
							<KeywordAnnotation>
								<Keyword>Keys</Keyword>
								<Keyword>Pixels</Keyword>
								<Keyword>Shot</Keyword>
								<Keyword>ability</Keyword>
								<Keyword>all</Keyword>
								<Keyword>change</Keyword>
								<Keyword>current</Keyword>
								<Keyword>dark</Keyword>
								<Keyword>event</Keyword>
								<Keyword>high</Keyword>
								<Keyword>last</Keyword>
								<Keyword>lux</Keyword>
								<Keyword>since</Keyword>
								<Keyword>this</Keyword>
								<Keyword>under</Keyword>
								<Keyword>with</Keyword>
							</KeywordAnnotation>
						</TextAnnotation>
						<TextAnnotation confidence="0.5" relevance="0.0"
							xml:lang="en">
							<KeywordAnnotation>
								<Keyword>is</Keyword>
								<Keyword>of</Keyword>
								<Keyword>to</Keyword>
							</KeywordAnnotation>
						</TextAnnotation>
						<TextAnnotation confidence="0.0" relevance="0.2"
							xml:lang="en">
							<KeywordAnnotation>
								<Keyword>Lowthreshold</Keyword>
								<Keyword>Photocurrent</Keyword>
								<Keyword>mismatch</Keyword>
								<Keyword>moonlight</Keyword>
								<Keyword>oontrasttext</Keyword>
								<Keyword>remember</Keyword>
							</KeywordAnnotation>
						</TextAnnotation>
						<TextAnnotation confidence="0.0" relevance="0.0"
							xml:lang="en">
							<KeywordAnnotation>
								<Keyword>E</Keyword>
								<Keyword>I</Keyword>
								<Keyword>K</Keyword>
								<Keyword>Y</Keyword>
							</KeywordAnnotation>
						</TextAnnotation>
					</AudioVisualSegment>
					<AudioVisualSegment id="track-1.segment-36">
						<MediaTime>
							<MediaRelTimePoint>T00:25:20:0F1000</MediaRelTimePoint>
							<MediaDuration>PT38M21S764N1000F</MediaDuration>
						</MediaTime>
						<TextAnnotation confidence="0.5" relevance="0.5"
							xml:lang="en">
							<KeywordAnnotation>
								<Keyword>time</Keyword>
							</KeywordAnnotation>
						</TextAnnotation>
						<TextAnnotation confidence="0.5" relevance="0.4"
							xml:lang="en">
							<KeywordAnnotation>
								<Keyword>USB</Keyword>
								<Keyword>and</Keyword>
								<Keyword>bus</Keyword>
								<Keyword>connections</Keyword>
								<Keyword>with</Keyword>
							</KeywordAnnotation>
						</TextAnnotation>
						<TextAnnotation confidence="0.5" relevance="0.0"
							xml:lang="en">
							<KeywordAnnotation>
								<Keyword>ms</Keyword>
							</KeywordAnnotation>
						</TextAnnotation>
						<TextAnnotation confidence="0.0" relevance="0.5"
							xml:lang="en">
							<KeywordAnnotation>
								<Keyword>reactnon</Keyword>
							</KeywordAnnotation>
						</TextAnnotation>
						<TextAnnotation confidence="0.0" relevance="0.4"
							xml:lang="en">
							<KeywordAnnotation>
								<Keyword>Achieves</Keyword>
								<Keyword>FPS</Keyword>
								<Keyword>Foad</Keyword>
								<Keyword>rocessor</Keyword>
							</KeywordAnnotation>
						</TextAnnotation>
						<TextAnnotation confidence="0.0" relevance="0.0"
							xml:lang="en">
							<KeywordAnnotation>
								<Keyword>E</Keyword>
								<Keyword>a</Keyword>
							</KeywordAnnotation>
						</TextAnnotation>
					</AudioVisualSegment>
				</TemporalDecomposition>
			</AudioVisual>
		</MultimediaContent>
	</Description>
</Mpeg7>
