<?xml version="1.0" encoding="UTF-8"?>
<metadata xmlns="http://www.opencastproject.org/xsd/1.0/dublincore/" xmlns:dcterms="http://purl.org/dc/terms/" xmlns:xsi="http://www.w3.org/2001/XMLSchema-instance">
    <dcterms:creator>Celati, Giovanni</dcterms:creator>
    <dcterms:contributor xml:lang="en">Department of Humanities, Social and Political Sciences</dcterms:contributor>
    <dcterms:type>Event/Lecture</dcterms:type>
    <dcterms:license xml:lang="de">http://www.multimedia.ethz.ch/docs/haftungsausschluss/index</dcterms:license>
    <dcterms:license xml:lang="en">http://www.multimedia.ethz.ch/docs/disclaimer/index</dcterms:license>
    <dcterms:available xsi:type="dcterms:W3CDTF">2009-09-16</dcterms:available>
    <dcterms:created xsi:type="dcterms:Period">start=2009-09-15T15:00Z; end=2009-12-15T18:00Z; scheme=W3C-DTF;</dcterms:created>
    <dcterms:temporal xsi:type="dcterms:Period">start=2009-09-15T15:00Z; end=2009-12-15T18:00Z; scheme=W3C-DTF;</dcterms:temporal>
    <dcterms:description xml:lang="en">The Italian Chivalry poem reaches its peak with Boiardo's and Ariosto's adventurous narratives, and it remains a genre beyond comparison. The course aims to introduce these narratives to the new generation, showing the charm of their imagery, and their connection to different genres of folk spectacle, such as the  "romanzo in piazza", the Neapolitan "Rinaldi",  and the Sicilian "teatro dei pupi".</dcterms:description>
    <dcterms:description>Il poema cavalleresco italiano, che culmina nei racconti avventurosi di Boiardo e di Ariosto, rimane  qualcosa di unico in tutte le letterature europee. Il corso mira a renderlo familiare alle nuove generazioni, mostrando il fascino delle sue immagini, e il suo collegamento con vari generi di spettacolo popolare, come il "romanzo in piazza", i "Rinaldi" napoletani o il "teatro dei pupi" siciliano.</dcterms:description>
    <dcterms:language>ita</dcterms:language>
    <dcterms:rightsHolder xml:lang="de">ETH Zürich, Schweiz</dcterms:rightsHolder>
    <dcterms:rightsHolder xml:lang="en">ETH Zurich, Switzerland</dcterms:rightsHolder>
    <dcterms:publisher xml:lang="de">ETH Zürich, ID-MMS; Schweiz</dcterms:publisher>
    <dcterms:publisher xml:lang="en">ETH Zurich, ITS-MMS; Switzerland</dcterms:publisher>
    <dcterms:spatial xml:lang="de">Zürich, Schweiz</dcterms:spatial>
    <dcterms:spatial xml:lang="en">Zurich, Switzerland</dcterms:spatial>
    <dcterms:spatial>HG E1.2</dcterms:spatial>
    <dcterms:issued xsi:type="dcterms:W3CDTF">2009-09-13</dcterms:issued>
    <dcterms:identifier>851-0131-05L-2009W</dcterms:identifier>
    <dcterms:title xml:lang="en">De Sanctis: the Tradition of Italian Chivalric Poems from Pulci to Ariosto.</dcterms:title>
    <dcterms:title>De Sanctis: La tradizione dei poemi cavallereschi italiani da Pulci ad Ariosto</dcterms:title>
</metadata>
