<?xml version="1.0" encoding="UTF-8"?>
<metadata xmlns="http://www.opencastproject.org/xsd/1.0/dublincore/" xmlns:dcterms="http://purl.org/dc/terms/" xmlns:xsi="http://www.w3.org/2001/XMLSchema-instance">
    <dcterms:creator>Celati, Giovanni</dcterms:creator>
    <dcterms:type>MovingImage/LectureRecording</dcterms:type>
    <dcterms:extent xsi:type="dcterms:ISO8601">PT1H26M29.018S</dcterms:extent>
    <dcterms:isPartOf>851-0131-05L-2009W</dcterms:isPartOf>
    <dcterms:license xml:lang="de">http://www.multimedia.ethz.ch/docs/haftungsausschluss/index</dcterms:license>
    <dcterms:license xml:lang="en">http://www.multimedia.ethz.ch/docs/disclaimer/index</dcterms:license>
    <dcterms:created xsi:type="dcterms:W3CDTF">2009-11-17</dcterms:created>
    <dcterms:temporal xsi:type="dcterms:Period">start=2009-11-17T16:00Z; end=2009-11-17T18:00Z; scheme=W3C-DTF;</dcterms:temporal>
    <dcterms:language>ita</dcterms:language>
    <dcterms:rightsHolder xml:lang="de">ETH Zürich, Schweiz</dcterms:rightsHolder>
    <dcterms:rightsHolder xml:lang="en">ETH Zurich, Switzerland</dcterms:rightsHolder>
    <dcterms:publisher xml:lang="de">ETH Zürich, ID-MMS; Schweiz</dcterms:publisher>
    <dcterms:publisher xml:lang="en">ETH Zurich, ITS-MMS; Switzerland</dcterms:publisher>
    <dcterms:spatial>HGE12</dcterms:spatial>
    <dcterms:spatial xml:lang="de">Zürich</dcterms:spatial>
    <dcterms:spatial xml:lang="en">Zurich</dcterms:spatial>
    <dcterms:issued xsi:type="dcterms:W3CDTF">2009-11-18</dcterms:issued>
    <dcterms:identifier>10.3930/ETHZ/AV-0ffb304c-70f8-4599-89d0-1301361d2788</dcterms:identifier>
    <dcterms:title>De Sanctis: La tradizione dei poemi cavallereschi italiani da Pulci ad Ariosto</dcterms:title>
    <dcterms:title xml:lang="en">De Sanctis: the Tradition of Italian Chivalric Poems from Pulci to Ariosto.</dcterms:title>
</metadata>
