<?xml version="1.0" encoding="UTF-8"?>
<mediapackage duration="5748529" id="10.3930/ETHZ/AV-84f66752-aee8-4380-846f-6412487b7fe1">
<media>
<track id="track-1" type="engage/presenter">
    <url>http://downloads.opencastproject.org/media/car.flv</url>
    <mimetype>video/x-flv</mimetype>
    <checksum type="md5">7b3c7e8cc2cba2f5b7af4fd4224f3005</checksum>
</track>
<mimetype>video/quicktime</mimetype>
<checksum type="md5">b61a20c925b82b418ce669c8c4b9141e</checksum>
<url>tracks/camera.mov</url>
<Duration>5748529</Duration>
<Audio id="stream-2">
<Encoder type="ADPCM"/>
<Channels>2</Channels>
<BitDepth>16</BitDepth>
<BitRate>64000.0</BitRate>
</Audio>
<Video id="stream-1">
<Size>704x576</Size>
<BitRate>4258848.0</BitRate>
<FrameRate>25.0</FrameRate>
</Video>
</media>
<metadata>
<catalog id="catalog-3" ref="series:251-0317-00L-2009W" type="metadata/dublincore">
<mimetype>text/xml</mimetype>
<checksum type="md5">7a531d7f661a223b3da9e47c359f7640</checksum>
<url>metadata/dublincore-s-Kossmann09.xml</url>
</catalog>
<catalog id="catalog-1" type="metadata/dublincore">
<mimetype>text/xml</mimetype>
<checksum type="md5">f151c1e26400f7f9d0825f37131c9bd5</checksum>
<url>metadata/dublincore8429860906581674427.xml</url>
</catalog>
<catalog id="catalog-4" type="metadata/mpeg-7">
<mimetype>text/xml</mimetype>
<checksum type="md5">d41d8cd98f00b204e9800998ecf8427e</checksum>
<url>metadata/mpeg-76058152127245941529.xml</url>
</catalog>
</metadata>
<attachments>
    <attachment id="attachment-1" type="engage/cover">
        <url>http://downloads.opencastproject.org/media/engage-cover.jpg</url>
        <mimetype>image/jpeg</mimetype>
    </attachment>
    <attachment id="attachment-2" type="feed/cover">
        <url>http://downloads.opencastproject.org/media/feed-cover.jpg</url>
        <mimetype>image/jpeg</mimetype>
    </attachment>
</attachments>
</mediapackage>
