<?xml version="1.0" encoding="UTF-8"?>
<metadata xmlns="http://www.opencastproject.org/xsd/1.0/dublincore/" xmlns:dcterms="http://purl.org/dc/terms/" xmlns:xsi="http://www.w3.org/2001/XMLSchema-instance">
    <dcterms:creator>Streiff, Thomas - Moderator, CEO, The Sustainability Forum Zürich</dcterms:creator>
    <dcterms:creator>Lohmann, Ulrike - Professorin für Atmosphärenphysik</dcterms:creator>
    <dcterms:creator>Fischlin, Andreas - Professor für terrestrische Systemökologie</dcterms:creator>
    <dcterms:creator>Bresch, David - Swiss Re</dcterms:creator>
    <dcterms:creator>Hildesheimer, Gabi - Co-Geschäftsleiterin, öbu</dcterms:creator>
    <dcterms:creator>Ringger, Reto - ehemaliger CEO, SAM Group</dcterms:creator>
    <dcterms:extent xsi:type="dcterms:ISO8601">PT37M41.560S</dcterms:extent>
    <dcterms:isPartOf>10.3930/ETHZ/AV-74c13b81-caba-44f1-b2fa-46692e0ca1f3</dcterms:isPartOf>
    <dcterms:license xml:lang="de">http://www.multimedia.ethz.ch/docs/haftungsausschluss/index</dcterms:license>
    <dcterms:license xml:lang="en">http://www.multimedia.ethz.ch/docs/disclaimer/index</dcterms:license>
    <dcterms:created xsi:type="dcterms:W3CDTF">2009-11-12</dcterms:created>
    <dcterms:language>deu</dcterms:language>
    <dcterms:rightsHolder xml:lang="de">ETH Zürich, Schweiz</dcterms:rightsHolder>
    <dcterms:rightsHolder xml:lang="en">ETH Zurich, Switzerland</dcterms:rightsHolder>
    <dcterms:publisher xml:lang="de">ETH Zürich, ID-MMS; Schweiz</dcterms:publisher>
    <dcterms:publisher xml:lang="en">ETH Zurich, ITS-MMS; Switzerland</dcterms:publisher>
    <dcterms:identifier>10.3930/ETHZ/AV-09099ccc-468c-424e-b5b3-8f0b57c3bca7</dcterms:identifier>
    <dcterms:title>Diskussion 1</dcterms:title>
</metadata>
