<?xml version="1.0" encoding="UTF-8"?>
<mediapackage duration="4648814" id="10.3930/ETHZ/AV-2e6c6b0c-5974-4ee0-9253-ddf90b43706f">
<media>
<track id="track-1" type="engage/presenter">
    <url>http://downloads.opencastproject.org/media/car.flv</url>
    <mimetype>video/x-flv</mimetype>
    <checksum type="md5">7b3c7e8cc2cba2f5b7af4fd4224f3005</checksum>
</track>
<mimetype>video/quicktime</mimetype>
<checksum type="md5">b24ad82467ec59044611046dd08bbb82</checksum>
<url>tracks/20090505_Kolloquium_D_Sornette.mov</url>
<Duration>4648814</Duration>
<Audio id="stream-2">
<Encoder type="AAC"/>
<Channels>2</Channels>
<BitDepth>16</BitDepth>
<BitRate>256000.0</BitRate>
</Audio>
<Video id="stream-1">
<Encoder type="AVC"/>
<Size>1024x768</Size>
<ScanType type="Progressive"/>
<BitRate>706297.0</BitRate>
<FrameRate>1.989</FrameRate>
</Video>
</media>
<metadata>
<catalog id="catalog-2" type="metadata/dublincore">
<mimetype>text/xml</mimetype>
<checksum type="md5">791048998b97a7b224bf8c1275722e81</checksum>
<url>metadata/dublincore-e-EMPA_20090505_Sornette.xml</url>
</catalog>
<catalog id="catalog-1" ref="series:EMPA-0001-00X" type="metadata/dublincore">
<mimetype>text/xml</mimetype>
<checksum type="md5">bf6b8f4ecdd93a8d9196f4f25d35596d</checksum>
<url>metadata/dublincore-s-EMPA-0001-00X.xml</url>
</catalog>
<catalog id="catalog-3" type="metadata/mpeg-7">
<mimetype>text/xml</mimetype>
<checksum type="md5">d41d8cd98f00b204e9800998ecf8427e</checksum>
<url>metadata/mpeg-72963022912229683856.xml</url>
</catalog>
</metadata>
<attachments>
    <attachment id="attachment-1" type="engage/cover">
        <url>http://downloads.opencastproject.org/media/engage-cover.jpg</url>
        <mimetype>image/jpeg</mimetype>
    </attachment>
    <attachment id="attachment-2" type="feed/cover">
        <url>http://downloads.opencastproject.org/media/feed-cover.jpg</url>
        <mimetype>image/jpeg</mimetype>
    </attachment>
</attachments>
</mediapackage>
