<?xml version="1.0" encoding="UTF-8"?>
<Mpeg7 xmlns="urn:mpeg:mpeg7:schema:2001" xmlns:mpeg7="urn:mpeg7:schema:2001" xmlns:xsi="http://www.w3.org/2001/XMLSchema-instance/">
    <Description xsi:type="ContentEntityType">
        <MultimediaContent xsi:type="AudioVisualType">
            <AudioVisual id="track-1">
                <mediaLocator>
                    <mediaUri>file:tracks/camera.avi</mediaUri>
                </mediaLocator>
                <mediaTime>
                    <mediaTimePoint>T00:00:00:0F25</mediaTimePoint>
                    <mediaDuration>PT01H52M44N1000F</mediaDuration>
                </mediaTime>
                <TemporalDecomposition criteria="temporal" gap="false" overlap="false">
                    <AudioVisualSegment id="track-1.segment-1">
                        <mediaTime>
                            <mediaRelTimePoint>T00:00:00:0F1000</mediaRelTimePoint>
                            <mediaDuration>PT16S0N1000F</mediaDuration>
                        </mediaTime>
                        <TextAnnotation confidence="0.0" relevance="0.0" xml:lang="en">
                            <KeywordAnnotation>
                                <Keyword>E</Keyword>
                                <Keyword>I</Keyword>
                                <Keyword>Z</Keyword>
                            </KeywordAnnotation>
                        </TextAnnotation>
                    </AudioVisualSegment>
                    <AudioVisualSegment id="track-1.segment-2">
                        <mediaTime>
                            <mediaRelTimePoint>T00:00:16:0F1000</mediaRelTimePoint>
                            <mediaDuration>PT41S0N1000F</mediaDuration>
                        </mediaTime>
                        <TextAnnotation confidence="0.0" relevance="0.0" xml:lang="en">
                            <KeywordAnnotation>
                                <Keyword>E</Keyword>
                                <Keyword>I</Keyword>
                            </KeywordAnnotation>
                        </TextAnnotation>
                    </AudioVisualSegment>
                    <AudioVisualSegment id="track-1.segment-3">
                        <mediaTime>
                            <mediaRelTimePoint>T00:00:57:0F1000</mediaRelTimePoint>
                            <mediaDuration>PT22S0N1000F</mediaDuration>
                        </mediaTime>
                        <TextAnnotation confidence="0.0" relevance="0.0" xml:lang="en">
                            <KeywordAnnotation>
                                <Keyword>E</Keyword>
                                <Keyword>I</Keyword>
                            </KeywordAnnotation>
                        </TextAnnotation>
                    </AudioVisualSegment>
                    <AudioVisualSegment id="track-1.segment-4">
                        <mediaTime>
                            <mediaRelTimePoint>T00:01:19:0F1000</mediaRelTimePoint>
                            <mediaDuration>PT20S0N1000F</mediaDuration>
                        </mediaTime>
                    </AudioVisualSegment>
                    <AudioVisualSegment id="track-1.segment-5">
                        <mediaTime>
                            <mediaRelTimePoint>T00:01:39:0F1000</mediaRelTimePoint>
                            <mediaDuration>PT03M14S0N1000F</mediaDuration>
                        </mediaTime>
                        <TextAnnotation confidence="0.0" relevance="0.0" xml:lang="en">
                            <KeywordAnnotation>
                                <Keyword>E</Keyword>
                                <Keyword>I</Keyword>
                            </KeywordAnnotation>
                        </TextAnnotation>
                    </AudioVisualSegment>
                    <AudioVisualSegment id="track-1.segment-6">
                        <mediaTime>
                            <mediaRelTimePoint>T00:04:53:0F1000</mediaRelTimePoint>
                            <mediaDuration>PT23S0N1000F</mediaDuration>
                        </mediaTime>
                        <TextAnnotation confidence="0.5" relevance="0.0" xml:lang="de">
                            <KeywordAnnotation>
                                <Keyword>II</Keyword>
                            </KeywordAnnotation>
                        </TextAnnotation>
                        <TextAnnotation confidence="0.0" relevance="0.0" xml:lang="de">
                            <KeywordAnnotation>
                                <Keyword>L</Keyword>
                            </KeywordAnnotation>
                        </TextAnnotation>
                    </AudioVisualSegment>
                    <AudioVisualSegment id="track-1.segment-7">
                        <mediaTime>
                            <mediaRelTimePoint>T00:05:16:0F1000</mediaRelTimePoint>
                            <mediaDuration>PT52S0N1000F</mediaDuration>
                        </mediaTime>
                        <TextAnnotation confidence="0.5" relevance="0.0" xml:lang="de">
                            <KeywordAnnotation>
                                <Keyword>Qt</Keyword>
                            </KeywordAnnotation>
                        </TextAnnotation>
                        <TextAnnotation confidence="0.0" relevance="0.0" xml:lang="de">
                            <KeywordAnnotation>
                                <Keyword>I</Keyword>
                            </KeywordAnnotation>
                        </TextAnnotation>
                    </AudioVisualSegment>
                    <AudioVisualSegment id="track-1.segment-8">
                        <mediaTime>
                            <mediaRelTimePoint>T00:06:08:0F1000</mediaRelTimePoint>
                            <mediaDuration>PT16S0N1000F</mediaDuration>
                        </mediaTime>
                        <TextAnnotation confidence="0.0" relevance="0.0" xml:lang="en">
                            <KeywordAnnotation>
                                <Keyword>E</Keyword>
                                <Keyword>K</Keyword>
                                <Keyword>i</Keyword>
                            </KeywordAnnotation>
                        </TextAnnotation>
                    </AudioVisualSegment>
                    <AudioVisualSegment id="track-1.segment-9">
                        <mediaTime>
                            <mediaRelTimePoint>T00:06:24:0F1000</mediaRelTimePoint>
                            <mediaDuration>PT53S0N1000F</mediaDuration>
                        </mediaTime>
                        <TextAnnotation confidence="0.0" relevance="0.0" xml:lang="en">
                            <KeywordAnnotation>
                                <Keyword>I</Keyword>
                                <Keyword>J</Keyword>
                            </KeywordAnnotation>
                        </TextAnnotation>
                    </AudioVisualSegment>
                    <AudioVisualSegment id="track-1.segment-10">
                        <mediaTime>
                            <mediaRelTimePoint>T00:07:17:0F1000</mediaRelTimePoint>
                            <mediaDuration>PT13S0N1000F</mediaDuration>
                        </mediaTime>
                        <TextAnnotation confidence="0.0" relevance="0.0" xml:lang="en">
                            <KeywordAnnotation>
                                <Keyword>L</Keyword>
                            </KeywordAnnotation>
                        </TextAnnotation>
                    </AudioVisualSegment>
                    <AudioVisualSegment id="track-1.segment-11">
                        <mediaTime>
                            <mediaRelTimePoint>T00:07:30:0F1000</mediaRelTimePoint>
                            <mediaDuration>PT33S0N1000F</mediaDuration>
                        </mediaTime>
                        <TextAnnotation confidence="0.5" relevance="0.0" xml:lang="de">
                            <KeywordAnnotation>
                                <Keyword>Ti</Keyword>
                            </KeywordAnnotation>
                        </TextAnnotation>
                        <TextAnnotation confidence="0.0" relevance="0.0" xml:lang="de">
                            <KeywordAnnotation>
                                <Keyword>K</Keyword>
                                <Keyword>Y</Keyword>
                            </KeywordAnnotation>
                        </TextAnnotation>
                    </AudioVisualSegment>
                    <AudioVisualSegment id="track-1.segment-12">
                        <mediaTime>
                            <mediaRelTimePoint>T00:08:03:0F1000</mediaRelTimePoint>
                            <mediaDuration>PT45S0N1000F</mediaDuration>
                        </mediaTime>
                        <TextAnnotation confidence="0.0" relevance="0.0" xml:lang="en">
                            <KeywordAnnotation>
                                <Keyword>A</Keyword>
                                <Keyword>E</Keyword>
                                <Keyword>I</Keyword>
                            </KeywordAnnotation>
                        </TextAnnotation>
                    </AudioVisualSegment>
                    <AudioVisualSegment id="track-1.segment-13">
                        <mediaTime>
                            <mediaRelTimePoint>T00:08:48:0F1000</mediaRelTimePoint>
                            <mediaDuration>PT11S0N1000F</mediaDuration>
                        </mediaTime>
                        <TextAnnotation confidence="0.0" relevance="0.0" xml:lang="en">
                            <KeywordAnnotation>
                                <Keyword>L</Keyword>
                                <Keyword>i</Keyword>
                            </KeywordAnnotation>
                        </TextAnnotation>
                    </AudioVisualSegment>
                    <AudioVisualSegment id="track-1.segment-14">
                        <mediaTime>
                            <mediaRelTimePoint>T00:08:59:0F1000</mediaRelTimePoint>
                            <mediaDuration>PT20S0N1000F</mediaDuration>
                        </mediaTime>
                        <TextAnnotation confidence="0.0" relevance="0.0" xml:lang="en">
                            <KeywordAnnotation>
                                <Keyword>I</Keyword>
                            </KeywordAnnotation>
                        </TextAnnotation>
                    </AudioVisualSegment>
                    <AudioVisualSegment id="track-1.segment-15">
                        <mediaTime>
                            <mediaRelTimePoint>T00:09:19:0F1000</mediaRelTimePoint>
                            <mediaDuration>PT18S0N1000F</mediaDuration>
                        </mediaTime>
                        <TextAnnotation confidence="0.0" relevance="0.0" xml:lang="en">
                            <KeywordAnnotation>
                                <Keyword>Y</Keyword>
                            </KeywordAnnotation>
                        </TextAnnotation>
                    </AudioVisualSegment>
                    <AudioVisualSegment id="track-1.segment-16">
                        <mediaTime>
                            <mediaRelTimePoint>T00:09:37:0F1000</mediaRelTimePoint>
                            <mediaDuration>PT24S0N1000F</mediaDuration>
                        </mediaTime>
                        <TextAnnotation confidence="0.5" relevance="0.0" xml:lang="en">
                            <KeywordAnnotation>
                                <Keyword>Is</Keyword>
                            </KeywordAnnotation>
                        </TextAnnotation>
                        <TextAnnotation confidence="0.0" relevance="0.0" xml:lang="en">
                            <KeywordAnnotation>
                                <Keyword>E</Keyword>
                                <Keyword>I</Keyword>
                                <Keyword>S</Keyword>
                                <Keyword>Y</Keyword>
                                <Keyword>t</Keyword>
                            </KeywordAnnotation>
                        </TextAnnotation>
                    </AudioVisualSegment>
                    <AudioVisualSegment id="track-1.segment-17">
                        <mediaTime>
                            <mediaRelTimePoint>T00:10:01:0F1000</mediaRelTimePoint>
                            <mediaDuration>PT25S0N1000F</mediaDuration>
                        </mediaTime>
                        <TextAnnotation confidence="0.0" relevance="0.0" xml:lang="en">
                            <KeywordAnnotation>
                                <Keyword>K</Keyword>
                            </KeywordAnnotation>
                        </TextAnnotation>
                    </AudioVisualSegment>
                    <AudioVisualSegment id="track-1.segment-18">
                        <mediaTime>
                            <mediaRelTimePoint>T00:10:26:0F1000</mediaRelTimePoint>
                            <mediaDuration>PT52S0N1000F</mediaDuration>
                        </mediaTime>
                        <TextAnnotation confidence="0.0" relevance="0.0" xml:lang="en">
                            <KeywordAnnotation>
                                <Keyword>I</Keyword>
                            </KeywordAnnotation>
                        </TextAnnotation>
                    </AudioVisualSegment>
                    <AudioVisualSegment id="track-1.segment-19">
                        <mediaTime>
                            <mediaRelTimePoint>T00:11:18:0F1000</mediaRelTimePoint>
                            <mediaDuration>PT50S0N1000F</mediaDuration>
                        </mediaTime>
                    </AudioVisualSegment>
                    <AudioVisualSegment id="track-1.segment-20">
                        <mediaTime>
                            <mediaRelTimePoint>T00:12:08:0F1000</mediaRelTimePoint>
                            <mediaDuration>PT31S0N1000F</mediaDuration>
                        </mediaTime>
                        <TextAnnotation confidence="0.0" relevance="0.0" xml:lang="en">
                            <KeywordAnnotation>
                                <Keyword>A</Keyword>
                            </KeywordAnnotation>
                        </TextAnnotation>
                    </AudioVisualSegment>
                    <AudioVisualSegment id="track-1.segment-21">
                        <mediaTime>
                            <mediaRelTimePoint>T00:12:39:0F1000</mediaRelTimePoint>
                            <mediaDuration>PT01M01S0N1000F</mediaDuration>
                        </mediaTime>
                        <TextAnnotation confidence="0.0" relevance="0.0" xml:lang="en">
                            <KeywordAnnotation>
                                <Keyword>I</Keyword>
                                <Keyword>S</Keyword>
                                <Keyword>Y</Keyword>
                            </KeywordAnnotation>
                        </TextAnnotation>
                    </AudioVisualSegment>
                    <AudioVisualSegment id="track-1.segment-22">
                        <mediaTime>
                            <mediaRelTimePoint>T00:13:40:0F1000</mediaRelTimePoint>
                            <mediaDuration>PT16S0N1000F</mediaDuration>
                        </mediaTime>
                        <TextAnnotation confidence="0.0" relevance="0.0" xml:lang="en">
                            <KeywordAnnotation>
                                <Keyword>E</Keyword>
                                <Keyword>K</Keyword>
                            </KeywordAnnotation>
                        </TextAnnotation>
                    </AudioVisualSegment>
                    <AudioVisualSegment id="track-1.segment-23">
                        <mediaTime>
                            <mediaRelTimePoint>T00:13:56:0F1000</mediaRelTimePoint>
                            <mediaDuration>PT02M09S0N1000F</mediaDuration>
                        </mediaTime>
                        <TextAnnotation confidence="0.0" relevance="0.0" xml:lang="en">
                            <KeywordAnnotation>
                                <Keyword>L</Keyword>
                                <Keyword>Y</Keyword>
                            </KeywordAnnotation>
                        </TextAnnotation>
                    </AudioVisualSegment>
                    <AudioVisualSegment id="track-1.segment-24">
                        <mediaTime>
                            <mediaRelTimePoint>T00:16:05:0F1000</mediaRelTimePoint>
                            <mediaDuration>PT22S0N1000F</mediaDuration>
                        </mediaTime>
                        <TextAnnotation confidence="0.0" relevance="0.0" xml:lang="en">
                            <KeywordAnnotation>
                                <Keyword>E</Keyword>
                                <Keyword>I</Keyword>
                                <Keyword>r</Keyword>
                            </KeywordAnnotation>
                        </TextAnnotation>
                    </AudioVisualSegment>
                    <AudioVisualSegment id="track-1.segment-25">
                        <mediaTime>
                            <mediaRelTimePoint>T00:16:27:0F1000</mediaRelTimePoint>
                            <mediaDuration>PT17S0N1000F</mediaDuration>
                        </mediaTime>
                        <TextAnnotation confidence="0.5" relevance="0.0" xml:lang="de">
                            <KeywordAnnotation>
                                <Keyword>rz</Keyword>
                            </KeywordAnnotation>
                        </TextAnnotation>
                        <TextAnnotation confidence="0.0" relevance="0.0" xml:lang="de">
                            <KeywordAnnotation>
                                <Keyword>I</Keyword>
                                <Keyword>Z</Keyword>
                            </KeywordAnnotation>
                        </TextAnnotation>
                    </AudioVisualSegment>
                    <AudioVisualSegment id="track-1.segment-26">
                        <mediaTime>
                            <mediaRelTimePoint>T00:16:44:0F1000</mediaRelTimePoint>
                            <mediaDuration>PT27S0N1000F</mediaDuration>
                        </mediaTime>
                        <TextAnnotation confidence="0.0" relevance="0.0" xml:lang="en">
                            <KeywordAnnotation>
                                <Keyword>-</Keyword>
                                <Keyword>Y</Keyword>
                                <Keyword>i</Keyword>
                            </KeywordAnnotation>
                        </TextAnnotation>
                    </AudioVisualSegment>
                    <AudioVisualSegment id="track-1.segment-27">
                        <mediaTime>
                            <mediaRelTimePoint>T00:17:11:0F1000</mediaRelTimePoint>
                            <mediaDuration>PT01M51S0N1000F</mediaDuration>
                        </mediaTime>
                        <TextAnnotation confidence="0.0" relevance="0.0" xml:lang="en">
                            <KeywordAnnotation>
                                <Keyword>I</Keyword>
                                <Keyword>K</Keyword>
                                <Keyword>S</Keyword>
                            </KeywordAnnotation>
                        </TextAnnotation>
                    </AudioVisualSegment>
                    <AudioVisualSegment id="track-1.segment-28">
                        <mediaTime>
                            <mediaRelTimePoint>T00:19:02:0F1000</mediaRelTimePoint>
                            <mediaDuration>PT50S0N1000F</mediaDuration>
                        </mediaTime>
                        <TextAnnotation confidence="0.0" relevance="0.0" xml:lang="en">
                            <KeywordAnnotation>
                                <Keyword>E</Keyword>
                                <Keyword>I</Keyword>
                                <Keyword>Y</Keyword>
                            </KeywordAnnotation>
                        </TextAnnotation>
                    </AudioVisualSegment>
                    <AudioVisualSegment id="track-1.segment-29">
                        <mediaTime>
                            <mediaRelTimePoint>T00:19:52:0F1000</mediaRelTimePoint>
                            <mediaDuration>PT54S0N1000F</mediaDuration>
                        </mediaTime>
                        <TextAnnotation confidence="0.0" relevance="0.0" xml:lang="en">
                            <KeywordAnnotation>
                                <Keyword>I</Keyword>
                                <Keyword>J</Keyword>
                                <Keyword>S</Keyword>
                                <Keyword>Z</Keyword>
                            </KeywordAnnotation>
                        </TextAnnotation>
                    </AudioVisualSegment>
                    <AudioVisualSegment id="track-1.segment-30">
                        <mediaTime>
                            <mediaRelTimePoint>T00:20:46:0F1000</mediaRelTimePoint>
                            <mediaDuration>PT33S0N1000F</mediaDuration>
                        </mediaTime>
                        <TextAnnotation confidence="0.0" relevance="0.0" xml:lang="en">
                            <KeywordAnnotation>
                                <Keyword>S</Keyword>
                                <Keyword>X</Keyword>
                            </KeywordAnnotation>
                        </TextAnnotation>
                    </AudioVisualSegment>
                    <AudioVisualSegment id="track-1.segment-31">
                        <mediaTime>
                            <mediaRelTimePoint>T00:21:19:0F1000</mediaRelTimePoint>
                            <mediaDuration>PT15S0N1000F</mediaDuration>
                        </mediaTime>
                        <TextAnnotation confidence="0.0" relevance="0.0" xml:lang="en">
                            <KeywordAnnotation>
                                <Keyword>I</Keyword>
                            </KeywordAnnotation>
                        </TextAnnotation>
                    </AudioVisualSegment>
                    <AudioVisualSegment id="track-1.segment-32">
                        <mediaTime>
                            <mediaRelTimePoint>T00:21:34:0F1000</mediaRelTimePoint>
                            <mediaDuration>PT41S0N1000F</mediaDuration>
                        </mediaTime>
                        <TextAnnotation confidence="0.0" relevance="0.0" xml:lang="en">
                            <KeywordAnnotation>
                                <Keyword>Q</Keyword>
                            </KeywordAnnotation>
                        </TextAnnotation>
                    </AudioVisualSegment>
                    <AudioVisualSegment id="track-1.segment-33">
                        <mediaTime>
                            <mediaRelTimePoint>T00:22:15:0F1000</mediaRelTimePoint>
                            <mediaDuration>PT12S0N1000F</mediaDuration>
                        </mediaTime>
                        <TextAnnotation confidence="0.0" relevance="0.0" xml:lang="en">
                            <KeywordAnnotation>
                                <Keyword>Q</Keyword>
                            </KeywordAnnotation>
                        </TextAnnotation>
                    </AudioVisualSegment>
                    <AudioVisualSegment id="track-1.segment-34">
                        <mediaTime>
                            <mediaRelTimePoint>T00:22:27:0F1000</mediaRelTimePoint>
                            <mediaDuration>PT17S0N1000F</mediaDuration>
                        </mediaTime>
                        <TextAnnotation confidence="0.5" relevance="0.0" xml:lang="de">
                            <KeywordAnnotation>
                                <Keyword>il</Keyword>
                            </KeywordAnnotation>
                        </TextAnnotation>
                        <TextAnnotation confidence="0.0" relevance="0.0" xml:lang="de">
                            <KeywordAnnotation>
                                <Keyword>E</Keyword>
                            </KeywordAnnotation>
                        </TextAnnotation>
                    </AudioVisualSegment>
                    <AudioVisualSegment id="track-1.segment-35">
                        <mediaTime>
                            <mediaRelTimePoint>T00:22:44:0F1000</mediaRelTimePoint>
                            <mediaDuration>PT26S0N1000F</mediaDuration>
                        </mediaTime>
                        <TextAnnotation confidence="0.0" relevance="0.0" xml:lang="en">
                            <KeywordAnnotation>
                                <Keyword>Y</Keyword>
                            </KeywordAnnotation>
                        </TextAnnotation>
                    </AudioVisualSegment>
                    <AudioVisualSegment id="track-1.segment-36">
                        <mediaTime>
                            <mediaRelTimePoint>T00:23:10:0F1000</mediaRelTimePoint>
                            <mediaDuration>PT13S0N1000F</mediaDuration>
                        </mediaTime>
                        <TextAnnotation confidence="0.0" relevance="0.0" xml:lang="en">
                            <KeywordAnnotation>
                                <Keyword>A</Keyword>
                            </KeywordAnnotation>
                        </TextAnnotation>
                    </AudioVisualSegment>
                    <AudioVisualSegment id="track-1.segment-37">
                        <mediaTime>
                            <mediaRelTimePoint>T00:23:23:0F1000</mediaRelTimePoint>
                            <mediaDuration>PT26S0N1000F</mediaDuration>
                        </mediaTime>
                        <TextAnnotation confidence="0.0" relevance="0.0" xml:lang="en">
                            <KeywordAnnotation>
                                <Keyword>T</Keyword>
                            </KeywordAnnotation>
                        </TextAnnotation>
                    </AudioVisualSegment>
                    <AudioVisualSegment id="track-1.segment-38">
                        <mediaTime>
                            <mediaRelTimePoint>T00:23:49:0F1000</mediaRelTimePoint>
                            <mediaDuration>PT25S0N1000F</mediaDuration>
                        </mediaTime>
                        <TextAnnotation confidence="0.0" relevance="0.0" xml:lang="en">
                            <KeywordAnnotation>
                                <Keyword>Q</Keyword>
                            </KeywordAnnotation>
                        </TextAnnotation>
                    </AudioVisualSegment>
                    <AudioVisualSegment id="track-1.segment-39">
                        <mediaTime>
                            <mediaRelTimePoint>T00:24:14:0F1000</mediaRelTimePoint>
                            <mediaDuration>PT14S0N1000F</mediaDuration>
                        </mediaTime>
                        <TextAnnotation confidence="0.0" relevance="0.0" xml:lang="en">
                            <KeywordAnnotation>
                                <Keyword>Q</Keyword>
                                <Keyword>V</Keyword>
                                <Keyword>i</Keyword>
                            </KeywordAnnotation>
                        </TextAnnotation>
                    </AudioVisualSegment>
                    <AudioVisualSegment id="track-1.segment-40">
                        <mediaTime>
                            <mediaRelTimePoint>T00:24:28:0F1000</mediaRelTimePoint>
                            <mediaDuration>PT11S0N1000F</mediaDuration>
                        </mediaTime>
                        <TextAnnotation confidence="0.5" relevance="0.0" xml:lang="de">
                            <KeywordAnnotation>
                                <Keyword>sl</Keyword>
                            </KeywordAnnotation>
                        </TextAnnotation>
                        <TextAnnotation confidence="0.0" relevance="0.0" xml:lang="de">
                            <KeywordAnnotation>
                                <Keyword>Q</Keyword>
                                <Keyword>S</Keyword>
                                <Keyword>l</Keyword>
                                <Keyword>r</Keyword>
                            </KeywordAnnotation>
                        </TextAnnotation>
                    </AudioVisualSegment>
                    <AudioVisualSegment id="track-1.segment-41">
                        <mediaTime>
                            <mediaRelTimePoint>T00:24:39:0F1000</mediaRelTimePoint>
                            <mediaDuration>PT51S0N1000F</mediaDuration>
                        </mediaTime>
                        <TextAnnotation confidence="0.0" relevance="0.0" xml:lang="en">
                            <KeywordAnnotation>
                                <Keyword>X</Keyword>
                            </KeywordAnnotation>
                        </TextAnnotation>
                    </AudioVisualSegment>
                    <AudioVisualSegment id="track-1.segment-42">
                        <mediaTime>
                            <mediaRelTimePoint>T00:25:30:0F1000</mediaRelTimePoint>
                            <mediaDuration>PT01M03S0N1000F</mediaDuration>
                        </mediaTime>
                        <TextAnnotation confidence="0.0" relevance="0.0" xml:lang="en">
                            <KeywordAnnotation>
                                <Keyword>I</Keyword>
                                <Keyword>Y</Keyword>
                            </KeywordAnnotation>
                        </TextAnnotation>
                    </AudioVisualSegment>
                    <AudioVisualSegment id="track-1.segment-43">
                        <mediaTime>
                            <mediaRelTimePoint>T00:26:33:0F1000</mediaRelTimePoint>
                            <mediaDuration>PT27S0N1000F</mediaDuration>
                        </mediaTime>
                        <TextAnnotation confidence="0.0" relevance="0.0" xml:lang="en">
                            <KeywordAnnotation>
                                <Keyword>I</Keyword>
                                <Keyword>Q</Keyword>
                                <Keyword>Y</Keyword>
                                <Keyword>i</Keyword>
                                <Keyword>x</Keyword>
                            </KeywordAnnotation>
                        </TextAnnotation>
                    </AudioVisualSegment>
                    <AudioVisualSegment id="track-1.segment-44">
                        <mediaTime>
                            <mediaRelTimePoint>T00:27:00:0F1000</mediaRelTimePoint>
                            <mediaDuration>PT43S0N1000F</mediaDuration>
                        </mediaTime>
                        <TextAnnotation confidence="0.0" relevance="0.0" xml:lang="en">
                            <KeywordAnnotation>
                                <Keyword>I</Keyword>
                            </KeywordAnnotation>
                        </TextAnnotation>
                    </AudioVisualSegment>
                    <AudioVisualSegment id="track-1.segment-45">
                        <mediaTime>
                            <mediaRelTimePoint>T00:27:43:0F1000</mediaRelTimePoint>
                            <mediaDuration>PT21S0N1000F</mediaDuration>
                        </mediaTime>
                        <TextAnnotation confidence="0.5" relevance="0.0" xml:lang="en">
                            <KeywordAnnotation>
                                <Keyword>it</Keyword>
                            </KeywordAnnotation>
                        </TextAnnotation>
                        <TextAnnotation confidence="0.0" relevance="0.0" xml:lang="en">
                            <KeywordAnnotation>
                                <Keyword>i</Keyword>
                            </KeywordAnnotation>
                        </TextAnnotation>
                    </AudioVisualSegment>
                    <AudioVisualSegment id="track-1.segment-46">
                        <mediaTime>
                            <mediaRelTimePoint>T00:28:04:0F1000</mediaRelTimePoint>
                            <mediaDuration>PT50S0N1000F</mediaDuration>
                        </mediaTime>
                        <TextAnnotation confidence="0.0" relevance="0.0" xml:lang="en">
                            <KeywordAnnotation>
                                <Keyword>I</Keyword>
                                <Keyword>Q</Keyword>
                            </KeywordAnnotation>
                        </TextAnnotation>
                    </AudioVisualSegment>
                    <AudioVisualSegment id="track-1.segment-47">
                        <mediaTime>
                            <mediaRelTimePoint>T00:28:54:0F1000</mediaRelTimePoint>
                            <mediaDuration>PT35S0N1000F</mediaDuration>
                        </mediaTime>
                        <TextAnnotation confidence="0.0" relevance="0.0" xml:lang="en">
                            <KeywordAnnotation>
                                <Keyword>T</Keyword>
                            </KeywordAnnotation>
                        </TextAnnotation>
                    </AudioVisualSegment>
                    <AudioVisualSegment id="track-1.segment-48">
                        <mediaTime>
                            <mediaRelTimePoint>T00:29:29:0F1000</mediaRelTimePoint>
                            <mediaDuration>PT01M09S0N1000F</mediaDuration>
                        </mediaTime>
                        <TextAnnotation confidence="0.0" relevance="0.0" xml:lang="en">
                            <KeywordAnnotation>
                                <Keyword>I</Keyword>
                            </KeywordAnnotation>
                        </TextAnnotation>
                    </AudioVisualSegment>
                    <AudioVisualSegment id="track-1.segment-49">
                        <mediaTime>
                            <mediaRelTimePoint>T00:30:38:0F1000</mediaRelTimePoint>
                            <mediaDuration>PT35S0N1000F</mediaDuration>
                        </mediaTime>
                        <TextAnnotation confidence="0.0" relevance="0.0" xml:lang="en">
                            <KeywordAnnotation>
                                <Keyword>I</Keyword>
                                <Keyword>Y</Keyword>
                            </KeywordAnnotation>
                        </TextAnnotation>
                    </AudioVisualSegment>
                    <AudioVisualSegment id="track-1.segment-50">
                        <mediaTime>
                            <mediaRelTimePoint>T00:31:13:0F1000</mediaRelTimePoint>
                            <mediaDuration>PT36S0N1000F</mediaDuration>
                        </mediaTime>
                        <TextAnnotation confidence="0.0" relevance="0.0" xml:lang="en">
                            <KeywordAnnotation>
                                <Keyword>I</Keyword>
                                <Keyword>Q</Keyword>
                            </KeywordAnnotation>
                        </TextAnnotation>
                    </AudioVisualSegment>
                    <AudioVisualSegment id="track-1.segment-51">
                        <mediaTime>
                            <mediaRelTimePoint>T00:31:49:0F1000</mediaRelTimePoint>
                            <mediaDuration>PT27S0N1000F</mediaDuration>
                        </mediaTime>
                    </AudioVisualSegment>
                    <AudioVisualSegment id="track-1.segment-52">
                        <mediaTime>
                            <mediaRelTimePoint>T00:32:16:0F1000</mediaRelTimePoint>
                            <mediaDuration>PT01M21S0N1000F</mediaDuration>
                        </mediaTime>
                    </AudioVisualSegment>
                    <AudioVisualSegment id="track-1.segment-53">
                        <mediaTime>
                            <mediaRelTimePoint>T00:33:37:0F1000</mediaRelTimePoint>
                            <mediaDuration>PT37S0N1000F</mediaDuration>
                        </mediaTime>
                        <TextAnnotation confidence="0.0" relevance="0.0" xml:lang="en">
                            <KeywordAnnotation>
                                <Keyword>S</Keyword>
                            </KeywordAnnotation>
                        </TextAnnotation>
                    </AudioVisualSegment>
                    <AudioVisualSegment id="track-1.segment-54">
                        <mediaTime>
                            <mediaRelTimePoint>T00:34:14:0F1000</mediaRelTimePoint>
                            <mediaDuration>PT01M0N1000F</mediaDuration>
                        </mediaTime>
                        <TextAnnotation confidence="0.0" relevance="0.0" xml:lang="en">
                            <KeywordAnnotation>
                                <Keyword>I</Keyword>
                                <Keyword>L</Keyword>
                                <Keyword>Z</Keyword>
                            </KeywordAnnotation>
                        </TextAnnotation>
                    </AudioVisualSegment>
                    <AudioVisualSegment id="track-1.segment-55">
                        <mediaTime>
                            <mediaRelTimePoint>T00:35:14:0F1000</mediaRelTimePoint>
                            <mediaDuration>PT20S0N1000F</mediaDuration>
                        </mediaTime>
                        <TextAnnotation confidence="0.5" relevance="0.0" xml:lang="de">
                            <KeywordAnnotation>
                                <Keyword>rr</Keyword>
                                <Keyword>xi</Keyword>
                            </KeywordAnnotation>
                        </TextAnnotation>
                        <TextAnnotation confidence="0.0" relevance="0.0" xml:lang="de">
                            <KeywordAnnotation>
                                <Keyword>A</Keyword>
                                <Keyword>Q</Keyword>
                                <Keyword>S</Keyword>
                                <Keyword>V</Keyword>
                                <Keyword>Z</Keyword>
                            </KeywordAnnotation>
                        </TextAnnotation>
                    </AudioVisualSegment>
                    <AudioVisualSegment id="track-1.segment-56">
                        <mediaTime>
                            <mediaRelTimePoint>T00:35:34:0F1000</mediaRelTimePoint>
                            <mediaDuration>PT19S0N1000F</mediaDuration>
                        </mediaTime>
                        <TextAnnotation confidence="0.0" relevance="0.0" xml:lang="en">
                            <KeywordAnnotation>
                                <Keyword>Q</Keyword>
                            </KeywordAnnotation>
                        </TextAnnotation>
                    </AudioVisualSegment>
                    <AudioVisualSegment id="track-1.segment-57">
                        <mediaTime>
                            <mediaRelTimePoint>T00:35:53:0F1000</mediaRelTimePoint>
                            <mediaDuration>PT42S0N1000F</mediaDuration>
                        </mediaTime>
                        <TextAnnotation confidence="0.0" relevance="0.0" xml:lang="en">
                            <KeywordAnnotation>
                                <Keyword>E</Keyword>
                            </KeywordAnnotation>
                        </TextAnnotation>
                    </AudioVisualSegment>
                    <AudioVisualSegment id="track-1.segment-58">
                        <mediaTime>
                            <mediaRelTimePoint>T00:36:35:0F1000</mediaRelTimePoint>
                            <mediaDuration>PT21S0N1000F</mediaDuration>
                        </mediaTime>
                        <TextAnnotation confidence="0.0" relevance="0.0" xml:lang="en">
                            <KeywordAnnotation>
                                <Keyword>E</Keyword>
                                <Keyword>I</Keyword>
                                <Keyword>v</Keyword>
                            </KeywordAnnotation>
                        </TextAnnotation>
                    </AudioVisualSegment>
                    <AudioVisualSegment id="track-1.segment-59">
                        <mediaTime>
                            <mediaRelTimePoint>T00:36:56:0F1000</mediaRelTimePoint>
                            <mediaDuration>PT01M09S0N1000F</mediaDuration>
                        </mediaTime>
                        <TextAnnotation confidence="0.0" relevance="0.0" xml:lang="en">
                            <KeywordAnnotation>
                                <Keyword>G</Keyword>
                                <Keyword>s</Keyword>
                            </KeywordAnnotation>
                        </TextAnnotation>
                    </AudioVisualSegment>
                    <AudioVisualSegment id="track-1.segment-60">
                        <mediaTime>
                            <mediaRelTimePoint>T00:38:05:0F1000</mediaRelTimePoint>
                            <mediaDuration>PT14S0N1000F</mediaDuration>
                        </mediaTime>
                    </AudioVisualSegment>
                    <AudioVisualSegment id="track-1.segment-61">
                        <mediaTime>
                            <mediaRelTimePoint>T00:38:19:0F1000</mediaRelTimePoint>
                            <mediaDuration>PT01M01S0N1000F</mediaDuration>
                        </mediaTime>
                        <TextAnnotation confidence="0.5" relevance="0.0" xml:lang="de">
                            <KeywordAnnotation>
                                <Keyword>Ur</Keyword>
                                <Keyword>gz</Keyword>
                                <Keyword>we</Keyword>
                            </KeywordAnnotation>
                        </TextAnnotation>
                        <TextAnnotation confidence="0.0" relevance="0.0" xml:lang="de">
                            <KeywordAnnotation>
                                <Keyword>I</Keyword>
                                <Keyword>J</Keyword>
                                <Keyword>K</Keyword>
                                <Keyword>T</Keyword>
                                <Keyword>V</Keyword>
                                <Keyword>W</Keyword>
                                <Keyword>e</Keyword>
                                <Keyword>g</Keyword>
                                <Keyword>j</Keyword>
                                <Keyword>q</Keyword>
                            </KeywordAnnotation>
                        </TextAnnotation>
                    </AudioVisualSegment>
                    <AudioVisualSegment id="track-1.segment-62">
                        <mediaTime>
                            <mediaRelTimePoint>T00:39:20:0F1000</mediaRelTimePoint>
                            <mediaDuration>PT38S0N1000F</mediaDuration>
                        </mediaTime>
                        <TextAnnotation confidence="0.0" relevance="0.0" xml:lang="en">
                            <KeywordAnnotation>
                                <Keyword>Y</Keyword>
                            </KeywordAnnotation>
                        </TextAnnotation>
                    </AudioVisualSegment>
                    <AudioVisualSegment id="track-1.segment-63">
                        <mediaTime>
                            <mediaRelTimePoint>T00:39:58:0F1000</mediaRelTimePoint>
                            <mediaDuration>PT39S0N1000F</mediaDuration>
                        </mediaTime>
                        <TextAnnotation confidence="0.5" relevance="0.0" xml:lang="de">
                            <KeywordAnnotation>
                                <Keyword>ri</Keyword>
                            </KeywordAnnotation>
                        </TextAnnotation>
                        <TextAnnotation confidence="0.0" relevance="0.2" xml:lang="de">
                            <KeywordAnnotation>
                                <Keyword>QAM</Keyword>
                            </KeywordAnnotation>
                        </TextAnnotation>
                        <TextAnnotation confidence="0.0" relevance="0.0" xml:lang="de">
                            <KeywordAnnotation>
                                <Keyword>h</Keyword>
                                <Keyword>i</Keyword>
                            </KeywordAnnotation>
                        </TextAnnotation>
                    </AudioVisualSegment>
                    <AudioVisualSegment id="track-1.segment-64">
                        <mediaTime>
                            <mediaRelTimePoint>T00:40:37:0F1000</mediaRelTimePoint>
                            <mediaDuration>PT27S0N1000F</mediaDuration>
                        </mediaTime>
                        <TextAnnotation confidence="0.0" relevance="0.0" xml:lang="en">
                            <KeywordAnnotation>
                                <Keyword>I</Keyword>
                            </KeywordAnnotation>
                        </TextAnnotation>
                    </AudioVisualSegment>
                    <AudioVisualSegment id="track-1.segment-65">
                        <mediaTime>
                            <mediaRelTimePoint>T00:41:04:0F1000</mediaRelTimePoint>
                            <mediaDuration>PT24S0N1000F</mediaDuration>
                        </mediaTime>
                        <TextAnnotation confidence="0.0" relevance="0.0" xml:lang="en">
                            <KeywordAnnotation>
                                <Keyword>I</Keyword>
                                <Keyword>Z</Keyword>
                            </KeywordAnnotation>
                        </TextAnnotation>
                    </AudioVisualSegment>
                    <AudioVisualSegment id="track-1.segment-66">
                        <mediaTime>
                            <mediaRelTimePoint>T00:41:28:0F1000</mediaRelTimePoint>
                            <mediaDuration>PT32S0N1000F</mediaDuration>
                        </mediaTime>
                    </AudioVisualSegment>
                    <AudioVisualSegment id="track-1.segment-67">
                        <mediaTime>
                            <mediaRelTimePoint>T00:42:00:0F1000</mediaRelTimePoint>
                            <mediaDuration>PT23S0N1000F</mediaDuration>
                        </mediaTime>
                    </AudioVisualSegment>
                    <AudioVisualSegment id="track-1.segment-68">
                        <mediaTime>
                            <mediaRelTimePoint>T00:42:23:0F1000</mediaRelTimePoint>
                            <mediaDuration>PT32S0N1000F</mediaDuration>
                        </mediaTime>
                        <TextAnnotation confidence="0.0" relevance="0.0" xml:lang="en">
                            <KeywordAnnotation>
                                <Keyword>Q</Keyword>
                                <Keyword>Y</Keyword>
                                <Keyword>Z</Keyword>
                                <Keyword>i</Keyword>
                                <Keyword>v</Keyword>
                            </KeywordAnnotation>
                        </TextAnnotation>
                    </AudioVisualSegment>
                    <AudioVisualSegment id="track-1.segment-69">
                        <mediaTime>
                            <mediaRelTimePoint>T00:42:55:0F1000</mediaRelTimePoint>
                            <mediaDuration>PT11S0N1000F</mediaDuration>
                        </mediaTime>
                        <TextAnnotation confidence="0.0" relevance="0.0" xml:lang="en">
                            <KeywordAnnotation>
                                <Keyword>I</Keyword>
                            </KeywordAnnotation>
                        </TextAnnotation>
                    </AudioVisualSegment>
                    <AudioVisualSegment id="track-1.segment-70">
                        <mediaTime>
                            <mediaRelTimePoint>T00:43:06:0F1000</mediaRelTimePoint>
                            <mediaDuration>PT25S0N1000F</mediaDuration>
                        </mediaTime>
                        <TextAnnotation confidence="0.0" relevance="0.0" xml:lang="en">
                            <KeywordAnnotation>
                                <Keyword>I</Keyword>
                            </KeywordAnnotation>
                        </TextAnnotation>
                    </AudioVisualSegment>
                    <AudioVisualSegment id="track-1.segment-71">
                        <mediaTime>
                            <mediaRelTimePoint>T00:43:31:0F1000</mediaRelTimePoint>
                            <mediaDuration>PT51S0N1000F</mediaDuration>
                        </mediaTime>
                        <TextAnnotation confidence="0.5" relevance="0.0" xml:lang="de">
                            <KeywordAnnotation>
                                <Keyword>ll</Keyword>
                            </KeywordAnnotation>
                        </TextAnnotation>
                        <TextAnnotation confidence="0.0" relevance="0.0" xml:lang="de">
                            <KeywordAnnotation>
                                <Keyword>I</Keyword>
                            </KeywordAnnotation>
                        </TextAnnotation>
                    </AudioVisualSegment>
                    <AudioVisualSegment id="track-1.segment-72">
                        <mediaTime>
                            <mediaRelTimePoint>T00:44:22:0F1000</mediaRelTimePoint>
                            <mediaDuration>PT51S0N1000F</mediaDuration>
                        </mediaTime>
                        <TextAnnotation confidence="0.0" relevance="0.0" xml:lang="en">
                            <KeywordAnnotation>
                                <Keyword>I</Keyword>
                            </KeywordAnnotation>
                        </TextAnnotation>
                    </AudioVisualSegment>
                    <AudioVisualSegment id="track-1.segment-73">
                        <mediaTime>
                            <mediaRelTimePoint>T00:45:13:0F1000</mediaRelTimePoint>
                            <mediaDuration>PT34S0N1000F</mediaDuration>
                        </mediaTime>
                        <TextAnnotation confidence="0.0" relevance="0.0" xml:lang="en">
                            <KeywordAnnotation>
                                <Keyword>E</Keyword>
                                <Keyword>Y</Keyword>
                            </KeywordAnnotation>
                        </TextAnnotation>
                    </AudioVisualSegment>
                    <AudioVisualSegment id="track-1.segment-74">
                        <mediaTime>
                            <mediaRelTimePoint>T00:45:47:0F1000</mediaRelTimePoint>
                            <mediaDuration>PT01M34S0N1000F</mediaDuration>
                        </mediaTime>
                        <TextAnnotation confidence="0.5" relevance="0.0" xml:lang="en">
                            <KeywordAnnotation>
                                <Keyword>is</Keyword>
                            </KeywordAnnotation>
                        </TextAnnotation>
                        <TextAnnotation confidence="0.0" relevance="0.0" xml:lang="en">
                            <KeywordAnnotation>
                                <Keyword>A</Keyword>
                                <Keyword>Q</Keyword>
                                <Keyword>Y</Keyword>
                            </KeywordAnnotation>
                        </TextAnnotation>
                    </AudioVisualSegment>
                    <AudioVisualSegment id="track-1.segment-75">
                        <mediaTime>
                            <mediaRelTimePoint>T00:47:21:0F1000</mediaRelTimePoint>
                            <mediaDuration>PT01M29S0N1000F</mediaDuration>
                        </mediaTime>
                        <TextAnnotation confidence="0.0" relevance="0.0" xml:lang="en">
                            <KeywordAnnotation>
                                <Keyword>E</Keyword>
                                <Keyword>Y</Keyword>
                            </KeywordAnnotation>
                        </TextAnnotation>
                    </AudioVisualSegment>
                    <AudioVisualSegment id="track-1.segment-76">
                        <mediaTime>
                            <mediaRelTimePoint>T00:48:50:0F1000</mediaRelTimePoint>
                            <mediaDuration>PT32S0N1000F</mediaDuration>
                        </mediaTime>
                        <TextAnnotation confidence="0.5" relevance="0.0" xml:lang="de">
                            <KeywordAnnotation>
                                <Keyword>IE</Keyword>
                                <Keyword>rm</Keyword>
                            </KeywordAnnotation>
                        </TextAnnotation>
                        <TextAnnotation confidence="0.0" relevance="0.0" xml:lang="de">
                            <KeywordAnnotation>
                                <Keyword>-</Keyword>
                                <Keyword>a</Keyword>
                            </KeywordAnnotation>
                        </TextAnnotation>
                    </AudioVisualSegment>
                    <AudioVisualSegment id="track-1.segment-77">
                        <mediaTime>
                            <mediaRelTimePoint>T00:49:22:0F1000</mediaRelTimePoint>
                            <mediaDuration>PT51S0N1000F</mediaDuration>
                        </mediaTime>
                        <TextAnnotation confidence="0.5" relevance="0.0" xml:lang="de">
                            <KeywordAnnotation>
                                <Keyword>FT</Keyword>
                                <Keyword>lx</Keyword>
                            </KeywordAnnotation>
                        </TextAnnotation>
                        <TextAnnotation confidence="0.0" relevance="0.0" xml:lang="de">
                            <KeywordAnnotation>
                                <Keyword>-</Keyword>
                                <Keyword>I</Keyword>
                                <Keyword>X</Keyword>
                                <Keyword>x</Keyword>
                            </KeywordAnnotation>
                        </TextAnnotation>
                    </AudioVisualSegment>
                    <AudioVisualSegment id="track-1.segment-78">
                        <mediaTime>
                            <mediaRelTimePoint>T00:50:13:0F1000</mediaRelTimePoint>
                            <mediaDuration>PT33S0N1000F</mediaDuration>
                        </mediaTime>
                        <TextAnnotation confidence="0.5" relevance="0.0" xml:lang="en">
                            <KeywordAnnotation>
                                <Keyword>it</Keyword>
                            </KeywordAnnotation>
                        </TextAnnotation>
                        <TextAnnotation confidence="0.0" relevance="0.5" xml:lang="en">
                            <KeywordAnnotation>
                                <Keyword>i,4.I</Keyword>
                            </KeywordAnnotation>
                        </TextAnnotation>
                        <TextAnnotation confidence="0.0" relevance="0.0" xml:lang="en">
                            <KeywordAnnotation>
                                <Keyword>E</Keyword>
                                <Keyword>I</Keyword>
                                <Keyword>L</Keyword>
                                <Keyword>i</Keyword>
                                <Keyword>r</Keyword>
                            </KeywordAnnotation>
                        </TextAnnotation>
                    </AudioVisualSegment>
                    <AudioVisualSegment id="track-1.segment-79">
                        <mediaTime>
                            <mediaRelTimePoint>T00:50:46:0F1000</mediaRelTimePoint>
                            <mediaDuration>PT01M05S0N1000F</mediaDuration>
                        </mediaTime>
                        <TextAnnotation confidence="0.0" relevance="0.0" xml:lang="en">
                            <KeywordAnnotation>
                                <Keyword>I</Keyword>
                                <Keyword>K</Keyword>
                                <Keyword>r</Keyword>
                            </KeywordAnnotation>
                        </TextAnnotation>
                    </AudioVisualSegment>
                    <AudioVisualSegment id="track-1.segment-80">
                        <mediaTime>
                            <mediaRelTimePoint>T00:51:51:0F1000</mediaRelTimePoint>
                            <mediaDuration>PT28S0N1000F</mediaDuration>
                        </mediaTime>
                        <TextAnnotation confidence="0.5" relevance="0.0" xml:lang="en">
                            <KeywordAnnotation>
                                <Keyword>BT</Keyword>
                            </KeywordAnnotation>
                        </TextAnnotation>
                        <TextAnnotation confidence="0.0" relevance="0.0" xml:lang="en">
                            <KeywordAnnotation>
                                <Keyword>I</Keyword>
                                <Keyword>X</Keyword>
                                <Keyword>f</Keyword>
                                <Keyword>s</Keyword>
                                <Keyword>y</Keyword>
                            </KeywordAnnotation>
                        </TextAnnotation>
                    </AudioVisualSegment>
                    <AudioVisualSegment id="track-1.segment-81">
                        <mediaTime>
                            <mediaRelTimePoint>T00:52:19:0F1000</mediaRelTimePoint>
                            <mediaDuration>PT30S0N1000F</mediaDuration>
                        </mediaTime>
                        <TextAnnotation confidence="0.0" relevance="0.0" xml:lang="en">
                            <KeywordAnnotation>
                                <Keyword>E</Keyword>
                                <Keyword>JF</Keyword>
                                <Keyword>U</Keyword>
                                <Keyword>X</Keyword>
                                <Keyword>Y</Keyword>
                                <Keyword>Z</Keyword>
                                <Keyword>t</Keyword>
                            </KeywordAnnotation>
                        </TextAnnotation>
                    </AudioVisualSegment>
                    <AudioVisualSegment id="track-1.segment-82">
                        <mediaTime>
                            <mediaRelTimePoint>T00:52:49:0F1000</mediaRelTimePoint>
                            <mediaDuration>PT26S0N1000F</mediaDuration>
                        </mediaTime>
                        <TextAnnotation confidence="0.0" relevance="0.0" xml:lang="en">
                            <KeywordAnnotation>
                                <Keyword>I</Keyword>
                                <Keyword>V</Keyword>
                                <Keyword>X</Keyword>
                                <Keyword>Z</Keyword>
                                <Keyword>x</Keyword>
                            </KeywordAnnotation>
                        </TextAnnotation>
                    </AudioVisualSegment>
                    <AudioVisualSegment id="track-1.segment-83">
                        <mediaTime>
                            <mediaRelTimePoint>T00:53:15:0F1000</mediaRelTimePoint>
                            <mediaDuration>PT48S0N1000F</mediaDuration>
                        </mediaTime>
                        <TextAnnotation confidence="0.0" relevance="0.4" xml:lang="en">
                            <KeywordAnnotation>
                                <Keyword>-1SX</Keyword>
                            </KeywordAnnotation>
                        </TextAnnotation>
                        <TextAnnotation confidence="0.0" relevance="0.0" xml:lang="en">
                            <KeywordAnnotation>
                                <Keyword>-</Keyword>
                                <Keyword>K</Keyword>
                                <Keyword>X</Keyword>
                                <Keyword>Y</Keyword>
                                <Keyword>r</Keyword>
                            </KeywordAnnotation>
                        </TextAnnotation>
                    </AudioVisualSegment>
                    <AudioVisualSegment id="track-1.segment-84">
                        <mediaTime>
                            <mediaRelTimePoint>T00:54:03:0F1000</mediaRelTimePoint>
                            <mediaDuration>PT17S0N1000F</mediaDuration>
                        </mediaTime>
                        <TextAnnotation confidence="0.5" relevance="0.0" xml:lang="en">
                            <KeywordAnnotation>
                                <Keyword>Ws</Keyword>
                            </KeywordAnnotation>
                        </TextAnnotation>
                        <TextAnnotation confidence="0.0" relevance="0.0" xml:lang="en">
                            <KeywordAnnotation>
                                <Keyword>-</Keyword>
                                <Keyword>I</Keyword>
                                <Keyword>SX</Keyword>
                                <Keyword>X</Keyword>
                            </KeywordAnnotation>
                        </TextAnnotation>
                    </AudioVisualSegment>
                    <AudioVisualSegment id="track-1.segment-85">
                        <mediaTime>
                            <mediaRelTimePoint>T00:54:20:0F1000</mediaRelTimePoint>
                            <mediaDuration>PT19S0N1000F</mediaDuration>
                        </mediaTime>
                        <TextAnnotation confidence="0.0" relevance="0.0" xml:lang="en">
                            <KeywordAnnotation>
                                <Keyword>I</Keyword>
                                <Keyword>gX</Keyword>
                                <Keyword>s</Keyword>
                            </KeywordAnnotation>
                        </TextAnnotation>
                    </AudioVisualSegment>
                    <AudioVisualSegment id="track-1.segment-86">
                        <mediaTime>
                            <mediaRelTimePoint>T00:54:39:0F1000</mediaRelTimePoint>
                            <mediaDuration>PT25S0N1000F</mediaDuration>
                        </mediaTime>
                        <TextAnnotation confidence="0.0" relevance="0.0" xml:lang="en">
                            <KeywordAnnotation>
                                <Keyword>S</Keyword>
                            </KeywordAnnotation>
                        </TextAnnotation>
                    </AudioVisualSegment>
                    <AudioVisualSegment id="track-1.segment-87">
                        <mediaTime>
                            <mediaRelTimePoint>T00:55:04:0F1000</mediaRelTimePoint>
                            <mediaDuration>PT02M12S0N1000F</mediaDuration>
                        </mediaTime>
                        <TextAnnotation confidence="0.0" relevance="0.0" xml:lang="en">
                            <KeywordAnnotation>
                                <Keyword>I</Keyword>
                                <Keyword>XS</Keyword>
                                <Keyword>r</Keyword>
                            </KeywordAnnotation>
                        </TextAnnotation>
                    </AudioVisualSegment>
                    <AudioVisualSegment id="track-1.segment-88">
                        <mediaTime>
                            <mediaRelTimePoint>T00:57:16:0F1000</mediaRelTimePoint>
                            <mediaDuration>PT01M22S0N1000F</mediaDuration>
                        </mediaTime>
                        <TextAnnotation confidence="0.0" relevance="0.0" xml:lang="en">
                            <KeywordAnnotation>
                                <Keyword>I</Keyword>
                                <Keyword>K</Keyword>
                                <Keyword>Y</Keyword>
                            </KeywordAnnotation>
                        </TextAnnotation>
                    </AudioVisualSegment>
                    <AudioVisualSegment id="track-1.segment-89">
                        <mediaTime>
                            <mediaRelTimePoint>T00:58:38:0F1000</mediaRelTimePoint>
                            <mediaDuration>PT24S0N1000F</mediaDuration>
                        </mediaTime>
                        <TextAnnotation confidence="0.0" relevance="0.0" xml:lang="en">
                            <KeywordAnnotation>
                                <Keyword>E</Keyword>
                                <Keyword>J-</Keyword>
                                <Keyword>X</Keyword>
                            </KeywordAnnotation>
                        </TextAnnotation>
                    </AudioVisualSegment>
                    <AudioVisualSegment id="track-1.segment-90">
                        <mediaTime>
                            <mediaRelTimePoint>T00:59:02:0F1000</mediaRelTimePoint>
                            <mediaDuration>PT01M56S0N1000F</mediaDuration>
                        </mediaTime>
                        <TextAnnotation confidence="0.0" relevance="0.0" xml:lang="en">
                            <KeywordAnnotation>
                                <Keyword>I</Keyword>
                                <Keyword>J</Keyword>
                                <Keyword>m</Keyword>
                                <Keyword>r</Keyword>
                                <Keyword>s</Keyword>
                            </KeywordAnnotation>
                        </TextAnnotation>
                    </AudioVisualSegment>
                    <AudioVisualSegment id="track-1.segment-91">
                        <mediaTime>
                            <mediaRelTimePoint>T01:00:58:0F1000</mediaRelTimePoint>
                            <mediaDuration>PT21S0N1000F</mediaDuration>
                        </mediaTime>
                    </AudioVisualSegment>
                    <AudioVisualSegment id="track-1.segment-92">
                        <mediaTime>
                            <mediaRelTimePoint>T01:01:19:0F1000</mediaRelTimePoint>
                            <mediaDuration>PT01M32S0N1000F</mediaDuration>
                        </mediaTime>
                        <TextAnnotation confidence="0.5" relevance="0.0" xml:lang="en">
                            <KeywordAnnotation>
                                <Keyword>at</Keyword>
                            </KeywordAnnotation>
                        </TextAnnotation>
                        <TextAnnotation confidence="0.0" relevance="0.0" xml:lang="en">
                            <KeywordAnnotation>
                                <Keyword>-</Keyword>
                                <Keyword>J</Keyword>
                                <Keyword>M</Keyword>
                                <Keyword>X</Keyword>
                                <Keyword>gX</Keyword>
                            </KeywordAnnotation>
                        </TextAnnotation>
                    </AudioVisualSegment>
                    <AudioVisualSegment id="track-1.segment-93">
                        <mediaTime>
                            <mediaRelTimePoint>T01:02:51:0F1000</mediaRelTimePoint>
                            <mediaDuration>PT50S0N1000F</mediaDuration>
                        </mediaTime>
                        <TextAnnotation confidence="0.0" relevance="0.0" xml:lang="en">
                            <KeywordAnnotation>
                                <Keyword>Q</Keyword>
                                <Keyword>Y</Keyword>
                            </KeywordAnnotation>
                        </TextAnnotation>
                    </AudioVisualSegment>
                    <AudioVisualSegment id="track-1.segment-94">
                        <mediaTime>
                            <mediaRelTimePoint>T01:03:41:0F1000</mediaRelTimePoint>
                            <mediaDuration>PT23S0N1000F</mediaDuration>
                        </mediaTime>
                        <TextAnnotation confidence="0.0" relevance="0.0" xml:lang="en">
                            <KeywordAnnotation>
                                <Keyword>I</Keyword>
                                <Keyword>L</Keyword>
                                <Keyword>i</Keyword>
                            </KeywordAnnotation>
                        </TextAnnotation>
                    </AudioVisualSegment>
                    <AudioVisualSegment id="track-1.segment-95">
                        <mediaTime>
                            <mediaRelTimePoint>T01:04:04:0F1000</mediaRelTimePoint>
                            <mediaDuration>PT29S0N1000F</mediaDuration>
                        </mediaTime>
                        <TextAnnotation confidence="0.0" relevance="0.0" xml:lang="en">
                            <KeywordAnnotation>
                                <Keyword>I</Keyword>
                                <Keyword>Q</Keyword>
                                <Keyword>Y</Keyword>
                            </KeywordAnnotation>
                        </TextAnnotation>
                    </AudioVisualSegment>
                    <AudioVisualSegment id="track-1.segment-96">
                        <mediaTime>
                            <mediaRelTimePoint>T01:04:33:0F1000</mediaRelTimePoint>
                            <mediaDuration>PT02M16S0N1000F</mediaDuration>
                        </mediaTime>
                        <TextAnnotation confidence="0.0" relevance="0.0" xml:lang="en">
                            <KeywordAnnotation>
                                <Keyword>K</Keyword>
                                <Keyword>i</Keyword>
                            </KeywordAnnotation>
                        </TextAnnotation>
                    </AudioVisualSegment>
                    <AudioVisualSegment id="track-1.segment-97">
                        <mediaTime>
                            <mediaRelTimePoint>T01:06:49:0F1000</mediaRelTimePoint>
                            <mediaDuration>PT03M23S0N1000F</mediaDuration>
                        </mediaTime>
                    </AudioVisualSegment>
                    <AudioVisualSegment id="track-1.segment-98">
                        <mediaTime>
                            <mediaRelTimePoint>T01:10:12:0F1000</mediaRelTimePoint>
                            <mediaDuration>PT28S0N1000F</mediaDuration>
                        </mediaTime>
                        <TextAnnotation confidence="0.0" relevance="0.0" xml:lang="en">
                            <KeywordAnnotation>
                                <Keyword>E</Keyword>
                                <Keyword>I</Keyword>
                                <Keyword>T</Keyword>
                                <Keyword>Y</Keyword>
                            </KeywordAnnotation>
                        </TextAnnotation>
                    </AudioVisualSegment>
                    <AudioVisualSegment id="track-1.segment-99">
                        <mediaTime>
                            <mediaRelTimePoint>T01:10:40:0F1000</mediaRelTimePoint>
                            <mediaDuration>PT02M12S0N1000F</mediaDuration>
                        </mediaTime>
                        <TextAnnotation confidence="0.0" relevance="0.0" xml:lang="en">
                            <KeywordAnnotation>
                                <Keyword>E</Keyword>
                                <Keyword>I</Keyword>
                                <Keyword>Y</Keyword>
                            </KeywordAnnotation>
                        </TextAnnotation>
                    </AudioVisualSegment>
                    <AudioVisualSegment id="track-1.segment-100">
                        <mediaTime>
                            <mediaRelTimePoint>T01:12:52:0F1000</mediaRelTimePoint>
                            <mediaDuration>PT22S0N1000F</mediaDuration>
                        </mediaTime>
                        <TextAnnotation confidence="0.0" relevance="0.0" xml:lang="en">
                            <KeywordAnnotation>
                                <Keyword>K</Keyword>
                                <Keyword>S</Keyword>
                            </KeywordAnnotation>
                        </TextAnnotation>
                    </AudioVisualSegment>
                    <AudioVisualSegment id="track-1.segment-101">
                        <mediaTime>
                            <mediaRelTimePoint>T01:13:14:0F1000</mediaRelTimePoint>
                            <mediaDuration>PT33S0N1000F</mediaDuration>
                        </mediaTime>
                        <TextAnnotation confidence="0.0" relevance="0.0" xml:lang="en">
                            <KeywordAnnotation>
                                <Keyword>I</Keyword>
                            </KeywordAnnotation>
                        </TextAnnotation>
                    </AudioVisualSegment>
                    <AudioVisualSegment id="track-1.segment-102">
                        <mediaTime>
                            <mediaRelTimePoint>T01:13:47:0F1000</mediaRelTimePoint>
                            <mediaDuration>PT31S0N1000F</mediaDuration>
                        </mediaTime>
                        <TextAnnotation confidence="0.0" relevance="0.0" xml:lang="en">
                            <KeywordAnnotation>
                                <Keyword>Q</Keyword>
                                <Keyword>i</Keyword>
                            </KeywordAnnotation>
                        </TextAnnotation>
                    </AudioVisualSegment>
                    <AudioVisualSegment id="track-1.segment-103">
                        <mediaTime>
                            <mediaRelTimePoint>T01:14:18:0F1000</mediaRelTimePoint>
                            <mediaDuration>PT40S0N1000F</mediaDuration>
                        </mediaTime>
                        <TextAnnotation confidence="0.0" relevance="0.0" xml:lang="en">
                            <KeywordAnnotation>
                                <Keyword>-M</Keyword>
                                <Keyword>Y</Keyword>
                                <Keyword>j</Keyword>
                                <Keyword>m</Keyword>
                                <Keyword>v</Keyword>
                            </KeywordAnnotation>
                        </TextAnnotation>
                    </AudioVisualSegment>
                    <AudioVisualSegment id="track-1.segment-104">
                        <mediaTime>
                            <mediaRelTimePoint>T01:14:58:0F1000</mediaRelTimePoint>
                            <mediaDuration>PT14M05S0N1000F</mediaDuration>
                        </mediaTime>
                        <TextAnnotation confidence="0.0" relevance="0.0" xml:lang="en">
                            <KeywordAnnotation>
                                <Keyword>Y</Keyword>
                            </KeywordAnnotation>
                        </TextAnnotation>
                    </AudioVisualSegment>
                    <AudioVisualSegment id="track-1.segment-105">
                        <mediaTime>
                            <mediaRelTimePoint>T01:29:03:0F1000</mediaRelTimePoint>
                            <mediaDuration>PT13M08S0N1000F</mediaDuration>
                        </mediaTime>
                    </AudioVisualSegment>
                    <AudioVisualSegment id="track-1.segment-106">
                        <mediaTime>
                            <mediaRelTimePoint>T01:42:11:0F1000</mediaRelTimePoint>
                            <mediaDuration>PT07M04S0N1000F</mediaDuration>
                        </mediaTime>
                    </AudioVisualSegment>
                    <AudioVisualSegment id="track-1.segment-107">
                        <mediaTime>
                            <mediaRelTimePoint>T01:49:15:0F1000</mediaRelTimePoint>
                            <mediaDuration>PT02M44S0N1000F</mediaDuration>
                        </mediaTime>
                        <TextAnnotation confidence="0.0" relevance="0.4" xml:lang="en">
                            <KeywordAnnotation>
                                <Keyword>ww-W</Keyword>
                            </KeywordAnnotation>
                        </TextAnnotation>
                        <TextAnnotation confidence="0.0" relevance="0.0" xml:lang="en">
                            <KeywordAnnotation>
                                <Keyword>E</Keyword>
                                <Keyword>I</Keyword>
                                <Keyword>O</Keyword>
                                <Keyword>i</Keyword>
                                <Keyword>q</Keyword>
                                <Keyword>r</Keyword>
                            </KeywordAnnotation>
                        </TextAnnotation>
                    </AudioVisualSegment>
                    <AudioVisualSegment id="track-1.segment-108">
                        <mediaTime>
                            <mediaRelTimePoint>T01:51:59:0F1000</mediaRelTimePoint>
                            <mediaDuration>PT01S44N1000F</mediaDuration>
                        </mediaTime>
                        <TextAnnotation confidence="0.0" relevance="0.0" xml:lang="en">
                            <KeywordAnnotation>
                                <Keyword>Q</Keyword>
                                <Keyword>Y</Keyword>
                            </KeywordAnnotation>
                        </TextAnnotation>
                    </AudioVisualSegment>
                </TemporalDecomposition>
            </AudioVisual>
        </MultimediaContent>
    </Description>
</Mpeg7>
