<?xml version="1.0" encoding="UTF-8"?>
<mediapackage>
	<media>
		<track id="track-1" type="presentation/engage">
			<url>tracks/movie.flv</url>
			<mimetype>video/x-flv</mimetype>
			<checksum type="md5">7b3c7e8cc2cba2f5b7af4fd4224f3005</checksum>
			<tags>
				<tag>engage</tag>
			</tags>
		</track>
	</media>
	<metadata>
		<catalog id="catalog-2" type="metadata/dublincore">
			<mimetype>text/xml</mimetype>
			<checksum type="md5">aa6f441bf07d0f043e5079c317c09745</checksum>
			<url>metadata/dublincore-e-20091110_Etf_C1_Plattner_2nd_Hour.xml</url>
		</catalog>
		<catalog id="catalog-1" ref="series:227-0577-00L-2009W" type="metadata/dublincore">
			<mimetype>text/xml</mimetype>
			<checksum type="md5">2747915821093bf1cd28fbba3f71bd52</checksum>
			<url>metadata/dublincore-s-plattner.xml</url>
		</catalog>
		<catalog id="catalog-3" type="segments/slides">
			<mimetype>text/xml</mimetype>
			<checksum type="md5">d41d8cd98f00b204e9800998ecf8427e</checksum>
			<url>metadata/mpeg-76143573159131368151.xml</url>
		</catalog>
	</metadata>
</mediapackage>
