<?xml version="1.0" encoding="UTF-8"?>
<mediapackage duration="5526080" id="10.3930/ETHZ/AV-2d0a10ab-acf1-40fc-a1ff-8b2d986d44aa">
<media>
<track id="track-1" type="engage/presenter">
    <url>http://downloads.opencastproject.org/media/car.flv</url>
    <mimetype>video/x-flv</mimetype>
    <checksum type="md5">7b3c7e8cc2cba2f5b7af4fd4224f3005</checksum>
</track>
<mimetype>video/quicktime</mimetype>
<checksum type="md5">687f72902a5d771d55fdeaa08304471d</checksum>
<url>tracks/camera_h264.mov</url>
<Duration>5526080</Duration>
<Audio id="stream-2">
<Encoder type="PCM"/>
<Channels>2</Channels>
<BitDepth>16</BitDepth>
<BitRate>1411200.0</BitRate>
</Audio>
<Video id="stream-1">
<Encoder type="AVC"/>
<Size>768x576</Size>
<ScanType type="Progressive"/>
<BitRate>2177323.0</BitRate>
<FrameRate>25.0</FrameRate>
</Video>
</media>
<metadata>
<catalog id="catalog-3" ref="series:851-0131-05L-2009W" type="metadata/dublincore">
<mimetype>text/xml</mimetype>
<checksum type="md5">97cd3681dba2a492beb1f2e61428e898</checksum>
<url>metadata/dublincore-s-Celati09.xml</url>
</catalog>
<catalog id="catalog-1" type="metadata/dublincore">
<mimetype>text/xml</mimetype>
<checksum type="md5">98557f00ab0ae2abf29c4ef6dff7f18a</checksum>
<url>metadata/dublincore8455593612306471576.xml</url>
</catalog>
<catalog id="catalog-4" type="metadata/mpeg-7">
<mimetype>text/xml</mimetype>
<checksum type="md5">d41d8cd98f00b204e9800998ecf8427e</checksum>
<url>metadata/mpeg-73543993278109440816.xml</url>
</catalog>
</metadata>
<attachments>
    <attachment id="attachment-1" type="engage/cover">
        <url>http://downloads.opencastproject.org/media/engage-cover.jpg</url>
        <mimetype>image/jpeg</mimetype>
    </attachment>
    <attachment id="attachment-2" type="feed/cover">
        <url>http://downloads.opencastproject.org/media/feed-cover.jpg</url>
        <mimetype>image/jpeg</mimetype>
    </attachment>
</attachments>
</mediapackage>
