<?xml version="1.0" encoding="UTF-8"?>
<Mpeg7 xmlns="urn:mpeg:mpeg7:schema:2001" xmlns:mpeg7="urn:mpeg7:schema:2001"
	xmlns:xsi="http://www.w3.org/2001/XMLSchema-instance/">
	<Description xsi:type="ContentEntityType">
		<MultimediaContent xsi:type="AudioVisualType">
			<AudioVisual id="track-1">
				<MediaLocator>
					<MediaUri>file:tracks/20091030_d16_2_Bendali_DV.mov</MediaUri>
				</MediaLocator>
				<MediaTime>
					<MediaTimePoint>T00:00:00:0F25</MediaTimePoint>
					<MediaDuration>PT01H28M47S200N1000F</MediaDuration>
				</MediaTime>
				<TemporalDecomposition criteria="temporal"
					gap="false" overlap="false">
					<AudioVisualSegment id="track-1.segment-1">
						<MediaTime>
							<MediaRelTimePoint>T00:00:00:0F1000</MediaRelTimePoint>
							<MediaDuration>PT12M17S0N1000F</MediaDuration>
						</MediaTime>
						<TextAnnotation confidence="0.0" relevance="0.0"
							xml:lang="en">
							<KeywordAnnotation>
								<Keyword>Q</Keyword>
							</KeywordAnnotation>
						</TextAnnotation>
					</AudioVisualSegment>
					<AudioVisualSegment id="track-1.segment-2">
						<MediaTime>
							<MediaRelTimePoint>T00:12:17:0F1000</MediaRelTimePoint>
							<MediaDuration>PT01H16M29S0N1000F</MediaDuration>
						</MediaTime>
						<TextAnnotation confidence="0.0" relevance="0.0"
							xml:lang="en">
							<KeywordAnnotation>
								<Keyword>S</Keyword>
							</KeywordAnnotation>
						</TextAnnotation>
					</AudioVisualSegment>
					<AudioVisualSegment id="track-1.segment-3">
						<MediaTime>
							<MediaRelTimePoint>T01:28:46:0F1000</MediaRelTimePoint>
							<MediaDuration>PT01S200N1000F</MediaDuration>
						</MediaTime>
						<TextAnnotation confidence="0.0" relevance="0.0"
							xml:lang="en">
							<KeywordAnnotation>
								<Keyword>S</Keyword>
							</KeywordAnnotation>
						</TextAnnotation>
					</AudioVisualSegment>
				</TemporalDecomposition>
			</AudioVisual>
		</MultimediaContent>
	</Description>
</Mpeg7>
