<?xml version="1.0" encoding="UTF-8"?>
<mediapackage>
	<media>
		<track id="track-1" type="presentation/engage">
			<url>tracks/movie.flv</url>
			<mimetype>video/x-flv</mimetype>
			<checksum type="md5">7b3c7e8cc2cba2f5b7af4fd4224f3005</checksum>
			<tags>
				<tag>engage</tag>
			</tags>
		</track>
	</media>
	<metadata>
		<catalog id="catalog-2" type="metadata/dublincore">
			<mimetype>text/xml</mimetype>
			<checksum type="md5">95998eb3d66fc7a3dc8ae5f99b74eb7a</checksum>
			<url>metadata/dublincore-e-S3F_Part_7.xml</url>
		</catalog>
		<catalog id="catalog-1" ref="series:fecbbc6f-4a65-4901-8dce-e2bf5a56466d"
			type="metadata/dublincore">
			<mimetype>text/xml</mimetype>
			<checksum type="md5">bc0e5be859cdcd7ad8716695be0ddcfc</checksum>
			<url>metadata/dublincore-s-00015_S3F-2009W.xml</url>
		</catalog>
		<catalog id="catalog-3" type="segments/slides">
			<mimetype>text/xml</mimetype>
			<checksum type="md5">d41d8cd98f00b204e9800998ecf8427e</checksum>
			<url>metadata/mpeg-7973468701010097500.xml</url>
		</catalog>
	</metadata>
</mediapackage>
