<?xml version="1.0" encoding="UTF-8"?>
<mediapackage>
	<media>
		<track id="track-1" type="presentation/engage">
			<url>tracks/movie.flv</url>
			<mimetype>video/x-flv</mimetype>
			<checksum type="md5">7b3c7e8cc2cba2f5b7af4fd4224f3005</checksum>
			<tags>
				<tag>engage</tag>
			</tags>
		</track>
	</media>
	<metadata>
		<catalog id="catalog-2" type="metadata/dublincore">
			<mimetype>text/xml</mimetype>
			<checksum type="md5">851b2bdc76a6794d7dc74710036e97fc</checksum>
			<url>metadata/dublincore-e-20081216_CH_Folkers.xml</url>
		</catalog>
		<catalog id="catalog-1" ref="series:COLL-0001-00X" type="metadata/dublincore">
			<mimetype>text/xml</mimetype>
			<checksum type="md5">68b1da34a9bbe9fbfb42f131c3d29e16</checksum>
			<url>metadata/dublincore6057508865524358610.xml</url>
		</catalog>
		<catalog id="catalog-3" type="segments/slides">
			<mimetype>text/xml</mimetype>
			<checksum type="md5">d41d8cd98f00b204e9800998ecf8427e</checksum>
			<url>metadata/mpeg-71184522312095547548.xml</url>
		</catalog>
	</metadata>
</mediapackage>
