<?xml version="1.0" encoding="UTF-8"?>
<metadata xmlns="http://www.opencastproject.org/xsd/1.0/dublincore/" xmlns:dcterms="http://purl.org/dc/terms/" xmlns:xsi="http://www.w3.org/2001/XMLSchema-instance">
    <dcterms:creator>Samir Atitallah, Epiphan</dcterms:creator>
    <dcterms:type>Event/Presentation</dcterms:type>
    <dcterms:extent xsi:type="dcterms:ISO8601">PT1H15M27S</dcterms:extent>
    <dcterms:license>http://www.multimedia.ethz.ch/docs/disclaimer/index</dcterms:license>
    <dcterms:abstract xml:lang="en">Speech-to-text technology in REPLAY; Epiphan technology</dcterms:abstract>
    <dcterms:language>eng</dcterms:language>
    <dcterms:rightsHolder>ETH Zurich, Zurich, Switzerland</dcterms:rightsHolder>
    <dcterms:publisher>ETH Zurich, ITS, Multimedia Services</dcterms:publisher>
    
    <dcterms:spatial>HG D16.2</dcterms:spatial>
    <dcterms:title xml:lang="en">Presentations at the Opencast Matterhorn Workshop, September 21-25 2009, ETH Zurich</dcterms:title>
</metadata>
