<?xml version="1.0" encoding="UTF-8"?>
<mediapackage duration="2480240">
	<media>
		<track id="track-1" type="engage/presenter">
			<url>tracks/movie.flv</url>
			<mimetype>video/x-flv</mimetype>
			<checksum type="md5">7b3c7e8cc2cba2f5b7af4fd4224f3005</checksum>
			<tags>
				<tag>engage</tag>
			</tags>
		</track>
	</media>
	<metadata>
		<catalog id="catalog-2" type="metadata/dublincore">
			<mimetype>text/xml</mimetype>
			<checksum type="md5">4bf71285463a98b93c7726c908f89dd4</checksum>
			<url>metadata/dublincore-e-S3F_Part_6.xml</url>
		</catalog>
		<catalog id="catalog-1" ref="series:fecbbc6f-4a65-4901-8dce-e2bf5a56466d"
			type="metadata/dublincore">
			<mimetype>text/xml</mimetype>
			<checksum type="md5">bc0e5be859cdcd7ad8716695be0ddcfc</checksum>
			<url>metadata/dublincore-s-00015_S3F-2009W.xml</url>
		</catalog>
		<catalog id="catalog-3" type="metadata/mpeg-7">
			<mimetype>text/xml</mimetype>
			<checksum type="md5">d41d8cd98f00b204e9800998ecf8427e</checksum>
			<url>metadata/mpeg-72128715773730057819.xml</url>
		</catalog>
	</metadata>
	<attachments>
		<attachment id="cover" type="cover/source" ref="track:track-1">
			<url>attachments/cover.jpg</url>
			<mimetype>image/jpeg</mimetype>
			<checksum type="md5">fb5107e56b6762adee0c604348e5dcce</checksum>
			<tags>
				<tag>engage</tag>
			</tags>
		</attachment>
	</attachments>
</mediapackage>
