<?xml version="1.0" encoding="UTF-8"?>
<mediapackage duration="5855000" id="10.3930/ETHZ/AV-588095d4-37b1-4db9-b45e-4c5d45142a3a">
<media>
<track id="track-1" type="engage/presenter">
    <url>http://downloads.opencastproject.org/media/car.flv</url>
    <mimetype>video/x-flv</mimetype>
    <checksum type="md5">7b3c7e8cc2cba2f5b7af4fd4224f3005</checksum>
</track>
<mimetype>video/msvideo</mimetype>
<checksum type="md5">6c0622eb7e5fb696ae9cb0ca992cd493</checksum>
<url>tracks/camera.avi</url>
<Duration>5855000</Duration>
<Audio id="stream-2">
<Encoder type="MPEG Audio"/>
<Channels>2</Channels>
<BitDepth>16</BitDepth>
<BitRate>128000.0</BitRate>
</Audio>
<Video id="stream-1">
<Encoder type="MPEG-4 Visual"/>
<Size>768x576</Size>
<ScanType type="Progressive"/>
<BitRate>3229793.0</BitRate>
<FrameRate>25.0</FrameRate>
</Video>
<mimetype>video/msvideo</mimetype>
<checksum type="md5">472de1ceac6327667e53ebd3738a3d96</checksum>
<url>tracks/grabber.avi</url>
<Duration>5855000</Duration>
<Audio id="stream-2">
<Encoder type="MPEG Audio"/>
<Channels>2</Channels>
<BitDepth>16</BitDepth>
<BitRate>128000.0</BitRate>
</Audio>
<Video id="stream-1">
<Encoder type="MPEG-4 Visual"/>
<Size>1024x768</Size>
<ScanType type="Progressive"/>
<BitRate>230947.0</BitRate>
<FrameRate>5.0</FrameRate>
</Video>
</media>
<metadata>
<catalog id="catalog-3" ref="series:401-4781-59L-2009W" type="metadata/dublincore">
<mimetype>text/xml</mimetype>
<checksum type="md5">235a956486efbc469a3f6ea2536d5054</checksum>
<url>metadata/dublincore-s-Bendali09.xml</url>
</catalog>
<catalog id="catalog-1" type="metadata/dublincore">
<mimetype>text/xml</mimetype>
<checksum type="md5">c4839b3b7f2ede05cba43ea4942edf63</checksum>
<url>metadata/dublincore5543644903362484837.xml</url>
</catalog>
<catalog id="catalog-4" type="metadata/mpeg-7">
<mimetype>text/xml</mimetype>
<checksum type="md5">d41d8cd98f00b204e9800998ecf8427e</checksum>
<url>metadata/mpeg-72102832156307820119.xml</url>
</catalog>
</metadata>
<attachments>
    <attachment id="attachment-1" type="engage/cover">
        <url>http://downloads.opencastproject.org/media/engage-cover.jpg</url>
        <mimetype>image/jpeg</mimetype>
    </attachment>
    <attachment id="attachment-2" type="feed/cover">
        <url>http://downloads.opencastproject.org/media/feed-cover.jpg</url>
        <mimetype>image/jpeg</mimetype>
    </attachment>
</attachments>
</mediapackage>
