<?xml version="1.0" encoding="UTF-8"?>
<metadata xmlns="http://www.opencastproject.org/xsd/1.0/dublincore/" xmlns:dcterms="http://purl.org/dc/terms/" xmlns:xsi="http://www.w3.org/2001/XMLSchema-instance">
    <dcterms:creator>Kossmann, Donald Alan</dcterms:creator>
    <dcterms:creator>Fischer, Peter Michael</dcterms:creator>
    <dcterms:contributor>Department of Computer Science</dcterms:contributor>
    <dcterms:type>Moving Image/Lecture Recording</dcterms:type>
    <dcterms:extent xsi:type="dcterms:ISO8601">PT1H35M44S</dcterms:extent>
    <dcterms:isPartOf>351-0723-00L-2009W</dcterms:isPartOf>
    <dcterms:license>http://www.multimedia.ethz.ch/docs/disclaimer/index</dcterms:license>
    <dcterms:created xsi:type="dcterms:W3CDTF">2009-10-07</dcterms:created>
    <dcterms:subject xml:lang="de">Computer Science</dcterms:subject>
    <dcterms:language>eng</dcterms:language>
    <dcterms:rightsHolder>ETH Zurich, Zurich, Switzerland</dcterms:rightsHolder>
    <dcterms:publisher>ETH Zurich, ITS-MMS</dcterms:publisher>
    
    <dcterms:spatial>HG D16.2</dcterms:spatial>
    <dcterms:identifier>10.3930/ETHZ/AV-8bfa3ce7-1b1c-40a2-a138-dd09cabb303a</dcterms:identifier>
    <dcterms:title xml:lang="de">XML and Databases</dcterms:title>
</metadata>
