<?xml version="1.0" encoding="UTF-8"?>
<metadata xmlns="http://www.opencastproject.org/xsd/1.0/dublincore/" xmlns:dcterms="http://purl.org/dc/terms/" xmlns:xsi="http://www.w3.org/2001/XMLSchema-instance">
    <dcterms:creator>Plattner, Bernhard</dcterms:creator>
    <dcterms:creator>Dübendorfer, Thomas Peter</dcterms:creator>
    <dcterms:creator>Frei, Stefan</dcterms:creator>
    <dcterms:contributor xml:lang="de">Departement Informationstechnologie und Elektrotechnik</dcterms:contributor>
    <dcterms:contributor xml:lang="en">Department of Information Technology and Electrical Engineering</dcterms:contributor>
    <dcterms:type>MovingImage/LectureRecording</dcterms:type>
    <dcterms:extent xsi:type="dcterms:ISO8601">PT22M10.010S</dcterms:extent>
    <dcterms:isPartOf>227-0577-00L-2009W</dcterms:isPartOf>
    <dcterms:license xml:lang="de">http://www.multimedia.ethz.ch/docs/haftungsausschluss/index</dcterms:license>
    <dcterms:license xml:lang="en">http://www.multimedia.ethz.ch/docs/disclaimer/index</dcterms:license>
    <dcterms:created xsi:type="dcterms:W3CDTF">2009-11-03</dcterms:created>
    <dcterms:temporal xsi:type="dcterms:Period">start=2009-11-03T08:00Z; end=2009-11-03T09:00Z; scheme=W3C-DTF;</dcterms:temporal>
    <dcterms:language>eng</dcterms:language>
    <dcterms:rightsHolder xml:lang="de">ETH Zürich, Schweiz</dcterms:rightsHolder>
    <dcterms:rightsHolder xml:lang="en">ETH Zurich, Switzerland</dcterms:rightsHolder>
    <dcterms:publisher xml:lang="de">ETH Zürich, ID-MMS; Schweiz</dcterms:publisher>
    <dcterms:publisher xml:lang="en">ETH Zurich, ITS-MMS; Switzerland</dcterms:publisher>
    <dcterms:spatial>ETFC1</dcterms:spatial>
    <dcterms:spatial xml:lang="de">Zürich</dcterms:spatial>
    <dcterms:spatial xml:lang="en">Zurich</dcterms:spatial>
    <dcterms:issued xsi:type="dcterms:W3CDTF">2009-11-04</dcterms:issued>
    <dcterms:identifier>10.3930/ETHZ/AV-9e60145b-cbee-451e-a8ca-25928e042a59</dcterms:identifier>
    <dcterms:title>Network Security</dcterms:title>
</metadata>
