<?xml version="1.0" encoding="UTF-8"?>
<metadata xmlns="http://www.opencastproject.org/xsd/1.0/dublincore/" xmlns:dcterms="http://purl.org/dc/terms/" xmlns:xsi="http://www.w3.org/2001/XMLSchema-instance">
    <dcterms:creator>Departement Architektur</dcterms:creator>
    <dcterms:license xml:lang="de">http://www.multimedia.ethz.ch/docs/haftungsausschluss/index</dcterms:license>
    <dcterms:license xml:lang="en">http://www.multimedia.ethz.ch/docs/disclaimer/index</dcterms:license>
    <dcterms:created xsi:type="dcterms:W3CDTF">2009-09-13</dcterms:created>
    <dcterms:abstract>Bauten/bauen - Architekturlabor Schweiz spürt aktuelle Tendenzen in der Schweizer Architektur auf. Es kommen zeitgenössische Positionen zur Sprache, um darauf aufbauend eine Prognose künftiger architektonischer Entwicklungen zu wagen - auch über die Landesgrenzen hinaus. Thema ist das Bauen von Architektur, wobei räumliche, konstruktive, programmatische und andere Schwerpunkte gesetzt werden.
 
Der Fokus wird auf die spezielle Übersetzung von architektonischen Konzepten der Architektinnen und Architekten in die gebaute Realität gerichtet, welche von zeitbezogenen Potentialen ebenso wie von wirtschaftlichen und sozialen, politischen und ideologischen, technologischen und innovationsfördernden Aufgabenstellungen ausgehen.</dcterms:abstract>
    <dcterms:language>deu</dcterms:language>
    <dcterms:rightsHolder xml:lang="de">ETH Zürich, Schweiz</dcterms:rightsHolder>
    <dcterms:rightsHolder xml:lang="en">ETH Zurich, Switzerland</dcterms:rightsHolder>
    <dcterms:publisher xml:lang="de">ETH Zürich, ID-MMS; Schweiz</dcterms:publisher>
    <dcterms:publisher xml:lang="en">ETH Zurich, ITS-MMS; Switzerland</dcterms:publisher>
    <dcterms:identifier>10.3930/ETHZ/AV-96173178-32ea-4c46-8f39-4cb53d019178</dcterms:identifier>
    <dcterms:title>Departementsvorträge - Bauten/bauen - Architekturlabor Schweiz</dcterms:title>
</metadata>
