<?xml version="1.0" encoding="UTF-8"?>
<mediapackage duration="4675500" id="10.3930/ETHZ/AV-330d566d-3530-43bf-b7ec-4f2baa723fe6">
<media>
<track id="track-1" type="engage/presenter">
    <url>http://downloads.opencastproject.org/media/car.flv</url>
    <mimetype>video/x-flv</mimetype>
    <checksum type="md5">7b3c7e8cc2cba2f5b7af4fd4224f3005</checksum>
</track>
<mimetype>audio/mp4</mimetype>
<checksum type="md5">65e42a251b8219b2a56b134ebd1a42d2</checksum>
<url>tracks/20090505_Kolloquium_D_Sornette.mp4</url>
<Duration>4675500</Duration>
<Audio id="stream-2">
<Encoder type="AAC"/>
<Channels>2</Channels>
<BitDepth>16</BitDepth>
<BitRate>247989.0</BitRate>
</Audio>
<Video id="stream-1">
<Encoder type="AVC"/>
<Size>1024x768</Size>
<ScanType type="Progressive"/>
<BitRate>1007608.0</BitRate>
<FrameRate>2.0</FrameRate>
</Video>
</media>
<metadata>
<catalog id="catalog-2" type="metadata/dublincore">
<mimetype>text/xml</mimetype>
<checksum type="md5">f77877e12a02d2473fe050144c348a3a</checksum>
<url>metadata/dublincore-e-EMPA_20090505_Sornette.xml</url>
</catalog>
<catalog id="catalog-1" ref="series:EMPA-0001-00X" type="metadata/dublincore">
<mimetype>text/xml</mimetype>
<checksum type="md5">bf6b8f4ecdd93a8d9196f4f25d35596d</checksum>
<url>metadata/dublincore-s-EMPA-0001-00X.xml</url>
</catalog>
<catalog id="catalog-3" type="metadata/mpeg-7">
<mimetype>text/xml</mimetype>
<checksum type="md5">d41d8cd98f00b204e9800998ecf8427e</checksum>
<url>metadata/mpeg-72821216827456108956.xml</url>
</catalog>
</metadata>
<attachments>
    <attachment id="attachment-1" type="engage/cover">
        <url>http://downloads.opencastproject.org/media/engage-cover.jpg</url>
        <mimetype>image/jpeg</mimetype>
    </attachment>
    <attachment id="attachment-2" type="feed/cover">
        <url>http://downloads.opencastproject.org/media/feed-cover.jpg</url>
        <mimetype>image/jpeg</mimetype>
    </attachment>
</attachments>
</mediapackage>
