<?xml version="1.0" encoding="UTF-8"?>
<metadata xmlns="http://www.opencastproject.org/xsd/1.0/dublincore/"
	xmlns:dcterms="http://purl.org/dc/terms/" xmlns:xsi="http://www.w3.org/2001/XMLSchema-instance">
	<dcterms:creator>Bernauer, Thomas</dcterms:creator>
	<dcterms:type>MovingImage/LectureRecording</dcterms:type>
	<dcterms:extent xsi:type="dcterms:ISO8601">PT1H33M11S</dcterms:extent>
	<dcterms:isPartOf>851-0577-00L-2009W</dcterms:isPartOf>
	<dcterms:license xml:lang="de">http://www.multimedia.ethz.ch/docs/haftungsausschluss/index</dcterms:license>
	<dcterms:license xml:lang="en">http://www.multimedia.ethz.ch/docs/disclaimer/index</dcterms:license>
	<dcterms:created xsi:type="dcterms:W3CDTF">2009-11-20</dcterms:created>
	<dcterms:temporal xsi:type="dcterms:Period">start=2009-11-20T12:00Z;
		end=2009-11-20T14:00Z; scheme=W3C-DTF;</dcterms:temporal>
	<dcterms:language>deu</dcterms:language>
	<dcterms:rightsHolder xml:lang="de">ETH Zürich, Schweiz</dcterms:rightsHolder>
	<dcterms:rightsHolder xml:lang="en">ETH Zurich,
		Switzerland</dcterms:rightsHolder>
	<dcterms:publisher xml:lang="de">ETH Zürich, ID-MMS;
		Schweiz</dcterms:publisher>
	<dcterms:publisher xml:lang="en">ETH Zurich, ITS-MMS;
		Switzerland</dcterms:publisher>
	<dcterms:spatial>HGE12</dcterms:spatial>
	<dcterms:spatial xml:lang="de">Zürich</dcterms:spatial>
	<dcterms:spatial xml:lang="en">Zurich</dcterms:spatial>
	<dcterms:issued xsi:type="dcterms:W3CDTF">2009-11-21</dcterms:issued>
	<dcterms:identifier>4c2927d9-1c13-4c80-943a-db197df5fa60</dcterms:identifier>
	<dcterms:title>Politikwissenschaft: Grundlagen</dcterms:title>
	<dcterms:title xml:lang="en">Principles of Political Science</dcterms:title>
</metadata>
