<?xml version="1.0" encoding="UTF-8"?>
<metadata xmlns="http://www.opencastproject.org/xsd/1.0/dublincore/" xmlns:dcterms="http://purl.org/dc/terms/" xmlns:xsi="http://www.w3.org/2001/XMLSchema-instance">
    <dcterms:creator>Morpurgo, Alberto</dcterms:creator>
    <dcterms:contributor>Department of Physics</dcterms:contributor>
    <dcterms:extent xsi:type="dcterms:ISO8601">PT58M4.158S</dcterms:extent>
    <dcterms:isPartOf>PHYS-0001-00X</dcterms:isPartOf>
    <dcterms:license xml:lang="de">http://www.multimedia.ethz.ch/docs/haftungsausschluss/index</dcterms:license>
    <dcterms:license xml:lang="en">http://www.multimedia.ethz.ch/docs/disclaimer/index</dcterms:license>
    <dcterms:created xsi:type="dcterms:W3CDTF">2009-11-18</dcterms:created>
    <dcterms:abstract>Graphene is a new material consisting of a one-atom-thick layer of graphite. It has been discovered only a few years ago and since its discovery it has shown to possess many unique and fascinating properties. These properties are a consequence of the fact that electrons in graphene effectively behave as massless relativistic particles, whose dynamics is described by the two-dimensional Dirac equation. In this talk I will first introduce the field, by explaining in some detail how the electronic properties of graphene originate, how they manifest themselves in the experiments, and how the experiments are actually done. I will then move to discuss more specific topics that we have investigated during the past few years. These include phase coherent transport of electrons (Aharonov-Bohm effect, weak-localization, Josephson supercurrent), finite conductivity at the charge neutrality point, and gate-tunable band structure. Taken together, these examples make clear that graphene (single-layers as well as materials consisting of a small number of layers) indeed is a unique material system, in which the discovery of new physical phenomena can be expected, and which could be of use in future electronic applications.</dcterms:abstract>
    <dcterms:language>eng</dcterms:language>
    <dcterms:rightsHolder xml:lang="de">ETH Zürich, Schweiz</dcterms:rightsHolder>
    <dcterms:rightsHolder xml:lang="en">ETH Zurich, Switzerland</dcterms:rightsHolder>
    <dcterms:publisher xml:lang="de">ETH Zürich, ID-MMS; Schweiz</dcterms:publisher>
    <dcterms:publisher xml:lang="en">ETH Zurich, ITS-MMS; Switzerland</dcterms:publisher>
    <dcterms:identifier>10.3930/ETHZ/AV-54d36733-9ee6-403a-978f-f00f2ca722af</dcterms:identifier>
    <dcterms:title>Graphene Electronics</dcterms:title>
</metadata>
