<?xml version="1.0" encoding="UTF-8"?>
<mediapackage duration="4871840">
	<media>
		<track id="track-1" type="engage/presenter">
			<url>tracks/movie.flv</url>
			<mimetype>video/x-flv</mimetype>
			<checksum type="md5">7b3c7e8cc2cba2f5b7af4fd4224f3005</checksum>
			<tags>
				<tag>engage</tag>
			</tags>
		</track>
	</media>
	<metadata>
		<catalog id="catalog-2" type="metadata/dublincore">
			<mimetype>text/xml</mimetype>
			<checksum type="md5">3688f2746a0f4094d57e5bae0cac3d85</checksum>
			<url>metadata/dublincore-e-venture20091022.xml</url>
		</catalog>
		<catalog id="catalog-1" ref="series:249a8764-acf9-48bc-bfbd-30a76a7954e5"
			type="metadata/dublincore">
			<mimetype>text/xml</mimetype>
			<checksum type="md5">76543883062ecb6425696a7dba59ef14</checksum>
			<url>metadata/dublincore-s-00008_Venture.xml</url>
		</catalog>
		<catalog id="catalog-3" type="metadata/mpeg-7">
			<mimetype>text/xml</mimetype>
			<checksum type="md5">d41d8cd98f00b204e9800998ecf8427e</checksum>
			<url>metadata/mpeg-75200188933910884965.xml</url>
		</catalog>
	</metadata>
	<attachments>
		<attachment id="cover" type="cover/source" ref="track:track-1">
			<url>attachments/cover.jpg</url>
			<mimetype>image/jpeg</mimetype>
			<checksum type="md5">fb5107e56b6762adee0c604348e5dcce</checksum>
			<tags>
				<tag>engage</tag>
			</tags>
		</attachment>
	</attachments>
</mediapackage>
