<?xml version="1.0" encoding="UTF-8"?>
<mediapackage duration="3251160">
	<media>
		<track id="track-1" type="engage/presenter">
			<url>tracks/movie.flv</url>
			<mimetype>video/x-flv</mimetype>
			<checksum type="md5">7b3c7e8cc2cba2f5b7af4fd4224f3005</checksum>
			<tags>
				<tag>engage</tag>
			</tags>
		</track>
	</media>
	<metadata>
		<catalog id="catalog-2" type="metadata/dublincore">
			<mimetype>text/xml</mimetype>
			<checksum type="md5">c20e805b7eec319088fc8ac74774e2b3</checksum>
			<url>metadata/dublincore-e-EAV_Gassert.xml</url>
		</catalog>
		<catalog id="catalog-1" ref="series:BIB-0001-00V" type="metadata/dublincore">
			<mimetype>text/xml</mimetype>
			<checksum type="md5">6a013c1eb0081e939bf211bfdf499b31</checksum>
			<url>metadata/dublincore1837355891489997735.xml</url>
		</catalog>
		<catalog id="catalog-3" type="metadata/mpeg-7">
			<mimetype>text/xml</mimetype>
			<checksum type="md5">d41d8cd98f00b204e9800998ecf8427e</checksum>
			<url>metadata/mpeg-76065763063497838571.xml</url>
		</catalog>
	</metadata>
	<attachments>
		<attachment id="cover" type="cover/source" ref="track:track-1">
			<url>attachments/cover.jpg</url>
			<mimetype>image/jpeg</mimetype>
			<checksum type="md5">fb5107e56b6762adee0c604348e5dcce</checksum>
			<tags>
				<tag>engage</tag>
			</tags>
		</attachment>
	</attachments>
</mediapackage>
