<?xml version="1.0" encoding="UTF-8"?>
<mediapackage>
	<media>
		<track id="track-1" type="presentation/engage">
			<url>tracks/movie.flv</url>
			<mimetype>video/x-flv</mimetype>
			<checksum type="md5">7b3c7e8cc2cba2f5b7af4fd4224f3005</checksum>
			<tags>
				<tag>engage</tag>
			</tags>
		</track>
	</media>
	<metadata>
		<catalog id="catalog-3" ref="series:851-0577-00L-2009W" type="metadata/dublincore">
			<mimetype>text/xml</mimetype>
			<checksum type="md5">3f2c5ff76990300a88828efaecb4afca</checksum>
			<url>metadata/dublincore-s-Bernauer09.xml</url>
		</catalog>

		<catalog id="catalog-1" type="metadata/dublincore">
			<mimetype>text/xml</mimetype>
			<checksum type="md5">6e59b026081abf4abbb3972cd53eea41</checksum>
			<url>metadata/dublincore5001146008915991619.xml</url>
		</catalog>
		<catalog id="catalog-2" type="segments/slides">
			<mimetype>text/xml</mimetype>
			<checksum type="md5">0f85d1592f74c5f8265c1ab4d1532a9c</checksum>
			<url>metadata/mpeg-78518686217545051202.xml</url>
		</catalog>
	</metadata>
</mediapackage>
