<?xml version="1.0" encoding="UTF-8"?>
<mediapackage>
	<media>
		<track id="track-1" type="presentation/engage">
			<url>tracks/movie.flv</url>
			<mimetype>video/x-flv</mimetype>
			<checksum type="md5">7b3c7e8cc2cba2f5b7af4fd4224f3005</checksum>
			<tags>
				<tag>engage</tag>
			</tags>
		</track>
	</media>
	<metadata>
		<catalog id="catalog-1" type="metadata/dublincore">
			<mimetype>text/xml</mimetype>
			<checksum type="md5">f6b413e37de765c6d3bbaf9f7dc17a0d</checksum>
			<url>metadata/dublincore641814531872439275.xml</url>
		</catalog>
		<catalog id="catalog-2" ref="series:227-0577-00L" type="metadata/dublincore">
			<mimetype>text/xml</mimetype>
			<checksum type="md5">695d352dc6ea4058bb3305fa6f02f2f8</checksum>
			<url>metadata/dublincore6527420370237697141.xml</url>
		</catalog>
		<catalog id="catalog-3" type="segments/slides">
			<mimetype>text/xml</mimetype>
			<checksum type="md5">d41d8cd98f00b204e9800998ecf8427e</checksum>
			<url>metadata/mpeg-72454907969738332701.xml</url>
		</catalog>
	</metadata>
</mediapackage>
