<?xml version="1.0" encoding="UTF-8"?>
<metadata xmlns="http://www.opencastproject.org/xsd/1.0/dublincore/" xmlns:dcterms="http://purl.org/dc/terms/" xmlns:xsi="http://www.w3.org/2001/XMLSchema-instance">
    <dcterms:creator>Thomas Kessler, Schul- und Integrationsfachmann</dcterms:creator>
    <dcterms:extent xsi:type="dcterms:ISO8601">PT55M11.160S</dcterms:extent>
    <dcterms:isPartOf>10.3930/ETHZ/AV-6d39892a-6560-4799-91e9-1f014d8b9676</dcterms:isPartOf>
    <dcterms:license xml:lang="de">http://www.multimedia.ethz.ch/docs/haftungsausschluss/index</dcterms:license>
    <dcterms:license xml:lang="en">http://www.multimedia.ethz.ch/docs/disclaimer/index</dcterms:license>
    <dcterms:created xsi:type="dcterms:W3CDTF">2009-09-09</dcterms:created>
    <dcterms:language>deu</dcterms:language>
    <dcterms:rightsHolder xml:lang="de">ETH Zürich, Schweiz</dcterms:rightsHolder>
    <dcterms:rightsHolder xml:lang="en">ETH Zurich, Switzerland</dcterms:rightsHolder>
    <dcterms:publisher xml:lang="de">ETH Zürich, ID-MMS; Schweiz</dcterms:publisher>
    <dcterms:publisher xml:lang="en">ETH Zurich, ITS-MMS; Switzerland</dcterms:publisher>
    <dcterms:identifier>10.3930/ETHZ/AV-2507f6bc-d493-41ad-a7e9-21ca4adcad9d</dcterms:identifier>
    <dcterms:title>Ungenutztes Potential nutzen! - Vom Reparaturstaat zum Leuchtturm</dcterms:title>
</metadata>
