<?xml version="1.0" encoding="UTF-8"?>
<metadata xmlns="http://www.opencastproject.org/xsd/1.0/dublincore/" xmlns:dcterms="http://purl.org/dc/terms/" xmlns:xsi="http://www.w3.org/2001/XMLSchema-instance">
    <dcterms:creator>Leroux, Jean-Christophe</dcterms:creator>
    <dcterms:contributor>Departement Chemie und Angewandte Biowissenschaften</dcterms:contributor>
    <dcterms:extent xsi:type="dcterms:ISO8601">PT48M10.960S</dcterms:extent>
    <dcterms:isPartOf>BIB-0001-00V</dcterms:isPartOf>
    <dcterms:license xml:lang="de">http://www.multimedia.ethz.ch/docs/haftungsausschluss/index</dcterms:license>
    <dcterms:license xml:lang="en">http://www.multimedia.ethz.ch/docs/disclaimer/index</dcterms:license>
    <dcterms:created xsi:type="dcterms:W3CDTF">2009-11-02</dcterms:created>
    <dcterms:abstract>Einführungsvorlesung</dcterms:abstract>
    <dcterms:language>eng</dcterms:language>
    <dcterms:rightsHolder xml:lang="de">ETH Zürich, Schweiz</dcterms:rightsHolder>
    <dcterms:rightsHolder xml:lang="en">ETH Zurich, Switzerland</dcterms:rightsHolder>
    <dcterms:publisher xml:lang="de">ETH Zürich, ID-MMS; Schweiz</dcterms:publisher>
    <dcterms:publisher xml:lang="en">ETH Zurich, ITS-MMS; Switzerland</dcterms:publisher>
    <dcterms:identifier>10.3930/ETHZ/AV-4b74ad99-2294-4cdf-a893-4eb456502120</dcterms:identifier>
    <dcterms:title>Optimizing Drug Effectiveness Through Better Delivery</dcterms:title>
</metadata>
