<?xml version="1.0" encoding="UTF-8"?>
<mediapackage duration="2017595">
	<media>
		<track id="track-1" type="engage/presenter">
			<url>tracks/movie.flv</url>
			<mimetype>video/x-flv</mimetype>
			<checksum type="md5">7b3c7e8cc2cba2f5b7af4fd4224f3005</checksum>
			<tags>
				<tag>engage</tag>
			</tags>
		</track>
	</media>
	<metadata>
		<catalog id="catalog-2" type="metadata/dublincore">
			<mimetype>text/xml</mimetype>
			<checksum type="md5">50f541494d40345c32c2ede2a56bc6fb</checksum>
			<url>metadata/dublincore-e-crowcroft.xml</url>
		</catalog>
		<catalog id="catalog-1" ref="series:5f1c98f0-9f7d-4afe-b92b-87d82762f4b5"
			type="metadata/dublincore">
			<mimetype>text/xml</mimetype>
			<checksum type="md5">82deacd0d7066a06738f8015aec83b40</checksum>
			<url>metadata/dublincore-s-00011_NetArch2009.xml</url>
		</catalog>
		<catalog id="catalog-3" type="metadata/mpeg-7">
			<mimetype>text/xml</mimetype>
			<checksum type="md5">d41d8cd98f00b204e9800998ecf8427e</checksum>
			<url>metadata/mpeg-78287697906457889340.xml</url>
		</catalog>
	</metadata>
	<attachments>
		<attachment id="cover" type="cover/source" ref="track:track-1">
			<url>attachments/cover.jpg</url>
			<mimetype>image/jpeg</mimetype>
			<checksum type="md5">fb5107e56b6762adee0c604348e5dcce</checksum>
			<tags>
				<tag>engage</tag>
			</tags>
		</attachment>
	</attachments>
</mediapackage>
