<?xml version="1.0" encoding="UTF-8"?>
<mediapackage duration="4675500">
	<media>
		<track id="track-1" type="engage/presenter">
			<url>tracks/movie.flv</url>
			<mimetype>video/x-flv</mimetype>
			<checksum type="md5">7b3c7e8cc2cba2f5b7af4fd4224f3005</checksum>
			<tags>
				<tag>engage</tag>
			</tags>
		</track>
	</media>
	<metadata>
		<catalog id="catalog-2" type="metadata/dublincore">
			<mimetype>text/xml</mimetype>
			<checksum type="md5">f77877e12a02d2473fe050144c348a3a</checksum>
			<url>metadata/dublincore-e-EMPA_20090505_Sornette.xml</url>
		</catalog>
		<catalog id="catalog-1" ref="series:EMPA-0001-00X" type="metadata/dublincore">
			<mimetype>text/xml</mimetype>
			<checksum type="md5">bf6b8f4ecdd93a8d9196f4f25d35596d</checksum>
			<url>metadata/dublincore-s-EMPA-0001-00X.xml</url>
		</catalog>
		<catalog id="catalog-3" type="metadata/mpeg-7">
			<mimetype>text/xml</mimetype>
			<checksum type="md5">d41d8cd98f00b204e9800998ecf8427e</checksum>
			<url>metadata/mpeg-72821216827456108956.xml</url>
		</catalog>
	</metadata>
	<attachments>
		<attachment id="cover" ref="track:track-1">
			<url>attachments/cover.jpg</url>
			<mimetype>image/jpeg</mimetype>
			<checksum type="md5">fb5107e56b6762adee0c604348e5dcce</checksum>
			<tags>
				<tag>engage</tag>
			</tags>
		</attachment>
	</attachments>
</mediapackage>
