<?xml version="1.0" encoding="UTF-8"?>
<mediapackage duration="4518548">
	<media>
		<track id="track-1" type="engage/presenter">
			<url>tracks/movie.flv</url>
			<mimetype>video/x-flv</mimetype>
			<checksum type="md5">7b3c7e8cc2cba2f5b7af4fd4224f3005</checksum>
			<tags>
				<tag>engage</tag>
			</tags>
		</track>
	</media>
	<metadata>
		<catalog id="catalog-2" type="metadata/dublincore">
			<mimetype>text/xml</mimetype>
			<checksum type="md5">40a04ab66e2bd22afff46643306a8144</checksum>
			<url>metadata/dublincore-e-ID-KOM_20091112.xml</url>
		</catalog>
		<catalog id="catalog-1" ref="series:ID-MMS" type="metadata/dublincore">
			<mimetype>text/xml</mimetype>
			<checksum type="md5">8046f93d2d57eef07394da949fd575c6</checksum>
			<url>metadata/dublincore6709681605517107001.xml</url>
		</catalog>
		<catalog id="catalog-3" type="metadata/mpeg-7">
			<mimetype>text/xml</mimetype>
			<checksum type="md5">d41d8cd98f00b204e9800998ecf8427e</checksum>
			<url>metadata/mpeg-7887603402557283265.xml</url>
		</catalog>
	</metadata>
	<attachments>
		<attachment id="cover" ref="track:track-1">
			<url>attachments/cover.jpg</url>
			<mimetype>image/jpeg</mimetype>
			<checksum type="md5">fb5107e56b6762adee0c604348e5dcce</checksum>
			<tags>
				<tag>engage</tag>
			</tags>
		</attachment>
	</attachments>
</mediapackage>
