<?xml version="1.0" encoding="UTF-8"?>
<mediapackage duration="4033360" id="10.3930/ETHZ/AV-51e3b054-7388-455b-96ca-02fe316e8b42">
<media>
<track id="track-1" type="engage/presenter">
    <url>http://downloads.opencastproject.org/media/car.flv</url>
    <mimetype>video/x-flv</mimetype>
    <checksum type="md5">7b3c7e8cc2cba2f5b7af4fd4224f3005</checksum>
</track>
<mimetype>video/quicktime</mimetype>
<checksum type="md5">b20f2d6b25dbaeeaf64e51bb51f374ed</checksum>
<url>tracks/20090317_haeusermann.mov</url>
<Duration>4033360</Duration>
<Audio id="stream-1">
<Encoder type="PCM"/>
<Channels>2</Channels>
<BitDepth>16</BitDepth>
<BitRate>1536000.0</BitRate>
</Audio>
<Video id="stream-2">
<Encoder type="Digital Video"/>
<Size>720x576</Size>
<BitRate>3243338.0</BitRate>
<FrameRate>25.0</FrameRate>
</Video>
</media>
<metadata>
<catalog id="catalog-2" ref="series:ARCH-0002-00X" type="metadata/dublincore">
<mimetype>text/xml</mimetype>
<checksum type="md5">47b56db201edae93e20694c9d6a781ab</checksum>
<url>metadata/dublincore1572111487229734974.xml</url>
</catalog>
<catalog id="catalog-1" type="metadata/dublincore">
<mimetype>text/xml</mimetype>
<checksum type="md5">207409dc98b8fea19984b7bdf9a10b55</checksum>
<url>metadata/dublincore8382589757466128837.xml</url>
</catalog>
<catalog id="catalog-3" type="metadata/mpeg-7">
<mimetype>text/xml</mimetype>
<checksum type="md5">d41d8cd98f00b204e9800998ecf8427e</checksum>
<url>metadata/mpeg-76946103693666245002.xml</url>
</catalog>
</metadata>
<attachments>
    <attachment id="attachment-1" type="engage/cover">
        <url>http://downloads.opencastproject.org/media/engage-cover.jpg</url>
        <mimetype>image/jpeg</mimetype>
    </attachment>
    <attachment id="attachment-2" type="feed/cover">
        <url>http://downloads.opencastproject.org/media/feed-cover.jpg</url>
        <mimetype>image/jpeg</mimetype>
    </attachment>
</attachments>
</mediapackage>
