<?xml version="1.0" encoding="UTF-8"?>
<mediapackage duration="5833774" id="10.3930/ETHZ/AV-7b7d0706-8852-4b5a-a4ae-181709ef3f77">
<media>
<track id="track-1" type="engage/presenter">
    <url>http://downloads.opencastproject.org/media/car.flv</url>
    <mimetype>video/x-flv</mimetype>
    <checksum type="md5">7b3c7e8cc2cba2f5b7af4fd4224f3005</checksum>
</track>
<mimetype>video/quicktime</mimetype>
<checksum type="md5">96530c4f739f873eb43568b85e0da1d4</checksum>
<url>tracks/20090918_E1_2_Bernauer_SD.mov</url>
<Duration>5833774</Duration>
<Audio id="stream-2">
<Encoder type="PCM"/>
<Channels>1</Channels>
<BitDepth>16</BitDepth>
<BitRate>256000.0</BitRate>
</Audio>
<Video id="stream-1">
<Encoder type="AVC"/>
<Size>768x576</Size>
<ScanType type="Progressive"/>
<BitRate>1411571.0</BitRate>
<FrameRate>24.196</FrameRate>
</Video>
</media>
<metadata>
<catalog id="catalog-1" ref="series:851-0577-00L-2009W" type="metadata/dublincore">
<mimetype>text/xml</mimetype>
<checksum type="md5">2ba4da0a64c03cb52d0ed8f6914da988</checksum>
<url>metadata/dublincore-s-Bernauer09.xml</url>
</catalog>
<catalog id="catalog-2" type="metadata/dublincore">
<mimetype>text/xml</mimetype>
<checksum type="md5">764bb25c26df60aa3a7558e8d5454fc8</checksum>
<url>metadata/dublincore5001146008915991619.xml</url>
</catalog>
<catalog id="catalog-3" type="metadata/mpeg-7">
<mimetype>text/xml</mimetype>
<checksum type="md5">d41d8cd98f00b204e9800998ecf8427e</checksum>
<url>metadata/mpeg-7637442549345687158.xml</url>
</catalog>
</metadata>
<attachments>
    <attachment id="attachment-1" type="engage/cover">
        <url>http://downloads.opencastproject.org/media/engage-cover.jpg</url>
        <mimetype>image/jpeg</mimetype>
    </attachment>
    <attachment id="attachment-2" type="feed/cover">
        <url>http://downloads.opencastproject.org/media/feed-cover.jpg</url>
        <mimetype>image/jpeg</mimetype>
    </attachment>
</attachments>
</mediapackage>
