<?xml version="1.0" encoding="UTF-8"?>
<metadata xmlns="http://www.opencastproject.org/xsd/1.0/dublincore/"
	xmlns:dcterms="http://purl.org/dc/terms/" xmlns:xsi="http://www.w3.org/2001/XMLSchema-instance">
	<dcterms:creator>Bendali, Abderrahmane</dcterms:creator>
	<dcterms:contributor>Department of Mathematics</dcterms:contributor>
	<dcterms:type>Moving Image/Lecture Recording</dcterms:type>
	<dcterms:extent xsi:type="dcterms:ISO8601">PT1H21M4.080S</dcterms:extent>
	<dcterms:isPartOf>401-4781-59L-2009W</dcterms:isPartOf>
	<dcterms:license xml:lang="de">http://www.multimedia.ethz.ch/docs/haftungsausschluss/index</dcterms:license>
	<dcterms:license xml:lang="en">http://www.multimedia.ethz.ch/docs/disclaimer/index</dcterms:license>
	<dcterms:created xsi:type="dcterms:W3CDTF">2009-11-03</dcterms:created>
	<dcterms:abstract xml:lang="de">This course presents
		techniques and algorithms based on either regular or singular
		asymptotic expansions to efficiently solve some wave propagation
		problems which are difficult (maybe impossible) to tackle by means of
		a direct numerical simulation. The focus is on wave propagation
		problems in singular geometries like thin layers and slits.</dcterms:abstract>
	<dcterms:subject xml:lang="de">Mathematics</dcterms:subject>
	<dcterms:language>eng</dcterms:language>
	<dcterms:rightsHolder xml:lang="de">ETH Zürich, Schweiz</dcterms:rightsHolder>
	<dcterms:rightsHolder xml:lang="en">ETH Zurich,
		Switzerland</dcterms:rightsHolder>
	<dcterms:publisher xml:lang="de">ETH Zürich, ID-MMS;
		Schweiz</dcterms:publisher>
	<dcterms:publisher xml:lang="en">ETH Zurich, ITS-MMS;
		Switzerland</dcterms:publisher>

	<dcterms:identifier>54753d2e-6e5c-43c2-afa1-92ba26e9d22d</dcterms:identifier>
	<dcterms:title xml:lang="de">Asymptotic Methods for Wave
		Propagation Problems</dcterms:title>
</metadata>
