<?xml version="1.0" encoding="UTF-8"?>
<metadata xmlns="http://www.opencastproject.org/xsd/1.0/dublincore/" xmlns:dcterms="http://purl.org/dc/terms/" xmlns:xsi="http://www.w3.org/2001/XMLSchema-instance">
    <dcterms:creator>Terheggen, Mathias</dcterms:creator>
    <dcterms:creator>Walther, Beat</dcterms:creator>
    <dcterms:creator>Bartholet, Martin</dcterms:creator>
    <dcterms:creator>Martin-Garcia, Jesus</dcterms:creator>
    <dcterms:extent xsi:type="dcterms:ISO8601">PT1H21M11.840S</dcterms:extent>
    <dcterms:isPartOf>10.3930/ETHZ/AV-249a8764-acf9-48bc-bfbd-30a76a7954e5</dcterms:isPartOf>
    <dcterms:license xml:lang="de">http://www.multimedia.ethz.ch/docs/haftungsausschluss/index</dcterms:license>
    <dcterms:license xml:lang="en">http://www.multimedia.ethz.ch/docs/disclaimer/index</dcterms:license>
    <dcterms:created xsi:type="dcterms:W3CDTF">2009-10-22</dcterms:created>
    <dcterms:language>eng</dcterms:language>
    <dcterms:language>deu</dcterms:language>
    <dcterms:rightsHolder xml:lang="de">ETH Zürich, Schweiz</dcterms:rightsHolder>
    <dcterms:rightsHolder xml:lang="en">ETH Zurich, Switzerland</dcterms:rightsHolder>
    <dcterms:publisher xml:lang="de">ETH Zürich, ID-MMS; Schweiz</dcterms:publisher>
    <dcterms:publisher xml:lang="en">ETH Zurich, ITS-MMS; Switzerland</dcterms:publisher>
    <dcterms:identifier>10.3930/ETHZ/AV-444756c2-8a10-41e0-af9c-00478b01cc14</dcterms:identifier>
    <dcterms:title>Founder's Knowledge - Marketing</dcterms:title>
</metadata>
