<?xml version="1.0" encoding="UTF-8"?>
<metadata xmlns="http://www.opencastproject.org/xsd/1.0/dublincore/" xmlns:dcterms="http://purl.org/dc/terms/" xmlns:xsi="http://www.w3.org/2001/XMLSchema-instance">
    <dcterms:creator>Neuhaus, Markus</dcterms:creator>
    <dcterms:contributor>Department of Management, Technology, and Economics</dcterms:contributor>
    <dcterms:license xml:lang="de">http://www.multimedia.ethz.ch/docs/haftungsausschluss/index</dcterms:license>
    <dcterms:license xml:lang="en">http://www.multimedia.ethz.ch/docs/disclaimer/index</dcterms:license>
    <dcterms:created xsi:type="dcterms:W3CDTF">2009-09-18</dcterms:created>
    <dcterms:description>Corporate Finance, Investmentmanagement, Valuation, Value based management and compensation, Financial reporting today and in future, Financial reporting value chain, Mergers and Acquisitions, Legal aspects of corporate finance, Tax and corporate finance, Corporate governance - risk management - internal controls and management information systems, Turnaround.</dcterms:description>
    <dcterms:language>eng</dcterms:language>
    <dcterms:rightsHolder xml:lang="de">ETH Zürich, Schweiz</dcterms:rightsHolder>
    <dcterms:rightsHolder xml:lang="en">ETH Zurich, Switzerland</dcterms:rightsHolder>
    <dcterms:publisher xml:lang="de">ETH Zürich, ID-MMS; Schweiz</dcterms:publisher>
    <dcterms:publisher xml:lang="en">ETH Zurich, ITS-MMS; Switzerland</dcterms:publisher>
    <dcterms:identifier>351-0723-00L-2009W</dcterms:identifier>
    <dcterms:title xml:lang="en">Corporate Finance</dcterms:title>
</metadata>
