<?xml version="1.0" encoding="UTF-8"?>
<Mpeg7 xmlns="urn:mpeg:mpeg7:schema:2001" xmlns:mpeg7="urn:mpeg7:schema:2001" xmlns:xsi="http://www.w3.org/2001/XMLSchema-instance/">
    <Description xsi:type="ContentEntityType">
        <MultimediaContent xsi:type="AudioVisualType">
            <AudioVisual id="track-1">
                <mediaLocator>
                    <mediaUri>file:tracks/20090505_Kolloquium_D_Sornette.mov</mediaUri>
                </mediaLocator>
                <mediaTime>
                    <mediaTimePoint>T00:00:00:0F1</mediaTimePoint>
                    <mediaDuration>PT01H17M28S814N1000F</mediaDuration>
                </mediaTime>
                <TemporalDecomposition criteria="temporal" gap="false" overlap="false">
                    <AudioVisualSegment id="track-1.segment-1">
                        <mediaTime>
                            <mediaRelTimePoint>T00:00:00:0F1000</mediaRelTimePoint>
                            <mediaDuration>PT01M41S0N1000F</mediaDuration>
                        </mediaTime>
                        <TextAnnotation confidence="0.5" relevance="0.3" xml:lang="en">
                            <KeywordAnnotation>
                                <Keyword>Crash</Keyword>
                                <Keyword>PREDICTION</Keyword>
                                <Keyword>Stock</Keyword>
                            </KeywordAnnotation>
                        </TextAnnotation>
                        <TextAnnotation confidence="0.5" relevance="0.0" xml:lang="en">
                            <KeywordAnnotation>
                                <Keyword>Wh</Keyword>
                                <Keyword>if</Keyword>
                            </KeywordAnnotation>
                        </TextAnnotation>
                        <TextAnnotation confidence="0.0" relevance="0.4" xml:lang="en">
                            <KeywordAnnotation>
                                <Keyword>Amen.-</Keyword>
                                <Keyword>rnwru</Keyword>
                            </KeywordAnnotation>
                        </TextAnnotation>
                        <TextAnnotation confidence="0.0" relevance="0.3" xml:lang="en">
                            <KeywordAnnotation>
                                <Keyword>FQM</Keyword>
                            </KeywordAnnotation>
                        </TextAnnotation>
                        <TextAnnotation confidence="0.0" relevance="0.0" xml:lang="en">
                            <KeywordAnnotation>
                                <Keyword>M</Keyword>
                                <Keyword>V</Keyword>
                                <Keyword>l</Keyword>
                                <Keyword>m</Keyword>
                                <Keyword>md</Keyword>
                                <Keyword>v</Keyword>
                                <Keyword>w</Keyword>
                            </KeywordAnnotation>
                        </TextAnnotation>
                    </AudioVisualSegment>
                    <AudioVisualSegment id="track-1.segment-2">
                        <mediaTime>
                            <mediaRelTimePoint>T00:01:41:0F1000</mediaRelTimePoint>
                            <mediaDuration>PT58S0N1000F</mediaDuration>
                        </mediaTime>
                        <TextAnnotation confidence="0.5" relevance="0.3" xml:lang="de">
                            <KeywordAnnotation>
                                <Keyword>PREDICTION</Keyword>
                                <Keyword>YES</Keyword>
                            </KeywordAnnotation>
                        </TextAnnotation>
                        <TextAnnotation confidence="0.5" relevance="0.2" xml:lang="de">
                            <KeywordAnnotation>
                                <Keyword>III</Keyword>
                            </KeywordAnnotation>
                        </TextAnnotation>
                        <TextAnnotation confidence="0.5" relevance="0.0" xml:lang="de">
                            <KeywordAnnotation>
                                <Keyword>Wh</Keyword>
                                <Keyword>rr</Keyword>
                                <Keyword>tg</Keyword>
                                <Keyword>ud</Keyword>
                            </KeywordAnnotation>
                        </TextAnnotation>
                        <TextAnnotation confidence="0.0" relevance="0.5" xml:lang="de">
                            <KeywordAnnotation>
                                <Keyword>lakcts</Keyword>
                            </KeywordAnnotation>
                        </TextAnnotation>
                        <TextAnnotation confidence="0.0" relevance="0.2" xml:lang="de">
                            <KeywordAnnotation>
                                <Keyword>HUC</Keyword>
                                <Keyword>YCIIIS</Keyword>
                            </KeywordAnnotation>
                        </TextAnnotation>
                        <TextAnnotation confidence="0.0" relevance="0.0" xml:lang="de">
                            <KeywordAnnotation>
                                <Keyword>C</Keyword>
                                <Keyword>I</Keyword>
                                <Keyword>X</Keyword>
                                <Keyword>s</Keyword>
                            </KeywordAnnotation>
                        </TextAnnotation>
                    </AudioVisualSegment>
                    <AudioVisualSegment id="track-1.segment-3">
                        <mediaTime>
                            <mediaRelTimePoint>T00:02:39:0F1000</mediaRelTimePoint>
                            <mediaDuration>PT18S0N1000F</mediaDuration>
                        </mediaTime>
                        <TextAnnotation confidence="0.5" relevance="0.4" xml:lang="de">
                            <KeywordAnnotation>
                                <Keyword>PREDICTION</Keyword>
                                <Keyword>and</Keyword>
                            </KeywordAnnotation>
                        </TextAnnotation>
                        <TextAnnotation confidence="0.5" relevance="0.0" xml:lang="de">
                            <KeywordAnnotation>
                                <Keyword>EQ</Keyword>
                                <Keyword>Wh</Keyword>
                                <Keyword>lf</Keyword>
                                <Keyword>rn</Keyword>
                                <Keyword>uu</Keyword>
                            </KeywordAnnotation>
                        </TextAnnotation>
                        <TextAnnotation confidence="0.0" relevance="0.3" xml:lang="de">
                            <KeywordAnnotation>
                                <Keyword>Cras</Keyword>
                            </KeywordAnnotation>
                        </TextAnnotation>
                        <TextAnnotation confidence="0.0" relevance="0.2" xml:lang="de">
                            <KeywordAnnotation>
                                <Keyword>arkcts</Keyword>
                                <Keyword>vents</Keyword>
                            </KeywordAnnotation>
                        </TextAnnotation>
                        <TextAnnotation confidence="0.0" relevance="0.0" xml:lang="de">
                            <KeywordAnnotation>
                                <Keyword>-w</Keyword>
                                <Keyword>L</Keyword>
                            </KeywordAnnotation>
                        </TextAnnotation>
                    </AudioVisualSegment>
                    <AudioVisualSegment id="track-1.segment-4">
                        <mediaTime>
                            <mediaRelTimePoint>T00:02:57:0F1000</mediaRelTimePoint>
                            <mediaDuration>PT12S0N1000F</mediaDuration>
                        </mediaTime>
                        <TextAnnotation confidence="0.5" relevance="0.4" xml:lang="en">
                            <KeywordAnnotation>
                                <Keyword>PREDICTION</Keyword>
                                <Keyword>and</Keyword>
                            </KeywordAnnotation>
                        </TextAnnotation>
                        <TextAnnotation confidence="0.5" relevance="0.3" xml:lang="en">
                            <KeywordAnnotation>
                                <Keyword>Stock</Keyword>
                            </KeywordAnnotation>
                        </TextAnnotation>
                        <TextAnnotation confidence="0.5" relevance="0.0" xml:lang="en">
                            <KeywordAnnotation>
                                <Keyword>ra</Keyword>
                                <Keyword>wh</Keyword>
                            </KeywordAnnotation>
                        </TextAnnotation>
                        <TextAnnotation confidence="0.0" relevance="0.3" xml:lang="en">
                            <KeywordAnnotation>
                                <Keyword>Cras</Keyword>
                            </KeywordAnnotation>
                        </TextAnnotation>
                        <TextAnnotation confidence="0.0" relevance="0.2" xml:lang="en">
                            <KeywordAnnotation>
                                <Keyword>Fluanch</Keyword>
                                <Keyword>dex</Keyword>
                            </KeywordAnnotation>
                        </TextAnnotation>
                        <TextAnnotation confidence="0.0" relevance="0.0" xml:lang="en">
                            <KeywordAnnotation>
                                <Keyword>K</Keyword>
                                <Keyword>S</Keyword>
                                <Keyword>m</Keyword>
                                <Keyword>r</Keyword>
                            </KeywordAnnotation>
                        </TextAnnotation>
                    </AudioVisualSegment>
                    <AudioVisualSegment id="track-1.segment-5">
                        <mediaTime>
                            <mediaRelTimePoint>T00:03:09:0F1000</mediaRelTimePoint>
                            <mediaDuration>PT21S0N1000F</mediaDuration>
                        </mediaTime>
                        <TextAnnotation confidence="0.5" relevance="0.3" xml:lang="de">
                            <KeywordAnnotation>
                                <Keyword>Crash</Keyword>
                                <Keyword>Stock</Keyword>
                            </KeywordAnnotation>
                        </TextAnnotation>
                        <TextAnnotation confidence="0.5" relevance="0.0" xml:lang="de">
                            <KeywordAnnotation>
                                <Keyword>EI</Keyword>
                                <Keyword>Em</Keyword>
                                <Keyword>Wh</Keyword>
                                <Keyword>hd</Keyword>
                                <Keyword>ud</Keyword>
                                <Keyword>uu</Keyword>
                            </KeywordAnnotation>
                        </TextAnnotation>
                        <TextAnnotation confidence="0.0" relevance="0.5" xml:lang="de">
                            <KeywordAnnotation>
                                <Keyword>Makcts</Keyword>
                            </KeywordAnnotation>
                        </TextAnnotation>
                        <TextAnnotation confidence="0.0" relevance="0.4" xml:lang="de">
                            <KeywordAnnotation>
                                <Keyword>Hlu</Keyword>
                                <Keyword>lr1u</Keyword>
                                <Keyword>umn</Keyword>
                            </KeywordAnnotation>
                        </TextAnnotation>
                        <TextAnnotation confidence="0.0" relevance="0.3" xml:lang="de">
                            <KeywordAnnotation>
                                <Keyword>bvrtvimdnmgvqm</Keyword>
                            </KeywordAnnotation>
                        </TextAnnotation>
                        <TextAnnotation confidence="0.0" relevance="0.0" xml:lang="de">
                            <KeywordAnnotation>
                                <Keyword>-</Keyword>
                                <Keyword>C</Keyword>
                                <Keyword>K</Keyword>
                                <Keyword>S</Keyword>
                                <Keyword>W</Keyword>
                                <Keyword>n</Keyword>
                            </KeywordAnnotation>
                        </TextAnnotation>
                    </AudioVisualSegment>
                    <AudioVisualSegment id="track-1.segment-6">
                        <mediaTime>
                            <mediaRelTimePoint>T00:03:30:0F1000</mediaRelTimePoint>
                            <mediaDuration>PT02M05S0N1000F</mediaDuration>
                        </mediaTime>
                        <TextAnnotation confidence="0.5" relevance="0.5" xml:lang="de">
                            <KeywordAnnotation>
                                <Keyword>time</Keyword>
                            </KeywordAnnotation>
                        </TextAnnotation>
                        <TextAnnotation confidence="0.5" relevance="0.4" xml:lang="de">
                            <KeywordAnnotation>
                                <Keyword>CHAIR</Keyword>
                                <Keyword>Cyber</Keyword>
                                <Keyword>Human</Keyword>
                                <Keyword>for</Keyword>
                                <Keyword>log</Keyword>
                                <Keyword>paL</Keyword>
                                <Keyword>ran</Keyword>
                                <Keyword>risk</Keyword>
                                <Keyword>www</Keyword>
                            </KeywordAnnotation>
                        </TextAnnotation>
                        <TextAnnotation confidence="0.5" relevance="0.3" xml:lang="de">
                            <KeywordAnnotation>
                                <Keyword>Collective</Keyword>
                                <Keyword>and</Keyword>
                                <Keyword>dynamics</Keyword>
                            </KeywordAnnotation>
                        </TextAnnotation>
                        <TextAnnotation confidence="0.5" relevance="0.0" xml:lang="de">
                            <KeywordAnnotation>
                                <Keyword>Am</Keyword>
                                <Keyword>Ay</Keyword>
                                <Keyword>Iu</Keyword>
                                <Keyword>Mn</Keyword>
                                <Keyword>di</Keyword>
                                <Keyword>ia</Keyword>
                                <Keyword>mn</Keyword>
                                <Keyword>nA</Keyword>
                                <Keyword>nb</Keyword>
                                <Keyword>nm</Keyword>
                                <Keyword>of</Keyword>
                                <Keyword>tg</Keyword>
                                <Keyword>un</Keyword>
                            </KeywordAnnotation>
                        </TextAnnotation>
                        <TextAnnotation confidence="0.0" relevance="0.4" xml:lang="de">
                            <KeywordAnnotation>
                                <Keyword>-wm</Keyword>
                                <Keyword>C0nuncr</Keyword>
                                <Keyword>IYPllg</Keyword>
                                <Keyword>Iurvgn</Keyword>
                                <Keyword>Nuw</Keyword>
                                <Keyword>PPD</Keyword>
                                <Keyword>Rnsxsv</Keyword>
                                <Keyword>UhfA</Keyword>
                                <Keyword>agcms</Keyword>
                                <Keyword>alha</Keyword>
                                <Keyword>apxnirminn</Keyword>
                                <Keyword>assounia</Keyword>
                                <Keyword>cmpcnrion</Keyword>
                                <Keyword>gaowpvniosscn</Keyword>
                                <Keyword>h.Op</Keyword>
                                <Keyword>lbi</Keyword>
                                <Keyword>mkmt</Keyword>
                                <Keyword>muh</Keyword>
                                <Keyword>nls</Keyword>
                                <Keyword>pmlossovs</Keyword>
                                <Keyword>pum</Keyword>
                                <Keyword>s.l</Keyword>
                                <Keyword>sbd</Keyword>
                                <Keyword>scum</Keyword>
                                <Keyword>smial</Keyword>
                                <Keyword>snhwnnes</Keyword>
                                <Keyword>sonlvr</Keyword>
                                <Keyword>sulcs.Ym</Keyword>
                                <Keyword>suqainability</Keyword>
                                <Keyword>vneudnv</Keyword>
                                <Keyword>wildux</Keyword>
                                <Keyword>xymu</Keyword>
                            </KeywordAnnotation>
                        </TextAnnotation>
                        <TextAnnotation confidence="0.0" relevance="0.0" xml:lang="de">
                            <KeywordAnnotation>
                                <Keyword>I</Keyword>
                                <Keyword>M</Keyword>
                                <Keyword>T</Keyword>
                                <Keyword>V</Keyword>
                                <Keyword>a</Keyword>
                                <Keyword>m</Keyword>
                                <Keyword>n</Keyword>
                                <Keyword>pk</Keyword>
                                <Keyword>q</Keyword>
                                <Keyword>r</Keyword>
                                <Keyword>s</Keyword>
                                <Keyword>u</Keyword>
                                <Keyword>w</Keyword>
                            </KeywordAnnotation>
                        </TextAnnotation>
                    </AudioVisualSegment>
                    <AudioVisualSegment id="track-1.segment-7">
                        <mediaTime>
                            <mediaRelTimePoint>T00:05:35:0F1000</mediaRelTimePoint>
                            <mediaDuration>PT12S0N1000F</mediaDuration>
                        </mediaTime>
                        <TextAnnotation confidence="0.5" relevance="0.4" xml:lang="de">
                            <KeywordAnnotation>
                                <Keyword>Emma</Keyword>
                                <Keyword>Mum</Keyword>
                                <Keyword>agents</Keyword>
                                <Keyword>illnesses</Keyword>
                                <Keyword>may</Keyword>
                                <Keyword>umm</Keyword>
                                <Keyword>www</Keyword>
                            </KeywordAnnotation>
                        </TextAnnotation>
                        <TextAnnotation confidence="0.5" relevance="0.3" xml:lang="de">
                            <KeywordAnnotation>
                                <Keyword>Human</Keyword>
                                <Keyword>and</Keyword>
                                <Keyword>cooperation</Keyword>
                                <Keyword>dynamics</Keyword>
                                <Keyword>for</Keyword>
                                <Keyword>risks</Keyword>
                                <Keyword>social</Keyword>
                            </KeywordAnnotation>
                        </TextAnnotation>
                        <TextAnnotation confidence="0.5" relevance="0.0" xml:lang="de">
                            <KeywordAnnotation>
                                <Keyword>Am</Keyword>
                                <Keyword>au</Keyword>
                                <Keyword>aw</Keyword>
                                <Keyword>mm</Keyword>
                                <Keyword>mu</Keyword>
                                <Keyword>mx</Keyword>
                                <Keyword>no</Keyword>
                                <Keyword>ns</Keyword>
                                <Keyword>oa</Keyword>
                                <Keyword>of</Keyword>
                                <Keyword>qa</Keyword>
                                <Keyword>ua</Keyword>
                                <Keyword>uy</Keyword>
                                <Keyword>uz</Keyword>
                                <Keyword>xu</Keyword>
                            </KeywordAnnotation>
                        </TextAnnotation>
                        <TextAnnotation confidence="0.0" relevance="0.4" xml:lang="de">
                            <KeywordAnnotation>
                                <Keyword>Pnd</Keyword>
                                <Keyword>ckrut</Keyword>
                                <Keyword>epidemics</Keyword>
                                <Keyword>euwn</Keyword>
                                <Keyword>mwqna</Keyword>
                                <Keyword>nk1sy</Keyword>
                                <Keyword>pm-mmm</Keyword>
                                <Keyword>rmmo</Keyword>
                                <Keyword>sofunuycs</Keyword>
                                <Keyword>uaprum</Keyword>
                                <Keyword>uilicul</Keyword>
                                <Keyword>untainability</Keyword>
                                <Keyword>wunrc</Keyword>
                                <Keyword>xjwm</Keyword>
                                <Keyword>xnuw</Keyword>
                                <Keyword>xyumw</Keyword>
                            </KeywordAnnotation>
                        </TextAnnotation>
                        <TextAnnotation confidence="0.0" relevance="0.3" xml:lang="de">
                            <KeywordAnnotation>
                                <Keyword>Cnllcctivc</Keyword>
                                <Keyword>Cyhcr</Keyword>
                                <Keyword>agmizmion</Keyword>
                                <Keyword>mmcnrial</Keyword>
                                <Keyword>sa1cs.YuuTubc.0xn</Keyword>
                            </KeywordAnnotation>
                        </TextAnnotation>
                        <TextAnnotation confidence="0.0" relevance="0.0" xml:lang="de">
                            <KeywordAnnotation>
                                <Keyword>A</Keyword>
                                <Keyword>M</Keyword>
                                <Keyword>W</Keyword>
                                <Keyword>a</Keyword>
                                <Keyword>b</Keyword>
                                <Keyword>m</Keyword>
                                <Keyword>n</Keyword>
                                <Keyword>o</Keyword>
                                <Keyword>p</Keyword>
                                <Keyword>q</Keyword>
                                <Keyword>r</Keyword>
                                <Keyword>s</Keyword>
                                <Keyword>t</Keyword>
                                <Keyword>u</Keyword>
                                <Keyword>w</Keyword>
                                <Keyword>x</Keyword>
                                <Keyword>xm</Keyword>
                                <Keyword>z</Keyword>
                            </KeywordAnnotation>
                        </TextAnnotation>
                    </AudioVisualSegment>
                    <AudioVisualSegment id="track-1.segment-8">
                        <mediaTime>
                            <mediaRelTimePoint>T00:05:47:0F1000</mediaRelTimePoint>
                            <mediaDuration>PT51S0N1000F</mediaDuration>
                        </mediaTime>
                        <TextAnnotation confidence="0.5" relevance="0.4" xml:lang="de">
                            <KeywordAnnotation>
                                <Keyword>Dyna</Keyword>
                                <Keyword>Mum</Keyword>
                                <Keyword>Natural</Keyword>
                                <Keyword>agents</Keyword>
                                <Keyword>and</Keyword>
                                <Keyword>dynamics</Keyword>
                                <Keyword>ial</Keyword>
                                <Keyword>illnesses</Keyword>
                                <Keyword>mon</Keyword>
                                <Keyword>risk</Keyword>
                                <Keyword>risks</Keyword>
                                <Keyword>soda</Keyword>
                            </KeywordAnnotation>
                        </TextAnnotation>
                        <TextAnnotation confidence="0.5" relevance="0.3" xml:lang="de">
                            <KeywordAnnotation>
                                <Keyword>Assam</Keyword>
                                <Keyword>Cyber</Keyword>
                                <Keyword>pricing</Keyword>
                            </KeywordAnnotation>
                        </TextAnnotation>
                        <TextAnnotation confidence="0.5" relevance="0.0" xml:lang="de">
                            <KeywordAnnotation>
                                <Keyword>al</Keyword>
                                <Keyword>lr</Keyword>
                                <Keyword>qi</Keyword>
                                <Keyword>tm</Keyword>
                                <Keyword>ua</Keyword>
                                <Keyword>ul</Keyword>
                                <Keyword>un</Keyword>
                                <Keyword>uw</Keyword>
                            </KeywordAnnotation>
                        </TextAnnotation>
                        <TextAnnotation confidence="0.0" relevance="0.4" xml:lang="de">
                            <KeywordAnnotation>
                                <Keyword>-umn</Keyword>
                                <Keyword>Bubt</Keyword>
                                <Keyword>Culknivc</Keyword>
                                <Keyword>Hum</Keyword>
                                <Keyword>binlogncal</Keyword>
                                <Keyword>cpkkmrcs</Keyword>
                                <Keyword>earthquakes</Keyword>
                                <Keyword>edg</Keyword>
                                <Keyword>llme</Keyword>
                                <Keyword>lmdslidcs</Keyword>
                                <Keyword>nn.mk</Keyword>
                                <Keyword>rilic</Keyword>
                                <Keyword>rwmzmuilny</Keyword>
                                <Keyword>salcs.YnuTubc.Opcn</Keyword>
                                <Keyword>softwares</Keyword>
                                <Keyword>upninmuun</Keyword>
                                <Keyword>wunx</Keyword>
                                <Keyword>xysmwnm</Keyword>
                            </KeywordAnnotation>
                        </TextAnnotation>
                        <TextAnnotation confidence="0.0" relevance="0.3" xml:lang="de">
                            <KeywordAnnotation>
                                <Keyword>tC0mmm</Keyword>
                            </KeywordAnnotation>
                        </TextAnnotation>
                        <TextAnnotation confidence="0.0" relevance="0.0" xml:lang="de">
                            <KeywordAnnotation>
                                <Keyword>A</Keyword>
                                <Keyword>E</Keyword>
                                <Keyword>I</Keyword>
                                <Keyword>Q</Keyword>
                                <Keyword>S</Keyword>
                                <Keyword>V</Keyword>
                                <Keyword>i</Keyword>
                                <Keyword>l</Keyword>
                                <Keyword>m</Keyword>
                                <Keyword>md</Keyword>
                                <Keyword>n</Keyword>
                                <Keyword>nq</Keyword>
                                <Keyword>p</Keyword>
                                <Keyword>u</Keyword>
                                <Keyword>w</Keyword>
                            </KeywordAnnotation>
                        </TextAnnotation>
                    </AudioVisualSegment>
                    <AudioVisualSegment id="track-1.segment-9">
                        <mediaTime>
                            <mediaRelTimePoint>T00:06:38:0F1000</mediaRelTimePoint>
                            <mediaDuration>PT01M15S0N1000F</mediaDuration>
                        </mediaTime>
                        <TextAnnotation confidence="0.5" relevance="0.0" xml:lang="de">
                            <KeywordAnnotation>
                                <Keyword>II</Keyword>
                                <Keyword>If</Keyword>
                                <Keyword>li</Keyword>
                            </KeywordAnnotation>
                        </TextAnnotation>
                        <TextAnnotation confidence="0.0" relevance="0.4" xml:lang="de">
                            <KeywordAnnotation>
                                <Keyword>Eewjier</Keyword>
                                <Keyword>iLLI</Keyword>
                                <Keyword>rrA</Keyword>
                            </KeywordAnnotation>
                        </TextAnnotation>
                        <TextAnnotation confidence="0.0" relevance="0.0" xml:lang="de">
                            <KeywordAnnotation>
                                <Keyword>--</Keyword>
                                <Keyword>A</Keyword>
                                <Keyword>E</Keyword>
                                <Keyword>F</Keyword>
                                <Keyword>H</Keyword>
                                <Keyword>I</Keyword>
                                <Keyword>J</Keyword>
                                <Keyword>l</Keyword>
                                <Keyword>n</Keyword>
                            </KeywordAnnotation>
                        </TextAnnotation>
                    </AudioVisualSegment>
                    <AudioVisualSegment id="track-1.segment-10">
                        <mediaTime>
                            <mediaRelTimePoint>T00:07:53:0F1000</mediaRelTimePoint>
                            <mediaDuration>PT17S0N1000F</mediaDuration>
                        </mediaTime>
                        <TextAnnotation confidence="0.5" relevance="0.5" xml:lang="en">
                            <KeywordAnnotation>
                                <Keyword>Ems</Keyword>
                            </KeywordAnnotation>
                        </TextAnnotation>
                        <TextAnnotation confidence="0.5" relevance="0.4" xml:lang="en">
                            <KeywordAnnotation>
                                <Keyword>crm</Keyword>
                            </KeywordAnnotation>
                        </TextAnnotation>
                        <TextAnnotation confidence="0.5" relevance="0.3" xml:lang="en">
                            <KeywordAnnotation>
                                <Keyword>financial</Keyword>
                                <Keyword>involving</Keyword>
                                <Keyword>markets</Keyword>
                                <Keyword>political</Keyword>
                                <Keyword>societal</Keyword>
                                <Keyword>violence</Keyword>
                            </KeywordAnnotation>
                        </TextAnnotation>
                        <TextAnnotation confidence="0.5" relevance="0.0" xml:lang="en">
                            <KeywordAnnotation>
                                <Keyword>in</Keyword>
                            </KeywordAnnotation>
                        </TextAnnotation>
                        <TextAnnotation confidence="0.0" relevance="0.5" xml:lang="en">
                            <KeywordAnnotation>
                                <Keyword>-sqgmpg</Keyword>
                            </KeywordAnnotation>
                        </TextAnnotation>
                        <TextAnnotation confidence="0.0" relevance="0.3" xml:lang="en">
                            <KeywordAnnotation>
                                <Keyword>Criscs</Keyword>
                                <Keyword>Crises</Keyword>
                                <Keyword>intiastructurcs</Keyword>
                            </KeywordAnnotation>
                        </TextAnnotation>
                        <TextAnnotation confidence="0.0" relevance="0.0" xml:lang="en">
                            <KeywordAnnotation>
                                <Keyword>a</Keyword>
                                <Keyword>s</Keyword>
                                <Keyword>y</Keyword>
                            </KeywordAnnotation>
                        </TextAnnotation>
                    </AudioVisualSegment>
                    <AudioVisualSegment id="track-1.segment-11">
                        <mediaTime>
                            <mediaRelTimePoint>T00:08:10:0F1000</mediaRelTimePoint>
                            <mediaDuration>PT45S0N1000F</mediaDuration>
                        </mediaTime>
                        <TextAnnotation confidence="0.5" relevance="0.4" xml:lang="en">
                            <KeywordAnnotation>
                                <Keyword>EXTREMES</Keyword>
                                <Keyword>and</Keyword>
                            </KeywordAnnotation>
                        </TextAnnotation>
                        <TextAnnotation confidence="0.5" relevance="0.0" xml:lang="en">
                            <KeywordAnnotation>
                                <Keyword>Hg</Keyword>
                            </KeywordAnnotation>
                        </TextAnnotation>
                        <TextAnnotation confidence="0.0" relevance="0.4" xml:lang="en">
                            <KeywordAnnotation>
                                <Keyword>CRISES</Keyword>
                            </KeywordAnnotation>
                        </TextAnnotation>
                        <TextAnnotation confidence="0.0" relevance="0.0" xml:lang="en">
                            <KeywordAnnotation>
                                <Keyword>I</Keyword>
                                <Keyword>T</Keyword>
                                <Keyword>r</Keyword>
                                <Keyword>z</Keyword>
                            </KeywordAnnotation>
                        </TextAnnotation>
                    </AudioVisualSegment>
                    <AudioVisualSegment id="track-1.segment-12">
                        <mediaTime>
                            <mediaRelTimePoint>T00:08:55:0F1000</mediaRelTimePoint>
                            <mediaDuration>PT27S0N1000F</mediaDuration>
                        </mediaTime>
                        <TextAnnotation confidence="0.5" relevance="0.4" xml:lang="en">
                            <KeywordAnnotation>
                                <Keyword>EXTREMES</Keyword>
                                <Keyword>and</Keyword>
                            </KeywordAnnotation>
                        </TextAnnotation>
                        <TextAnnotation confidence="0.0" relevance="0.4" xml:lang="en">
                            <KeywordAnnotation>
                                <Keyword>CRISES</Keyword>
                            </KeywordAnnotation>
                        </TextAnnotation>
                        <TextAnnotation confidence="0.0" relevance="0.0" xml:lang="en">
                            <KeywordAnnotation>
                                <Keyword>Z</Keyword>
                                <Keyword>g</Keyword>
                            </KeywordAnnotation>
                        </TextAnnotation>
                    </AudioVisualSegment>
                    <AudioVisualSegment id="track-1.segment-13">
                        <mediaTime>
                            <mediaRelTimePoint>T00:09:22:0F1000</mediaRelTimePoint>
                            <mediaDuration>PT20S0N1000F</mediaDuration>
                        </mediaTime>
                        <TextAnnotation confidence="0.5" relevance="0.4" xml:lang="en">
                            <KeywordAnnotation>
                                <Keyword>EXTREMES</Keyword>
                                <Keyword>and</Keyword>
                            </KeywordAnnotation>
                        </TextAnnotation>
                        <TextAnnotation confidence="0.5" relevance="0.0" xml:lang="en">
                            <KeywordAnnotation>
                                <Keyword>ga</Keyword>
                            </KeywordAnnotation>
                        </TextAnnotation>
                        <TextAnnotation confidence="0.0" relevance="0.4" xml:lang="en">
                            <KeywordAnnotation>
                                <Keyword>CRISES</Keyword>
                            </KeywordAnnotation>
                        </TextAnnotation>
                        <TextAnnotation confidence="0.0" relevance="0.0" xml:lang="en">
                            <KeywordAnnotation>
                                <Keyword>I</Keyword>
                                <Keyword>m</Keyword>
                                <Keyword>y</Keyword>
                            </KeywordAnnotation>
                        </TextAnnotation>
                    </AudioVisualSegment>
                    <AudioVisualSegment id="track-1.segment-14">
                        <mediaTime>
                            <mediaRelTimePoint>T00:09:42:0F1000</mediaRelTimePoint>
                            <mediaDuration>PT16S0N1000F</mediaDuration>
                        </mediaTime>
                        <TextAnnotation confidence="0.5" relevance="0.4" xml:lang="en">
                            <KeywordAnnotation>
                                <Keyword>EXTREMES</Keyword>
                                <Keyword>and</Keyword>
                            </KeywordAnnotation>
                        </TextAnnotation>
                        <TextAnnotation confidence="0.5" relevance="0.3" xml:lang="en">
                            <KeywordAnnotation>
                                <Keyword>Reserves</Keyword>
                            </KeywordAnnotation>
                        </TextAnnotation>
                        <TextAnnotation confidence="0.0" relevance="0.4" xml:lang="en">
                            <KeywordAnnotation>
                                <Keyword>CRISES</Keyword>
                                <Keyword>DOGNOQ</Keyword>
                                <Keyword>lnwunons</Keyword>
                            </KeywordAnnotation>
                        </TextAnnotation>
                        <TextAnnotation confidence="0.0" relevance="0.3" xml:lang="en">
                            <KeywordAnnotation>
                                <Keyword>Depnuwy</Keyword>
                                <Keyword>Nm-Borrowed</Keyword>
                            </KeywordAnnotation>
                        </TextAnnotation>
                        <TextAnnotation confidence="0.0" relevance="0.1" xml:lang="en">
                            <KeywordAnnotation>
                                <Keyword>Mard</Keyword>
                            </KeywordAnnotation>
                        </TextAnnotation>
                        <TextAnnotation confidence="0.0" relevance="0.0" xml:lang="en">
                            <KeywordAnnotation>
                                <Keyword>d</Keyword>
                            </KeywordAnnotation>
                        </TextAnnotation>
                    </AudioVisualSegment>
                    <AudioVisualSegment id="track-1.segment-15">
                        <mediaTime>
                            <mediaRelTimePoint>T00:09:58:0F1000</mediaRelTimePoint>
                            <mediaDuration>PT26S0N1000F</mediaDuration>
                        </mediaTime>
                        <TextAnnotation confidence="0.5" relevance="0.4" xml:lang="en">
                            <KeywordAnnotation>
                                <Keyword>EXTREMES</Keyword>
                                <Keyword>and</Keyword>
                            </KeywordAnnotation>
                        </TextAnnotation>
                        <TextAnnotation confidence="0.5" relevance="0.2" xml:lang="en">
                            <KeywordAnnotation>
                                <Keyword>Money</Keyword>
                            </KeywordAnnotation>
                        </TextAnnotation>
                        <TextAnnotation confidence="0.5" relevance="0.0" xml:lang="en">
                            <KeywordAnnotation>
                                <Keyword>Mu</Keyword>
                                <Keyword>ng</Keyword>
                            </KeywordAnnotation>
                        </TextAnnotation>
                        <TextAnnotation confidence="0.0" relevance="0.4" xml:lang="en">
                            <KeywordAnnotation>
                                <Keyword>CRISES</Keyword>
                            </KeywordAnnotation>
                        </TextAnnotation>
                    </AudioVisualSegment>
                    <AudioVisualSegment id="track-1.segment-16">
                        <mediaTime>
                            <mediaRelTimePoint>T00:10:24:0F1000</mediaRelTimePoint>
                            <mediaDuration>PT43S0N1000F</mediaDuration>
                        </mediaTime>
                        <TextAnnotation confidence="0.5" relevance="0.2" xml:lang="en">
                            <KeywordAnnotation>
                                <Keyword>Coupling</Keyword>
                            </KeywordAnnotation>
                        </TextAnnotation>
                        <TextAnnotation confidence="0.0" relevance="0.2" xml:lang="en">
                            <KeywordAnnotation>
                                <Keyword>incrcascs</Keyword>
                                <Keyword>strcngth</Keyword>
                            </KeywordAnnotation>
                        </TextAnnotation>
                    </AudioVisualSegment>
                    <AudioVisualSegment id="track-1.segment-17">
                        <mediaTime>
                            <mediaRelTimePoint>T00:11:07:0F1000</mediaRelTimePoint>
                            <mediaDuration>PT56S0N1000F</mediaDuration>
                        </mediaTime>
                        <TextAnnotation confidence="0.5" relevance="0.2" xml:lang="de">
                            <KeywordAnnotation>
                                <Keyword>Coupling</Keyword>
                            </KeywordAnnotation>
                        </TextAnnotation>
                        <TextAnnotation confidence="0.5" relevance="0.0" xml:lang="de">
                            <KeywordAnnotation>
                                <Keyword>Ci</Keyword>
                            </KeywordAnnotation>
                        </TextAnnotation>
                        <TextAnnotation confidence="0.0" relevance="0.2" xml:lang="de">
                            <KeywordAnnotation>
                                <Keyword>incrcascs</Keyword>
                                <Keyword>strcngnh</Keyword>
                            </KeywordAnnotation>
                        </TextAnnotation>
                        <TextAnnotation confidence="0.0" relevance="0.0" xml:lang="de">
                            <KeywordAnnotation>
                                <Keyword>i</Keyword>
                            </KeywordAnnotation>
                        </TextAnnotation>
                    </AudioVisualSegment>
                    <AudioVisualSegment id="track-1.segment-18">
                        <mediaTime>
                            <mediaRelTimePoint>T00:12:03:0F1000</mediaRelTimePoint>
                            <mediaDuration>PT23S0N1000F</mediaDuration>
                        </mediaTime>
                        <TextAnnotation confidence="0.5" relevance="0.2" xml:lang="en">
                            <KeywordAnnotation>
                                <Keyword>Coupling</Keyword>
                            </KeywordAnnotation>
                        </TextAnnotation>
                        <TextAnnotation confidence="0.5" relevance="0.0" xml:lang="en">
                            <KeywordAnnotation>
                                <Keyword>MY</Keyword>
                            </KeywordAnnotation>
                        </TextAnnotation>
                        <TextAnnotation confidence="0.0" relevance="0.2" xml:lang="en">
                            <KeywordAnnotation>
                                <Keyword>incrcascs</Keyword>
                                <Keyword>strcngnh</Keyword>
                            </KeywordAnnotation>
                        </TextAnnotation>
                        <TextAnnotation confidence="0.0" relevance="0.0" xml:lang="en">
                            <KeywordAnnotation>
                                <Keyword>A</Keyword>
                            </KeywordAnnotation>
                        </TextAnnotation>
                    </AudioVisualSegment>
                    <AudioVisualSegment id="track-1.segment-19">
                        <mediaTime>
                            <mediaRelTimePoint>T00:12:26:0F1000</mediaRelTimePoint>
                            <mediaDuration>PT33S0N1000F</mediaDuration>
                        </mediaTime>
                        <TextAnnotation confidence="0.5" relevance="0.4" xml:lang="en">
                            <KeywordAnnotation>
                                <Keyword>GREAT</Keyword>
                                <Keyword>MODERATION</Keyword>
                                <Keyword>THE</Keyword>
                            </KeywordAnnotation>
                        </TextAnnotation>
                        <TextAnnotation confidence="0.5" relevance="0.0" xml:lang="en">
                            <KeywordAnnotation>
                                <Keyword>aw</Keyword>
                                <Keyword>lI</Keyword>
                                <Keyword>lW</Keyword>
                                <Keyword>nk</Keyword>
                            </KeywordAnnotation>
                        </TextAnnotation>
                        <TextAnnotation confidence="0.0" relevance="0.4" xml:lang="en">
                            <KeywordAnnotation>
                                <Keyword>IlJ</Keyword>
                                <Keyword>lIKVl0FMw</Keyword>
                            </KeywordAnnotation>
                        </TextAnnotation>
                        <TextAnnotation confidence="0.0" relevance="0.3" xml:lang="en">
                            <KeywordAnnotation>
                                <Keyword>WNW</Keyword>
                                <Keyword>whM</Keyword>
                            </KeywordAnnotation>
                        </TextAnnotation>
                        <TextAnnotation confidence="0.0" relevance="0.2" xml:lang="en">
                            <KeywordAnnotation>
                                <Keyword>MMMMM</Keyword>
                            </KeywordAnnotation>
                        </TextAnnotation>
                        <TextAnnotation confidence="0.0" relevance="0.0" xml:lang="en">
                            <KeywordAnnotation>
                                <Keyword>I</Keyword>
                                <Keyword>J</Keyword>
                                <Keyword>v</Keyword>
                                <Keyword>w</Keyword>
                            </KeywordAnnotation>
                        </TextAnnotation>
                    </AudioVisualSegment>
                    <AudioVisualSegment id="track-1.segment-20">
                        <mediaTime>
                            <mediaRelTimePoint>T00:12:59:0F1000</mediaRelTimePoint>
                            <mediaDuration>PT16S0N1000F</mediaDuration>
                        </mediaTime>
                        <TextAnnotation confidence="0.5" relevance="0.4" xml:lang="en">
                            <KeywordAnnotation>
                                <Keyword>GREAT</Keyword>
                                <Keyword>MODERATION</Keyword>
                                <Keyword>THE</Keyword>
                            </KeywordAnnotation>
                        </TextAnnotation>
                        <TextAnnotation confidence="0.5" relevance="0.0" xml:lang="en">
                            <KeywordAnnotation>
                                <Keyword>dI</Keyword>
                                <Keyword>ty</Keyword>
                            </KeywordAnnotation>
                        </TextAnnotation>
                        <TextAnnotation confidence="0.0" relevance="0.4" xml:lang="en">
                            <KeywordAnnotation>
                                <Keyword>Jmt3Vl.hr</Keyword>
                                <Keyword>U.I</Keyword>
                            </KeywordAnnotation>
                        </TextAnnotation>
                        <TextAnnotation confidence="0.0" relevance="0.0" xml:lang="en">
                            <KeywordAnnotation>
                                <Keyword>-</Keyword>
                                <Keyword>I</Keyword>
                                <Keyword>J</Keyword>
                                <Keyword>N</Keyword>
                                <Keyword>W</Keyword>
                                <Keyword>a</Keyword>
                                <Keyword>k</Keyword>
                                <Keyword>l</Keyword>
                                <Keyword>n</Keyword>
                                <Keyword>v</Keyword>
                            </KeywordAnnotation>
                        </TextAnnotation>
                    </AudioVisualSegment>
                    <AudioVisualSegment id="track-1.segment-21">
                        <mediaTime>
                            <mediaRelTimePoint>T00:13:15:0F1000</mediaRelTimePoint>
                            <mediaDuration>PT01M46S0N1000F</mediaDuration>
                        </mediaTime>
                        <TextAnnotation confidence="0.5" relevance="0.4" xml:lang="de">
                            <KeywordAnnotation>
                                <Keyword>pdf</Keyword>
                                <Keyword>rates</Keyword>
                            </KeywordAnnotation>
                        </TextAnnotation>
                        <TextAnnotation confidence="0.5" relevance="0.3" xml:lang="de">
                            <KeywordAnnotation>
                                <Keyword>Heavy</Keyword>
                                <Keyword>falls</Keyword>
                                <Keyword>rock</Keyword>
                            </KeywordAnnotation>
                        </TextAnnotation>
                        <TextAnnotation confidence="0.5" relevance="0.0" xml:lang="de">
                            <KeywordAnnotation>
                                <Keyword>In</Keyword>
                                <Keyword>PI</Keyword>
                                <Keyword>TL</Keyword>
                                <Keyword>if</Keyword>
                                <Keyword>in</Keyword>
                                <Keyword>ld</Keyword>
                                <Keyword>of</Keyword>
                                <Keyword>rl</Keyword>
                            </KeywordAnnotation>
                        </TextAnnotation>
                        <TextAnnotation confidence="0.0" relevance="0.4" xml:lang="de">
                            <KeywordAnnotation>
                                <Keyword>---</Keyword>
                                <Keyword>Ilcavy</Keyword>
                                <Keyword>Ilcax</Keyword>
                                <Keyword>earthquakes</Keyword>
                                <Keyword>pdfof</Keyword>
                                <Keyword>sclsnnic</Keyword>
                                <Keyword>tails</Keyword>
                            </KeywordAnnotation>
                        </TextAnnotation>
                        <TextAnnotation confidence="0.0" relevance="0.3" xml:lang="de">
                            <KeywordAnnotation>
                                <Keyword>IDB</Keyword>
                                <Keyword>Ilcasy</Keyword>
                                <Keyword>L-T</Keyword>
                                <Keyword>aspx</Keyword>
                                <Keyword>cnllupwx</Keyword>
                                <Keyword>lmndklldcs</Keyword>
                                <Keyword>mclunlsln</Keyword>
                                <Keyword>pdfof</Keyword>
                                <Keyword>ruplurwx</Keyword>
                                <Keyword>tails</Keyword>
                                <Keyword>woo</Keyword>
                            </KeywordAnnotation>
                        </TextAnnotation>
                        <TextAnnotation confidence="0.0" relevance="0.0" xml:lang="de">
                            <KeywordAnnotation>
                                <Keyword>-</Keyword>
                                <Keyword>A</Keyword>
                                <Keyword>E</Keyword>
                                <Keyword>F</Keyword>
                                <Keyword>I</Keyword>
                                <Keyword>J</Keyword>
                                <Keyword>g</Keyword>
                                <Keyword>i</Keyword>
                                <Keyword>l</Keyword>
                                <Keyword>m</Keyword>
                                <Keyword>n</Keyword>
                                <Keyword>o</Keyword>
                                <Keyword>t</Keyword>
                                <Keyword>w</Keyword>
                            </KeywordAnnotation>
                        </TextAnnotation>
                    </AudioVisualSegment>
                    <AudioVisualSegment id="track-1.segment-22">
                        <mediaTime>
                            <mediaRelTimePoint>T00:15:01:0F1000</mediaRelTimePoint>
                            <mediaDuration>PT23S0N1000F</mediaDuration>
                        </mediaTime>
                        <TextAnnotation confidence="0.5" relevance="0.5" xml:lang="de">
                            <KeywordAnnotation>
                                <Keyword>losses</Keyword>
                            </KeywordAnnotation>
                        </TextAnnotation>
                        <TextAnnotation confidence="0.5" relevance="0.4" xml:lang="de">
                            <KeywordAnnotation>
                                <Keyword>pal</Keyword>
                                <Keyword>rain</Keyword>
                            </KeywordAnnotation>
                        </TextAnnotation>
                        <TextAnnotation confidence="0.5" relevance="0.2" xml:lang="de">
                            <KeywordAnnotation>
                                <Keyword>Enya</Keyword>
                                <Keyword>Solar</Keyword>
                                <Keyword>flares</Keyword>
                                <Keyword>gif</Keyword>
                                <Keyword>peak</Keyword>
                            </KeywordAnnotation>
                        </TextAnnotation>
                        <TextAnnotation confidence="0.5" relevance="0.0" xml:lang="de">
                            <KeywordAnnotation>
                                <Keyword>EE</Keyword>
                                <Keyword>In</Keyword>
                                <Keyword>Ir</Keyword>
                                <Keyword>in</Keyword>
                                <Keyword>nh</Keyword>
                                <Keyword>no</Keyword>
                                <Keyword>nu</Keyword>
                                <Keyword>ol</Keyword>
                                <Keyword>pm</Keyword>
                                <Keyword>th</Keyword>
                                <Keyword>uf</Keyword>
                                <Keyword>yl</Keyword>
                            </KeywordAnnotation>
                        </TextAnnotation>
                        <TextAnnotation confidence="0.0" relevance="0.5" xml:lang="de">
                            <KeywordAnnotation>
                                <Keyword>Ilurricanc</Keyword>
                                <Keyword>cdfof</Keyword>
                                <Keyword>tails</Keyword>
                            </KeywordAnnotation>
                        </TextAnnotation>
                        <TextAnnotation confidence="0.0" relevance="0.4" xml:lang="de">
                            <KeywordAnnotation>
                                <Keyword>Ilcanvy</Keyword>
                                <Keyword>Ilcm</Keyword>
                                <Keyword>Ilcnvy</Keyword>
                                <Keyword>Inru</Keyword>
                                <Keyword>cvrnh</Keyword>
                                <Keyword>huh</Keyword>
                                <Keyword>lun-xr</Keyword>
                                <Keyword>tails</Keyword>
                            </KeywordAnnotation>
                        </TextAnnotation>
                        <TextAnnotation confidence="0.0" relevance="0.2" xml:lang="de">
                            <KeywordAnnotation>
                                <Keyword>Ilcuvy</Keyword>
                                <Keyword>cdfuf</Keyword>
                                <Keyword>intcnedly</Keyword>
                                <Keyword>tails</Keyword>
                            </KeywordAnnotation>
                        </TextAnnotation>
                        <TextAnnotation confidence="0.0" relevance="0.0" xml:lang="de">
                            <KeywordAnnotation>
                                <Keyword>-</Keyword>
                                <Keyword>E</Keyword>
                                <Keyword>I</Keyword>
                                <Keyword>Q</Keyword>
                                <Keyword>S</Keyword>
                                <Keyword>T</Keyword>
                                <Keyword>i</Keyword>
                                <Keyword>l</Keyword>
                                <Keyword>m</Keyword>
                                <Keyword>n</Keyword>
                                <Keyword>o</Keyword>
                                <Keyword>s</Keyword>
                            </KeywordAnnotation>
                        </TextAnnotation>
                    </AudioVisualSegment>
                    <AudioVisualSegment id="track-1.segment-23">
                        <mediaTime>
                            <mediaRelTimePoint>T00:15:24:0F1000</mediaRelTimePoint>
                            <mediaDuration>PT01M42S0N1000F</mediaDuration>
                        </mediaTime>
                        <TextAnnotation confidence="0.5" relevance="0.5" xml:lang="de">
                            <KeywordAnnotation>
                                <Keyword>Hurricane</Keyword>
                                <Keyword>losses</Keyword>
                            </KeywordAnnotation>
                        </TextAnnotation>
                        <TextAnnotation confidence="0.5" relevance="0.4" xml:lang="de">
                            <KeywordAnnotation>
                                <Keyword>Heavy</Keyword>
                                <Keyword>ruin</Keyword>
                            </KeywordAnnotation>
                        </TextAnnotation>
                        <TextAnnotation confidence="0.5" relevance="0.2" xml:lang="de">
                            <KeywordAnnotation>
                                <Keyword>Anna</Keyword>
                                <Keyword>Solar</Keyword>
                                <Keyword>peak</Keyword>
                            </KeywordAnnotation>
                        </TextAnnotation>
                        <TextAnnotation confidence="0.5" relevance="0.0" xml:lang="de">
                            <KeywordAnnotation>
                                <Keyword>EI</Keyword>
                                <Keyword>cs</Keyword>
                                <Keyword>in</Keyword>
                                <Keyword>mh</Keyword>
                                <Keyword>nb</Keyword>
                                <Keyword>pm</Keyword>
                                <Keyword>ul</Keyword>
                                <Keyword>un</Keyword>
                            </KeywordAnnotation>
                        </TextAnnotation>
                        <TextAnnotation confidence="0.0" relevance="0.5" xml:lang="de">
                            <KeywordAnnotation>
                                <Keyword>Ilcavy</Keyword>
                                <Keyword>cdfuf</Keyword>
                                <Keyword>tails</Keyword>
                            </KeywordAnnotation>
                        </TextAnnotation>
                        <TextAnnotation confidence="0.0" relevance="0.4" xml:lang="de">
                            <KeywordAnnotation>
                                <Keyword>Iiru</Keyword>
                                <Keyword>cnu</Keyword>
                                <Keyword>hm-xl</Keyword>
                                <Keyword>mils</Keyword>
                                <Keyword>pdl</Keyword>
                                <Keyword>sem</Keyword>
                                <Keyword>tails</Keyword>
                            </KeywordAnnotation>
                        </TextAnnotation>
                        <TextAnnotation confidence="0.0" relevance="0.2" xml:lang="de">
                            <KeywordAnnotation>
                                <Keyword>Ihrcs</Keyword>
                                <Keyword>Ilcavy</Keyword>
                                <Keyword>cdfof</Keyword>
                                <Keyword>inmnnsity</Keyword>
                                <Keyword>lkml</Keyword>
                                <Keyword>lmnl</Keyword>
                                <Keyword>tails</Keyword>
                            </KeywordAnnotation>
                        </TextAnnotation>
                        <TextAnnotation confidence="0.0" relevance="0.0" xml:lang="de">
                            <KeywordAnnotation>
                                <Keyword>I</Keyword>
                                <Keyword>L</Keyword>
                                <Keyword>T</Keyword>
                                <Keyword>f</Keyword>
                                <Keyword>l</Keyword>
                                <Keyword>m</Keyword>
                            </KeywordAnnotation>
                        </TextAnnotation>
                    </AudioVisualSegment>
                    <AudioVisualSegment id="track-1.segment-24">
                        <mediaTime>
                            <mediaRelTimePoint>T00:17:06:0F1000</mediaRelTimePoint>
                            <mediaDuration>PT01M05S0N1000F</mediaDuration>
                        </mediaTime>
                        <TextAnnotation confidence="0.5" relevance="0.4" xml:lang="de">
                            <KeywordAnnotation>
                                <Keyword>Software</Keyword>
                                <Keyword>cyber</Keyword>
                                <Keyword>rdf</Keyword>
                                <Keyword>risks</Keyword>
                                <Keyword>vulnerabilities</Keyword>
                            </KeywordAnnotation>
                        </TextAnnotation>
                        <TextAnnotation confidence="0.5" relevance="0.3" xml:lang="de">
                            <KeywordAnnotation>
                                <Keyword>law</Keyword>
                                <Keyword>leu</Keyword>
                                <Keyword>mcs</Keyword>
                            </KeywordAnnotation>
                        </TextAnnotation>
                        <TextAnnotation confidence="0.5" relevance="0.0" xml:lang="de">
                            <KeywordAnnotation>
                                <Keyword>lj</Keyword>
                                <Keyword>mc</Keyword>
                                <Keyword>of</Keyword>
                                <Keyword>rD</Keyword>
                                <Keyword>ui</Keyword>
                            </KeywordAnnotation>
                        </TextAnnotation>
                        <TextAnnotation confidence="0.0" relevance="0.4" xml:lang="de">
                            <KeywordAnnotation>
                                <Keyword>Heavy-tail</Keyword>
                                <Keyword>ih5E</Keyword>
                            </KeywordAnnotation>
                        </TextAnnotation>
                        <TextAnnotation confidence="0.0" relevance="0.3" xml:lang="de">
                            <KeywordAnnotation>
                                <Keyword>Img</Keyword>
                                <Keyword>Zlpfk</Keyword>
                                <Keyword>axy</Keyword>
                                <Keyword>cuunu</Keyword>
                                <Keyword>uII</Keyword>
                                <Keyword>uTuhw</Keyword>
                            </KeywordAnnotation>
                        </TextAnnotation>
                        <TextAnnotation confidence="0.0" relevance="0.0" xml:lang="de">
                            <KeywordAnnotation>
                                <Keyword>I</Keyword>
                                <Keyword>N</Keyword>
                                <Keyword>U</Keyword>
                                <Keyword>W</Keyword>
                                <Keyword>i</Keyword>
                                <Keyword>l</Keyword>
                                <Keyword>n</Keyword>
                                <Keyword>r</Keyword>
                            </KeywordAnnotation>
                        </TextAnnotation>
                    </AudioVisualSegment>
                    <AudioVisualSegment id="track-1.segment-25">
                        <mediaTime>
                            <mediaRelTimePoint>T00:18:11:0F1000</mediaRelTimePoint>
                            <mediaDuration>PT41S0N1000F</mediaDuration>
                        </mediaTime>
                        <TextAnnotation confidence="0.5" relevance="0.4" xml:lang="de">
                            <KeywordAnnotation>
                                <Keyword>Ima</Keyword>
                                <Keyword>Sun</Keyword>
                                <Keyword>unix</Keyword>
                            </KeywordAnnotation>
                        </TextAnnotation>
                        <TextAnnotation confidence="0.5" relevance="0.3" xml:lang="de">
                            <KeywordAnnotation>
                                <Keyword>Sales</Keyword>
                                <Keyword>day</Keyword>
                                <Keyword>per</Keyword>
                            </KeywordAnnotation>
                        </TextAnnotation>
                        <TextAnnotation confidence="0.5" relevance="0.0" xml:lang="de">
                            <KeywordAnnotation>
                                <Keyword>MN</Keyword>
                                <Keyword>UH</Keyword>
                                <Keyword>VI</Keyword>
                                <Keyword>dI</Keyword>
                                <Keyword>hv</Keyword>
                                <Keyword>ll</Keyword>
                                <Keyword>mi</Keyword>
                                <Keyword>rp</Keyword>
                                <Keyword>rs</Keyword>
                                <Keyword>ul</Keyword>
                                <Keyword>uu</Keyword>
                            </KeywordAnnotation>
                        </TextAnnotation>
                        <TextAnnotation confidence="0.0" relevance="0.4" xml:lang="de">
                            <KeywordAnnotation>
                                <Keyword>IIv</Keyword>
                                <Keyword>ail</Keyword>
                                <Keyword>c.u</Keyword>
                                <Keyword>n...-</Keyword>
                                <Keyword>pdl</Keyword>
                            </KeywordAnnotation>
                        </TextAnnotation>
                        <TextAnnotation confidence="0.0" relevance="0.3" xml:lang="de">
                            <KeywordAnnotation>
                                <Keyword>o.m</Keyword>
                            </KeywordAnnotation>
                        </TextAnnotation>
                        <TextAnnotation confidence="0.0" relevance="0.0" xml:lang="de">
                            <KeywordAnnotation>
                                <Keyword>-</Keyword>
                                <Keyword>-I</Keyword>
                                <Keyword>A</Keyword>
                                <Keyword>a</Keyword>
                                <Keyword>l</Keyword>
                                <Keyword>m</Keyword>
                                <Keyword>n</Keyword>
                                <Keyword>r</Keyword>
                                <Keyword>s</Keyword>
                                <Keyword>u</Keyword>
                                <Keyword>x</Keyword>
                                <Keyword>y-</Keyword>
                            </KeywordAnnotation>
                        </TextAnnotation>
                    </AudioVisualSegment>
                    <AudioVisualSegment id="track-1.segment-26">
                        <mediaTime>
                            <mediaRelTimePoint>T00:18:52:0F1000</mediaRelTimePoint>
                            <mediaDuration>PT35S0N1000F</mediaDuration>
                        </mediaTime>
                        <TextAnnotation confidence="0.5" relevance="0.4" xml:lang="de">
                            <KeywordAnnotation>
                                <Keyword>IlI</Keyword>
                                <Keyword>ill</Keyword>
                            </KeywordAnnotation>
                        </TextAnnotation>
                        <TextAnnotation confidence="0.5" relevance="0.3" xml:lang="de">
                            <KeywordAnnotation>
                                <Keyword>Sales</Keyword>
                                <Keyword>day</Keyword>
                                <Keyword>per</Keyword>
                            </KeywordAnnotation>
                        </TextAnnotation>
                        <TextAnnotation confidence="0.5" relevance="0.0" xml:lang="de">
                            <KeywordAnnotation>
                                <Keyword>MA</Keyword>
                                <Keyword>Wi</Keyword>
                                <Keyword>Wl</Keyword>
                                <Keyword>dI</Keyword>
                                <Keyword>hu</Keyword>
                                <Keyword>mn</Keyword>
                                <Keyword>mu</Keyword>
                                <Keyword>nl</Keyword>
                                <Keyword>rl</Keyword>
                                <Keyword>rs</Keyword>
                                <Keyword>su</Keyword>
                                <Keyword>sv</Keyword>
                                <Keyword>ul</Keyword>
                                <Keyword>uu</Keyword>
                                <Keyword>xi</Keyword>
                            </KeywordAnnotation>
                        </TextAnnotation>
                        <TextAnnotation confidence="0.0" relevance="0.4" xml:lang="de">
                            <KeywordAnnotation>
                                <Keyword>IIv.n</Keyword>
                                <Keyword>Sunh0r</Keyword>
                                <Keyword>cmu</Keyword>
                                <Keyword>pdl</Keyword>
                                <Keyword>pdlulvur</Keyword>
                                <Keyword>vars</Keyword>
                                <Keyword>x-lun</Keyword>
                            </KeywordAnnotation>
                        </TextAnnotation>
                        <TextAnnotation confidence="0.0" relevance="0.3" xml:lang="de">
                            <KeywordAnnotation>
                                <Keyword>osx</Keyword>
                            </KeywordAnnotation>
                        </TextAnnotation>
                        <TextAnnotation confidence="0.0" relevance="0.0" xml:lang="de">
                            <KeywordAnnotation>
                                <Keyword>-</Keyword>
                                <Keyword>H</Keyword>
                                <Keyword>I</Keyword>
                                <Keyword>W</Keyword>
                                <Keyword>p</Keyword>
                                <Keyword>r</Keyword>
                                <Keyword>s</Keyword>
                                <Keyword>u</Keyword>
                                <Keyword>w</Keyword>
                                <Keyword>x</Keyword>
                                <Keyword>y</Keyword>
                            </KeywordAnnotation>
                        </TextAnnotation>
                    </AudioVisualSegment>
                    <AudioVisualSegment id="track-1.segment-27">
                        <mediaTime>
                            <mediaRelTimePoint>T00:19:27:0F1000</mediaRelTimePoint>
                            <mediaDuration>PT01M34S0N1000F</mediaDuration>
                        </mediaTime>
                        <TextAnnotation confidence="0.5" relevance="0.4" xml:lang="de">
                            <KeywordAnnotation>
                                <Keyword>IlI</Keyword>
                            </KeywordAnnotation>
                        </TextAnnotation>
                        <TextAnnotation confidence="0.5" relevance="0.3" xml:lang="de">
                            <KeywordAnnotation>
                                <Keyword>Sales</Keyword>
                                <Keyword>day</Keyword>
                                <Keyword>par</Keyword>
                                <Keyword>wax</Keyword>
                            </KeywordAnnotation>
                        </TextAnnotation>
                        <TextAnnotation confidence="0.5" relevance="0.0" xml:lang="de">
                            <KeywordAnnotation>
                                <Keyword>Ih</Keyword>
                                <Keyword>dl</Keyword>
                                <Keyword>es</Keyword>
                                <Keyword>mu</Keyword>
                                <Keyword>nl</Keyword>
                                <Keyword>ol</Keyword>
                                <Keyword>ua</Keyword>
                                <Keyword>ul</Keyword>
                                <Keyword>ur</Keyword>
                                <Keyword>uu</Keyword>
                                <Keyword>wi</Keyword>
                            </KeywordAnnotation>
                        </TextAnnotation>
                        <TextAnnotation confidence="0.0" relevance="0.4" xml:lang="de">
                            <KeywordAnnotation>
                                <Keyword>-mil</Keyword>
                                <Keyword>In-</Keyword>
                                <Keyword>Sunhor</Keyword>
                                <Keyword>can-</Keyword>
                                <Keyword>cmu</Keyword>
                                <Keyword>pdl</Keyword>
                                <Keyword>umu-l</Keyword>
                            </KeywordAnnotation>
                        </TextAnnotation>
                        <TextAnnotation confidence="0.0" relevance="0.0" xml:lang="de">
                            <KeywordAnnotation>
                                <Keyword>-</Keyword>
                                <Keyword>A</Keyword>
                                <Keyword>E</Keyword>
                                <Keyword>F</Keyword>
                                <Keyword>I</Keyword>
                                <Keyword>Z</Keyword>
                                <Keyword>a</Keyword>
                                <Keyword>l</Keyword>
                                <Keyword>m</Keyword>
                                <Keyword>n</Keyword>
                                <Keyword>r</Keyword>
                                <Keyword>v</Keyword>
                                <Keyword>x</Keyword>
                                <Keyword>y-</Keyword>
                            </KeywordAnnotation>
                        </TextAnnotation>
                    </AudioVisualSegment>
                    <AudioVisualSegment id="track-1.segment-28">
                        <mediaTime>
                            <mediaRelTimePoint>T00:21:01:0F1000</mediaRelTimePoint>
                            <mediaDuration>PT16S0N1000F</mediaDuration>
                        </mediaTime>
                        <TextAnnotation confidence="0.5" relevance="0.4" xml:lang="de">
                            <KeywordAnnotation>
                                <Keyword>black</Keyword>
                            </KeywordAnnotation>
                        </TextAnnotation>
                        <TextAnnotation confidence="0.5" relevance="0.3" xml:lang="de">
                            <KeywordAnnotation>
                                <Keyword>mum</Keyword>
                            </KeywordAnnotation>
                        </TextAnnotation>
                        <TextAnnotation confidence="0.5" relevance="0.0" xml:lang="de">
                            <KeywordAnnotation>
                                <Keyword>VJ</Keyword>
                                <Keyword>as</Keyword>
                                <Keyword>nl</Keyword>
                                <Keyword>nm</Keyword>
                                <Keyword>on</Keyword>
                                <Keyword>uu</Keyword>
                            </KeywordAnnotation>
                        </TextAnnotation>
                        <TextAnnotation confidence="0.0" relevance="0.4" xml:lang="de">
                            <KeywordAnnotation>
                                <Keyword>-muh</Keyword>
                                <Keyword>Crashes</Keyword>
                                <Keyword>swans</Keyword>
                            </KeywordAnnotation>
                        </TextAnnotation>
                        <TextAnnotation confidence="0.0" relevance="0.3" xml:lang="de">
                            <KeywordAnnotation>
                                <Keyword>frnditinnal</Keyword>
                                <Keyword>umn</Keyword>
                                <Keyword>uuphnsix</Keyword>
                            </KeywordAnnotation>
                        </TextAnnotation>
                        <TextAnnotation confidence="0.0" relevance="0.0" xml:lang="de">
                            <KeywordAnnotation>
                                <Keyword>-</Keyword>
                                <Keyword>B</Keyword>
                                <Keyword>I</Keyword>
                                <Keyword>J</Keyword>
                                <Keyword>T</Keyword>
                                <Keyword>V</Keyword>
                                <Keyword>g</Keyword>
                                <Keyword>j</Keyword>
                                <Keyword>k</Keyword>
                                <Keyword>m</Keyword>
                                <Keyword>s</Keyword>
                                <Keyword>u</Keyword>
                                <Keyword>w</Keyword>
                            </KeywordAnnotation>
                        </TextAnnotation>
                    </AudioVisualSegment>
                    <AudioVisualSegment id="track-1.segment-29">
                        <mediaTime>
                            <mediaRelTimePoint>T00:21:17:0F1000</mediaRelTimePoint>
                            <mediaDuration>PT02M59S0N1000F</mediaDuration>
                        </mediaTime>
                        <TextAnnotation confidence="0.5" relevance="0.4" xml:lang="de">
                            <KeywordAnnotation>
                                <Keyword>Black</Keyword>
                                <Keyword>mil</Keyword>
                            </KeywordAnnotation>
                        </TextAnnotation>
                        <TextAnnotation confidence="0.5" relevance="0.0" xml:lang="de">
                            <KeywordAnnotation>
                                <Keyword>as</Keyword>
                                <Keyword>dn</Keyword>
                                <Keyword>mu</Keyword>
                                <Keyword>my</Keyword>
                                <Keyword>um</Keyword>
                                <Keyword>uu</Keyword>
                            </KeywordAnnotation>
                        </TextAnnotation>
                        <TextAnnotation confidence="0.0" relevance="0.4" xml:lang="de">
                            <KeywordAnnotation>
                                <Keyword>Crashes</Keyword>
                                <Keyword>nu-JI</Keyword>
                                <Keyword>swans</Keyword>
                                <Keyword>uuluu</Keyword>
                            </KeywordAnnotation>
                        </TextAnnotation>
                        <TextAnnotation confidence="0.0" relevance="0.3" xml:lang="de">
                            <KeywordAnnotation>
                                <Keyword>swamp</Keyword>
                            </KeywordAnnotation>
                        </TextAnnotation>
                        <TextAnnotation confidence="0.0" relevance="0.0" xml:lang="de">
                            <KeywordAnnotation>
                                <Keyword>A</Keyword>
                                <Keyword>B</Keyword>
                                <Keyword>E</Keyword>
                                <Keyword>I</Keyword>
                                <Keyword>L</Keyword>
                                <Keyword>V</Keyword>
                                <Keyword>i</Keyword>
                                <Keyword>k</Keyword>
                                <Keyword>m</Keyword>
                                <Keyword>n</Keyword>
                                <Keyword>u</Keyword>
                                <Keyword>w</Keyword>
                                <Keyword>z</Keyword>
                            </KeywordAnnotation>
                        </TextAnnotation>
                    </AudioVisualSegment>
                    <AudioVisualSegment id="track-1.segment-30">
                        <mediaTime>
                            <mediaRelTimePoint>T00:24:16:0F1000</mediaRelTimePoint>
                            <mediaDuration>PT05M55S0N1000F</mediaDuration>
                        </mediaTime>
                        <TextAnnotation confidence="0.5" relevance="0.3" xml:lang="en">
                            <KeywordAnnotation>
                                <Keyword>Our</Keyword>
                                <Keyword>proposition</Keyword>
                            </KeywordAnnotation>
                        </TextAnnotation>
                        <TextAnnotation confidence="0.5" relevance="0.2" xml:lang="en">
                            <KeywordAnnotation>
                                <Keyword>Faster</Keyword>
                                <Keyword>growth</Keyword>
                                <Keyword>price</Keyword>
                                <Keyword>than</Keyword>
                            </KeywordAnnotation>
                        </TextAnnotation>
                        <TextAnnotation confidence="0.5" relevance="0.0" xml:lang="en">
                            <KeywordAnnotation>
                                <Keyword>Aj</Keyword>
                                <Keyword>gm</Keyword>
                            </KeywordAnnotation>
                        </TextAnnotation>
                        <TextAnnotation confidence="0.0" relevance="0.4" xml:lang="en">
                            <KeywordAnnotation>
                                <Keyword>Wsitive</Keyword>
                                <Keyword>feedbaclg</Keyword>
                            </KeywordAnnotation>
                        </TextAnnotation>
                        <TextAnnotation confidence="0.0" relevance="0.3" xml:lang="en">
                            <KeywordAnnotation>
                                <Keyword>exponentral</Keyword>
                                <Keyword>nransmnaunsusrmnabre</Keyword>
                            </KeywordAnnotation>
                        </TextAnnotation>
                        <TextAnnotation confidence="0.0" relevance="0.0" xml:lang="en">
                            <KeywordAnnotation>
                                <Keyword>F</Keyword>
                                <Keyword>I</Keyword>
                                <Keyword>Q</Keyword>
                                <Keyword>b</Keyword>
                                <Keyword>f</Keyword>
                                <Keyword>g</Keyword>
                                <Keyword>h</Keyword>
                                <Keyword>i</Keyword>
                                <Keyword>l</Keyword>
                                <Keyword>y</Keyword>
                                <Keyword>z</Keyword>
                            </KeywordAnnotation>
                        </TextAnnotation>
                    </AudioVisualSegment>
                    <AudioVisualSegment id="track-1.segment-31">
                        <mediaTime>
                            <mediaRelTimePoint>T00:30:11:0F1000</mediaRelTimePoint>
                            <mediaDuration>PT47M17S814N1000F</mediaDuration>
                        </mediaTime>
                        <TextAnnotation confidence="0.5" relevance="0.4" xml:lang="de">
                            <KeywordAnnotation>
                                <Keyword>Crisis</Keyword>
                                <Keyword>Financial</Keyword>
                                <Keyword>Observatory</Keyword>
                            </KeywordAnnotation>
                        </TextAnnotation>
                        <TextAnnotation confidence="0.5" relevance="0.0" xml:lang="de">
                            <KeywordAnnotation>
                                <Keyword>IM</Keyword>
                                <Keyword>JP</Keyword>
                                <Keyword>Rp</Keyword>
                                <Keyword>SE</Keyword>
                                <Keyword>an</Keyword>
                                <Keyword>hm</Keyword>
                                <Keyword>nm</Keyword>
                                <Keyword>nu</Keyword>
                            </KeywordAnnotation>
                        </TextAnnotation>
                        <TextAnnotation confidence="0.0" relevance="0.4" xml:lang="de">
                            <KeywordAnnotation>
                                <Keyword>EAPZ</Keyword>
                                <Keyword>YAE</Keyword>
                            </KeywordAnnotation>
                        </TextAnnotation>
                        <TextAnnotation confidence="0.0" relevance="0.3" xml:lang="de">
                            <KeywordAnnotation>
                                <Keyword>Beau</Keyword>
                                <Keyword>gupjng</Keyword>
                                <Keyword>sEne</Keyword>
                                <Keyword>ummm</Keyword>
                                <Keyword>wnpamnlun</Keyword>
                            </KeywordAnnotation>
                        </TextAnnotation>
                        <TextAnnotation confidence="0.0" relevance="0.2" xml:lang="de">
                            <KeywordAnnotation>
                                <Keyword>Egnrh</Keyword>
                            </KeywordAnnotation>
                        </TextAnnotation>
                        <TextAnnotation confidence="0.0" relevance="0.0" xml:lang="de">
                            <KeywordAnnotation>
                                <Keyword>B</Keyword>
                                <Keyword>E</Keyword>
                                <Keyword>H</Keyword>
                                <Keyword>L</Keyword>
                                <Keyword>P</Keyword>
                                <Keyword>Q</Keyword>
                                <Keyword>S</Keyword>
                                <Keyword>a</Keyword>
                                <Keyword>f</Keyword>
                                <Keyword>l</Keyword>
                                <Keyword>m</Keyword>
                                <Keyword>r</Keyword>
                                <Keyword>t</Keyword>
                                <Keyword>u</Keyword>
                                <Keyword>w</Keyword>
                                <Keyword>y</Keyword>
                            </KeywordAnnotation>
                        </TextAnnotation>
                    </AudioVisualSegment>
                </TemporalDecomposition>
            </AudioVisual>
        </MultimediaContent>
    </Description>
</Mpeg7>
