<?xml version="1.0" encoding="UTF-8"?>
<mediapackage duration="3311160" id="10.3930/ETHZ/AV-2507f6bc-d493-41ad-a7e9-21ca4adcad9d">
<media>
<track id="track-1" type="engage/presenter">
    <url>http://downloads.opencastproject.org/media/car.flv</url>
    <mimetype>video/x-flv</mimetype>
    <checksum type="md5">7b3c7e8cc2cba2f5b7af4fd4224f3005</checksum>
</track>
<mimetype>video/quicktime</mimetype>
<checksum type="md5">8e8d044a0c4622cf98f7547066f742b3</checksum>
<url>tracks/20090909_ZKM_Part_3_Kessler.mov</url>
<Duration>3311160</Duration>
<Audio id="stream-2">
<Encoder type="PCM"/>
<Channels>2</Channels>
<BitDepth>16</BitDepth>
<BitRate>1536000.0</BitRate>
</Audio>
<Video id="stream-1">
<Encoder type="Digital Video"/>
<Size>720x576</Size>
<BitRate>8046102.0</BitRate>
<FrameRate>25.0</FrameRate>
</Video>
</media>
<metadata>
<catalog id="catalog-2" type="metadata/dublincore">
<mimetype>text/xml</mimetype>
<checksum type="md5">4bfc301bf853aa0e513ca036e3deb1b3</checksum>
<url>metadata/dublincore-e-zkm_Part3.xml</url>
</catalog>
<catalog id="catalog-1" ref="series:10.3930/ETHZ/AV-6d39892a-6560-4799-91e9-1f014d8b9676" type="metadata/dublincore">
<mimetype>text/xml</mimetype>
<checksum type="md5">57ae741634661463c6d4ac8aa036a11f</checksum>
<url>metadata/dublincore-s-00003.xml</url>
</catalog>
<catalog id="catalog-3" type="metadata/mpeg-7">
<mimetype>text/xml</mimetype>
<checksum type="md5">d41d8cd98f00b204e9800998ecf8427e</checksum>
<url>metadata/mpeg-71356356373511709644.xml</url>
</catalog>
</metadata>
<attachments>
    <attachment id="attachment-1" type="engage/cover">
        <url>http://downloads.opencastproject.org/media/engage-cover.jpg</url>
        <mimetype>image/jpeg</mimetype>
    </attachment>
    <attachment id="attachment-2" type="feed/cover">
        <url>http://downloads.opencastproject.org/media/feed-cover.jpg</url>
        <mimetype>image/jpeg</mimetype>
    </attachment>
</attachments>
</mediapackage>
