<?xml version="1.0" encoding="UTF-8"?>
<Mpeg7 xmlns="urn:mpeg:mpeg7:schema:2001" xmlns:mpeg7="urn:mpeg7:schema:2001"
	xmlns:xsi="http://www.w3.org/2001/XMLSchema-instance/">
	<Description xsi:type="ContentEntityType">
		<MultimediaContent xsi:type="AudioVisualType">
			<AudioVisual id="track-1">
				<mediaLocator>
					<mediaUri>file:tracks/camera.avi</mediaUri>
				</mediaLocator>
				<mediaTime>
					<mediaTimePoint>T00:00:00:0F25</mediaTimePoint>
					<mediaDuration>PT27M10S15N1000F</mediaDuration>
				</mediaTime>
			</AudioVisual>
			<AudioVisual id="track-0">
				<mediaLocator>
					<mediaUri>file:tracks/grabber.avi</mediaUri>
				</mediaLocator>
				<mediaTime>
					<mediaTimePoint>T00:00:00:0F5</mediaTimePoint>
					<mediaDuration>PT27M10S15N1000F</mediaDuration>
				</mediaTime>
				<TemporalDecomposition criteria="temporal"
					gap="false" overlap="false">
					<AudioVisualSegment id="track-0.segment-1">
						<mediaTime>
							<mediaRelTimePoint>T00:00:00:0F1000</mediaRelTimePoint>
							<mediaDuration>PT19S0N1000F</mediaDuration>
						</mediaTime>
						<TextAnnotation confidence="0.5" relevance="0.4"
							xml:lang="en">
							<KeywordAnnotation>
								<Keyword>Awareness</Keyword>
								<Keyword>Lifecycle</Keyword>
								<Keyword>Vulnerability</Keyword>
								<Keyword>and</Keyword>
								<Keyword>the</Keyword>
							</KeywordAnnotation>
						</TextAnnotation>
						<TextAnnotation confidence="0.5" relevance="0.3"
							xml:lang="en">
							<KeywordAnnotation>
								<Keyword>Exercise</Keyword>
								<Keyword>Risk</Keyword>
							</KeywordAnnotation>
						</TextAnnotation>
						<TextAnnotation confidence="0.5" relevance="0.0"
							xml:lang="en">
							<KeywordAnnotation>
								<Keyword>WT</Keyword>
							</KeywordAnnotation>
						</TextAnnotation>
						<TextAnnotation confidence="0.0" relevance="0.0"
							xml:lang="en">
							<KeywordAnnotation>
								<Keyword>i</Keyword>
							</KeywordAnnotation>
						</TextAnnotation>
					</AudioVisualSegment>
					<AudioVisualSegment id="track-0.segment-2">
						<mediaTime>
							<mediaRelTimePoint>T00:00:19:0F1000</mediaRelTimePoint>
							<mediaDuration>PT37S0N1000F</mediaDuration>
						</mediaTime>
						<TextAnnotation confidence="0.5" relevance="0.4"
							xml:lang="en">
							<KeywordAnnotation>
								<Keyword>Content</Keyword>
							</KeywordAnnotation>
						</TextAnnotation>
						<TextAnnotation confidence="0.5" relevance="0.3"
							xml:lang="en">
							<KeywordAnnotation>
								<Keyword>Exercises</Keyword>
								<Keyword>FAO</Keyword>
								<Keyword>Lab</Keyword>
								<Keyword>Management</Keyword>
								<Keyword>Organization</Keyword>
								<Keyword>Risk</Keyword>
								<Keyword>Vulnerabilities</Keyword>
							</KeywordAnnotation>
						</TextAnnotation>
					</AudioVisualSegment>
					<AudioVisualSegment id="track-0.segment-3">
						<mediaTime>
							<mediaRelTimePoint>T00:00:56:0F1000</mediaRelTimePoint>
							<mediaDuration>PT01M01S0N1000F</mediaDuration>
						</mediaTime>
						<TextAnnotation confidence="0.5" relevance="0.5"
							xml:lang="en">
							<KeywordAnnotation>
								<Keyword>CHF</Keyword>
								<Keyword>during</Keyword>
								<Keyword>first</Keyword>
								<Keyword>lab</Keyword>
								<Keyword>session</Keyword>
								<Keyword>the</Keyword>
							</KeywordAnnotation>
						</TextAnnotation>
						<TextAnnotation confidence="0.5" relevance="0.4"
							xml:lang="en">
							<KeywordAnnotation>
								<Keyword>Buy</Keyword>
								<Keyword>Check</Keyword>
								<Keyword>FAQ</Keyword>
								<Keyword>Lab</Keyword>
								<Keyword>Where</Keyword>
								<Keyword>buy</Keyword>
								<Keyword>can</Keyword>
								<Keyword>don</Keyword>
								<Keyword>for</Keyword>
								<Keyword>group</Keyword>
								<Keyword>list</Keyword>
								<Keyword>manual</Keyword>
								<Keyword>office</Keyword>
								<Keyword>the</Keyword>
							</KeywordAnnotation>
						</TextAnnotation>
						<TextAnnotation confidence="0.5" relevance="0.0"
							xml:lang="en">
							<KeywordAnnotation>
								<Keyword>in</Keyword>
								<Keyword>it</Keyword>
								<Keyword>my</Keyword>
							</KeywordAnnotation>
						</TextAnnotation>
						<TextAnnotation confidence="0.0" relevance="0.4"
							xml:lang="en">
							<KeywordAnnotation>
								<Keyword>ETZ</Keyword>
								<Keyword>remember</Keyword>
							</KeywordAnnotation>
						</TextAnnotation>
						<TextAnnotation confidence="0.0" relevance="0.0"
							xml:lang="en">
							<KeywordAnnotation>
								<Keyword>A</Keyword>
								<Keyword>G</Keyword>
								<Keyword>I</Keyword>
								<Keyword>Q</Keyword>
								<Keyword>t</Keyword>
							</KeywordAnnotation>
						</TextAnnotation>
					</AudioVisualSegment>
					<AudioVisualSegment id="track-0.segment-4">
						<mediaTime>
							<mediaRelTimePoint>T00:01:57:0F1000</mediaRelTimePoint>
							<mediaDuration>PT02M0N1000F</mediaDuration>
						</mediaTime>
						<TextAnnotation confidence="0.5" relevance="0.5"
							xml:lang="en">
							<KeywordAnnotation>
								<Keyword>corresponding</Keyword>
								<Keyword>lab</Keyword>
							</KeywordAnnotation>
						</TextAnnotation>
						<TextAnnotation confidence="0.5" relevance="0.4"
							xml:lang="en">
							<KeywordAnnotation>
								<Keyword>FAQ</Keyword>
								<Keyword>Lab</Keyword>
								<Keyword>Yes</Keyword>
								<Keyword>anything</Keyword>
								<Keyword>for</Keyword>
								<Keyword>have</Keyword>
								<Keyword>introduction</Keyword>
								<Keyword>lab</Keyword>
								<Keyword>prepare</Keyword>
								<Keyword>session</Keyword>
								<Keyword>solution</Keyword>
								<Keyword>the</Keyword>
								<Keyword>there</Keyword>
								<Keyword>written</Keyword>
								<Keyword>you</Keyword>
							</KeywordAnnotation>
						</TextAnnotation>
						<TextAnnotation confidence="0.5" relevance="0.0"
							xml:lang="en">
							<KeywordAnnotation>
								<Keyword>Do</Keyword>
								<Keyword>Is</Keyword>
								<Keyword>It</Keyword>
								<Keyword>in</Keyword>
								<Keyword>of</Keyword>
								<Keyword>to</Keyword>
							</KeywordAnnotation>
						</TextAnnotation>
						<TextAnnotation confidence="0.0" relevance="0.0"
							xml:lang="en">
							<KeywordAnnotation>
								<Keyword>A</Keyword>
								<Keyword>I</Keyword>
								<Keyword>N</Keyword>
								<Keyword>O</Keyword>
								<Keyword>Q</Keyword>
								<Keyword>a</Keyword>
								<Keyword>s</Keyword>
							</KeywordAnnotation>
						</TextAnnotation>
					</AudioVisualSegment>
					<AudioVisualSegment id="track-0.segment-5">
						<mediaTime>
							<mediaRelTimePoint>T00:03:57:0F1000</mediaRelTimePoint>
							<mediaDuration>PT21S0N1000F</mediaDuration>
						</mediaTime>
						<TextAnnotation confidence="0.5" relevance="0.4"
							xml:lang="de">
							<KeywordAnnotation>
								<Keyword>FAQ</Keyword>
								<Keyword>Lab</Keyword>
								<Keyword>optional</Keyword>
								<Keyword>the</Keyword>
							</KeywordAnnotation>
						</TextAnnotation>
						<TextAnnotation confidence="0.5" relevance="0.0"
							xml:lang="de">
							<KeywordAnnotation>
								<Keyword>Is</Keyword>
							</KeywordAnnotation>
						</TextAnnotation>
						<TextAnnotation confidence="0.0" relevance="0.0"
							xml:lang="de">
							<KeywordAnnotation>
								<Keyword>A</Keyword>
								<Keyword>N</Keyword>
								<Keyword>O</Keyword>
							</KeywordAnnotation>
						</TextAnnotation>
					</AudioVisualSegment>
					<AudioVisualSegment id="track-0.segment-6">
						<mediaTime>
							<mediaRelTimePoint>T00:04:18:0F1000</mediaRelTimePoint>
							<mediaDuration>PT38S0N1000F</mediaDuration>
						</mediaTime>
						<TextAnnotation confidence="0.5" relevance="0.4"
							xml:lang="en">
							<KeywordAnnotation>
								<Keyword>FAQ</Keyword>
								<Keyword>Free</Keyword>
								<Keyword>Group</Keyword>
								<Keyword>Lab</Keyword>
								<Keyword>change</Keyword>
								<Keyword>group</Keyword>
								<Keyword>seats</Keyword>
								<Keyword>the</Keyword>
							</KeywordAnnotation>
						</TextAnnotation>
						<TextAnnotation confidence="0.5" relevance="0.3"
							xml:lang="en">
							<KeywordAnnotation>
								<Keyword>Can</Keyword>
								<Keyword>Group</Keyword>
							</KeywordAnnotation>
						</TextAnnotation>
						<TextAnnotation confidence="0.5" relevance="0.0"
							xml:lang="en">
							<KeywordAnnotation>
								<Keyword>Fr</Keyword>
							</KeywordAnnotation>
						</TextAnnotation>
						<TextAnnotation confidence="0.0" relevance="0.0"
							xml:lang="en">
							<KeywordAnnotation>
								<Keyword>A</Keyword>
								<Keyword>B</Keyword>
								<Keyword>C</Keyword>
								<Keyword>D</Keyword>
								<Keyword>I</Keyword>
								<Keyword>M</Keyword>
								<Keyword>O</Keyword>
							</KeywordAnnotation>
						</TextAnnotation>
					</AudioVisualSegment>
					<AudioVisualSegment id="track-0.segment-7">
						<mediaTime>
							<mediaRelTimePoint>T00:04:56:0F1000</mediaRelTimePoint>
							<mediaDuration>PT39S0N1000F</mediaDuration>
						</mediaTime>
						<TextAnnotation confidence="0.5" relevance="0.4"
							xml:lang="en">
							<KeywordAnnotation>
								<Keyword>Change</Keyword>
								<Keyword>Date</Keyword>
								<Keyword>FAQ</Keyword>
								<Keyword>Lab</Keyword>
								<Keyword>Policy</Keyword>
								<Keyword>Priorities</Keyword>
								<Keyword>Served</Keyword>
								<Keyword>another</Keyword>
								<Keyword>exchanged</Keyword>
								<Keyword>group</Keyword>
								<Keyword>lab</Keyword>
								<Keyword>one</Keyword>
								<Keyword>session</Keyword>
								<Keyword>shift</Keyword>
								<Keyword>team</Keyword>
								<Keyword>that</Keyword>
								<Keyword>this</Keyword>
								<Keyword>with</Keyword>
							</KeywordAnnotation>
						</TextAnnotation>
						<TextAnnotation confidence="0.5" relevance="0.3"
							xml:lang="en">
							<KeywordAnnotation>
								<Keyword>Can</Keyword>
								<Keyword>Students</Keyword>
							</KeywordAnnotation>
						</TextAnnotation>
						<TextAnnotation confidence="0.5" relevance="0.0"
							xml:lang="en">
							<KeywordAnnotation>
								<Keyword>of</Keyword>
							</KeywordAnnotation>
						</TextAnnotation>
						<TextAnnotation confidence="0.0" relevance="0.4"
							xml:lang="en">
							<KeywordAnnotation>
								<Keyword>First-Come-First</Keyword>
								<Keyword>bilaterally</Keyword>
							</KeywordAnnotation>
						</TextAnnotation>
						<TextAnnotation confidence="0.0" relevance="0.0"
							xml:lang="en">
							<KeywordAnnotation>
								<Keyword>A</Keyword>
								<Keyword>I</Keyword>
								<Keyword>O</Keyword>
							</KeywordAnnotation>
						</TextAnnotation>
					</AudioVisualSegment>
					<AudioVisualSegment id="track-0.segment-8">
						<mediaTime>
							<mediaRelTimePoint>T00:05:35:0F1000</mediaRelTimePoint>
							<mediaDuration>PT20S0N1000F</mediaDuration>
						</mediaTime>
						<TextAnnotation confidence="0.5" relevance="0.4"
							xml:lang="en">
							<KeywordAnnotation>
								<Keyword>FAQ</Keyword>
								<Keyword>Free</Keyword>
								<Keyword>Group</Keyword>
								<Keyword>Lab</Keyword>
								<Keyword>change</Keyword>
								<Keyword>group</Keyword>
								<Keyword>seats</Keyword>
								<Keyword>the</Keyword>
							</KeywordAnnotation>
						</TextAnnotation>
						<TextAnnotation confidence="0.5" relevance="0.3"
							xml:lang="en">
							<KeywordAnnotation>
								<Keyword>Can</Keyword>
								<Keyword>Group</Keyword>
							</KeywordAnnotation>
						</TextAnnotation>
						<TextAnnotation confidence="0.5" relevance="0.0"
							xml:lang="en">
							<KeywordAnnotation>
								<Keyword>Fr</Keyword>
							</KeywordAnnotation>
						</TextAnnotation>
						<TextAnnotation confidence="0.0" relevance="0.0"
							xml:lang="en">
							<KeywordAnnotation>
								<Keyword>A</Keyword>
								<Keyword>B</Keyword>
								<Keyword>C</Keyword>
								<Keyword>D</Keyword>
								<Keyword>I</Keyword>
								<Keyword>M</Keyword>
								<Keyword>O</Keyword>
							</KeywordAnnotation>
						</TextAnnotation>
					</AudioVisualSegment>
					<AudioVisualSegment id="track-0.segment-9">
						<mediaTime>
							<mediaRelTimePoint>T00:05:55:0F1000</mediaRelTimePoint>
							<mediaDuration>PT29S0N1000F</mediaDuration>
						</mediaTime>
						<TextAnnotation confidence="0.5" relevance="0.5"
							xml:lang="en">
							<KeywordAnnotation>
								<Keyword>after</Keyword>
								<Keyword>available</Keyword>
								<Keyword>exercise</Keyword>
								<Keyword>session</Keyword>
								<Keyword>the</Keyword>
								<Keyword>will</Keyword>
							</KeywordAnnotation>
						</TextAnnotation>
						<TextAnnotation confidence="0.5" relevance="0.4"
							xml:lang="en">
							<KeywordAnnotation>
								<Keyword>But</Keyword>
								<Keyword>Exercise</Keyword>
								<Keyword>FAQ</Keyword>
								<Keyword>Lab</Keyword>
								<Keyword>Yes</Keyword>
								<Keyword>accepted</Keyword>
								<Keyword>attend</Keyword>
								<Keyword>exercise</Keyword>
								<Keyword>for</Keyword>
								<Keyword>have</Keyword>
								<Keyword>solution</Keyword>
								<Keyword>submit</Keyword>
								<Keyword>the</Keyword>
								<Keyword>there</Keyword>
								<Keyword>you</Keyword>
							</KeywordAnnotation>
						</TextAnnotation>
						<TextAnnotation confidence="0.5" relevance="0.3"
							xml:lang="en">
							<KeywordAnnotation>
								<Keyword>have</Keyword>
							</KeywordAnnotation>
						</TextAnnotation>
						<TextAnnotation confidence="0.5" relevance="0.0"
							xml:lang="en">
							<KeywordAnnotation>
								<Keyword>Is</Keyword>
								<Keyword>be</Keyword>
								<Keyword>do</Keyword>
								<Keyword>it</Keyword>
								<Keyword>to</Keyword>
								<Keyword>we</Keyword>
							</KeywordAnnotation>
						</TextAnnotation>
						<TextAnnotation confidence="0.0" relevance="0.4"
							xml:lang="en">
							<KeywordAnnotation>
								<Keyword>exam</Keyword>
							</KeywordAnnotation>
						</TextAnnotation>
						<TextAnnotation confidence="0.0" relevance="0.0"
							xml:lang="en">
							<KeywordAnnotation>
								<Keyword>A</Keyword>
								<Keyword>D</Keyword>
								<Keyword>N</Keyword>
								<Keyword>O</Keyword>
								<Keyword>Q</Keyword>
								<Keyword>a</Keyword>
							</KeywordAnnotation>
						</TextAnnotation>
					</AudioVisualSegment>
					<AudioVisualSegment id="track-0.segment-10">
						<mediaTime>
							<mediaRelTimePoint>T00:06:24:0F1000</mediaRelTimePoint>
							<mediaDuration>PT01M03S0N1000F</mediaDuration>
						</mediaTime>
						<TextAnnotation confidence="0.5" relevance="0.5"
							xml:lang="en">
							<KeywordAnnotation>
								<Keyword>homepage</Keyword>
								<Keyword>the</Keyword>
							</KeywordAnnotation>
						</TextAnnotation>
						<TextAnnotation confidence="0.5" relevance="0.4"
							xml:lang="en">
							<KeywordAnnotation>
								<Keyword>Exercise</Keyword>
								<Keyword>FAQ</Keyword>
								<Keyword>Talks</Keyword>
								<Keyword>The</Keyword>
								<Keyword>There</Keyword>
								<Keyword>What</Keyword>
								<Keyword>about</Keyword>
								<Keyword>check</Keyword>
								<Keyword>either</Keyword>
								<Keyword>exercise</Keyword>
								<Keyword>program</Keyword>
								<Keyword>talk</Keyword>
								<Keyword>updated</Keyword>
								<Keyword>versus</Keyword>
							</KeywordAnnotation>
						</TextAnnotation>
						<TextAnnotation confidence="0.5" relevance="0.0"
							xml:lang="en">
							<KeywordAnnotation>
								<Keyword>an</Keyword>
								<Keyword>is</Keyword>
								<Keyword>or</Keyword>
							</KeywordAnnotation>
						</TextAnnotation>
						<TextAnnotation confidence="0.0" relevance="0.4"
							xml:lang="en">
							<KeywordAnnotation>
								<Keyword>Tuesday</Keyword>
							</KeywordAnnotation>
						</TextAnnotation>
						<TextAnnotation confidence="0.0" relevance="0.0"
							xml:lang="en">
							<KeywordAnnotation>
								<Keyword>A</Keyword>
								<Keyword>O</Keyword>
								<Keyword>Q</Keyword>
								<Keyword>a</Keyword>
								<Keyword>s</Keyword>
							</KeywordAnnotation>
						</TextAnnotation>
					</AudioVisualSegment>
					<AudioVisualSegment id="track-0.segment-11">
						<mediaTime>
							<mediaRelTimePoint>T00:07:27:0F1000</mediaRelTimePoint>
							<mediaDuration>PT01M10S0N1000F</mediaDuration>
						</mediaTime>
						<TextAnnotation confidence="0.5" relevance="0.0"
							xml:lang="de">
							<KeywordAnnotation>
								<Keyword>fZ</Keyword>
							</KeywordAnnotation>
						</TextAnnotation>
						<TextAnnotation confidence="0.0" relevance="0.3"
							xml:lang="de">
							<KeywordAnnotation>
								<Keyword>Ov-</Keyword>
							</KeywordAnnotation>
						</TextAnnotation>
					</AudioVisualSegment>
					<AudioVisualSegment id="track-0.segment-12">
						<mediaTime>
							<mediaRelTimePoint>T00:08:37:0F1000</mediaRelTimePoint>
							<mediaDuration>PT01M03S0N1000F</mediaDuration>
						</mediaTime>
						<TextAnnotation confidence="0.5" relevance="0.4"
							xml:lang="en">
							<KeywordAnnotation>
								<Keyword>Management</Keyword>
								<Keyword>Risk</Keyword>
								<Keyword>plan</Keyword>
							</KeywordAnnotation>
						</TextAnnotation>
						<TextAnnotation confidence="0.5" relevance="0.3"
							xml:lang="en">
							<KeywordAnnotation>
								<Keyword>Identification</Keyword>
								<Keyword>Lecture</Keyword>
								<Keyword>Management</Keyword>
								<Keyword>Risk</Keyword>
								<Keyword>Security</Keyword>
								<Keyword>and</Keyword>
								<Keyword>education</Keyword>
								<Keyword>film</Keyword>
								<Keyword>lectures</Keyword>
							</KeywordAnnotation>
						</TextAnnotation>
						<TextAnnotation confidence="0.5" relevance="0.0"
							xml:lang="en">
							<KeywordAnnotation>
								<Keyword>HS</Keyword>
								<Keyword>IT</Keyword>
								<Keyword>SS</Keyword>
								<Keyword>ir</Keyword>
							</KeywordAnnotation>
						</TextAnnotation>
						<TextAnnotation confidence="0.0" relevance="0.4"
							xml:lang="en">
							<KeywordAnnotation>
								<Keyword>Aw-</Keyword>
							</KeywordAnnotation>
						</TextAnnotation>
						<TextAnnotation confidence="0.0" relevance="0.3"
							xml:lang="en">
							<KeywordAnnotation>
								<Keyword>Mansec</Keyword>
								<Keyword>mmAyy</Keyword>
								<Keyword>reducation</Keyword>
								<Keyword>www.csg.ethz.ch</Keyword>
								<Keyword>wwyiqiglgiuxp</Keyword>
							</KeywordAnnotation>
						</TextAnnotation>
						<TextAnnotation confidence="0.0" relevance="0.0"
							xml:lang="en">
							<KeywordAnnotation>
								<Keyword>-</Keyword>
								<Keyword>F</Keyword>
								<Keyword>I</Keyword>
								<Keyword>U</Keyword>
								<Keyword>g</Keyword>
								<Keyword>m</Keyword>
							</KeywordAnnotation>
						</TextAnnotation>
					</AudioVisualSegment>
					<AudioVisualSegment id="track-0.segment-13">
						<mediaTime>
							<mediaRelTimePoint>T00:09:40:0F1000</mediaRelTimePoint>
							<mediaDuration>PT48S0N1000F</mediaDuration>
						</mediaTime>
						<TextAnnotation confidence="0.5" relevance="0.4"
							xml:lang="en">
							<KeywordAnnotation>
								<Keyword>Analysis</Keyword>
								<Keyword>Identification</Keyword>
								<Keyword>Risk</Keyword>
								<Keyword>costs</Keyword>
								<Keyword>protected</Keyword>
								<Keyword>should</Keyword>
							</KeywordAnnotation>
						</TextAnnotation>
						<TextAnnotation confidence="0.5" relevance="0.3"
							xml:lang="en">
							<KeywordAnnotation>
								<Keyword>What</Keyword>
								<Keyword>anew</Keyword>
								<Keyword>assets</Keyword>
							</KeywordAnnotation>
						</TextAnnotation>
						<TextAnnotation confidence="0.5" relevance="0.0"
							xml:lang="en">
							<KeywordAnnotation>
								<Keyword>Dm</Keyword>
								<Keyword>be</Keyword>
								<Keyword>on</Keyword>
							</KeywordAnnotation>
						</TextAnnotation>
						<TextAnnotation confidence="0.0" relevance="0.4"
							xml:lang="en">
							<KeywordAnnotation>
								<Keyword>Assessmm</Keyword>
								<Keyword>Pmuanamy</Keyword>
							</KeywordAnnotation>
						</TextAnnotation>
						<TextAnnotation confidence="0.0" relevance="0.0"
							xml:lang="en">
							<KeywordAnnotation>
								<Keyword>-</Keyword>
								<Keyword>K</Keyword>
								<Keyword>L</Keyword>
								<Keyword>W</Keyword>
								<Keyword>Y</Keyword>
								<Keyword>a</Keyword>
								<Keyword>g</Keyword>
								<Keyword>i</Keyword>
								<Keyword>m</Keyword>
								<Keyword>n</Keyword>
								<Keyword>r</Keyword>
								<Keyword>s</Keyword>
							</KeywordAnnotation>
						</TextAnnotation>
					</AudioVisualSegment>
					<AudioVisualSegment id="track-0.segment-14">
						<mediaTime>
							<mediaRelTimePoint>T00:10:28:0F1000</mediaRelTimePoint>
							<mediaDuration>PT02M0N1000F</mediaDuration>
						</mediaTime>
						<TextAnnotation confidence="0.5" relevance="0.5"
							xml:lang="en">
							<KeywordAnnotation>
								<Keyword>risk</Keyword>
							</KeywordAnnotation>
						</TextAnnotation>
						<TextAnnotation confidence="0.5" relevance="0.4"
							xml:lang="en">
							<KeywordAnnotation>
								<Keyword>Reduction</Keyword>
								<Keyword>Risk</Keyword>
								<Keyword>Technology</Keyword>
								<Keyword>business</Keyword>
							</KeywordAnnotation>
						</TextAnnotation>
						<TextAnnotation confidence="0.5" relevance="0.3"
							xml:lang="en">
							<KeywordAnnotation>
								<Keyword>Accept</Keyword>
								<Keyword>Avoid</Keyword>
								<Keyword>Give</Keyword>
								<Keyword>Insurance</Keyword>
								<Keyword>Transfer</Keyword>
								<Keyword>risk</Keyword>
								<Keyword>the</Keyword>
							</KeywordAnnotation>
						</TextAnnotation>
						<TextAnnotation confidence="0.5" relevance="0.0"
							xml:lang="en">
							<KeywordAnnotation>
								<Keyword>up</Keyword>
							</KeywordAnnotation>
						</TextAnnotation>
						<TextAnnotation confidence="0.0" relevance="0.5"
							xml:lang="en">
							<KeywordAnnotation>
								<Keyword>sel</Keyword>
							</KeywordAnnotation>
						</TextAnnotation>
						<TextAnnotation confidence="0.0" relevance="0.4"
							xml:lang="en">
							<KeywordAnnotation>
								<Keyword>Deizre</Keyword>
								<Keyword>Educatlon</Keyword>
							</KeywordAnnotation>
						</TextAnnotation>
						<TextAnnotation confidence="0.0" relevance="0.0"
							xml:lang="en">
							<KeywordAnnotation>
								<Keyword>-</Keyword>
								<Keyword>K</Keyword>
								<Keyword>M</Keyword>
								<Keyword>Y</Keyword>
								<Keyword>i</Keyword>
							</KeywordAnnotation>
						</TextAnnotation>
					</AudioVisualSegment>
					<AudioVisualSegment id="track-0.segment-15">
						<mediaTime>
							<mediaRelTimePoint>T00:12:28:0F1000</mediaRelTimePoint>
							<mediaDuration>PT01M0N1000F</mediaDuration>
						</mediaTime>
						<TextAnnotation confidence="0.5" relevance="0.5"
							xml:lang="en">
							<KeywordAnnotation>
								<Keyword>business</Keyword>
								<Keyword>case</Keyword>
							</KeywordAnnotation>
						</TextAnnotation>
						<TextAnnotation confidence="0.5" relevance="0.4"
							xml:lang="en">
							<KeywordAnnotation>
								<Keyword>Education</Keyword>
								<Keyword>Lit</Keyword>
								<Keyword>Risk</Keyword>
								<Keyword>Technology</Keyword>
								<Keyword>The</Keyword>
								<Keyword>costs</Keyword>
								<Keyword>risk</Keyword>
							</KeywordAnnotation>
						</TextAnnotation>
						<TextAnnotation confidence="0.5" relevance="0.0"
							xml:lang="en">
							<KeywordAnnotation>
								<Keyword>In</Keyword>
								<Keyword>Vi</Keyword>
								<Keyword>ia</Keyword>
							</KeywordAnnotation>
						</TextAnnotation>
						<TextAnnotation confidence="0.0" relevance="0.4"
							xml:lang="en">
							<KeywordAnnotation>
								<Keyword>Decrease</Keyword>
								<Keyword>Trade-Off</Keyword>
							</KeywordAnnotation>
						</TextAnnotation>
						<TextAnnotation confidence="0.0" relevance="0.0"
							xml:lang="en">
							<KeywordAnnotation>
								<Keyword>E</Keyword>
								<Keyword>I</Keyword>
								<Keyword>c</Keyword>
								<Keyword>e</Keyword>
								<Keyword>i</Keyword>
								<Keyword>l</Keyword>
								<Keyword>t</Keyword>
							</KeywordAnnotation>
						</TextAnnotation>
					</AudioVisualSegment>
					<AudioVisualSegment id="track-0.segment-16">
						<mediaTime>
							<mediaRelTimePoint>T00:13:28:0F1000</mediaRelTimePoint>
							<mediaDuration>PT48S0N1000F</mediaDuration>
						</mediaTime>
						<TextAnnotation confidence="0.5" relevance="0.4"
							xml:lang="de">
							<KeywordAnnotation>
								<Keyword>Attacken</Keyword>
								<Keyword>Event</Keyword>
								<Keyword>Real</Keyword>
								<Keyword>Sept</Keyword>
								<Keyword>gibt</Keyword>
								<Keyword>mit</Keyword>
								<Keyword>nach</Keyword>
								<Keyword>sich</Keyword>
								<Keyword>und</Keyword>
								<Keyword>wird</Keyword>
								<Keyword>wurde</Keyword>
							</KeywordAnnotation>
						</TextAnnotation>
						<TextAnnotation confidence="0.5" relevance="0.3"
							xml:lang="de">
							<KeywordAnnotation>
								<Keyword>www</Keyword>
							</KeywordAnnotation>
						</TextAnnotation>
						<TextAnnotation confidence="0.5" relevance="0.0"
							xml:lang="de">
							<KeywordAnnotation>
								<Keyword>mu</Keyword>
								<Keyword>nI</Keyword>
							</KeywordAnnotation>
						</TextAnnotation>
						<TextAnnotation confidence="0.0" relevance="0.4"
							xml:lang="de">
							<KeywordAnnotation>
								<Keyword>DD0S</Keyword>
								<Keyword>Erpressem</Keyword>
								<Keyword>Swissc0m</Keyword>
								<Keyword>Swisscom</Keyword>
								<Keyword>XXX-Business</Keyword>
								<Keyword>beugt</Keyword>
								<Keyword>erpresst</Keyword>
								<Keyword>ni1.dvdgi</Keyword>
								<Keyword>snide</Keyword>
								<Keyword>wmagduovy</Keyword>
								<Keyword>www.synIH</Keyword>
							</KeywordAnnotation>
						</TextAnnotation>
						<TextAnnotation confidence="0.0" relevance="0.3"
							xml:lang="de">
							<KeywordAnnotation>
								<Keyword>Swissc0m</Keyword>
							</KeywordAnnotation>
						</TextAnnotation>
						<TextAnnotation confidence="0.0" relevance="0.0"
							xml:lang="de">
							<KeywordAnnotation>
								<Keyword>I</Keyword>
								<Keyword>W</Keyword>
								<Keyword>m</Keyword>
							</KeywordAnnotation>
						</TextAnnotation>
					</AudioVisualSegment>
					<AudioVisualSegment id="track-0.segment-17">
						<mediaTime>
							<mediaRelTimePoint>T00:14:16:0F1000</mediaRelTimePoint>
							<mediaDuration>PT01M15S0N1000F</mediaDuration>
						</mediaTime>
						<TextAnnotation confidence="0.5" relevance="0.4"
							xml:lang="en">
							<KeywordAnnotation>
								<Keyword>Attack</Keyword>
								<Keyword>CHF</Keyword>
								<Keyword>Only</Keyword>
								<Keyword>Protection</Keyword>
								<Keyword>Server</Keyword>
								<Keyword>Step</Keyword>
								<Keyword>Switzerland</Keyword>
								<Keyword>content</Keyword>
								<Keyword>from</Keyword>
								<Keyword>months</Keyword>
								<Keyword>per</Keyword>
								<Keyword>provider</Keyword>
								<Keyword>the</Keyword>
							</KeywordAnnotation>
						</TextAnnotation>
						<TextAnnotation confidence="0.5" relevance="0.3"
							xml:lang="en">
							<KeywordAnnotation>
								<Keyword>DDoS</Keyword>
								<Keyword>Risk</Keyword>
								<Keyword>attacks</Keyword>
							</KeywordAnnotation>
						</TextAnnotation>
						<TextAnnotation confidence="0.5" relevance="0.0"
							xml:lang="en">
							<KeywordAnnotation>
								<Keyword>al</Keyword>
								<Keyword>by</Keyword>
							</KeywordAnnotation>
						</TextAnnotation>
						<TextAnnotation confidence="0.0" relevance="0.5"
							xml:lang="en">
							<KeywordAnnotation>
								<Keyword>-....A</Keyword>
							</KeywordAnnotation>
						</TextAnnotation>
						<TextAnnotation confidence="0.0" relevance="0.4"
							xml:lang="en">
							<KeywordAnnotation>
								<Keyword>BotNet</Keyword>
								<Keyword>Cheap</Keyword>
								<Keyword>IP-Filtering</Keyword>
								<Keyword>IPsfrom</Keyword>
								<Keyword>XXX</Keyword>
								<Keyword>techni</Keyword>
							</KeywordAnnotation>
						</TextAnnotation>
						<TextAnnotation confidence="0.0" relevance="0.0"
							xml:lang="en">
							<KeywordAnnotation>
								<Keyword>T</Keyword>
								<Keyword>X</Keyword>
								<Keyword>a</Keyword>
								<Keyword>i</Keyword>
								<Keyword>x</Keyword>
							</KeywordAnnotation>
						</TextAnnotation>
					</AudioVisualSegment>
					<AudioVisualSegment id="track-0.segment-18">
						<mediaTime>
							<mediaRelTimePoint>T00:15:31:0F1000</mediaRelTimePoint>
							<mediaDuration>PT02M30S0N1000F</mediaDuration>
						</mediaTime>
						<TextAnnotation confidence="0.5" relevance="0.5"
							xml:lang="en">
							<KeywordAnnotation>
								<Keyword>ISP</Keyword>
								<Keyword>Increase</Keyword>
								<Keyword>Risk</Keyword>
								<Keyword>for</Keyword>
								<Keyword>host</Keyword>
								<Keyword>site</Keyword>
								<Keyword>the</Keyword>
								<Keyword>this</Keyword>
							</KeywordAnnotation>
						</TextAnnotation>
						<TextAnnotation confidence="0.5" relevance="0.4"
							xml:lang="en">
							<KeywordAnnotation>
								<Keyword>Change</Keyword>
								<Keyword>ISP</Keyword>
								<Keyword>Risk</Keyword>
								<Keyword>Step</Keyword>
								<Keyword>and</Keyword>
								<Keyword>attack</Keyword>
								<Keyword>business</Keyword>
								<Keyword>email</Keyword>
								<Keyword>network</Keyword>
								<Keyword>partners</Keyword>
								<Keyword>the</Keyword>
								<Keyword>will</Keyword>
								<Keyword>you</Keyword>
								<Keyword>your</Keyword>
							</KeywordAnnotation>
						</TextAnnotation>
						<TextAnnotation confidence="0.5" relevance="0.3"
							xml:lang="en">
							<KeywordAnnotation>
								<Keyword>sent</Keyword>
							</KeywordAnnotation>
						</TextAnnotation>
						<TextAnnotation confidence="0.5" relevance="0.0"
							xml:lang="en">
							<KeywordAnnotation>
								<Keyword>We</Keyword>
								<Keyword>an</Keyword>
								<Keyword>if</Keyword>
								<Keyword>to</Keyword>
							</KeywordAnnotation>
						</TextAnnotation>
						<TextAnnotation confidence="0.0" relevance="0.5"
							xml:lang="en">
							<KeywordAnnotation>
								<Keyword>Swisscom</Keyword>
							</KeywordAnnotation>
						</TextAnnotation>
						<TextAnnotation confidence="0.0" relevance="0.4"
							xml:lang="en">
							<KeywordAnnotation>
								<Keyword>DD0S</Keyword>
							</KeywordAnnotation>
						</TextAnnotation>
						<TextAnnotation confidence="0.0" relevance="0.3"
							xml:lang="en">
							<KeywordAnnotation>
								<Keyword>Attacker</Keyword>
							</KeywordAnnotation>
						</TextAnnotation>
						<TextAnnotation confidence="0.0" relevance="0.0"
							xml:lang="en">
							<KeywordAnnotation>
								<Keyword>-</Keyword>
								<Keyword>I</Keyword>
								<Keyword>i</Keyword>
								<Keyword>l</Keyword>
								<Keyword>x</Keyword>
							</KeywordAnnotation>
						</TextAnnotation>
					</AudioVisualSegment>
					<AudioVisualSegment id="track-0.segment-19">
						<mediaTime>
							<mediaRelTimePoint>T00:18:01:0F1000</mediaRelTimePoint>
							<mediaDuration>PT01M03S0N1000F</mediaDuration>
						</mediaTime>
						<TextAnnotation confidence="0.5" relevance="0.4"
							xml:lang="en">
							<KeywordAnnotation>
								<Keyword>Common</Keyword>
								<Keyword>Exposures</Keyword>
								<Keyword>Information</Keyword>
								<Keyword>Unique</Keyword>
								<Keyword>Vulnerabilities</Keyword>
								<Keyword>Vulnerability</Keyword>
								<Keyword>assurance</Keyword>
								<Keyword>information</Keyword>
								<Keyword>reduce</Keyword>
								<Keyword>system</Keyword>
								<Keyword>this</Keyword>
								<Keyword>use</Keyword>
							</KeywordAnnotation>
						</TextAnnotation>
						<TextAnnotation confidence="0.5" relevance="0.3"
							xml:lang="en">
							<KeywordAnnotation>
								<Keyword>Definition</Keyword>
								<Keyword>How</Keyword>
								<Keyword>allows</Keyword>
								<Keyword>can</Keyword>
								<Keyword>weakness</Keyword>
								<Keyword>which</Keyword>
							</KeywordAnnotation>
						</TextAnnotation>
						<TextAnnotation confidence="0.5" relevance="0.0"
							xml:lang="en">
							<KeywordAnnotation>
								<Keyword>ID</Keyword>
								<Keyword>an</Keyword>
								<Keyword>to</Keyword>
							</KeywordAnnotation>
						</TextAnnotation>
						<TextAnnotation confidence="0.0" relevance="0.4"
							xml:lang="en">
							<KeywordAnnotation>
								<Keyword>CVE</Keyword>
								<Keyword>cve.mitre.org</Keyword>
							</KeywordAnnotation>
						</TextAnnotation>
						<TextAnnotation confidence="0.0" relevance="0.3"
							xml:lang="en">
							<KeywordAnnotation>
								<Keyword>attacker</Keyword>
							</KeywordAnnotation>
						</TextAnnotation>
						<TextAnnotation confidence="0.0" relevance="0.0"
							xml:lang="en">
							<KeywordAnnotation>
								<Keyword>-</Keyword>
								<Keyword>H</Keyword>
								<Keyword>I</Keyword>
								<Keyword>a</Keyword>
								<Keyword>m</Keyword>
								<Keyword>s</Keyword>
							</KeywordAnnotation>
						</TextAnnotation>
					</AudioVisualSegment>
					<AudioVisualSegment id="track-0.segment-20">
						<mediaTime>
							<mediaRelTimePoint>T00:19:04:0F1000</mediaRelTimePoint>
							<mediaDuration>PT48S0N1000F</mediaDuration>
						</mediaTime>
						<TextAnnotation confidence="0.5" relevance="0.4"
							xml:lang="en">
							<KeywordAnnotation>
								<Keyword>Product</Keyword>
								<Keyword>Security</Keyword>
								<Keyword>TASK</Keyword>
								<Keyword>What</Keyword>
								<Keyword>compare</Keyword>
								<Keyword>product</Keyword>
								<Keyword>should</Keyword>
								<Keyword>the</Keyword>
								<Keyword>use</Keyword>
							</KeywordAnnotation>
						</TextAnnotation>
						<TextAnnotation confidence="0.5" relevance="0.3"
							xml:lang="en">
							<KeywordAnnotation>
								<Keyword>CUI</Keyword>
								<Keyword>Let</Keyword>
								<Keyword>Source</Keyword>
							</KeywordAnnotation>
						</TextAnnotation>
						<TextAnnotation confidence="0.5" relevance="0.0"
							xml:lang="en">
							<KeywordAnnotation>
								<Keyword>of</Keyword>
								<Keyword>we</Keyword>
							</KeywordAnnotation>
						</TextAnnotation>
						<TextAnnotation confidence="0.0" relevance="0.4"
							xml:lang="en">
							<KeywordAnnotation>
								<Keyword>CVE</Keyword>
								<Keyword>IE6,70r</Keyword>
							</KeywordAnnotation>
						</TextAnnotation>
						<TextAnnotation confidence="0.0" relevance="0.3"
							xml:lang="en">
							<KeywordAnnotation>
								<Keyword>LOfQ</Keyword>
								<Keyword>WWW.C</Keyword>
								<Keyword>WWW.S</Keyword>
								<Keyword>i8.C0m</Keyword>
							</KeywordAnnotation>
						</TextAnnotation>
						<TextAnnotation confidence="0.0" relevance="0.0"
							xml:lang="en">
							<KeywordAnnotation>
								<Keyword>a</Keyword>
								<Keyword>s</Keyword>
							</KeywordAnnotation>
						</TextAnnotation>
					</AudioVisualSegment>
					<AudioVisualSegment id="track-0.segment-21">
						<mediaTime>
							<mediaRelTimePoint>T00:19:52:0F1000</mediaRelTimePoint>
							<mediaDuration>PT54S0N1000F</mediaDuration>
						</mediaTime>
						<TextAnnotation confidence="0.5" relevance="0.4"
							xml:lang="en">
							<KeywordAnnotation>
								<Keyword>Most</Keyword>
								<Keyword>Relevant</Keyword>
								<Keyword>Vulnerability</Keyword>
								<Keyword>advisory</Keyword>
								<Keyword>critical</Keyword>
								<Keyword>history</Keyword>
								<Keyword>level</Keyword>
								<Keyword>product</Keyword>
								<Keyword>threat</Keyword>
								<Keyword>total</Keyword>
							</KeywordAnnotation>
						</TextAnnotation>
						<TextAnnotation confidence="0.5" relevance="0.3"
							xml:lang="en">
							<KeywordAnnotation>
								<Keyword>Patch</Keyword>
								<Keyword>Security</Keyword>
							</KeywordAnnotation>
						</TextAnnotation>
						<TextAnnotation confidence="0.5" relevance="0.0"
							xml:lang="en">
							<KeywordAnnotation>
								<Keyword>IE</Keyword>
								<Keyword>is</Keyword>
							</KeywordAnnotation>
						</TextAnnotation>
						<TextAnnotation confidence="0.0" relevance="0.4"
							xml:lang="en">
							<KeywordAnnotation>
								<Keyword>Adviosries</Keyword>
								<Keyword>Advisories</Keyword>
								<Keyword>Secunia</Keyword>
								<Keyword>Securty</Keyword>
								<Keyword>crhical</Keyword>
								<Keyword>cri1icaI</Keyword>
								<Keyword>m0derateIy</Keyword>
								<Keyword>moderately</Keyword>
								<Keyword>rated</Keyword>
							</KeywordAnnotation>
						</TextAnnotation>
						<TextAnnotation confidence="0.0" relevance="0.3"
							xml:lang="en">
							<KeywordAnnotation>
								<Keyword>advisories</Keyword>
								<Keyword>httpJ</Keyword>
								<Keyword>secunia.c0m</Keyword>
								<Keyword>unpatched</Keyword>
							</KeywordAnnotation>
						</TextAnnotation>
						<TextAnnotation confidence="0.0" relevance="0.0"
							xml:lang="en">
							<KeywordAnnotation>
								<Keyword>-</Keyword>
								<Keyword>x</Keyword>
							</KeywordAnnotation>
						</TextAnnotation>
					</AudioVisualSegment>
					<AudioVisualSegment id="track-0.segment-22">
						<mediaTime>
							<mediaRelTimePoint>T00:20:46:0F1000</mediaRelTimePoint>
							<mediaDuration>PT36S0N1000F</mediaDuration>
						</mediaTime>
						<TextAnnotation confidence="0.5" relevance="0.4"
							xml:lang="en">
							<KeywordAnnotation>
								<Keyword>Most</Keyword>
								<Keyword>Relevant</Keyword>
								<Keyword>advisory</Keyword>
								<Keyword>critical</Keyword>
								<Keyword>history</Keyword>
								<Keyword>product</Keyword>
								<Keyword>total</Keyword>
							</KeywordAnnotation>
						</TextAnnotation>
						<TextAnnotation confidence="0.5" relevance="0.3"
							xml:lang="en">
							<KeywordAnnotation>
								<Keyword>Most</Keyword>
								<Keyword>Patch</Keyword>
								<Keyword>Vulnerability</Keyword>
								<Keyword>level</Keyword>
								<Keyword>threat</Keyword>
							</KeywordAnnotation>
						</TextAnnotation>
						<TextAnnotation confidence="0.5" relevance="0.0"
							xml:lang="en">
							<KeywordAnnotation>
								<Keyword>IE</Keyword>
								<Keyword>is</Keyword>
							</KeywordAnnotation>
						</TextAnnotation>
						<TextAnnotation confidence="0.0" relevance="0.4"
							xml:lang="en">
							<KeywordAnnotation>
								<Keyword>Advisories</Keyword>
								<Keyword>Secunia</Keyword>
								<Keyword>m0derateIy</Keyword>
								<Keyword>moderately</Keyword>
								<Keyword>rated</Keyword>
							</KeywordAnnotation>
						</TextAnnotation>
						<TextAnnotation confidence="0.0" relevance="0.3"
							xml:lang="en">
							<KeywordAnnotation>
								<Keyword>advisories</Keyword>
								<Keyword>httpJ</Keyword>
								<Keyword>secunia.c0m</Keyword>
								<Keyword>unpatched</Keyword>
							</KeywordAnnotation>
						</TextAnnotation>
						<TextAnnotation confidence="0.0" relevance="0.0"
							xml:lang="en">
							<KeywordAnnotation>
								<Keyword>-</Keyword>
								<Keyword>x</Keyword>
							</KeywordAnnotation>
						</TextAnnotation>
					</AudioVisualSegment>
					<AudioVisualSegment id="track-0.segment-23">
						<mediaTime>
							<mediaRelTimePoint>T00:21:22:0F1000</mediaRelTimePoint>
							<mediaDuration>PT40S0N1000F</mediaDuration>
						</mediaTime>
						<TextAnnotation confidence="0.5" relevance="0.4"
							xml:lang="en">
							<KeywordAnnotation>
								<Keyword>Less</Keyword>
								<Keyword>Relevant</Keyword>
								<Keyword>advisory</Keyword>
								<Keyword>critical</Keyword>
								<Keyword>level</Keyword>
								<Keyword>product</Keyword>
								<Keyword>reduced</Keyword>
								<Keyword>update</Keyword>
							</KeywordAnnotation>
						</TextAnnotation>
						<TextAnnotation confidence="0.5" relevance="0.3"
							xml:lang="en">
							<KeywordAnnotation>
								<Keyword>Most</Keyword>
								<Keyword>Overall</Keyword>
								<Keyword>Patch</Keyword>
								<Keyword>Vulnerability</Keyword>
								<Keyword>critical</Keyword>
								<Keyword>history</Keyword>
								<Keyword>level</Keyword>
								<Keyword>threat</Keyword>
								<Keyword>total</Keyword>
							</KeywordAnnotation>
						</TextAnnotation>
						<TextAnnotation confidence="0.5" relevance="0.0"
							xml:lang="en">
							<KeywordAnnotation>
								<Keyword>IE</Keyword>
								<Keyword>by</Keyword>
								<Keyword>is</Keyword>
								<Keyword>to</Keyword>
							</KeywordAnnotation>
						</TextAnnotation>
						<TextAnnotation confidence="0.0" relevance="0.4"
							xml:lang="en">
							<KeywordAnnotation>
								<Keyword>Advisories</Keyword>
								<Keyword>Secunia</Keyword>
							</KeywordAnnotation>
						</TextAnnotation>
						<TextAnnotation confidence="0.0" relevance="0.3"
							xml:lang="en">
							<KeywordAnnotation>
								<Keyword>advisories</Keyword>
								<Keyword>httpd</Keyword>
								<Keyword>rated</Keyword>
								<Keyword>secuniacom</Keyword>
								<Keyword>unpatched</Keyword>
							</KeywordAnnotation>
						</TextAnnotation>
						<TextAnnotation confidence="0.0" relevance="0.0"
							xml:lang="en">
							<KeywordAnnotation>
								<Keyword>-</Keyword>
								<Keyword>x</Keyword>
							</KeywordAnnotation>
						</TextAnnotation>
					</AudioVisualSegment>
					<AudioVisualSegment id="track-0.segment-24">
						<mediaTime>
							<mediaRelTimePoint>T00:22:02:0F1000</mediaRelTimePoint>
							<mediaDuration>PT43S0N1000F</mediaDuration>
						</mediaTime>
						<TextAnnotation confidence="0.5" relevance="0.4"
							xml:lang="en">
							<KeywordAnnotation>
								<Keyword>TASK</Keyword>
								<Keyword>about</Keyword>
								<Keyword>process</Keyword>
								<Keyword>the</Keyword>
							</KeywordAnnotation>
						</TextAnnotation>
						<TextAnnotation confidence="0.5" relevance="0.3"
							xml:lang="en">
							<KeywordAnnotation>
								<Keyword>When</Keyword>
								<Keyword>are</Keyword>
								<Keyword>bugs</Keyword>
								<Keyword>discovered</Keyword>
								<Keyword>the</Keyword>
							</KeywordAnnotation>
						</TextAnnotation>
						<TextAnnotation confidence="0.0" relevance="0.4"
							xml:lang="en">
							<KeywordAnnotation>
								<Keyword>Insights</Keyword>
							</KeywordAnnotation>
						</TextAnnotation>
						<TextAnnotation confidence="0.0" relevance="0.3"
							xml:lang="en">
							<KeywordAnnotation>
								<Keyword>pamd</Keyword>
							</KeywordAnnotation>
						</TextAnnotation>
						<TextAnnotation confidence="0.0" relevance="0.0"
							xml:lang="en">
							<KeywordAnnotation>
								<Keyword>-</Keyword>
								<Keyword>X</Keyword>
								<Keyword>s</Keyword>
							</KeywordAnnotation>
						</TextAnnotation>
					</AudioVisualSegment>
					<AudioVisualSegment id="track-0.segment-25">
						<mediaTime>
							<mediaRelTimePoint>T00:22:45:0F1000</mediaRelTimePoint>
							<mediaDuration>PT01M10S0N1000F</mediaDuration>
						</mediaTime>
						<TextAnnotation confidence="0.5" relevance="0.4"
							xml:lang="de">
							<KeywordAnnotation>
								<Keyword>Ingo</Keyword>
								<Keyword>Lifecycle</Keyword>
								<Keyword>Vulnerability</Keyword>
							</KeywordAnnotation>
						</TextAnnotation>
						<TextAnnotation confidence="0.5" relevance="0.0"
							xml:lang="de">
							<KeywordAnnotation>
								<Keyword>IJ</Keyword>
								<Keyword>hx</Keyword>
								<Keyword>ml</Keyword>
								<Keyword>rn</Keyword>
							</KeywordAnnotation>
						</TextAnnotation>
						<TextAnnotation confidence="0.0" relevance="0.4"
							xml:lang="de">
							<KeywordAnnotation>
								<Keyword>Ilmm</Keyword>
								<Keyword>avdab</Keyword>
								<Keyword>bmay</Keyword>
								<Keyword>cndon</Keyword>
								<Keyword>unuaauywmnnen</Keyword>
								<Keyword>vwaeauayrumuum</Keyword>
							</KeywordAnnotation>
						</TextAnnotation>
						<TextAnnotation confidence="0.0" relevance="0.0"
							xml:lang="de">
							<KeywordAnnotation>
								<Keyword>-</Keyword>
								<Keyword>--</Keyword>
								<Keyword>I</Keyword>
								<Keyword>J</Keyword>
								<Keyword>L</Keyword>
								<Keyword>d</Keyword>
								<Keyword>k</Keyword>
								<Keyword>l</Keyword>
								<Keyword>n</Keyword>
								<Keyword>p</Keyword>
								<Keyword>r</Keyword>
								<Keyword>s</Keyword>
							</KeywordAnnotation>
						</TextAnnotation>
					</AudioVisualSegment>
					<AudioVisualSegment id="track-0.segment-26">
						<mediaTime>
							<mediaRelTimePoint>T00:23:55:0F1000</mediaRelTimePoint>
							<mediaDuration>PT19S0N1000F</mediaDuration>
						</mediaTime>
						<TextAnnotation confidence="0.5" relevance="0.4"
							xml:lang="en">
							<KeywordAnnotation>
								<Keyword>Affected</Keyword>
								<Keyword>Apple</Keyword>
								<Keyword>Buffer</Keyword>
								<Keyword>Explorer</Keyword>
								<Keyword>Internet</Keyword>
								<Keyword>Level</Keyword>
								<Keyword>Mac</Keyword>
								<Keyword>Microsoft</Keyword>
								<Keyword>Quicktime</Keyword>
								<Keyword>Risk</Keyword>
								<Keyword>Software</Keyword>
								<Keyword>Vendors</Keyword>
								<Keyword>and</Keyword>
								<Keyword>critical</Keyword>
								<Keyword>highly</Keyword>
								<Keyword>level</Keyword>
								<Keyword>overflow</Keyword>
								<Keyword>software</Keyword>
							</KeywordAnnotation>
						</TextAnnotation>
						<TextAnnotation confidence="0.5" relevance="0.3"
							xml:lang="en">
							<KeywordAnnotation>
								<Keyword>Affected</Keyword>
								<Keyword>Multiple</Keyword>
								<Keyword>Risk</Keyword>
								<Keyword>level</Keyword>
								<Keyword>vulnerabilities</Keyword>
							</KeywordAnnotation>
						</TextAnnotation>
						<TextAnnotation confidence="0.5" relevance="0.0"
							xml:lang="en">
							<KeywordAnnotation>
								<Keyword>OS</Keyword>
							</KeywordAnnotation>
						</TextAnnotation>
						<TextAnnotation confidence="0.0" relevance="0.4"
							xml:lang="en">
							<KeywordAnnotation>
								<Keyword>CVE-2007-</Keyword>
								<Keyword>vwndows</Keyword>
							</KeywordAnnotation>
						</TextAnnotation>
						<TextAnnotation confidence="0.0" relevance="0.3"
							xml:lang="en">
							<KeywordAnnotation>
								<Keyword>CVE</Keyword>
								<Keyword>O7-</Keyword>
							</KeywordAnnotation>
						</TextAnnotation>
						<TextAnnotation confidence="0.0" relevance="0.0"
							xml:lang="en">
							<KeywordAnnotation>
								<Keyword>-</Keyword>
								<Keyword>X</Keyword>
								<Keyword>x</Keyword>
							</KeywordAnnotation>
						</TextAnnotation>
					</AudioVisualSegment>
					<AudioVisualSegment id="track-0.segment-27">
						<mediaTime>
							<mediaRelTimePoint>T00:24:14:0F1000</mediaRelTimePoint>
							<mediaDuration>PT28S0N1000F</mediaDuration>
						</mediaTime>
						<TextAnnotation confidence="0.5" relevance="0.4"
							xml:lang="en">
							<KeywordAnnotation>
								<Keyword>Lifecycle</Keyword>
								<Keyword>soIl</Keyword>
							</KeywordAnnotation>
						</TextAnnotation>
						<TextAnnotation confidence="0.5" relevance="0.3"
							xml:lang="en">
							<KeywordAnnotation>
								<Keyword>Discover</Keyword>
								<Keyword>Gay</Keyword>
							</KeywordAnnotation>
						</TextAnnotation>
						<TextAnnotation confidence="0.5" relevance="0.0"
							xml:lang="en">
							<KeywordAnnotation>
								<Keyword>mg</Keyword>
							</KeywordAnnotation>
						</TextAnnotation>
						<TextAnnotation confidence="0.0" relevance="0.4"
							xml:lang="en">
							<KeywordAnnotation>
								<Keyword>CVE-2007-</Keyword>
								<Keyword>byM</Keyword>
							</KeywordAnnotation>
						</TextAnnotation>
						<TextAnnotation confidence="0.0" relevance="0.3"
							xml:lang="en">
							<KeywordAnnotation>
								<Keyword>Bhdrlllcd</Keyword>
								<Keyword>Ooutnld</Keyword>
								<Keyword>dhebnn</Keyword>
								<Keyword>lik</Keyword>
								<Keyword>mnym</Keyword>
								<Keyword>puhcd</Keyword>
								<Keyword>uzo</Keyword>
							</KeywordAnnotation>
						</TextAnnotation>
						<TextAnnotation confidence="0.0" relevance="0.0"
							xml:lang="en">
							<KeywordAnnotation>
								<Keyword>I</Keyword>
								<Keyword>P</Keyword>
								<Keyword>dq</Keyword>
								<Keyword>e</Keyword>
								<Keyword>n</Keyword>
								<Keyword>t</Keyword>
								<Keyword>v</Keyword>
								<Keyword>y</Keyword>
								<Keyword>ym</Keyword>
								<Keyword>zc</Keyword>
							</KeywordAnnotation>
						</TextAnnotation>
					</AudioVisualSegment>
					<AudioVisualSegment id="track-0.segment-28">
						<mediaTime>
							<mediaRelTimePoint>T00:24:42:0F1000</mediaRelTimePoint>
							<mediaDuration>PT24S0N1000F</mediaDuration>
						</mediaTime>
						<TextAnnotation confidence="0.5" relevance="0.4"
							xml:lang="en">
							<KeywordAnnotation>
								<Keyword>Lifecycle</Keyword>
							</KeywordAnnotation>
						</TextAnnotation>
						<TextAnnotation confidence="0.5" relevance="0.3"
							xml:lang="en">
							<KeywordAnnotation>
								<Keyword>Discover</Keyword>
								<Keyword>nhl</Keyword>
								<Keyword>rid</Keyword>
							</KeywordAnnotation>
						</TextAnnotation>
						<TextAnnotation confidence="0.5" relevance="0.0"
							xml:lang="en">
							<KeywordAnnotation>
								<Keyword>Bl</Keyword>
								<Keyword>my</Keyword>
								<Keyword>tv</Keyword>
							</KeywordAnnotation>
						</TextAnnotation>
						<TextAnnotation confidence="0.0" relevance="0.4"
							xml:lang="en">
							<KeywordAnnotation>
								<Keyword>CVE-2007-</Keyword>
								<Keyword>Q.I</Keyword>
								<Keyword>lFI</Keyword>
								<Keyword>qLM</Keyword>
								<Keyword>zgdql</Keyword>
							</KeywordAnnotation>
						</TextAnnotation>
						<TextAnnotation confidence="0.0" relevance="0.3"
							xml:lang="en">
							<KeywordAnnotation>
								<Keyword>Disclosure</Keyword>
								<Keyword>Gmgrbkg</Keyword>
								<Keyword>mumluwmbyum</Keyword>
								<Keyword>oni.1.m07qMOAB</Keyword>
								<Keyword>t.m7qApp</Keyword>
							</KeywordAnnotation>
						</TextAnnotation>
						<TextAnnotation confidence="0.0" relevance="0.0"
							xml:lang="en">
							<KeywordAnnotation>
								<Keyword>D</Keyword>
								<Keyword>I</Keyword>
								<Keyword>N</Keyword>
								<Keyword>P</Keyword>
								<Keyword>d</Keyword>
								<Keyword>l</Keyword>
								<Keyword>n</Keyword>
								<Keyword>r</Keyword>
								<Keyword>u</Keyword>
								<Keyword>v</Keyword>
								<Keyword>z</Keyword>
							</KeywordAnnotation>
						</TextAnnotation>
					</AudioVisualSegment>
					<AudioVisualSegment id="track-0.segment-29">
						<mediaTime>
							<mediaRelTimePoint>T00:25:06:0F1000</mediaRelTimePoint>
							<mediaDuration>PT01M13S0N1000F</mediaDuration>
						</mediaTime>
						<TextAnnotation confidence="0.5" relevance="0.4"
							xml:lang="de">
							<KeywordAnnotation>
								<Keyword>Aggregation</Keyword>
							</KeywordAnnotation>
						</TextAnnotation>
						<TextAnnotation confidence="0.5" relevance="0.3"
							xml:lang="de">
							<KeywordAnnotation>
								<Keyword>sen</Keyword>
							</KeywordAnnotation>
						</TextAnnotation>
						<TextAnnotation confidence="0.0" relevance="0.1"
							xml:lang="de">
							<KeywordAnnotation>
								<Keyword>Gyswncwun</Keyword>
							</KeywordAnnotation>
						</TextAnnotation>
						<TextAnnotation confidence="0.0" relevance="0.0"
							xml:lang="de">
							<KeywordAnnotation>
								<Keyword>-m</Keyword>
								<Keyword>m</Keyword>
							</KeywordAnnotation>
						</TextAnnotation>
					</AudioVisualSegment>
					<AudioVisualSegment id="track-0.segment-30">
						<mediaTime>
							<mediaRelTimePoint>T00:26:19:0F1000</mediaRelTimePoint>
							<mediaDuration>PT50S0N1000F</mediaDuration>
						</mediaTime>
						<TextAnnotation confidence="0.5" relevance="0.4"
							xml:lang="en">
							<KeywordAnnotation>
								<Keyword>Questions</Keyword>
							</KeywordAnnotation>
						</TextAnnotation>
						<TextAnnotation confidence="0.5" relevance="0.0"
							xml:lang="en">
							<KeywordAnnotation>
								<Keyword>nx</Keyword>
							</KeywordAnnotation>
						</TextAnnotation>
						<TextAnnotation confidence="0.0" relevance="0.0"
							xml:lang="en">
							<KeywordAnnotation>
								<Keyword>H</Keyword>
								<Keyword>L</Keyword>
								<Keyword>P</Keyword>
							</KeywordAnnotation>
						</TextAnnotation>
					</AudioVisualSegment>
					<AudioVisualSegment id="track-0.segment-31">
						<mediaTime>
							<mediaRelTimePoint>T00:27:09:0F1000</mediaRelTimePoint>
							<mediaDuration>PT01S15N1000F</mediaDuration>
						</mediaTime>
						<TextAnnotation confidence="0.5" relevance="0.4"
							xml:lang="en">
							<KeywordAnnotation>
								<Keyword>Questions</Keyword>
							</KeywordAnnotation>
						</TextAnnotation>
						<TextAnnotation confidence="0.0" relevance="0.3"
							xml:lang="en">
							<KeywordAnnotation>
								<Keyword>Oli</Keyword>
							</KeywordAnnotation>
						</TextAnnotation>
						<TextAnnotation confidence="0.0" relevance="0.0"
							xml:lang="en">
							<KeywordAnnotation>
								<Keyword>I</Keyword>
								<Keyword>n</Keyword>
							</KeywordAnnotation>
						</TextAnnotation>
					</AudioVisualSegment>
				</TemporalDecomposition>
			</AudioVisual>
		</MultimediaContent>
	</Description>
</Mpeg7>
