<?xml version="1.0" encoding="UTF-8"?>
<metadata xmlns="http://www.opencastproject.org/xsd/1.0/dublincore/" xmlns:dcterms="http://purl.org/dc/terms/" xmlns:xsi="http://www.w3.org/2001/XMLSchema-instance">
    <dcterms:creator>Wenk, Caspar</dcterms:creator>
    <dcterms:contributor>Departement Agrar- und Lebensmittelwissenschaften</dcterms:contributor>
    <dcterms:extent xsi:type="dcterms:ISO8601">PT52M7.120S</dcterms:extent>
    <dcterms:isPartOf>BIB-0001-00V</dcterms:isPartOf>
    <dcterms:license xml:lang="de">http://www.multimedia.ethz.ch/docs/haftungsausschluss/index</dcterms:license>
    <dcterms:license xml:lang="en">http://www.multimedia.ethz.ch/docs/disclaimer/index</dcterms:license>
    <dcterms:created xsi:type="dcterms:W3CDTF">2009-11-10</dcterms:created>
    <dcterms:abstract>Abschiedsvorlesung</dcterms:abstract>
    <dcterms:language>deu</dcterms:language>
    <dcterms:rightsHolder xml:lang="de">ETH Zürich, Schweiz</dcterms:rightsHolder>
    <dcterms:rightsHolder xml:lang="en">ETH Zurich, Switzerland</dcterms:rightsHolder>
    <dcterms:publisher xml:lang="de">ETH Zürich, ID-MMS; Schweiz</dcterms:publisher>
    <dcterms:publisher xml:lang="en">ETH Zurich, ITS-MMS; Switzerland</dcterms:publisher>
    <dcterms:identifier>10.3930/ETHZ/AV-4769dfed-847f-4bcd-aa39-61d35ee0276a</dcterms:identifier>
    <dcterms:title>Schwein gehabt</dcterms:title>
</metadata>
