<?xml version="1.0" encoding="UTF-8"?>
<mediapackage duration="237280" id="10.3930/ETHZ/AV-0615d3bc-c8e7-49e3-a178-518a3af4ceb6">
<media>
<track id="track-1" type="engage/presenter">
    <url>http://downloads.opencastproject.org/media/car.flv</url>
    <mimetype>video/x-flv</mimetype>
    <checksum type="md5">7b3c7e8cc2cba2f5b7af4fd4224f3005</checksum>
</track>
<mimetype>video/quicktime</mimetype>
<checksum type="md5">50ca9a777628fbd1bf2687dd424a7d60</checksum>
<url>tracks/20091112_Klimawandel_Part_12.mov</url>
<Duration>237280</Duration>
<Audio id="stream-2">
<Encoder type="PCM"/>
<Channels>2</Channels>
<BitDepth>16</BitDepth>
<BitRate>1536000.0</BitRate>
</Audio>
<Video id="stream-1">
<Encoder type="Digital Video"/>
<Size>720x576</Size>
<BitRate>2.88E7</BitRate>
<FrameRate>25.0</FrameRate>
</Video>
</media>
<metadata>
<catalog id="catalog-2" type="metadata/dublincore">
<mimetype>text/xml</mimetype>
<checksum type="md5">fe3069b5d4bce83afea6ee1bbab95dc2</checksum>
<url>metadata/dublincore-e-CCES_12.xml</url>
</catalog>
<catalog id="catalog-1" ref="series:10.3930/ETHZ/AV-74c13b81-caba-44f1-b2fa-46692e0ca1f3" type="metadata/dublincore">
<mimetype>text/xml</mimetype>
<checksum type="md5">1c560fabc86b4c8389a9d533e8611e48</checksum>
<url>metadata/dublincore-s-00014_CCES.xml</url>
</catalog>
<catalog id="catalog-3" type="metadata/mpeg-7">
<mimetype>text/xml</mimetype>
<checksum type="md5">d41d8cd98f00b204e9800998ecf8427e</checksum>
<url>metadata/mpeg-72859353553790410727.xml</url>
</catalog>
</metadata>
<attachments>
    <attachment id="attachment-1" type="engage/cover">
        <url>http://downloads.opencastproject.org/media/engage-cover.jpg</url>
        <mimetype>image/jpeg</mimetype>
    </attachment>
    <attachment id="attachment-2" type="feed/cover">
        <url>http://downloads.opencastproject.org/media/feed-cover.jpg</url>
        <mimetype>image/jpeg</mimetype>
    </attachment>
</attachments>
</mediapackage>
