<?xml version="1.0" encoding="UTF-8"?>
<mediapackage duration="4483776">
	<media>
		<track id="track-1" type="engage/presenter">
			<url>tracks/movie.flv</url>
			<mimetype>video/x-flv</mimetype>
			<checksum type="md5">7b3c7e8cc2cba2f5b7af4fd4224f3005</checksum>
			<tags>
				<tag>engage</tag>
			</tags>
		</track>
	</media>
	<metadata>
		<catalog id="catalog-2" type="metadata/dublincore">
			<mimetype>text/xml</mimetype>
			<checksum type="md5">851b2bdc76a6794d7dc74710036e97fc</checksum>
			<url>metadata/dublincore-e-20081216_CH_Folkers.xml</url>
		</catalog>
		<catalog id="catalog-1" ref="series:COLL-0001-00X" type="metadata/dublincore">
			<mimetype>text/xml</mimetype>
			<checksum type="md5">68b1da34a9bbe9fbfb42f131c3d29e16</checksum>
			<url>metadata/dublincore6057508865524358610.xml</url>
		</catalog>
		<catalog id="catalog-3" type="metadata/mpeg-7">
			<mimetype>text/xml</mimetype>
			<checksum type="md5">d41d8cd98f00b204e9800998ecf8427e</checksum>
			<url>metadata/mpeg-71184522312095547548.xml</url>
		</catalog>
	</metadata>
	<attachments>
		<attachment id="cover" type="cover/source" ref="track:track-1">
			<url>attachments/cover.jpg</url>
			<mimetype>image/jpeg</mimetype>
			<checksum type="md5">fb5107e56b6762adee0c604348e5dcce</checksum>
			<tags>
				<tag>engage</tag>
			</tags>
		</attachment>
	</attachments>
</mediapackage>
