<?xml version="1.0" encoding="UTF-8"?>
<metadata xmlns="http://www.opencastproject.org/xsd/1.0/dublincore/" xmlns:dcterms="http://purl.org/dc/terms/" xmlns:xsi="http://www.w3.org/2001/XMLSchema-instance">
    <dcterms:creator>Worm, Heike</dcterms:creator>
    <dcterms:contributor>Department of Mechanical and Process Engineering</dcterms:contributor>
    <dcterms:type>Moving Image/Lecture Recording</dcterms:type>
    <dcterms:extent xsi:type="dcterms:ISO8601">PT46M57S</dcterms:extent>
    <dcterms:isPartOf>151-0259-00L-2009W</dcterms:isPartOf>
    <dcterms:license>http://www.multimedia.ethz.ch/docs/disclaimer/index</dcterms:license>
    <dcterms:created xsi:type="dcterms:W3CDTF">2009-09-24</dcterms:created>
    <dcterms:subject xml:lang="de">General Technology Sciences</dcterms:subject>
    <dcterms:language>deu</dcterms:language>
    <dcterms:rightsHolder>ETH Zurich, Zurich, Switzerland</dcterms:rightsHolder>
    <dcterms:publisher>ETH Zurich, ITS-MMS</dcterms:publisher>
    
    <dcterms:identifier>10.3930/ETHZ/AV-48451367-75d2-4fcd-9e48-a8870c3a44fc</dcterms:identifier>
    <dcterms:title xml:lang="de">Lassen sich Investitionen in Gasleitungen wirtschaftlich rechtfertigen?</dcterms:title>
</metadata>
