<?xml version="1.0" encoding="UTF-8"?>
<Mpeg7 xmlns="urn:mpeg:mpeg7:schema:2001" xmlns:mpeg7="urn:mpeg7:schema:2001" xmlns:xsi="http://www.w3.org/2001/XMLSchema-instance/">
    <Description xsi:type="ContentEntityType">
        <MultimediaContent xsi:type="AudioVisualType">
            <AudioVisual id="track-1">
                <mediaLocator>
                    <mediaUri>file:tracks/20091023_E1_2_Bernauer_SD.mov</mediaUri>
                </mediaLocator>
                <mediaTime>
                    <mediaTimePoint>T00:00:00:0F25</mediaTimePoint>
                    <mediaDuration>PT01H28M31S455N1000F</mediaDuration>
                </mediaTime>
                <TemporalDecomposition criteria="temporal" gap="false" overlap="false">
                    <AudioVisualSegment id="track-1.segment-1">
                        <mediaTime>
                            <mediaRelTimePoint>T00:00:00:0F1000</mediaRelTimePoint>
                            <mediaDuration>PT46S0N1000F</mediaDuration>
                        </mediaTime>
                    </AudioVisualSegment>
                    <AudioVisualSegment id="track-1.segment-2">
                        <mediaTime>
                            <mediaRelTimePoint>T00:00:46:0F1000</mediaRelTimePoint>
                            <mediaDuration>PT14S0N1000F</mediaDuration>
                        </mediaTime>
                    </AudioVisualSegment>
                    <AudioVisualSegment id="track-1.segment-3">
                        <mediaTime>
                            <mediaRelTimePoint>T00:01:00:0F1000</mediaRelTimePoint>
                            <mediaDuration>PT17S0N1000F</mediaDuration>
                        </mediaTime>
                    </AudioVisualSegment>
                    <AudioVisualSegment id="track-1.segment-4">
                        <mediaTime>
                            <mediaRelTimePoint>T00:01:17:0F1000</mediaRelTimePoint>
                            <mediaDuration>PT23S0N1000F</mediaDuration>
                        </mediaTime>
                        <TextAnnotation confidence="0.0" relevance="0.0" xml:lang="en">
                            <KeywordAnnotation>
                                <Keyword>S</Keyword>
                                <Keyword>Y</Keyword>
                            </KeywordAnnotation>
                        </TextAnnotation>
                    </AudioVisualSegment>
                    <AudioVisualSegment id="track-1.segment-5">
                        <mediaTime>
                            <mediaRelTimePoint>T00:01:40:0F1000</mediaRelTimePoint>
                            <mediaDuration>PT13S0N1000F</mediaDuration>
                        </mediaTime>
                    </AudioVisualSegment>
                    <AudioVisualSegment id="track-1.segment-6">
                        <mediaTime>
                            <mediaRelTimePoint>T00:01:53:0F1000</mediaRelTimePoint>
                            <mediaDuration>PT36S0N1000F</mediaDuration>
                        </mediaTime>
                    </AudioVisualSegment>
                    <AudioVisualSegment id="track-1.segment-7">
                        <mediaTime>
                            <mediaRelTimePoint>T00:02:29:0F1000</mediaRelTimePoint>
                            <mediaDuration>PT01M10S0N1000F</mediaDuration>
                        </mediaTime>
                    </AudioVisualSegment>
                    <AudioVisualSegment id="track-1.segment-8">
                        <mediaTime>
                            <mediaRelTimePoint>T00:03:39:0F1000</mediaRelTimePoint>
                            <mediaDuration>PT58S0N1000F</mediaDuration>
                        </mediaTime>
                    </AudioVisualSegment>
                    <AudioVisualSegment id="track-1.segment-9">
                        <mediaTime>
                            <mediaRelTimePoint>T00:04:37:0F1000</mediaRelTimePoint>
                            <mediaDuration>PT32S0N1000F</mediaDuration>
                        </mediaTime>
                    </AudioVisualSegment>
                    <AudioVisualSegment id="track-1.segment-10">
                        <mediaTime>
                            <mediaRelTimePoint>T00:05:09:0F1000</mediaRelTimePoint>
                            <mediaDuration>PT33S0N1000F</mediaDuration>
                        </mediaTime>
                    </AudioVisualSegment>
                    <AudioVisualSegment id="track-1.segment-11">
                        <mediaTime>
                            <mediaRelTimePoint>T00:05:42:0F1000</mediaRelTimePoint>
                            <mediaDuration>PT26S0N1000F</mediaDuration>
                        </mediaTime>
                    </AudioVisualSegment>
                    <AudioVisualSegment id="track-1.segment-12">
                        <mediaTime>
                            <mediaRelTimePoint>T00:06:08:0F1000</mediaRelTimePoint>
                            <mediaDuration>PT18S0N1000F</mediaDuration>
                        </mediaTime>
                    </AudioVisualSegment>
                    <AudioVisualSegment id="track-1.segment-13">
                        <mediaTime>
                            <mediaRelTimePoint>T00:06:26:0F1000</mediaRelTimePoint>
                            <mediaDuration>PT20S0N1000F</mediaDuration>
                        </mediaTime>
                    </AudioVisualSegment>
                    <AudioVisualSegment id="track-1.segment-14">
                        <mediaTime>
                            <mediaRelTimePoint>T00:06:46:0F1000</mediaRelTimePoint>
                            <mediaDuration>PT18S0N1000F</mediaDuration>
                        </mediaTime>
                    </AudioVisualSegment>
                    <AudioVisualSegment id="track-1.segment-15">
                        <mediaTime>
                            <mediaRelTimePoint>T00:07:04:0F1000</mediaRelTimePoint>
                            <mediaDuration>PT01M0N1000F</mediaDuration>
                        </mediaTime>
                    </AudioVisualSegment>
                    <AudioVisualSegment id="track-1.segment-16">
                        <mediaTime>
                            <mediaRelTimePoint>T00:08:04:0F1000</mediaRelTimePoint>
                            <mediaDuration>PT35S0N1000F</mediaDuration>
                        </mediaTime>
                    </AudioVisualSegment>
                    <AudioVisualSegment id="track-1.segment-17">
                        <mediaTime>
                            <mediaRelTimePoint>T00:08:39:0F1000</mediaRelTimePoint>
                            <mediaDuration>PT01M37S0N1000F</mediaDuration>
                        </mediaTime>
                    </AudioVisualSegment>
                    <AudioVisualSegment id="track-1.segment-18">
                        <mediaTime>
                            <mediaRelTimePoint>T00:10:16:0F1000</mediaRelTimePoint>
                            <mediaDuration>PT25S0N1000F</mediaDuration>
                        </mediaTime>
                    </AudioVisualSegment>
                    <AudioVisualSegment id="track-1.segment-19">
                        <mediaTime>
                            <mediaRelTimePoint>T00:10:41:0F1000</mediaRelTimePoint>
                            <mediaDuration>PT14S0N1000F</mediaDuration>
                        </mediaTime>
                    </AudioVisualSegment>
                    <AudioVisualSegment id="track-1.segment-20">
                        <mediaTime>
                            <mediaRelTimePoint>T00:10:55:0F1000</mediaRelTimePoint>
                            <mediaDuration>PT29S0N1000F</mediaDuration>
                        </mediaTime>
                    </AudioVisualSegment>
                    <AudioVisualSegment id="track-1.segment-21">
                        <mediaTime>
                            <mediaRelTimePoint>T00:11:24:0F1000</mediaRelTimePoint>
                            <mediaDuration>PT17S0N1000F</mediaDuration>
                        </mediaTime>
                    </AudioVisualSegment>
                    <AudioVisualSegment id="track-1.segment-22">
                        <mediaTime>
                            <mediaRelTimePoint>T00:11:41:0F1000</mediaRelTimePoint>
                            <mediaDuration>PT49S0N1000F</mediaDuration>
                        </mediaTime>
                    </AudioVisualSegment>
                    <AudioVisualSegment id="track-1.segment-23">
                        <mediaTime>
                            <mediaRelTimePoint>T00:12:30:0F1000</mediaRelTimePoint>
                            <mediaDuration>PT01M30S0N1000F</mediaDuration>
                        </mediaTime>
                    </AudioVisualSegment>
                    <AudioVisualSegment id="track-1.segment-24">
                        <mediaTime>
                            <mediaRelTimePoint>T00:14:00:0F1000</mediaRelTimePoint>
                            <mediaDuration>PT21S0N1000F</mediaDuration>
                        </mediaTime>
                    </AudioVisualSegment>
                    <AudioVisualSegment id="track-1.segment-25">
                        <mediaTime>
                            <mediaRelTimePoint>T00:14:21:0F1000</mediaRelTimePoint>
                            <mediaDuration>PT01M14S0N1000F</mediaDuration>
                        </mediaTime>
                    </AudioVisualSegment>
                    <AudioVisualSegment id="track-1.segment-26">
                        <mediaTime>
                            <mediaRelTimePoint>T00:15:35:0F1000</mediaRelTimePoint>
                            <mediaDuration>PT01M38S0N1000F</mediaDuration>
                        </mediaTime>
                    </AudioVisualSegment>
                    <AudioVisualSegment id="track-1.segment-27">
                        <mediaTime>
                            <mediaRelTimePoint>T00:17:13:0F1000</mediaRelTimePoint>
                            <mediaDuration>PT01M09S0N1000F</mediaDuration>
                        </mediaTime>
                    </AudioVisualSegment>
                    <AudioVisualSegment id="track-1.segment-28">
                        <mediaTime>
                            <mediaRelTimePoint>T00:18:22:0F1000</mediaRelTimePoint>
                            <mediaDuration>PT56S0N1000F</mediaDuration>
                        </mediaTime>
                    </AudioVisualSegment>
                    <AudioVisualSegment id="track-1.segment-29">
                        <mediaTime>
                            <mediaRelTimePoint>T00:19:18:0F1000</mediaRelTimePoint>
                            <mediaDuration>PT30S0N1000F</mediaDuration>
                        </mediaTime>
                    </AudioVisualSegment>
                    <AudioVisualSegment id="track-1.segment-30">
                        <mediaTime>
                            <mediaRelTimePoint>T00:19:48:0F1000</mediaRelTimePoint>
                            <mediaDuration>PT37S0N1000F</mediaDuration>
                        </mediaTime>
                    </AudioVisualSegment>
                    <AudioVisualSegment id="track-1.segment-31">
                        <mediaTime>
                            <mediaRelTimePoint>T00:20:25:0F1000</mediaRelTimePoint>
                            <mediaDuration>PT01M07S0N1000F</mediaDuration>
                        </mediaTime>
                    </AudioVisualSegment>
                    <AudioVisualSegment id="track-1.segment-32">
                        <mediaTime>
                            <mediaRelTimePoint>T00:21:32:0F1000</mediaRelTimePoint>
                            <mediaDuration>PT01M09S0N1000F</mediaDuration>
                        </mediaTime>
                    </AudioVisualSegment>
                    <AudioVisualSegment id="track-1.segment-33">
                        <mediaTime>
                            <mediaRelTimePoint>T00:22:41:0F1000</mediaRelTimePoint>
                            <mediaDuration>PT36S0N1000F</mediaDuration>
                        </mediaTime>
                    </AudioVisualSegment>
                    <AudioVisualSegment id="track-1.segment-34">
                        <mediaTime>
                            <mediaRelTimePoint>T00:23:17:0F1000</mediaRelTimePoint>
                            <mediaDuration>PT17S0N1000F</mediaDuration>
                        </mediaTime>
                    </AudioVisualSegment>
                    <AudioVisualSegment id="track-1.segment-35">
                        <mediaTime>
                            <mediaRelTimePoint>T00:23:34:0F1000</mediaRelTimePoint>
                            <mediaDuration>PT25S0N1000F</mediaDuration>
                        </mediaTime>
                    </AudioVisualSegment>
                    <AudioVisualSegment id="track-1.segment-36">
                        <mediaTime>
                            <mediaRelTimePoint>T00:23:59:0F1000</mediaRelTimePoint>
                            <mediaDuration>PT37S0N1000F</mediaDuration>
                        </mediaTime>
                    </AudioVisualSegment>
                    <AudioVisualSegment id="track-1.segment-37">
                        <mediaTime>
                            <mediaRelTimePoint>T00:24:36:0F1000</mediaRelTimePoint>
                            <mediaDuration>PT48S0N1000F</mediaDuration>
                        </mediaTime>
                    </AudioVisualSegment>
                    <AudioVisualSegment id="track-1.segment-38">
                        <mediaTime>
                            <mediaRelTimePoint>T00:25:24:0F1000</mediaRelTimePoint>
                            <mediaDuration>PT43S0N1000F</mediaDuration>
                        </mediaTime>
                    </AudioVisualSegment>
                    <AudioVisualSegment id="track-1.segment-39">
                        <mediaTime>
                            <mediaRelTimePoint>T00:26:07:0F1000</mediaRelTimePoint>
                            <mediaDuration>PT24S0N1000F</mediaDuration>
                        </mediaTime>
                    </AudioVisualSegment>
                    <AudioVisualSegment id="track-1.segment-40">
                        <mediaTime>
                            <mediaRelTimePoint>T00:26:31:0F1000</mediaRelTimePoint>
                            <mediaDuration>PT22S0N1000F</mediaDuration>
                        </mediaTime>
                    </AudioVisualSegment>
                    <AudioVisualSegment id="track-1.segment-41">
                        <mediaTime>
                            <mediaRelTimePoint>T00:26:53:0F1000</mediaRelTimePoint>
                            <mediaDuration>PT02M42S0N1000F</mediaDuration>
                        </mediaTime>
                    </AudioVisualSegment>
                    <AudioVisualSegment id="track-1.segment-42">
                        <mediaTime>
                            <mediaRelTimePoint>T00:29:35:0F1000</mediaRelTimePoint>
                            <mediaDuration>PT53S0N1000F</mediaDuration>
                        </mediaTime>
                    </AudioVisualSegment>
                    <AudioVisualSegment id="track-1.segment-43">
                        <mediaTime>
                            <mediaRelTimePoint>T00:30:28:0F1000</mediaRelTimePoint>
                            <mediaDuration>PT01M05S0N1000F</mediaDuration>
                        </mediaTime>
                    </AudioVisualSegment>
                    <AudioVisualSegment id="track-1.segment-44">
                        <mediaTime>
                            <mediaRelTimePoint>T00:31:33:0F1000</mediaRelTimePoint>
                            <mediaDuration>PT18S0N1000F</mediaDuration>
                        </mediaTime>
                    </AudioVisualSegment>
                    <AudioVisualSegment id="track-1.segment-45">
                        <mediaTime>
                            <mediaRelTimePoint>T00:31:51:0F1000</mediaRelTimePoint>
                            <mediaDuration>PT56S0N1000F</mediaDuration>
                        </mediaTime>
                    </AudioVisualSegment>
                    <AudioVisualSegment id="track-1.segment-46">
                        <mediaTime>
                            <mediaRelTimePoint>T00:32:47:0F1000</mediaRelTimePoint>
                            <mediaDuration>PT26S0N1000F</mediaDuration>
                        </mediaTime>
                    </AudioVisualSegment>
                    <AudioVisualSegment id="track-1.segment-47">
                        <mediaTime>
                            <mediaRelTimePoint>T00:33:13:0F1000</mediaRelTimePoint>
                            <mediaDuration>PT02M42S0N1000F</mediaDuration>
                        </mediaTime>
                    </AudioVisualSegment>
                    <AudioVisualSegment id="track-1.segment-48">
                        <mediaTime>
                            <mediaRelTimePoint>T00:35:55:0F1000</mediaRelTimePoint>
                            <mediaDuration>PT04M34S0N1000F</mediaDuration>
                        </mediaTime>
                    </AudioVisualSegment>
                    <AudioVisualSegment id="track-1.segment-49">
                        <mediaTime>
                            <mediaRelTimePoint>T00:40:29:0F1000</mediaRelTimePoint>
                            <mediaDuration>PT39S0N1000F</mediaDuration>
                        </mediaTime>
                    </AudioVisualSegment>
                    <AudioVisualSegment id="track-1.segment-50">
                        <mediaTime>
                            <mediaRelTimePoint>T00:41:08:0F1000</mediaRelTimePoint>
                            <mediaDuration>PT20S0N1000F</mediaDuration>
                        </mediaTime>
                    </AudioVisualSegment>
                    <AudioVisualSegment id="track-1.segment-51">
                        <mediaTime>
                            <mediaRelTimePoint>T00:41:28:0F1000</mediaRelTimePoint>
                            <mediaDuration>PT24S0N1000F</mediaDuration>
                        </mediaTime>
                    </AudioVisualSegment>
                    <AudioVisualSegment id="track-1.segment-52">
                        <mediaTime>
                            <mediaRelTimePoint>T00:41:52:0F1000</mediaRelTimePoint>
                            <mediaDuration>PT20S0N1000F</mediaDuration>
                        </mediaTime>
                    </AudioVisualSegment>
                    <AudioVisualSegment id="track-1.segment-53">
                        <mediaTime>
                            <mediaRelTimePoint>T00:42:12:0F1000</mediaRelTimePoint>
                            <mediaDuration>PT13S0N1000F</mediaDuration>
                        </mediaTime>
                    </AudioVisualSegment>
                    <AudioVisualSegment id="track-1.segment-54">
                        <mediaTime>
                            <mediaRelTimePoint>T00:42:25:0F1000</mediaRelTimePoint>
                            <mediaDuration>PT41S0N1000F</mediaDuration>
                        </mediaTime>
                    </AudioVisualSegment>
                    <AudioVisualSegment id="track-1.segment-55">
                        <mediaTime>
                            <mediaRelTimePoint>T00:43:06:0F1000</mediaRelTimePoint>
                            <mediaDuration>PT49S0N1000F</mediaDuration>
                        </mediaTime>
                    </AudioVisualSegment>
                    <AudioVisualSegment id="track-1.segment-56">
                        <mediaTime>
                            <mediaRelTimePoint>T00:43:55:0F1000</mediaRelTimePoint>
                            <mediaDuration>PT21S0N1000F</mediaDuration>
                        </mediaTime>
                    </AudioVisualSegment>
                    <AudioVisualSegment id="track-1.segment-57">
                        <mediaTime>
                            <mediaRelTimePoint>T00:44:16:0F1000</mediaRelTimePoint>
                            <mediaDuration>PT13S0N1000F</mediaDuration>
                        </mediaTime>
                    </AudioVisualSegment>
                    <AudioVisualSegment id="track-1.segment-58">
                        <mediaTime>
                            <mediaRelTimePoint>T00:44:29:0F1000</mediaRelTimePoint>
                            <mediaDuration>PT21S0N1000F</mediaDuration>
                        </mediaTime>
                    </AudioVisualSegment>
                    <AudioVisualSegment id="track-1.segment-59">
                        <mediaTime>
                            <mediaRelTimePoint>T00:44:50:0F1000</mediaRelTimePoint>
                            <mediaDuration>PT29S0N1000F</mediaDuration>
                        </mediaTime>
                    </AudioVisualSegment>
                    <AudioVisualSegment id="track-1.segment-60">
                        <mediaTime>
                            <mediaRelTimePoint>T00:45:19:0F1000</mediaRelTimePoint>
                            <mediaDuration>PT30S0N1000F</mediaDuration>
                        </mediaTime>
                    </AudioVisualSegment>
                    <AudioVisualSegment id="track-1.segment-61">
                        <mediaTime>
                            <mediaRelTimePoint>T00:45:49:0F1000</mediaRelTimePoint>
                            <mediaDuration>PT31S0N1000F</mediaDuration>
                        </mediaTime>
                    </AudioVisualSegment>
                    <AudioVisualSegment id="track-1.segment-62">
                        <mediaTime>
                            <mediaRelTimePoint>T00:46:20:0F1000</mediaRelTimePoint>
                            <mediaDuration>PT26S0N1000F</mediaDuration>
                        </mediaTime>
                    </AudioVisualSegment>
                    <AudioVisualSegment id="track-1.segment-63">
                        <mediaTime>
                            <mediaRelTimePoint>T00:46:46:0F1000</mediaRelTimePoint>
                            <mediaDuration>PT01M10S0N1000F</mediaDuration>
                        </mediaTime>
                    </AudioVisualSegment>
                    <AudioVisualSegment id="track-1.segment-64">
                        <mediaTime>
                            <mediaRelTimePoint>T00:47:56:0F1000</mediaRelTimePoint>
                            <mediaDuration>PT01M31S0N1000F</mediaDuration>
                        </mediaTime>
                    </AudioVisualSegment>
                    <AudioVisualSegment id="track-1.segment-65">
                        <mediaTime>
                            <mediaRelTimePoint>T00:49:27:0F1000</mediaRelTimePoint>
                            <mediaDuration>PT01M30S0N1000F</mediaDuration>
                        </mediaTime>
                    </AudioVisualSegment>
                    <AudioVisualSegment id="track-1.segment-66">
                        <mediaTime>
                            <mediaRelTimePoint>T00:50:57:0F1000</mediaRelTimePoint>
                            <mediaDuration>PT47S0N1000F</mediaDuration>
                        </mediaTime>
                    </AudioVisualSegment>
                    <AudioVisualSegment id="track-1.segment-67">
                        <mediaTime>
                            <mediaRelTimePoint>T00:51:44:0F1000</mediaRelTimePoint>
                            <mediaDuration>PT35S0N1000F</mediaDuration>
                        </mediaTime>
                    </AudioVisualSegment>
                    <AudioVisualSegment id="track-1.segment-68">
                        <mediaTime>
                            <mediaRelTimePoint>T00:52:19:0F1000</mediaRelTimePoint>
                            <mediaDuration>PT02M52S0N1000F</mediaDuration>
                        </mediaTime>
                    </AudioVisualSegment>
                    <AudioVisualSegment id="track-1.segment-69">
                        <mediaTime>
                            <mediaRelTimePoint>T00:55:11:0F1000</mediaRelTimePoint>
                            <mediaDuration>PT01M20S0N1000F</mediaDuration>
                        </mediaTime>
                    </AudioVisualSegment>
                    <AudioVisualSegment id="track-1.segment-70">
                        <mediaTime>
                            <mediaRelTimePoint>T00:56:31:0F1000</mediaRelTimePoint>
                            <mediaDuration>PT23S0N1000F</mediaDuration>
                        </mediaTime>
                    </AudioVisualSegment>
                    <AudioVisualSegment id="track-1.segment-71">
                        <mediaTime>
                            <mediaRelTimePoint>T00:56:54:0F1000</mediaRelTimePoint>
                            <mediaDuration>PT05M43S0N1000F</mediaDuration>
                        </mediaTime>
                    </AudioVisualSegment>
                    <AudioVisualSegment id="track-1.segment-72">
                        <mediaTime>
                            <mediaRelTimePoint>T01:02:37:0F1000</mediaRelTimePoint>
                            <mediaDuration>PT01M0N1000F</mediaDuration>
                        </mediaTime>
                    </AudioVisualSegment>
                    <AudioVisualSegment id="track-1.segment-73">
                        <mediaTime>
                            <mediaRelTimePoint>T01:03:37:0F1000</mediaRelTimePoint>
                            <mediaDuration>PT29S0N1000F</mediaDuration>
                        </mediaTime>
                    </AudioVisualSegment>
                    <AudioVisualSegment id="track-1.segment-74">
                        <mediaTime>
                            <mediaRelTimePoint>T01:04:06:0F1000</mediaRelTimePoint>
                            <mediaDuration>PT28S0N1000F</mediaDuration>
                        </mediaTime>
                    </AudioVisualSegment>
                    <AudioVisualSegment id="track-1.segment-75">
                        <mediaTime>
                            <mediaRelTimePoint>T01:04:34:0F1000</mediaRelTimePoint>
                            <mediaDuration>PT02M02S0N1000F</mediaDuration>
                        </mediaTime>
                    </AudioVisualSegment>
                    <AudioVisualSegment id="track-1.segment-76">
                        <mediaTime>
                            <mediaRelTimePoint>T01:06:36:0F1000</mediaRelTimePoint>
                            <mediaDuration>PT01M47S0N1000F</mediaDuration>
                        </mediaTime>
                    </AudioVisualSegment>
                    <AudioVisualSegment id="track-1.segment-77">
                        <mediaTime>
                            <mediaRelTimePoint>T01:08:23:0F1000</mediaRelTimePoint>
                            <mediaDuration>PT05M24S0N1000F</mediaDuration>
                        </mediaTime>
                    </AudioVisualSegment>
                    <AudioVisualSegment id="track-1.segment-78">
                        <mediaTime>
                            <mediaRelTimePoint>T01:13:47:0F1000</mediaRelTimePoint>
                            <mediaDuration>PT07M31S0N1000F</mediaDuration>
                        </mediaTime>
                    </AudioVisualSegment>
                    <AudioVisualSegment id="track-1.segment-79">
                        <mediaTime>
                            <mediaRelTimePoint>T01:21:18:0F1000</mediaRelTimePoint>
                            <mediaDuration>PT52S0N1000F</mediaDuration>
                        </mediaTime>
                    </AudioVisualSegment>
                    <AudioVisualSegment id="track-1.segment-80">
                        <mediaTime>
                            <mediaRelTimePoint>T01:22:10:0F1000</mediaRelTimePoint>
                            <mediaDuration>PT02M55S0N1000F</mediaDuration>
                        </mediaTime>
                    </AudioVisualSegment>
                    <AudioVisualSegment id="track-1.segment-81">
                        <mediaTime>
                            <mediaRelTimePoint>T01:25:05:0F1000</mediaRelTimePoint>
                            <mediaDuration>PT47S0N1000F</mediaDuration>
                        </mediaTime>
                    </AudioVisualSegment>
                    <AudioVisualSegment id="track-1.segment-82">
                        <mediaTime>
                            <mediaRelTimePoint>T01:25:52:0F1000</mediaRelTimePoint>
                            <mediaDuration>PT02M39S0N1000F</mediaDuration>
                        </mediaTime>
                    </AudioVisualSegment>
                    <AudioVisualSegment id="track-1.segment-83">
                        <mediaTime>
                            <mediaRelTimePoint>T01:28:31:0F1000</mediaRelTimePoint>
                            <mediaDuration>PT455N1000F</mediaDuration>
                        </mediaTime>
                    </AudioVisualSegment>
                </TemporalDecomposition>
            </AudioVisual>
        </MultimediaContent>
    </Description>
</Mpeg7>
