<?xml version="1.0" encoding="UTF-8"?>
<metadata xmlns="http://www.opencastproject.org/xsd/1.0/dublincore/"
	xmlns:dcterms="http://purl.org/dc/terms/" xmlns:xsi="http://www.w3.org/2001/XMLSchema-instance">
	<dcterms:creator>Meyer, Bertrand</dcterms:creator>
	<dcterms:contributor>Department of Computer Science</dcterms:contributor>
	<dcterms:license xml:lang="de">http://www.multimedia.ethz.ch/docs/haftungsausschluss/index</dcterms:license>
	<dcterms:license xml:lang="en">http://www.multimedia.ethz.ch/docs/disclaimer/index</dcterms:license>
	<dcterms:created xsi:type="dcterms:Period">start=2009-09-21;
		end=2009-12-18; scheme=W3C-DTF;</dcterms:created>
	<dcterms:description>Basics of object-oriented programming. Objects and
		classes. Pre- and postconditions, class invariants, Design by
		Contract. Fundamental control structures. Assignment and References.
		Basic hardware concepts. Fundamental data structures and algorithms.
		Recursion. Inheritance and deferred classes, introduction into
		event-driven design and concurrent programming. Basic concepts of
		Software Engineering such as the software process, specification and
		documentation, reuse and quality assurance.</dcterms:description>
	<dcterms:rightsHolder xml:lang="de">ETH Zürich, Schweiz</dcterms:rightsHolder>
	<dcterms:rightsHolder xml:lang="en">ETH Zurich,
		Switzerland</dcterms:rightsHolder>
	<dcterms:publisher xml:lang="de">ETH Zürich, ID-MMS;
		Schweiz</dcterms:publisher>
	<dcterms:publisher xml:lang="en">ETH Zurich, ITS-MMS;
		Switzerland</dcterms:publisher>
	<dcterms:identifier>252-0021-00L-2009W</dcterms:identifier>
	<dcterms:title>Introduction to Programming</dcterms:title>
</metadata>
