<?xml version="1.0" encoding="UTF-8"?>
<mediapackage duration="6720044" id="10.3930/ETHZ/AV-0f524522-f450-406b-9bc8-9315d5ca0c34">
<media>
<track id="track-1" type="engage/presenter">
    <url>http://downloads.opencastproject.org/media/car.flv</url>
    <mimetype>video/x-flv</mimetype>
    <checksum type="md5">7b3c7e8cc2cba2f5b7af4fd4224f3005</checksum>
</track>
<mimetype>video/msvideo</mimetype>
<checksum type="md5">ed088695a4e6a8aa3b2c9de8d307cdcb</checksum>
<url>tracks/camera.avi</url>
<Duration>6720044</Duration>
<Audio id="stream-2">
<Encoder type="MPEG Audio"/>
<Channels>2</Channels>
<BitDepth>16</BitDepth>
<BitRate>128000.0</BitRate>
</Audio>
<Video id="stream-1">
<Encoder type="MPEG-4 Visual"/>
<Size>768x576</Size>
<ScanType type="Progressive"/>
<BitRate>2876287.0</BitRate>
<FrameRate>25.0</FrameRate>
</Video>
</media>
<metadata>
<catalog id="catalog-3" ref="series:401-4781-59L-2009W" type="metadata/dublincore">
<mimetype>text/xml</mimetype>
<checksum type="md5">235a956486efbc469a3f6ea2536d5054</checksum>
<url>metadata/dublincore-s-Bendali09.xml</url>
</catalog>
<catalog id="catalog-1" type="metadata/dublincore">
<mimetype>text/xml</mimetype>
<checksum type="md5">6cff8c0e778b3c5825e7fb89fab483d2</checksum>
<url>metadata/dublincore5543644903362484837.xml</url>
</catalog>
<catalog id="catalog-4" type="metadata/mpeg-7">
<mimetype>text/xml</mimetype>
<checksum type="md5">d41d8cd98f00b204e9800998ecf8427e</checksum>
<url>metadata/mpeg-75324703851207503011.xml</url>
</catalog>
</metadata>
<attachments>
    <attachment id="attachment-1" type="engage/cover">
        <url>http://downloads.opencastproject.org/media/engage-cover.jpg</url>
        <mimetype>image/jpeg</mimetype>
    </attachment>
    <attachment id="attachment-2" type="feed/cover">
        <url>http://downloads.opencastproject.org/media/feed-cover.jpg</url>
        <mimetype>image/jpeg</mimetype>
    </attachment>
</attachments>
</mediapackage>
