<?xml version="1.0" encoding="UTF-8"?>
<mediapackage duration="282920" id="10.3930/ETHZ/AV-62bced26-01e8-41b0-b7bf-0d9e0d50f028">
<media>
<track id="track-1" type="engage/presenter">
    <url>http://downloads.opencastproject.org/media/car.flv</url>
    <mimetype>video/x-flv</mimetype>
    <checksum type="md5">7b3c7e8cc2cba2f5b7af4fd4224f3005</checksum>
</track>
<mimetype>video/quicktime</mimetype>
<checksum type="md5">0d29998b5b337955967b6f527d28103c</checksum>
<url>tracks/20091119_S3F_Part_7.mov</url>
<Duration>282920</Duration>
<Audio id="stream-2">
<Encoder type="PCM"/>
<Channels>2</Channels>
<BitDepth>16</BitDepth>
<BitRate>1536000.0</BitRate>
</Audio>
<Video id="stream-1">
<Encoder type="Digital Video"/>
<Size>720x576</Size>
<BitRate>2.88E7</BitRate>
<FrameRate>25.0</FrameRate>
</Video>
</media>
<metadata>
<catalog id="catalog-2" type="metadata/dublincore">
<mimetype>text/xml</mimetype>
<checksum type="md5">95998eb3d66fc7a3dc8ae5f99b74eb7a</checksum>
<url>metadata/dublincore-e-S3F_Part_7.xml</url>
</catalog>
<catalog id="catalog-1" ref="series:10.3930/ETHZ/AV-fecbbc6f-4a65-4901-8dce-e2bf5a56466d" type="metadata/dublincore">
<mimetype>text/xml</mimetype>
<checksum type="md5">bc0e5be859cdcd7ad8716695be0ddcfc</checksum>
<url>metadata/dublincore-s-00015_S3F-2009W.xml</url>
</catalog>
<catalog id="catalog-3" type="metadata/mpeg-7">
<mimetype>text/xml</mimetype>
<checksum type="md5">d41d8cd98f00b204e9800998ecf8427e</checksum>
<url>metadata/mpeg-7973468701010097500.xml</url>
</catalog>
</metadata>
<attachments>
    <attachment id="attachment-1" type="engage/cover">
        <url>http://downloads.opencastproject.org/media/engage-cover.jpg</url>
        <mimetype>image/jpeg</mimetype>
    </attachment>
    <attachment id="attachment-2" type="feed/cover">
        <url>http://downloads.opencastproject.org/media/feed-cover.jpg</url>
        <mimetype>image/jpeg</mimetype>
    </attachment>
</attachments>
</mediapackage>
