<?xml version="1.0" encoding="UTF-8"?>
<mediapackage duration="2480240" id="10.3930/ETHZ/AV-8428150d-2e43-4868-ad54-9cd43e26dadf">
<media>
<track id="track-1" type="engage/presenter">
    <url>http://downloads.opencastproject.org/media/car.flv</url>
    <mimetype>video/x-flv</mimetype>
    <checksum type="md5">7b3c7e8cc2cba2f5b7af4fd4224f3005</checksum>
</track>
<mimetype>video/quicktime</mimetype>
<checksum type="md5">733751011b3efad62e30ceee2c1c6a43</checksum>
<url>tracks/20091119_S3F_Part_6.mov</url>
<Duration>2480240</Duration>
<Audio id="stream-2">
<Encoder type="PCM"/>
<Channels>2</Channels>
<BitDepth>16</BitDepth>
<BitRate>1536000.0</BitRate>
</Audio>
<Video id="stream-1">
<Encoder type="Digital Video"/>
<Size>720x576</Size>
<BitRate>1093214.0</BitRate>
<FrameRate>25.0</FrameRate>
</Video>
</media>
<metadata>
<catalog id="catalog-2" type="metadata/dublincore">
<mimetype>text/xml</mimetype>
<checksum type="md5">4bf71285463a98b93c7726c908f89dd4</checksum>
<url>metadata/dublincore-e-S3F_Part_6.xml</url>
</catalog>
<catalog id="catalog-1" ref="series:10.3930/ETHZ/AV-fecbbc6f-4a65-4901-8dce-e2bf5a56466d" type="metadata/dublincore">
<mimetype>text/xml</mimetype>
<checksum type="md5">bc0e5be859cdcd7ad8716695be0ddcfc</checksum>
<url>metadata/dublincore-s-00015_S3F-2009W.xml</url>
</catalog>
<catalog id="catalog-3" type="metadata/mpeg-7">
<mimetype>text/xml</mimetype>
<checksum type="md5">d41d8cd98f00b204e9800998ecf8427e</checksum>
<url>metadata/mpeg-72128715773730057819.xml</url>
</catalog>
</metadata>
<attachments>
    <attachment id="attachment-1" type="engage/cover">
        <url>http://downloads.opencastproject.org/media/engage-cover.jpg</url>
        <mimetype>image/jpeg</mimetype>
    </attachment>
    <attachment id="attachment-2" type="feed/cover">
        <url>http://downloads.opencastproject.org/media/feed-cover.jpg</url>
        <mimetype>image/jpeg</mimetype>
    </attachment>
</attachments>
</mediapackage>
