<?xml version="1.0" encoding="UTF-8"?>
<metadata xmlns="http://www.opencastproject.org/xsd/1.0/dublincore/" xmlns:dcterms="http://purl.org/dc/terms/" xmlns:xsi="http://www.w3.org/2001/XMLSchema-instance">
    <dcterms:creator>Mugglin, Markus - Moderator, Redaktionsleiter Echo der Zeit, Schweizer Radio DRS</dcterms:creator>
    <dcterms:creator>Berger, Urs - CEO, Die Mobiliar</dcterms:creator>
    <dcterms:creator>Fricker, Hans-Peter - CEO, WWF Schweiz</dcterms:creator>
    <dcterms:creator>Girod, Bastien - Nationalrat</dcterms:creator>
    <dcterms:creator>Tschudi, Franziska A. - CEO, WICOR Holding AG</dcterms:creator>
    <dcterms:extent xsi:type="dcterms:ISO8601">PT1H11M32.760S</dcterms:extent>
    <dcterms:isPartOf>10.3930/ETHZ/AV-74c13b81-caba-44f1-b2fa-46692e0ca1f3</dcterms:isPartOf>
    <dcterms:license xml:lang="de">http://www.multimedia.ethz.ch/docs/haftungsausschluss/index</dcterms:license>
    <dcterms:license xml:lang="en">http://www.multimedia.ethz.ch/docs/disclaimer/index</dcterms:license>
    <dcterms:created xsi:type="dcterms:W3CDTF">2009-11-12</dcterms:created>
    <dcterms:language>deu</dcterms:language>
    <dcterms:rightsHolder xml:lang="de">ETH Zürich, Schweiz</dcterms:rightsHolder>
    <dcterms:rightsHolder xml:lang="en">ETH Zurich, Switzerland</dcterms:rightsHolder>
    <dcterms:publisher xml:lang="de">ETH Zürich, ID-MMS; Schweiz</dcterms:publisher>
    <dcterms:publisher xml:lang="en">ETH Zurich, ITS-MMS; Switzerland</dcterms:publisher>
    <dcterms:identifier>10.3930/ETHZ/AV-1388686d-2130-446d-890e-068da2d0ed4c</dcterms:identifier>
    <dcterms:title>Podiums- und Publikumsdiskussion</dcterms:title>
</metadata>
