<?xml version="1.0" encoding="UTF-8"?>
<metadata xmlns="http://www.opencastproject.org/xsd/1.0/dublincore/"
	xmlns:dcterms="http://purl.org/dc/terms/" xmlns:xsi="http://www.w3.org/2001/XMLSchema-instance">
	<dcterms:creator>Fux, Beat</dcterms:creator>
	<dcterms:contributor>Department Geistes-, Sozial- und
		Staatswissenschaften</dcterms:contributor>
	<dcterms:license xml:lang="de">http://www.multimedia.ethz.ch/docs/haftungsausschluss/index</dcterms:license>
	<dcterms:license xml:lang="en">http://www.multimedia.ethz.ch/docs/disclaimer/index</dcterms:license>
	<dcterms:created xsi:type="dcterms:Period">start=2009-09-22;
		end=2009-12-18; scheme=W3C-DTF;</dcterms:created>
	<dcterms:description>Die Vorlesung will mit der Behandlung
		grundlegender Aspekte und Tendenzen moderner Gesellschaften in die
		soziologische Denk- und Betrachtungsweise einführen. Grundfragen und
		Grundbegriffe der Soziologie sollen in ihren soziologiehistorischen
		Entstehungskontext eingebettet und anhand konkreter Bezüge zu
		aktuellen Problembereichen illustriert werden. Themen, die erörtert
		werden, sind unter anderem die Sozialkultur und Kultur moderner
		Gesellschaften, die Frage nach dem sozialen und kulturellen Wandel
		(Prozesse der Modernisierung, Differenzierung und des Einstellungs-
		und Wertwandels) oder Probleme, welche mit der Schichtung und sozialen
		Ungleichheit in modernen Gesellschaften verknüpft sind (z.B. neue
		Armut, soziale Schliessung, Arbeitslosigkeit, soziale Konflikte).
		Weiter soll auch der ungleichen Verteilung von Ressourcen nach
		zugeschriebenen Merkmalen wie dem Geschlecht Beachtung geschenkt
		werden (z.B. geschlechtsspezifische Arbeits- und Rollenteilung,
		berufliche Segregation) und Konzepte wie soziale Sicherheit,
		Vertrauen, Solidarität behandelt werden. Ein wichtiges Ziel dieser an
		konkreten Fragestellungen orientierten Vorlesung ist die Darstellung
		der unterschiedlichen Zugangs- und Vorgehensweisen allgemeiner
		soziologischer Theorien, etwa der verstehenden Soziologie, des
		Funktionalismus, der Systemtheorie, oder der Theorie rationalen
		Handelns (Rational-Choice) bezüglich der jeweiligen Gegenstände.</dcterms:description>
	<dcterms:language>deu</dcterms:language>
	<dcterms:rightsHolder xml:lang="de">ETH Zürich, Schweiz</dcterms:rightsHolder>
	<dcterms:rightsHolder xml:lang="en">ETH Zurich,
		Switzerland</dcterms:rightsHolder>
	<dcterms:publisher xml:lang="de">ETH Zürich, ID-MMS;
		Schweiz</dcterms:publisher>
	<dcterms:publisher xml:lang="en">ETH Zurich, ITS-MMS;
		Switzerland</dcterms:publisher>
	<dcterms:identifier>851-0583-00L-2009W</dcterms:identifier>
	<dcterms:title>Einführung in die Soziologie I: Gegenstands- und
		Problembereiche moderner Gesellschaften</dcterms:title>
	<dcterms:title xml:lang="en">Introduction to Sociology I:
		Current Problems of Modern Society</dcterms:title>
</metadata>
