<?xml version="1.0" encoding="UTF-8"?>
<Mpeg7 xmlns="urn:mpeg:mpeg7:schema:2001" xmlns:mpeg7="urn:mpeg7:schema:2001"
	xmlns:xsi="http://www.w3.org/2001/XMLSchema-instance/">
	<Description xsi:type="ContentEntityType">
		<MultimediaContent xsi:type="AudioVisualType">
			<AudioVisual id="track-1">
				<mediaLocator>
					<mediaUri>file:tracks/20091110_E5_Fux.mov</mediaUri>
				</mediaLocator>
				<mediaTime>
					<mediaTimePoint>T00:00:00:0F1</mediaTimePoint>
					<mediaDuration>PT01H33M59S101N1000F</mediaDuration>
				</mediaTime>
				<TemporalDecomposition criteria="temporal"
					gap="false" overlap="false">
					<AudioVisualSegment id="track-1.segment-1">
						<mediaTime>
							<mediaRelTimePoint>T00:00:00:0F1000</mediaRelTimePoint>
							<mediaDuration>PT17S0N1000F</mediaDuration>
						</mediaTime>
					</AudioVisualSegment>
					<AudioVisualSegment id="track-1.segment-2">
						<mediaTime>
							<mediaRelTimePoint>T00:00:17:0F1000</mediaRelTimePoint>
							<mediaDuration>PT01M18S0N1000F</mediaDuration>
						</mediaTime>
						<TextAnnotation confidence="0.0" relevance="0.0"
							xml:lang="en">
							<KeywordAnnotation>
								<Keyword>Q</Keyword>
								<Keyword>S</Keyword>
							</KeywordAnnotation>
						</TextAnnotation>
					</AudioVisualSegment>
					<AudioVisualSegment id="track-1.segment-3">
						<mediaTime>
							<mediaRelTimePoint>T00:01:35:0F1000</mediaRelTimePoint>
							<mediaDuration>PT45S0N1000F</mediaDuration>
						</mediaTime>
						<TextAnnotation confidence="0.0" relevance="0.0"
							xml:lang="en">
							<KeywordAnnotation>
								<Keyword>Q</Keyword>
								<Keyword>S</Keyword>
							</KeywordAnnotation>
						</TextAnnotation>
					</AudioVisualSegment>
					<AudioVisualSegment id="track-1.segment-4">
						<mediaTime>
							<mediaRelTimePoint>T00:02:20:0F1000</mediaRelTimePoint>
							<mediaDuration>PT01M25S0N1000F</mediaDuration>
						</mediaTime>
						<TextAnnotation confidence="0.0" relevance="0.0"
							xml:lang="en">
							<KeywordAnnotation>
								<Keyword>S</Keyword>
							</KeywordAnnotation>
						</TextAnnotation>
					</AudioVisualSegment>
					<AudioVisualSegment id="track-1.segment-5">
						<mediaTime>
							<mediaRelTimePoint>T00:03:45:0F1000</mediaRelTimePoint>
							<mediaDuration>PT31S0N1000F</mediaDuration>
						</mediaTime>
						<TextAnnotation confidence="0.0" relevance="0.0"
							xml:lang="en">
							<KeywordAnnotation>
								<Keyword>Q</Keyword>
								<Keyword>S</Keyword>
							</KeywordAnnotation>
						</TextAnnotation>
					</AudioVisualSegment>
					<AudioVisualSegment id="track-1.segment-6">
						<mediaTime>
							<mediaRelTimePoint>T00:04:16:0F1000</mediaRelTimePoint>
							<mediaDuration>PT37S0N1000F</mediaDuration>
						</mediaTime>
						<TextAnnotation confidence="0.0" relevance="0.0"
							xml:lang="en">
							<KeywordAnnotation>
								<Keyword>I</Keyword>
								<Keyword>S</Keyword>
								<Keyword>X</Keyword>
							</KeywordAnnotation>
						</TextAnnotation>
					</AudioVisualSegment>
					<AudioVisualSegment id="track-1.segment-7">
						<mediaTime>
							<mediaRelTimePoint>T00:04:53:0F1000</mediaRelTimePoint>
							<mediaDuration>PT17S0N1000F</mediaDuration>
						</mediaTime>
						<TextAnnotation confidence="0.0" relevance="0.0"
							xml:lang="en">
							<KeywordAnnotation>
								<Keyword>I</Keyword>
								<Keyword>Q</Keyword>
								<Keyword>S</Keyword>
								<Keyword>X</Keyword>
							</KeywordAnnotation>
						</TextAnnotation>
					</AudioVisualSegment>
					<AudioVisualSegment id="track-1.segment-8">
						<mediaTime>
							<mediaRelTimePoint>T00:05:10:0F1000</mediaRelTimePoint>
							<mediaDuration>PT27S0N1000F</mediaDuration>
						</mediaTime>
						<TextAnnotation confidence="0.0" relevance="0.0"
							xml:lang="en">
							<KeywordAnnotation>
								<Keyword>I</Keyword>
								<Keyword>S</Keyword>
								<Keyword>X</Keyword>
							</KeywordAnnotation>
						</TextAnnotation>
					</AudioVisualSegment>
					<AudioVisualSegment id="track-1.segment-9">
						<mediaTime>
							<mediaRelTimePoint>T00:05:37:0F1000</mediaRelTimePoint>
							<mediaDuration>PT18S0N1000F</mediaDuration>
						</mediaTime>
						<TextAnnotation confidence="0.0" relevance="0.0"
							xml:lang="en">
							<KeywordAnnotation>
								<Keyword>I</Keyword>
								<Keyword>S</Keyword>
								<Keyword>X</Keyword>
							</KeywordAnnotation>
						</TextAnnotation>
					</AudioVisualSegment>
					<AudioVisualSegment id="track-1.segment-10">
						<mediaTime>
							<mediaRelTimePoint>T00:05:55:0F1000</mediaRelTimePoint>
							<mediaDuration>PT20S0N1000F</mediaDuration>
						</mediaTime>
						<TextAnnotation confidence="0.0" relevance="0.0"
							xml:lang="en">
							<KeywordAnnotation>
								<Keyword>I</Keyword>
								<Keyword>S</Keyword>
								<Keyword>X</Keyword>
							</KeywordAnnotation>
						</TextAnnotation>
					</AudioVisualSegment>
					<AudioVisualSegment id="track-1.segment-11">
						<mediaTime>
							<mediaRelTimePoint>T00:06:15:0F1000</mediaRelTimePoint>
							<mediaDuration>PT35S0N1000F</mediaDuration>
						</mediaTime>
						<TextAnnotation confidence="0.0" relevance="0.0"
							xml:lang="en">
							<KeywordAnnotation>
								<Keyword>I</Keyword>
								<Keyword>S</Keyword>
								<Keyword>X</Keyword>
							</KeywordAnnotation>
						</TextAnnotation>
					</AudioVisualSegment>
					<AudioVisualSegment id="track-1.segment-12">
						<mediaTime>
							<mediaRelTimePoint>T00:06:50:0F1000</mediaRelTimePoint>
							<mediaDuration>PT34S0N1000F</mediaDuration>
						</mediaTime>
						<TextAnnotation confidence="0.0" relevance="0.0"
							xml:lang="en">
							<KeywordAnnotation>
								<Keyword>I</Keyword>
								<Keyword>S</Keyword>
								<Keyword>X</Keyword>
							</KeywordAnnotation>
						</TextAnnotation>
					</AudioVisualSegment>
					<AudioVisualSegment id="track-1.segment-13">
						<mediaTime>
							<mediaRelTimePoint>T00:07:24:0F1000</mediaRelTimePoint>
							<mediaDuration>PT26S0N1000F</mediaDuration>
						</mediaTime>
						<TextAnnotation confidence="0.0" relevance="0.0"
							xml:lang="en">
							<KeywordAnnotation>
								<Keyword>I</Keyword>
								<Keyword>S</Keyword>
								<Keyword>X</Keyword>
							</KeywordAnnotation>
						</TextAnnotation>
					</AudioVisualSegment>
					<AudioVisualSegment id="track-1.segment-14">
						<mediaTime>
							<mediaRelTimePoint>T00:07:50:0F1000</mediaRelTimePoint>
							<mediaDuration>PT18S0N1000F</mediaDuration>
						</mediaTime>
						<TextAnnotation confidence="0.0" relevance="0.0"
							xml:lang="en">
							<KeywordAnnotation>
								<Keyword>I</Keyword>
								<Keyword>S</Keyword>
								<Keyword>X</Keyword>
							</KeywordAnnotation>
						</TextAnnotation>
					</AudioVisualSegment>
					<AudioVisualSegment id="track-1.segment-15">
						<mediaTime>
							<mediaRelTimePoint>T00:08:08:0F1000</mediaRelTimePoint>
							<mediaDuration>PT24S0N1000F</mediaDuration>
						</mediaTime>
						<TextAnnotation confidence="0.0" relevance="0.0"
							xml:lang="en">
							<KeywordAnnotation>
								<Keyword>I</Keyword>
								<Keyword>S</Keyword>
								<Keyword>X</Keyword>
							</KeywordAnnotation>
						</TextAnnotation>
					</AudioVisualSegment>
					<AudioVisualSegment id="track-1.segment-16">
						<mediaTime>
							<mediaRelTimePoint>T00:08:32:0F1000</mediaRelTimePoint>
							<mediaDuration>PT12S0N1000F</mediaDuration>
						</mediaTime>
						<TextAnnotation confidence="0.0" relevance="0.0"
							xml:lang="en">
							<KeywordAnnotation>
								<Keyword>I</Keyword>
								<Keyword>S</Keyword>
								<Keyword>X</Keyword>
							</KeywordAnnotation>
						</TextAnnotation>
					</AudioVisualSegment>
					<AudioVisualSegment id="track-1.segment-17">
						<mediaTime>
							<mediaRelTimePoint>T00:08:44:0F1000</mediaRelTimePoint>
							<mediaDuration>PT36S0N1000F</mediaDuration>
						</mediaTime>
						<TextAnnotation confidence="0.0" relevance="0.0"
							xml:lang="en">
							<KeywordAnnotation>
								<Keyword>I</Keyword>
								<Keyword>S</Keyword>
								<Keyword>X</Keyword>
							</KeywordAnnotation>
						</TextAnnotation>
					</AudioVisualSegment>
					<AudioVisualSegment id="track-1.segment-18">
						<mediaTime>
							<mediaRelTimePoint>T00:09:20:0F1000</mediaRelTimePoint>
							<mediaDuration>PT41S0N1000F</mediaDuration>
						</mediaTime>
						<TextAnnotation confidence="0.0" relevance="0.0"
							xml:lang="en">
							<KeywordAnnotation>
								<Keyword>I</Keyword>
							</KeywordAnnotation>
						</TextAnnotation>
					</AudioVisualSegment>
					<AudioVisualSegment id="track-1.segment-19">
						<mediaTime>
							<mediaRelTimePoint>T00:10:01:0F1000</mediaRelTimePoint>
							<mediaDuration>PT23S0N1000F</mediaDuration>
						</mediaTime>
						<TextAnnotation confidence="0.0" relevance="0.0"
							xml:lang="en">
							<KeywordAnnotation>
								<Keyword>I</Keyword>
								<Keyword>Q</Keyword>
								<Keyword>Y</Keyword>
							</KeywordAnnotation>
						</TextAnnotation>
					</AudioVisualSegment>
					<AudioVisualSegment id="track-1.segment-20">
						<mediaTime>
							<mediaRelTimePoint>T00:10:24:0F1000</mediaRelTimePoint>
							<mediaDuration>PT41S0N1000F</mediaDuration>
						</mediaTime>
						<TextAnnotation confidence="0.0" relevance="0.0"
							xml:lang="en">
							<KeywordAnnotation>
								<Keyword>Q</Keyword>
								<Keyword>S</Keyword>
							</KeywordAnnotation>
						</TextAnnotation>
					</AudioVisualSegment>
					<AudioVisualSegment id="track-1.segment-21">
						<mediaTime>
							<mediaRelTimePoint>T00:11:05:0F1000</mediaRelTimePoint>
							<mediaDuration>PT15S0N1000F</mediaDuration>
						</mediaTime>
						<TextAnnotation confidence="0.0" relevance="0.0"
							xml:lang="en">
							<KeywordAnnotation>
								<Keyword>I</Keyword>
							</KeywordAnnotation>
						</TextAnnotation>
					</AudioVisualSegment>
					<AudioVisualSegment id="track-1.segment-22">
						<mediaTime>
							<mediaRelTimePoint>T00:11:20:0F1000</mediaRelTimePoint>
							<mediaDuration>PT15S0N1000F</mediaDuration>
						</mediaTime>
						<TextAnnotation confidence="0.0" relevance="0.0"
							xml:lang="en">
							<KeywordAnnotation>
								<Keyword>I</Keyword>
								<Keyword>S</Keyword>
							</KeywordAnnotation>
						</TextAnnotation>
					</AudioVisualSegment>
					<AudioVisualSegment id="track-1.segment-23">
						<mediaTime>
							<mediaRelTimePoint>T00:11:35:0F1000</mediaRelTimePoint>
							<mediaDuration>PT20S0N1000F</mediaDuration>
						</mediaTime>
					</AudioVisualSegment>
					<AudioVisualSegment id="track-1.segment-24">
						<mediaTime>
							<mediaRelTimePoint>T00:11:55:0F1000</mediaRelTimePoint>
							<mediaDuration>PT01M06S0N1000F</mediaDuration>
						</mediaTime>
						<TextAnnotation confidence="0.5" relevance="0.4"
							xml:lang="de">
							<KeywordAnnotation>
								<Keyword>and</Keyword>
								<Keyword>cnc</Keyword>
							</KeywordAnnotation>
						</TextAnnotation>
						<TextAnnotation confidence="0.5" relevance="0.0"
							xml:lang="de">
							<KeywordAnnotation>
								<Keyword>kh</Keyword>
								<Keyword>lP</Keyword>
							</KeywordAnnotation>
						</TextAnnotation>
						<TextAnnotation confidence="0.0" relevance="0.4"
							xml:lang="de">
							<KeywordAnnotation>
								<Keyword>Selbmaefaltungwn</Keyword>
								<Keyword>kzcEnnnertcI</Keyword>
							</KeywordAnnotation>
						</TextAnnotation>
						<TextAnnotation confidence="0.0" relevance="0.0"
							xml:lang="de">
							<KeywordAnnotation>
								<Keyword>I</Keyword>
								<Keyword>Q</Keyword>
								<Keyword>X</Keyword>
								<Keyword>Y</Keyword>
							</KeywordAnnotation>
						</TextAnnotation>
					</AudioVisualSegment>
					<AudioVisualSegment id="track-1.segment-25">
						<mediaTime>
							<mediaRelTimePoint>T00:13:01:0F1000</mediaRelTimePoint>
							<mediaDuration>PT19S0N1000F</mediaDuration>
						</mediaTime>
						<TextAnnotation confidence="0.5" relevance="0.4"
							xml:lang="de">
							<KeywordAnnotation>
								<Keyword>und</Keyword>
							</KeywordAnnotation>
						</TextAnnotation>
						<TextAnnotation confidence="0.5" relevance="0.0"
							xml:lang="de">
							<KeywordAnnotation>
								<Keyword>tP</Keyword>
							</KeywordAnnotation>
						</TextAnnotation>
						<TextAnnotation confidence="0.0" relevance="0.4"
							xml:lang="de">
							<KeywordAnnotation>
								<Keyword>Selbuientfallnngmencl</Keyword>
								<Keyword>kht</Keyword>
								<Keyword>kzeEluuwerlcI</Keyword>
							</KeywordAnnotation>
						</TextAnnotation>
						<TextAnnotation confidence="0.0" relevance="0.0"
							xml:lang="de">
							<KeywordAnnotation>
								<Keyword>I</Keyword>
								<Keyword>S</Keyword>
								<Keyword>X</Keyword>
								<Keyword>Y</Keyword>
							</KeywordAnnotation>
						</TextAnnotation>
					</AudioVisualSegment>
					<AudioVisualSegment id="track-1.segment-26">
						<mediaTime>
							<mediaRelTimePoint>T00:13:20:0F1000</mediaRelTimePoint>
							<mediaDuration>PT45S0N1000F</mediaDuration>
						</mediaTime>
						<TextAnnotation confidence="0.5" relevance="0.4"
							xml:lang="de">
							<KeywordAnnotation>
								<Keyword>and</Keyword>
							</KeywordAnnotation>
						</TextAnnotation>
						<TextAnnotation confidence="0.5" relevance="0.0"
							xml:lang="de">
							<KeywordAnnotation>
								<Keyword>ne</Keyword>
							</KeywordAnnotation>
						</TextAnnotation>
						<TextAnnotation confidence="0.0" relevance="0.4"
							xml:lang="de">
							<KeywordAnnotation>
								<Keyword>SeIbue</Keyword>
								<Keyword>wnklu-</Keyword>
								<Keyword>xknnunmmer</Keyword>
							</KeywordAnnotation>
						</TextAnnotation>
						<TextAnnotation confidence="0.0" relevance="0.0"
							xml:lang="de">
							<KeywordAnnotation>
								<Keyword>E</Keyword>
								<Keyword>I</Keyword>
								<Keyword>S</Keyword>
								<Keyword>X</Keyword>
								<Keyword>Y</Keyword>
								<Keyword>t</Keyword>
							</KeywordAnnotation>
						</TextAnnotation>
					</AudioVisualSegment>
					<AudioVisualSegment id="track-1.segment-27">
						<mediaTime>
							<mediaRelTimePoint>T00:14:05:0F1000</mediaRelTimePoint>
							<mediaDuration>PT32S0N1000F</mediaDuration>
						</mediaTime>
						<TextAnnotation confidence="0.0" relevance="0.0"
							xml:lang="en">
							<KeywordAnnotation>
								<Keyword>I</Keyword>
								<Keyword>K</Keyword>
								<Keyword>X</Keyword>
								<Keyword>Y</Keyword>
							</KeywordAnnotation>
						</TextAnnotation>
					</AudioVisualSegment>
					<AudioVisualSegment id="track-1.segment-28">
						<mediaTime>
							<mediaRelTimePoint>T00:14:37:0F1000</mediaRelTimePoint>
							<mediaDuration>PT01M09S0N1000F</mediaDuration>
						</mediaTime>
						<TextAnnotation confidence="0.0" relevance="0.0"
							xml:lang="en">
							<KeywordAnnotation>
								<Keyword>I</Keyword>
								<Keyword>S</Keyword>
								<Keyword>X</Keyword>
								<Keyword>Y</Keyword>
							</KeywordAnnotation>
						</TextAnnotation>
					</AudioVisualSegment>
					<AudioVisualSegment id="track-1.segment-29">
						<mediaTime>
							<mediaRelTimePoint>T00:15:46:0F1000</mediaRelTimePoint>
							<mediaDuration>PT25S0N1000F</mediaDuration>
						</mediaTime>
						<TextAnnotation confidence="0.5" relevance="0.3"
							xml:lang="de">
							<KeywordAnnotation>
								<Keyword>aktive</Keyword>
							</KeywordAnnotation>
						</TextAnnotation>
						<TextAnnotation confidence="0.0" relevance="0.4"
							xml:lang="de">
							<KeywordAnnotation>
								<Keyword>Konventlonallstenz</Keyword>
							</KeywordAnnotation>
						</TextAnnotation>
						<TextAnnotation confidence="0.0" relevance="0.3"
							xml:lang="de">
							<KeywordAnnotation>
								<Keyword>Materlallstena</Keyword>
								<Keyword>Realistenc</Keyword>
								<Keyword>ResignIerte</Keyword>
								<Keyword>hedonlstlsche</Keyword>
								<Keyword>ldeallstenz</Keyword>
								<Keyword>nersgkttvlos</Keyword>
							</KeywordAnnotation>
						</TextAnnotation>
						<TextAnnotation confidence="0.0" relevance="0.2"
							xml:lang="de">
							<KeywordAnnotation>
								<Keyword>nonkcnfoge</Keyword>
							</KeywordAnnotation>
						</TextAnnotation>
						<TextAnnotation confidence="0.0" relevance="0.0"
							xml:lang="de">
							<KeywordAnnotation>
								<Keyword>S</Keyword>
								<Keyword>X</Keyword>
							</KeywordAnnotation>
						</TextAnnotation>
					</AudioVisualSegment>
					<AudioVisualSegment id="track-1.segment-30">
						<mediaTime>
							<mediaRelTimePoint>T00:16:11:0F1000</mediaRelTimePoint>
							<mediaDuration>PT01M28S0N1000F</mediaDuration>
						</mediaTime>
						<TextAnnotation confidence="0.5" relevance="0.3"
							xml:lang="de">
							<KeywordAnnotation>
								<Keyword>aktive</Keyword>
							</KeywordAnnotation>
						</TextAnnotation>
						<TextAnnotation confidence="0.0" relevance="0.4"
							xml:lang="de">
							<KeywordAnnotation>
								<Keyword>Konventlonallstenz</Keyword>
							</KeywordAnnotation>
						</TextAnnotation>
						<TextAnnotation confidence="0.0" relevance="0.3"
							xml:lang="de">
							<KeywordAnnotation>
								<Keyword>Idealistenz</Keyword>
								<Keyword>Materlallsten</Keyword>
								<Keyword>Realistena</Keyword>
								<Keyword>Reslgnlerte</Keyword>
								<Keyword>hedonlstlsche</Keyword>
								<Keyword>nonkonforme</Keyword>
								<Keyword>nrsgktivlos</Keyword>
							</KeywordAnnotation>
						</TextAnnotation>
						<TextAnnotation confidence="0.0" relevance="0.0"
							xml:lang="de">
							<KeywordAnnotation>
								<Keyword>S</Keyword>
								<Keyword>X</Keyword>
							</KeywordAnnotation>
						</TextAnnotation>
					</AudioVisualSegment>
					<AudioVisualSegment id="track-1.segment-31">
						<mediaTime>
							<mediaRelTimePoint>T00:17:39:0F1000</mediaRelTimePoint>
							<mediaDuration>PT21S0N1000F</mediaDuration>
						</mediaTime>
						<TextAnnotation confidence="0.5" relevance="0.3"
							xml:lang="de">
							<KeywordAnnotation>
								<Keyword>aktive</Keyword>
							</KeywordAnnotation>
						</TextAnnotation>
						<TextAnnotation confidence="0.0" relevance="0.4"
							xml:lang="de">
							<KeywordAnnotation>
								<Keyword>Konvenuonallsten</Keyword>
							</KeywordAnnotation>
						</TextAnnotation>
						<TextAnnotation confidence="0.0" relevance="0.3"
							xml:lang="de">
							<KeywordAnnotation>
								<Keyword>Materlallstenz</Keyword>
								<Keyword>Realistenz</Keyword>
								<Keyword>Reslgnlgng</Keyword>
								<Keyword>hedonlstlsche</Keyword>
								<Keyword>ldeallstenz</Keyword>
								<Keyword>nonkonfonne</Keyword>
								<Keyword>versgektlvlos</Keyword>
							</KeywordAnnotation>
						</TextAnnotation>
						<TextAnnotation confidence="0.0" relevance="0.0"
							xml:lang="de">
							<KeywordAnnotation>
								<Keyword>S</Keyword>
								<Keyword>X</Keyword>
							</KeywordAnnotation>
						</TextAnnotation>
					</AudioVisualSegment>
					<AudioVisualSegment id="track-1.segment-32">
						<mediaTime>
							<mediaRelTimePoint>T00:18:00:0F1000</mediaRelTimePoint>
							<mediaDuration>PT39S0N1000F</mediaDuration>
						</mediaTime>
						<TextAnnotation confidence="0.5" relevance="0.3"
							xml:lang="de">
							<KeywordAnnotation>
								<Keyword>Realisten</Keyword>
								<Keyword>aktive</Keyword>
							</KeywordAnnotation>
						</TextAnnotation>
						<TextAnnotation confidence="0.0" relevance="0.4"
							xml:lang="de">
							<KeywordAnnotation>
								<Keyword>Konventlonallstenz</Keyword>
							</KeywordAnnotation>
						</TextAnnotation>
						<TextAnnotation confidence="0.0" relevance="0.3"
							xml:lang="de">
							<KeywordAnnotation>
								<Keyword>Ideallstenz</Keyword>
								<Keyword>Matedallstenz</Keyword>
								<Keyword>Reslgnlertez</Keyword>
								<Keyword>hedonlstlsche</Keyword>
								<Keyword>nonkonforme</Keyword>
								<Keyword>nrsgktivlos</Keyword>
							</KeywordAnnotation>
						</TextAnnotation>
						<TextAnnotation confidence="0.0" relevance="0.0"
							xml:lang="de">
							<KeywordAnnotation>
								<Keyword>S</Keyword>
								<Keyword>X</Keyword>
							</KeywordAnnotation>
						</TextAnnotation>
					</AudioVisualSegment>
					<AudioVisualSegment id="track-1.segment-33">
						<mediaTime>
							<mediaRelTimePoint>T00:18:39:0F1000</mediaRelTimePoint>
							<mediaDuration>PT01M11S0N1000F</mediaDuration>
						</mediaTime>
						<TextAnnotation confidence="0.5" relevance="0.2"
							xml:lang="de">
							<KeywordAnnotation>
								<Keyword>Jan</Keyword>
							</KeywordAnnotation>
						</TextAnnotation>
						<TextAnnotation confidence="0.5" relevance="0.0"
							xml:lang="de">
							<KeywordAnnotation>
								<Keyword>an</Keyword>
								<Keyword>cs</Keyword>
								<Keyword>ll</Keyword>
								<Keyword>um</Keyword>
							</KeywordAnnotation>
						</TextAnnotation>
						<TextAnnotation confidence="0.0" relevance="0.2"
							xml:lang="de">
							<KeywordAnnotation>
								<Keyword>I7II1I</Keyword>
							</KeywordAnnotation>
						</TextAnnotation>
						<TextAnnotation confidence="0.0" relevance="0.0"
							xml:lang="de">
							<KeywordAnnotation>
								<Keyword>I</Keyword>
								<Keyword>X</Keyword>
								<Keyword>Y</Keyword>
								<Keyword>l</Keyword>
							</KeywordAnnotation>
						</TextAnnotation>
					</AudioVisualSegment>
					<AudioVisualSegment id="track-1.segment-34">
						<mediaTime>
							<mediaRelTimePoint>T00:19:50:0F1000</mediaRelTimePoint>
							<mediaDuration>PT16S0N1000F</mediaDuration>
						</mediaTime>
						<TextAnnotation confidence="0.5" relevance="0.0"
							xml:lang="en">
							<KeywordAnnotation>
								<Keyword>BE</Keyword>
							</KeywordAnnotation>
						</TextAnnotation>
						<TextAnnotation confidence="0.0" relevance="0.4"
							xml:lang="en">
							<KeywordAnnotation>
								<Keyword>Akvvenearnmn</Keyword>
							</KeywordAnnotation>
						</TextAnnotation>
						<TextAnnotation confidence="0.0" relevance="0.3"
							xml:lang="en">
							<KeywordAnnotation>
								<Keyword>ldeallsten</Keyword>
							</KeywordAnnotation>
						</TextAnnotation>
						<TextAnnotation confidence="0.0" relevance="0.0"
							xml:lang="en">
							<KeywordAnnotation>
								<Keyword>H</Keyword>
								<Keyword>I</Keyword>
								<Keyword>K</Keyword>
								<Keyword>R</Keyword>
								<Keyword>S</Keyword>
								<Keyword>X</Keyword>
								<Keyword>f</Keyword>
								<Keyword>i</Keyword>
							</KeywordAnnotation>
						</TextAnnotation>
					</AudioVisualSegment>
					<AudioVisualSegment id="track-1.segment-35">
						<mediaTime>
							<mediaRelTimePoint>T00:20:06:0F1000</mediaRelTimePoint>
							<mediaDuration>PT30S0N1000F</mediaDuration>
						</mediaTime>
						<TextAnnotation confidence="0.5" relevance="0.0"
							xml:lang="de">
							<KeywordAnnotation>
								<Keyword>Ff</Keyword>
								<Keyword>fH</Keyword>
							</KeywordAnnotation>
						</TextAnnotation>
						<TextAnnotation confidence="0.0" relevance="0.4"
							xml:lang="de">
							<KeywordAnnotation>
								<Keyword>Amivenwnmn</Keyword>
							</KeywordAnnotation>
						</TextAnnotation>
						<TextAnnotation confidence="0.0" relevance="0.3"
							xml:lang="de">
							<KeywordAnnotation>
								<Keyword>Ideallsten</Keyword>
								<Keyword>J...A</Keyword>
							</KeywordAnnotation>
						</TextAnnotation>
						<TextAnnotation confidence="0.0" relevance="0.0"
							xml:lang="de">
							<KeywordAnnotation>
								<Keyword>E</Keyword>
								<Keyword>I</Keyword>
								<Keyword>R</Keyword>
								<Keyword>S</Keyword>
								<Keyword>X</Keyword>
								<Keyword>Y</Keyword>
								<Keyword>i</Keyword>
							</KeywordAnnotation>
						</TextAnnotation>
					</AudioVisualSegment>
					<AudioVisualSegment id="track-1.segment-36">
						<mediaTime>
							<mediaRelTimePoint>T00:20:36:0F1000</mediaRelTimePoint>
							<mediaDuration>PT20S0N1000F</mediaDuration>
						</mediaTime>
						<TextAnnotation confidence="0.0" relevance="0.0"
							xml:lang="en">
							<KeywordAnnotation>
								<Keyword>I</Keyword>
								<Keyword>S</Keyword>
								<Keyword>T</Keyword>
								<Keyword>Y</Keyword>
							</KeywordAnnotation>
						</TextAnnotation>
					</AudioVisualSegment>
					<AudioVisualSegment id="track-1.segment-37">
						<mediaTime>
							<mediaRelTimePoint>T00:20:56:0F1000</mediaRelTimePoint>
							<mediaDuration>PT30S0N1000F</mediaDuration>
						</mediaTime>
						<TextAnnotation confidence="0.5" relevance="0.0"
							xml:lang="en">
							<KeywordAnnotation>
								<Keyword>Tv</Keyword>
							</KeywordAnnotation>
						</TextAnnotation>
						<TextAnnotation confidence="0.0" relevance="0.0"
							xml:lang="en">
							<KeywordAnnotation>
								<Keyword>I</Keyword>
								<Keyword>Y</Keyword>
							</KeywordAnnotation>
						</TextAnnotation>
					</AudioVisualSegment>
					<AudioVisualSegment id="track-1.segment-38">
						<mediaTime>
							<mediaRelTimePoint>T00:21:26:0F1000</mediaRelTimePoint>
							<mediaDuration>PT43S0N1000F</mediaDuration>
						</mediaTime>
						<TextAnnotation confidence="0.5" relevance="0.0"
							xml:lang="en">
							<KeywordAnnotation>
								<Keyword>Tv</Keyword>
							</KeywordAnnotation>
						</TextAnnotation>
						<TextAnnotation confidence="0.0" relevance="0.0"
							xml:lang="en">
							<KeywordAnnotation>
								<Keyword>I</Keyword>
								<Keyword>S</Keyword>
								<Keyword>Y</Keyword>
							</KeywordAnnotation>
						</TextAnnotation>
					</AudioVisualSegment>
					<AudioVisualSegment id="track-1.segment-39">
						<mediaTime>
							<mediaRelTimePoint>T00:22:09:0F1000</mediaRelTimePoint>
							<mediaDuration>PT49S0N1000F</mediaDuration>
						</mediaTime>
						<TextAnnotation confidence="0.5" relevance="0.0"
							xml:lang="en">
							<KeywordAnnotation>
								<Keyword>it</Keyword>
							</KeywordAnnotation>
						</TextAnnotation>
						<TextAnnotation confidence="0.0" relevance="0.0"
							xml:lang="en">
							<KeywordAnnotation>
								<Keyword>I</Keyword>
								<Keyword>S</Keyword>
							</KeywordAnnotation>
						</TextAnnotation>
					</AudioVisualSegment>
					<AudioVisualSegment id="track-1.segment-40">
						<mediaTime>
							<mediaRelTimePoint>T00:22:58:0F1000</mediaRelTimePoint>
							<mediaDuration>PT58S0N1000F</mediaDuration>
						</mediaTime>
						<TextAnnotation confidence="0.0" relevance="0.0"
							xml:lang="en">
							<KeywordAnnotation>
								<Keyword>I</Keyword>
								<Keyword>S</Keyword>
								<Keyword>Y</Keyword>
								<Keyword>v</Keyword>
							</KeywordAnnotation>
						</TextAnnotation>
					</AudioVisualSegment>
					<AudioVisualSegment id="track-1.segment-41">
						<mediaTime>
							<mediaRelTimePoint>T00:23:56:0F1000</mediaRelTimePoint>
							<mediaDuration>PT56S0N1000F</mediaDuration>
						</mediaTime>
						<TextAnnotation confidence="0.5" relevance="0.0"
							xml:lang="en">
							<KeywordAnnotation>
								<Keyword>it</Keyword>
							</KeywordAnnotation>
						</TextAnnotation>
						<TextAnnotation confidence="0.0" relevance="0.0"
							xml:lang="en">
							<KeywordAnnotation>
								<Keyword>I</Keyword>
								<Keyword>S</Keyword>
								<Keyword>Y</Keyword>
							</KeywordAnnotation>
						</TextAnnotation>
					</AudioVisualSegment>
					<AudioVisualSegment id="track-1.segment-42">
						<mediaTime>
							<mediaRelTimePoint>T00:24:52:0F1000</mediaRelTimePoint>
							<mediaDuration>PT01M07S0N1000F</mediaDuration>
						</mediaTime>
						<TextAnnotation confidence="0.0" relevance="0.0"
							xml:lang="en">
							<KeywordAnnotation>
								<Keyword>I</Keyword>
								<Keyword>Y</Keyword>
							</KeywordAnnotation>
						</TextAnnotation>
					</AudioVisualSegment>
					<AudioVisualSegment id="track-1.segment-43">
						<mediaTime>
							<mediaRelTimePoint>T00:25:59:0F1000</mediaRelTimePoint>
							<mediaDuration>PT22S0N1000F</mediaDuration>
						</mediaTime>
						<TextAnnotation confidence="0.0" relevance="0.0"
							xml:lang="en">
							<KeywordAnnotation>
								<Keyword>I</Keyword>
								<Keyword>S</Keyword>
								<Keyword>Y</Keyword>
							</KeywordAnnotation>
						</TextAnnotation>
					</AudioVisualSegment>
					<AudioVisualSegment id="track-1.segment-44">
						<mediaTime>
							<mediaRelTimePoint>T00:26:21:0F1000</mediaRelTimePoint>
							<mediaDuration>PT30S0N1000F</mediaDuration>
						</mediaTime>
						<TextAnnotation confidence="0.0" relevance="0.0"
							xml:lang="en">
							<KeywordAnnotation>
								<Keyword>I</Keyword>
								<Keyword>Y</Keyword>
							</KeywordAnnotation>
						</TextAnnotation>
					</AudioVisualSegment>
					<AudioVisualSegment id="track-1.segment-45">
						<mediaTime>
							<mediaRelTimePoint>T00:26:51:0F1000</mediaRelTimePoint>
							<mediaDuration>PT27S0N1000F</mediaDuration>
						</mediaTime>
						<TextAnnotation confidence="0.0" relevance="0.0"
							xml:lang="en">
							<KeywordAnnotation>
								<Keyword>I</Keyword>
								<Keyword>S</Keyword>
								<Keyword>Y</Keyword>
							</KeywordAnnotation>
						</TextAnnotation>
					</AudioVisualSegment>
					<AudioVisualSegment id="track-1.segment-46">
						<mediaTime>
							<mediaRelTimePoint>T00:27:18:0F1000</mediaRelTimePoint>
							<mediaDuration>PT50S0N1000F</mediaDuration>
						</mediaTime>
						<TextAnnotation confidence="0.0" relevance="0.0"
							xml:lang="en">
							<KeywordAnnotation>
								<Keyword>I</Keyword>
								<Keyword>S</Keyword>
								<Keyword>Y</Keyword>
							</KeywordAnnotation>
						</TextAnnotation>
					</AudioVisualSegment>
					<AudioVisualSegment id="track-1.segment-47">
						<mediaTime>
							<mediaRelTimePoint>T00:28:08:0F1000</mediaRelTimePoint>
							<mediaDuration>PT19S0N1000F</mediaDuration>
						</mediaTime>
						<TextAnnotation confidence="0.0" relevance="0.0"
							xml:lang="en">
							<KeywordAnnotation>
								<Keyword>I</Keyword>
								<Keyword>S</Keyword>
								<Keyword>Y</Keyword>
							</KeywordAnnotation>
						</TextAnnotation>
					</AudioVisualSegment>
					<AudioVisualSegment id="track-1.segment-48">
						<mediaTime>
							<mediaRelTimePoint>T00:28:27:0F1000</mediaRelTimePoint>
							<mediaDuration>PT17S0N1000F</mediaDuration>
						</mediaTime>
						<TextAnnotation confidence="0.5" relevance="0.0"
							xml:lang="de">
							<KeywordAnnotation>
								<Keyword>fF</Keyword>
								<Keyword>we</Keyword>
							</KeywordAnnotation>
						</TextAnnotation>
						<TextAnnotation confidence="0.0" relevance="0.5"
							xml:lang="de">
							<KeywordAnnotation>
								<Keyword>ngH</Keyword>
							</KeywordAnnotation>
						</TextAnnotation>
						<TextAnnotation confidence="0.0" relevance="0.4"
							xml:lang="de">
							<KeywordAnnotation>
								<Keyword>--MA</Keyword>
								<Keyword>Furgghqngstitigjpqyqnz</Keyword>
							</KeywordAnnotation>
						</TextAnnotation>
						<TextAnnotation confidence="0.0" relevance="0.0"
							xml:lang="de">
							<KeywordAnnotation>
								<Keyword>I</Keyword>
								<Keyword>K</Keyword>
								<Keyword>L</Keyword>
								<Keyword>M</Keyword>
								<Keyword>N</Keyword>
								<Keyword>e</Keyword>
								<Keyword>f</Keyword>
								<Keyword>i</Keyword>
								<Keyword>m</Keyword>
								<Keyword>s</Keyword>
							</KeywordAnnotation>
						</TextAnnotation>
					</AudioVisualSegment>
					<AudioVisualSegment id="track-1.segment-49">
						<mediaTime>
							<mediaRelTimePoint>T00:28:44:0F1000</mediaRelTimePoint>
							<mediaDuration>PT21S0N1000F</mediaDuration>
						</mediaTime>
						<TextAnnotation confidence="0.5" relevance="0.0"
							xml:lang="de">
							<KeywordAnnotation>
								<Keyword>Nu</Keyword>
								<Keyword>ii</Keyword>
								<Keyword>ng</Keyword>
							</KeywordAnnotation>
						</TextAnnotation>
						<TextAnnotation confidence="0.0" relevance="0.5"
							xml:lang="de">
							<KeywordAnnotation>
								<Keyword>QEfEaq</Keyword>
								<Keyword>was-ws</Keyword>
							</KeywordAnnotation>
						</TextAnnotation>
						<TextAnnotation confidence="0.0" relevance="0.4"
							xml:lang="de">
							<KeywordAnnotation>
								<Keyword>--MA</Keyword>
								<Keyword>rgghngngstitig</Keyword>
							</KeywordAnnotation>
						</TextAnnotation>
						<TextAnnotation confidence="0.0" relevance="0.0"
							xml:lang="de">
							<KeywordAnnotation>
								<Keyword>E</Keyword>
								<Keyword>I</Keyword>
								<Keyword>U</Keyword>
								<Keyword>c</Keyword>
								<Keyword>f</Keyword>
								<Keyword>i</Keyword>
								<Keyword>l</Keyword>
								<Keyword>qn</Keyword>
								<Keyword>s</Keyword>
							</KeywordAnnotation>
						</TextAnnotation>
					</AudioVisualSegment>
					<AudioVisualSegment id="track-1.segment-50">
						<mediaTime>
							<mediaRelTimePoint>T00:29:05:0F1000</mediaRelTimePoint>
							<mediaDuration>PT18S0N1000F</mediaDuration>
						</mediaTime>
						<TextAnnotation confidence="0.5" relevance="0.0"
							xml:lang="de">
							<KeywordAnnotation>
								<Keyword>NL</Keyword>
							</KeywordAnnotation>
						</TextAnnotation>
						<TextAnnotation confidence="0.0" relevance="0.4"
							xml:lang="de">
							<KeywordAnnotation>
								<Keyword>ronnm</Keyword>
							</KeywordAnnotation>
						</TextAnnotation>
						<TextAnnotation confidence="0.0" relevance="0.3"
							xml:lang="de">
							<KeywordAnnotation>
								<Keyword>Forgphqngstitiggcpqnz</Keyword>
							</KeywordAnnotation>
						</TextAnnotation>
						<TextAnnotation confidence="0.0" relevance="0.0"
							xml:lang="de">
							<KeywordAnnotation>
								<Keyword>-</Keyword>
								<Keyword>I</Keyword>
							</KeywordAnnotation>
						</TextAnnotation>
					</AudioVisualSegment>
					<AudioVisualSegment id="track-1.segment-51">
						<mediaTime>
							<mediaRelTimePoint>T00:29:23:0F1000</mediaRelTimePoint>
							<mediaDuration>PT56S0N1000F</mediaDuration>
						</mediaTime>
						<TextAnnotation confidence="0.5" relevance="0.0"
							xml:lang="de">
							<KeywordAnnotation>
								<Keyword>MA</Keyword>
								<Keyword>gn</Keyword>
								<Keyword>rg</Keyword>
								<Keyword>sk</Keyword>
							</KeywordAnnotation>
						</TextAnnotation>
						<TextAnnotation confidence="0.0" relevance="0.5"
							xml:lang="de">
							<KeywordAnnotation>
								<Keyword>EE6i</Keyword>
								<Keyword>Tii</Keyword>
								<Keyword>was-ws</Keyword>
							</KeywordAnnotation>
						</TextAnnotation>
						<TextAnnotation confidence="0.0" relevance="0.4"
							xml:lang="de">
							<KeywordAnnotation>
								<Keyword>fFhis</Keyword>
								<Keyword>hqngs</Keyword>
								<Keyword>tig</Keyword>
							</KeywordAnnotation>
						</TextAnnotation>
						<TextAnnotation confidence="0.0" relevance="0.0"
							xml:lang="de">
							<KeywordAnnotation>
								<Keyword>-</Keyword>
								<Keyword>A</Keyword>
								<Keyword>I</Keyword>
								<Keyword>L</Keyword>
								<Keyword>N</Keyword>
								<Keyword>e</Keyword>
								<Keyword>i</Keyword>
								<Keyword>l</Keyword>
								<Keyword>r</Keyword>
								<Keyword>s</Keyword>
								<Keyword>yq</Keyword>
							</KeywordAnnotation>
						</TextAnnotation>
					</AudioVisualSegment>
					<AudioVisualSegment id="track-1.segment-52">
						<mediaTime>
							<mediaRelTimePoint>T00:30:19:0F1000</mediaRelTimePoint>
							<mediaDuration>PT35S0N1000F</mediaDuration>
						</mediaTime>
						<TextAnnotation confidence="0.0" relevance="0.0"
							xml:lang="en">
							<KeywordAnnotation>
								<Keyword>Q</Keyword>
								<Keyword>Y</Keyword>
							</KeywordAnnotation>
						</TextAnnotation>
					</AudioVisualSegment>
					<AudioVisualSegment id="track-1.segment-53">
						<mediaTime>
							<mediaRelTimePoint>T00:30:54:0F1000</mediaRelTimePoint>
							<mediaDuration>PT51S0N1000F</mediaDuration>
						</mediaTime>
						<TextAnnotation confidence="0.0" relevance="0.0"
							xml:lang="en">
							<KeywordAnnotation>
								<Keyword>I</Keyword>
								<Keyword>S</Keyword>
								<Keyword>Y</Keyword>
							</KeywordAnnotation>
						</TextAnnotation>
					</AudioVisualSegment>
					<AudioVisualSegment id="track-1.segment-54">
						<mediaTime>
							<mediaRelTimePoint>T00:31:45:0F1000</mediaRelTimePoint>
							<mediaDuration>PT22S0N1000F</mediaDuration>
						</mediaTime>
						<TextAnnotation confidence="0.0" relevance="0.0"
							xml:lang="en">
							<KeywordAnnotation>
								<Keyword>I</Keyword>
								<Keyword>S</Keyword>
								<Keyword>Y</Keyword>
							</KeywordAnnotation>
						</TextAnnotation>
					</AudioVisualSegment>
					<AudioVisualSegment id="track-1.segment-55">
						<mediaTime>
							<mediaRelTimePoint>T00:32:07:0F1000</mediaRelTimePoint>
							<mediaDuration>PT33S0N1000F</mediaDuration>
						</mediaTime>
						<TextAnnotation confidence="0.5" relevance="0.0"
							xml:lang="de">
							<KeywordAnnotation>
								<Keyword>mm</Keyword>
							</KeywordAnnotation>
						</TextAnnotation>
						<TextAnnotation confidence="0.0" relevance="0.4"
							xml:lang="de">
							<KeywordAnnotation>
								<Keyword>WNN</Keyword>
							</KeywordAnnotation>
						</TextAnnotation>
						<TextAnnotation confidence="0.0" relevance="0.0"
							xml:lang="de">
							<KeywordAnnotation>
								<Keyword>I</Keyword>
								<Keyword>r</Keyword>
								<Keyword>u</Keyword>
							</KeywordAnnotation>
						</TextAnnotation>
					</AudioVisualSegment>
					<AudioVisualSegment id="track-1.segment-56">
						<mediaTime>
							<mediaRelTimePoint>T00:32:40:0F1000</mediaRelTimePoint>
							<mediaDuration>PT15S0N1000F</mediaDuration>
						</mediaTime>
						<TextAnnotation confidence="0.0" relevance="0.4"
							xml:lang="en">
							<KeywordAnnotation>
								<Keyword>MQWWN</Keyword>
								<Keyword>mmmw</Keyword>
								<Keyword>mwm</Keyword>
							</KeywordAnnotation>
						</TextAnnotation>
						<TextAnnotation confidence="0.0" relevance="0.2"
							xml:lang="en">
							<KeywordAnnotation>
								<Keyword>Mamhhnm</Keyword>
							</KeywordAnnotation>
						</TextAnnotation>
						<TextAnnotation confidence="0.0" relevance="0.0"
							xml:lang="en">
							<KeywordAnnotation>
								<Keyword>I</Keyword>
								<Keyword>Y</Keyword>
								<Keyword>g</Keyword>
								<Keyword>s</Keyword>
								<Keyword>w</Keyword>
							</KeywordAnnotation>
						</TextAnnotation>
					</AudioVisualSegment>
					<AudioVisualSegment id="track-1.segment-57">
						<mediaTime>
							<mediaRelTimePoint>T00:32:55:0F1000</mediaRelTimePoint>
							<mediaDuration>PT23S0N1000F</mediaDuration>
						</mediaTime>
						<TextAnnotation confidence="0.5" relevance="0.0"
							xml:lang="de">
							<KeywordAnnotation>
								<Keyword>KU</Keyword>
								<Keyword>uw</Keyword>
							</KeywordAnnotation>
						</TextAnnotation>
						<TextAnnotation confidence="0.0" relevance="0.4"
							xml:lang="de">
							<KeywordAnnotation>
								<Keyword>yvm</Keyword>
							</KeywordAnnotation>
						</TextAnnotation>
						<TextAnnotation confidence="0.0" relevance="0.0"
							xml:lang="de">
							<KeywordAnnotation>
								<Keyword>-</Keyword>
								<Keyword>I</Keyword>
								<Keyword>N</Keyword>
								<Keyword>Y</Keyword>
								<Keyword>md</Keyword>
								<Keyword>n</Keyword>
								<Keyword>w</Keyword>
							</KeywordAnnotation>
						</TextAnnotation>
					</AudioVisualSegment>
					<AudioVisualSegment id="track-1.segment-58">
						<mediaTime>
							<mediaRelTimePoint>T00:33:18:0F1000</mediaRelTimePoint>
							<mediaDuration>PT33S0N1000F</mediaDuration>
						</mediaTime>
						<TextAnnotation confidence="0.5" relevance="0.5"
							xml:lang="de">
							<KeywordAnnotation>
								<Keyword>Beruf</Keyword>
								<Keyword>Ordnung</Keyword>
								<Keyword>der</Keyword>
							</KeywordAnnotation>
						</TextAnnotation>
						<TextAnnotation confidence="0.5" relevance="0.0"
							xml:lang="de">
							<KeywordAnnotation>
								<Keyword>Id</Keyword>
								<Keyword>Il</Keyword>
								<Keyword>Ld</Keyword>
								<Keyword>ch</Keyword>
								<Keyword>hr</Keyword>
								<Keyword>lW</Keyword>
								<Keyword>nn</Keyword>
								<Keyword>pr</Keyword>
							</KeywordAnnotation>
						</TextAnnotation>
						<TextAnnotation confidence="0.0" relevance="0.5"
							xml:lang="de">
							<KeywordAnnotation>
								<Keyword>Aufnchbmaltung</Keyword>
								<Keyword>Aufrechnrhalmng</Keyword>
								<Keyword>Kamplgegen</Keyword>
								<Keyword>Krlmlnallw</Keyword>
								<Keyword>Rqkmng</Keyword>
								<Keyword>Sddh</Keyword>
								<Keyword>Wimchafl</Keyword>
								<Keyword>Wlmchallkheshchsunn</Keyword>
								<Keyword>chtInn</Keyword>
								<Keyword>gun9skr</Keyword>
								<Keyword>shbihn</Keyword>
							</KeywordAnnotation>
						</TextAnnotation>
						<TextAnnotation confidence="0.0" relevance="0.4"
							xml:lang="de">
							<KeywordAnnotation>
								<Keyword>Kampfgegen</Keyword>
								<Keyword>ch6n</Keyword>
								<Keyword>chaft</Keyword>
								<Keyword>cht</Keyword>
								<Keyword>hrI</Keyword>
								<Keyword>hraIsG</Keyword>
								<Keyword>nlq</Keyword>
								<Keyword>nwI</Keyword>
								<Keyword>rs6nIiclnG</Keyword>
								<Keyword>runp</Keyword>
							</KeywordAnnotation>
						</TextAnnotation>
						<TextAnnotation confidence="0.0" relevance="0.0"
							xml:lang="de">
							<KeywordAnnotation>
								<Keyword>-</Keyword>
								<Keyword>H</Keyword>
								<Keyword>I</Keyword>
								<Keyword>M</Keyword>
								<Keyword>U</Keyword>
								<Keyword>d</Keyword>
								<Keyword>l</Keyword>
								<Keyword>m</Keyword>
								<Keyword>p</Keyword>
								<Keyword>r</Keyword>
								<Keyword>s</Keyword>
								<Keyword>wV</Keyword>
							</KeywordAnnotation>
						</TextAnnotation>
					</AudioVisualSegment>
					<AudioVisualSegment id="track-1.segment-59">
						<mediaTime>
							<mediaRelTimePoint>T00:33:51:0F1000</mediaRelTimePoint>
							<mediaDuration>PT27S0N1000F</mediaDuration>
						</mediaTime>
						<TextAnnotation confidence="0.5" relevance="0.5"
							xml:lang="de">
							<KeywordAnnotation>
								<Keyword>Pause</Keyword>
							</KeywordAnnotation>
						</TextAnnotation>
						<TextAnnotation confidence="0.5" relevance="0.4"
							xml:lang="de">
							<KeywordAnnotation>
								<Keyword>alt</Keyword>
								<Keyword>ang</Keyword>
								<Keyword>malt</Keyword>
								<Keyword>rad</Keyword>
							</KeywordAnnotation>
						</TextAnnotation>
						<TextAnnotation confidence="0.5" relevance="0.0"
							xml:lang="de">
							<KeywordAnnotation>
								<Keyword>EI</Keyword>
								<Keyword>Ld</Keyword>
								<Keyword>dh</Keyword>
								<Keyword>dw</Keyword>
								<Keyword>li</Keyword>
								<Keyword>mf</Keyword>
							</KeywordAnnotation>
						</TextAnnotation>
						<TextAnnotation confidence="0.0" relevance="0.5"
							xml:lang="de">
							<KeywordAnnotation>
								<Keyword>Kannpfgegen</Keyword>
								<Keyword>Vlir</Keyword>
								<Keyword>lsumvemungungsnam</Keyword>
								<Keyword>scha</Keyword>
								<Keyword>shlgenda</Keyword>
							</KeywordAnnotation>
						</TextAnnotation>
						<TextAnnotation confidence="0.0" relevance="0.4"
							xml:lang="de">
							<KeywordAnnotation>
								<Keyword>Au1r</Keyword>
								<Keyword>Aufnchtutnlurng</Keyword>
								<Keyword>Ilsct</Keyword>
								<Keyword>Rqkmng</Keyword>
								<Keyword>Wlmchafllcheswsdrstun</Keyword>
								<Keyword>chthr</Keyword>
								<Keyword>dumdnung</Keyword>
								<Keyword>fSch6n</Keyword>
								<Keyword>flkhr</Keyword>
								<Keyword>hrIII</Keyword>
								<Keyword>niq</Keyword>
								<Keyword>pra</Keyword>
								<Keyword>runp</Keyword>
								<Keyword>sbnlIcI</Keyword>
								<Keyword>ummmmnrmcau</Keyword>
							</KeywordAnnotation>
						</TextAnnotation>
						<TextAnnotation confidence="0.0" relevance="0.0"
							xml:lang="de">
							<KeywordAnnotation>
								<Keyword>-</Keyword>
								<Keyword>B</Keyword>
								<Keyword>H</Keyword>
								<Keyword>I</Keyword>
								<Keyword>S</Keyword>
								<Keyword>W</Keyword>
								<Keyword>d</Keyword>
								<Keyword>h</Keyword>
								<Keyword>l</Keyword>
								<Keyword>r</Keyword>
								<Keyword>s</Keyword>
								<Keyword>t</Keyword>
								<Keyword>w</Keyword>
							</KeywordAnnotation>
						</TextAnnotation>
					</AudioVisualSegment>
					<AudioVisualSegment id="track-1.segment-60">
						<mediaTime>
							<mediaRelTimePoint>T00:34:18:0F1000</mediaRelTimePoint>
							<mediaDuration>PT01M18S0N1000F</mediaDuration>
						</mediaTime>
						<TextAnnotation confidence="0.5" relevance="0.4"
							xml:lang="de">
							<KeywordAnnotation>
								<Keyword>stab</Keyword>
							</KeywordAnnotation>
						</TextAnnotation>
						<TextAnnotation confidence="0.5" relevance="0.0"
							xml:lang="de">
							<KeywordAnnotation>
								<Keyword>Id</Keyword>
								<Keyword>Ld</Keyword>
								<Keyword>hr</Keyword>
								<Keyword>iI</Keyword>
								<Keyword>mf</Keyword>
								<Keyword>nm</Keyword>
								<Keyword>no</Keyword>
							</KeywordAnnotation>
						</TextAnnotation>
						<TextAnnotation confidence="0.0" relevance="0.4"
							xml:lang="de">
							<KeywordAnnotation>
								<Keyword>Aufr</Keyword>
								<Keyword>Ikanpfgegensulgendohdse</Keyword>
								<Keyword>Ilschm</Keyword>
								<Keyword>Irupmdnuecht</Keyword>
								<Keyword>Rqkmnq</Keyword>
								<Keyword>WImchan</Keyword>
								<Keyword>Wlouchaflllclnswschstnnn</Keyword>
								<Keyword>cMInB</Keyword>
								<Keyword>dermlnung</Keyword>
								<Keyword>hmaItun</Keyword>
								<Keyword>hrIn</Keyword>
								<Keyword>hraIs</Keyword>
								<Keyword>n6nllch</Keyword>
								<Keyword>nIq</Keyword>
								<Keyword>nzIuI</Keyword>
								<Keyword>prach</Keyword>
								<Keyword>sunvmaummum</Keyword>
								<Keyword>unp</Keyword>
							</KeywordAnnotation>
						</TextAnnotation>
						<TextAnnotation confidence="0.0" relevance="0.0"
							xml:lang="de">
							<KeywordAnnotation>
								<Keyword>-</Keyword>
								<Keyword>G</Keyword>
								<Keyword>I</Keyword>
								<Keyword>S</Keyword>
								<Keyword>W</Keyword>
								<Keyword>d</Keyword>
								<Keyword>l</Keyword>
								<Keyword>m</Keyword>
								<Keyword>p</Keyword>
								<Keyword>r</Keyword>
								<Keyword>s</Keyword>
								<Keyword>u</Keyword>
							</KeywordAnnotation>
						</TextAnnotation>
					</AudioVisualSegment>
					<AudioVisualSegment id="track-1.segment-61">
						<mediaTime>
							<mediaRelTimePoint>T00:35:36:0F1000</mediaRelTimePoint>
							<mediaDuration>PT13S0N1000F</mediaDuration>
						</mediaTime>
						<TextAnnotation confidence="0.0" relevance="0.4"
							xml:lang="en">
							<KeywordAnnotation>
								<Keyword>Mangeleffckte</Keyword>
								<Keyword>Sozialisationseffekte</Keyword>
							</KeywordAnnotation>
						</TextAnnotation>
						<TextAnnotation confidence="0.0" relevance="0.3"
							xml:lang="en">
							<KeywordAnnotation>
								<Keyword>Generationseffekte</Keyword>
							</KeywordAnnotation>
						</TextAnnotation>
					</AudioVisualSegment>
					<AudioVisualSegment id="track-1.segment-62">
						<mediaTime>
							<mediaRelTimePoint>T00:35:49:0F1000</mediaRelTimePoint>
							<mediaDuration>PT13S0N1000F</mediaDuration>
						</mediaTime>
						<TextAnnotation confidence="0.0" relevance="0.4"
							xml:lang="en">
							<KeywordAnnotation>
								<Keyword>Mangeleffekte</Keyword>
								<Keyword>Sozialisationseffekte</Keyword>
							</KeywordAnnotation>
						</TextAnnotation>
						<TextAnnotation confidence="0.0" relevance="0.3"
							xml:lang="en">
							<KeywordAnnotation>
								<Keyword>Generationscffekte</Keyword>
							</KeywordAnnotation>
						</TextAnnotation>
					</AudioVisualSegment>
					<AudioVisualSegment id="track-1.segment-63">
						<mediaTime>
							<mediaRelTimePoint>T00:36:02:0F1000</mediaRelTimePoint>
							<mediaDuration>PT24S0N1000F</mediaDuration>
						</mediaTime>
						<TextAnnotation confidence="0.0" relevance="0.4"
							xml:lang="en">
							<KeywordAnnotation>
								<Keyword>Mangcleffcktc</Keyword>
								<Keyword>Sozialisationseffekte</Keyword>
							</KeywordAnnotation>
						</TextAnnotation>
						<TextAnnotation confidence="0.0" relevance="0.3"
							xml:lang="en">
							<KeywordAnnotation>
								<Keyword>Generationscffektc</Keyword>
							</KeywordAnnotation>
						</TextAnnotation>
					</AudioVisualSegment>
					<AudioVisualSegment id="track-1.segment-64">
						<mediaTime>
							<mediaRelTimePoint>T00:36:26:0F1000</mediaRelTimePoint>
							<mediaDuration>PT41S0N1000F</mediaDuration>
						</mediaTime>
						<TextAnnotation confidence="0.5" relevance="0.0"
							xml:lang="de">
							<KeywordAnnotation>
								<Keyword>II</Keyword>
							</KeywordAnnotation>
						</TextAnnotation>
						<TextAnnotation confidence="0.0" relevance="0.0"
							xml:lang="de">
							<KeywordAnnotation>
								<Keyword>I</Keyword>
							</KeywordAnnotation>
						</TextAnnotation>
					</AudioVisualSegment>
					<AudioVisualSegment id="track-1.segment-65">
						<mediaTime>
							<mediaRelTimePoint>T00:37:07:0F1000</mediaRelTimePoint>
							<mediaDuration>PT18S0N1000F</mediaDuration>
						</mediaTime>
						<TextAnnotation confidence="0.5" relevance="0.0"
							xml:lang="de">
							<KeywordAnnotation>
								<Keyword>II</Keyword>
							</KeywordAnnotation>
						</TextAnnotation>
					</AudioVisualSegment>
					<AudioVisualSegment id="track-1.segment-66">
						<mediaTime>
							<mediaRelTimePoint>T00:37:25:0F1000</mediaRelTimePoint>
							<mediaDuration>PT56M34S101N1000F</mediaDuration>
						</mediaTime>
						<TextAnnotation confidence="0.5" relevance="0.5"
							xml:lang="de">
							<KeywordAnnotation>
								<Keyword>Dabei</Keyword>
								<Keyword>Diese</Keyword>
								<Keyword>Konflikte</Keyword>
								<Keyword>Kulturkreisen</Keyword>
								<Keyword>Mit</Keyword>
								<Keyword>Teilen</Keyword>
								<Keyword>USA</Keyword>
								<Keyword>UdSSR</Keyword>
								<Keyword>Verbreitung</Keyword>
								<Keyword>Verlust</Keyword>
								<Keyword>auf</Keyword>
								<Keyword>aus</Keyword>
								<Keyword>bestimmt</Keyword>
								<Keyword>dar</Keyword>
								<Keyword>dem</Keyword>
								<Keyword>den</Keyword>
								<Keyword>der</Keyword>
								<Keyword>des</Keyword>
								<Keyword>die</Keyword>
								<Keyword>eigen</Keyword>
								<Keyword>eigene</Keyword>
								<Keyword>einer</Keyword>
								<Keyword>ideologischen</Keyword>
								<Keyword>insbesondere</Keyword>
								<Keyword>ist</Keyword>
								<Keyword>kulturell</Keyword>
								<Keyword>kulturelle</Keyword>
								<Keyword>neuer</Keyword>
								<Keyword>richten</Keyword>
								<Keyword>sich</Keyword>
								<Keyword>sind</Keyword>
								<Keyword>und</Keyword>
								<Keyword>welchem</Keyword>
								<Keyword>westlicher</Keyword>
								<Keyword>zwischen</Keyword>
							</KeywordAnnotation>
						</TextAnnotation>
						<TextAnnotation confidence="0.5" relevance="0.0"
							xml:lang="de">
							<KeywordAnnotation>
								<Keyword>an</Keyword>
								<Keyword>es</Keyword>
								<Keyword>in</Keyword>
								<Keyword>zu</Keyword>
							</KeywordAnnotation>
						</TextAnnotation>
						<TextAnnotation confidence="0.0" relevance="0.5"
							xml:lang="de">
							<KeywordAnnotation>
								<Keyword>Antagonismus</Keyword>
								<Keyword>Auspr</Keyword>
								<Keyword>Identi</Keyword>
								<Keyword>Kontllktlinlen</Keyword>
								<Keyword>Kultunnuster</Keyword>
								<Keyword>Religicnskulturen</Keyword>
								<Keyword>Riickbesinnung</Keyword>
								<Keyword>groken</Keyword>
								<Keyword>gung</Keyword>
								<Keyword>kcmmt</Keyword>
								<Keyword>manifestieren</Keyword>
								<Keyword>stcllt</Keyword>
								<Keyword>welt-polltischer</Keyword>
							</KeywordAnnotation>
						</TextAnnotation>
						<TextAnnotation confidence="0.0" relevance="0.0"
							xml:lang="de">
							<KeywordAnnotation>
								<Keyword>-</Keyword>
							</KeywordAnnotation>
						</TextAnnotation>
					</AudioVisualSegment>
				</TemporalDecomposition>
			</AudioVisual>
		</MultimediaContent>
	</Description>
</Mpeg7>
