<?xml version="1.0" encoding="UTF-8"?>
<metadata xmlns="http://www.opencastproject.org/xsd/1.0/dublincore/"
	xmlns:dcterms="http://purl.org/dc/terms/" xmlns:xsi="http://www.w3.org/2001/XMLSchema-instance">
	<dcterms:creator>Rahm, Philippe</dcterms:creator>
	<dcterms:contributor>Departement Architektur</dcterms:contributor>
	<dcterms:extent xsi:type="dcterms:ISO8601">PT1H35M12.880S</dcterms:extent>
	<dcterms:isPartOf>96173178-32ea-4c46-8f39-4cb53d019178</dcterms:isPartOf>
	<dcterms:license xml:lang="de">http://www.multimedia.ethz.ch/docs/haftungsausschluss/index</dcterms:license>
	<dcterms:license xml:lang="en">http://www.multimedia.ethz.ch/docs/disclaimer/index</dcterms:license>
	<dcterms:created xsi:type="dcterms:W3CDTF">2009-11-10</dcterms:created>
	<dcterms:language>eng</dcterms:language>
	<dcterms:rightsHolder xml:lang="de">ETH Zürich, Schweiz</dcterms:rightsHolder>
	<dcterms:rightsHolder xml:lang="en">ETH Zurich,
		Switzerland</dcterms:rightsHolder>
	<dcterms:publisher xml:lang="de">ETH Zürich, ID-MMS;
		Schweiz</dcterms:publisher>
	<dcterms:publisher xml:lang="en">ETH Zurich, ITS-MMS;
		Switzerland</dcterms:publisher>
	<dcterms:identifier>0593271e-eb1a-4da3-a8b7-84a36c298c84</dcterms:identifier>
	<dcterms:title>Vortrag 3</dcterms:title>
</metadata>
