<?xml version="1.0" encoding="UTF-8"?>
<metadata xmlns="http://www.opencastproject.org/xsd/1.0/dublincore/" xmlns:xsi="http://www.w3.org/2001/XMLSchema-instance" xmlns:dcterms="http://purl.org/dc/terms/">
	  <!-- Series Dublin Core -->
<dcterms:identifier>851-0577-00L-2009W</dcterms:identifier>
<dcterms:creator>Bernauer, Thomas</dcterms:creator>
    <dcterms:creator>Vollenweider, Jürg</dcterms:creator>
    <dcterms:creator>Prys, Miriam Janina</dcterms:creator>

<dcterms:description xml:lang="de">Der Kurs ist in zwei Teile gegliedert. Im ersten Teil erhalten die Teilnehmenden eine Einführung in die Wissenschaftstheorie, den Ablauf politikwissenschaftlicher Forschung, den Aufbau eines Forschungsdesigns und die Methodik der empirischen Sozialwissenschaften. Hier geht es primär darum zu zeigen wie PolitikwissenschaftlerInnen denken und arbeiten. Der zweite Teil des Kurses widmet sich zwei zentralen Teilbereichen der Politikwissenschaft: der Analyse politischer Systeme und den internationalen Beziehungen. Der Schwerpunkt dieses zweiten Teils liegt auf der Analyse politischer Systeme sowie den wichtigsten politischen Akteuren und der Beschaffenheit und Wirkung politischer Institutionen. Zur Veranschaulichung der behandelten Konzepte und Theorien gehen wir schwergewichtig und vergleichend auf die politischen Systeme Deutschlands, Österreichs und der Schweiz ein. Der Teilbereich der internationalen Beziehungen wird nur kursorisch behandelt, da dieser Teilbereich Inhalt einer Folgeveranstaltung im FS2010 (Internationale Politik) ist. 

Zur Vorlesung wird ein doppelt geführtes Tutorat angeboten. Darin werden die zentralen Konzepte, Methoden und Themen der Vorlesung geübt und vertieft. Die Teilnahme an diesen Tutoraten ist integraler Bestandteil des Kurses. Der im Tutorat behandelte Stoff ist Bestandteil der Semesterschlussprüfung.</dcterms:description>

<dcterms:description xml:lang="en">This course teaches the basic questions, concepts, theories, methods, and empirical findings of political science.</dcterms:description>


<dcterms:created xsi:type="dcterms:W3CDTF">2009-09-18</dcterms:created>
<dcterms:publisher>ETH Zurich, ITS-MMS</dcterms:publisher>
<dcterms:contributor>Departement Geistes-, Sozial und Staatswissenschaften</dcterms:contributor>
<dcterms:language>deu</dcterms:language>

<dcterms:title xml:lang="de">Politikwissenschaft: Grundlagen</dcterms:title>
<dcterms:title xml:lang="en">Principles of Political Science</dcterms:title>
</metadata>
