<?xml version="1.0" encoding="UTF-8"?>
<metadata xmlns="http://www.opencastproject.org/xsd/1.0/dublincore/" xmlns:dcterms="http://purl.org/dc/terms/" xmlns:xsi="http://www.w3.org/2001/XMLSchema-instance">
    <dcterms:identifier>10.3930/ETHZ/AV-431348eb-aed0-4d98-8f93-715ef1ab059f</dcterms:identifier>
    <dcterms:isPartOf>851-0577-00L-2009W</dcterms:isPartOf>
    <dcterms:creator>Bernauer, Thomas</dcterms:creator>
    <dcterms:creator>Vollenweider, Jürg</dcterms:creator>
    <dcterms:creator>Prys, Miriam Janina</dcterms:creator>
    <dcterms:contributor>Departement of Humanities, Social and Political Sciences</dcterms:contributor>
    <dcterms:type>Moving Image/Lecture Recording</dcterms:type>
    <dcterms:extent xsi:type="dcterms:ISO8601">PT1H30M22.680S</dcterms:extent>
    <dcterms:license>http://www.multimedia.ethz.ch/docs/disclaimer/index</dcterms:license>
    <dcterms:created xsi:type="dcterms:W3CDTF">2009-09-25</dcterms:created>
    <dcterms:abstract xml:lang="de">Dieser Kurs vermittelt die grundlegenden Fragestellungen, Konzepte, Theorien, Analysemethoden und empirischen Erkenntnisse der Politikwissenschaft.</dcterms:abstract>
    <dcterms:abstract xml:lang="en">This course teaches the basic questions, concepts, theories, methods, and empirical findings of political science.</dcterms:abstract>
    <dcterms:subject xml:lang="de">Politikwissenschaft</dcterms:subject>
    <dcterms:subject xml:lang="en">Political Science</dcterms:subject>
    <dcterms:language>deu</dcterms:language>
    <dcterms:rightsHolder>ETH Zurich, Zurich, Switzerland</dcterms:rightsHolder>
    <dcterms:publisher>ETH Zurich, ITS-MMS</dcterms:publisher>
    
    <dcterms:title xml:lang="de">Politikwissenschaft: Grundlagen</dcterms:title>
    <dcterms:title xml:lang="en">Principles of Political Science</dcterms:title>
</metadata>
