<?xml version="1.0" encoding="UTF-8"?>
<Mpeg7 xmlns="urn:mpeg:mpeg7:schema:2001" xmlns:mpeg7="urn:mpeg7:schema:2001"
	xmlns:xsi="http://www.w3.org/2001/XMLSchema-instance/">
	<Description xsi:type="ContentEntityType">
		<MultimediaContent xsi:type="AudioVisualType">
			<AudioVisual id="track-1">
				<mediaLocator>
					<mediaUri>file:tracks/camera.avi</mediaUri>
				</mediaLocator>
				<mediaTime>
					<mediaTimePoint>T00:00:00:0F25</mediaTimePoint>
					<mediaDuration>PT01H30M22S680N1000F</mediaDuration>
				</mediaTime>
			</AudioVisual>
			<AudioVisual id="track-0">
				<mediaLocator>
					<mediaUri>file:tracks/grabber.avi</mediaUri>
				</mediaLocator>
				<mediaTime>
					<mediaTimePoint>T00:00:00:0F5</mediaTimePoint>
					<mediaDuration>PT01H30M22S800N1000F</mediaDuration>
				</mediaTime>
				<TemporalDecomposition criteria="temporal"
					gap="false" overlap="false">
					<AudioVisualSegment id="track-0.segment-1">
						<mediaTime>
							<mediaRelTimePoint>T00:00:00:0F1000</mediaRelTimePoint>
							<mediaDuration>PT33S0N1000F</mediaDuration>
						</mediaTime>
						<TextAnnotation confidence="0.5" relevance="0.5"
							xml:lang="de">
							<KeywordAnnotation>
								<Keyword>Ablauf</Keyword>
								<Keyword>Forschung</Keyword>
								<Keyword>Theoriebildung</Keyword>
							</KeywordAnnotation>
						</TextAnnotation>
						<TextAnnotation confidence="0.0" relevance="0.5"
							xml:lang="de">
							<KeywordAnnotation>
								<Keyword>empirisch-ana</Keyword>
								<Keyword>ytischer</Keyword>
							</KeywordAnnotation>
						</TextAnnotation>
						<TextAnnotation confidence="0.0" relevance="0.0"
							xml:lang="de">
							<KeywordAnnotation>
								<Keyword>W</Keyword>
								<Keyword>l</Keyword>
							</KeywordAnnotation>
						</TextAnnotation>
					</AudioVisualSegment>
					<AudioVisualSegment id="track-0.segment-2">
						<mediaTime>
							<mediaRelTimePoint>T00:00:33:0F1000</mediaRelTimePoint>
							<mediaDuration>PT01M21S0N1000F</mediaDuration>
						</mediaTime>
						<TextAnnotation confidence="0.5" relevance="0.5"
							xml:lang="de">
							<KeywordAnnotation>
								<Keyword>Programm</Keyword>
							</KeywordAnnotation>
						</TextAnnotation>
						<TextAnnotation confidence="0.5" relevance="0.4"
							xml:lang="de">
							<KeywordAnnotation>
								<Keyword>Beispiel</Keyword>
								<Keyword>Theorie</Keyword>
								<Keyword>Theoriebildung</Keyword>
								<Keyword>Was</Keyword>
								<Keyword>Zum</Keyword>
								<Keyword>eine</Keyword>
								<Keyword>gute</Keyword>
								<Keyword>ist</Keyword>
							</KeywordAnnotation>
						</TextAnnotation>
						<TextAnnotation confidence="0.0" relevance="0.4"
							xml:lang="de">
							<KeywordAnnotation>
								<Keyword>Aufw</Keyword>
								<Keyword>rmen</Keyword>
							</KeywordAnnotation>
						</TextAnnotation>
					</AudioVisualSegment>
					<AudioVisualSegment id="track-0.segment-3">
						<mediaTime>
							<mediaRelTimePoint>T00:01:54:0F1000</mediaRelTimePoint>
							<mediaDuration>PT03M37S0N1000F</mediaDuration>
						</mediaTime>
						<TextAnnotation confidence="0.5" relevance="0.4"
							xml:lang="de">
							<KeywordAnnotation>
								<Keyword>Bitte</Keyword>
								<Keyword>Gruppe</Keyword>
								<Keyword>Podcasts</Keyword>
								<Keyword>Raum</Keyword>
								<Keyword>Sitzung</Keyword>
								<Keyword>Syllabus</Keyword>
								<Keyword>Tagen</Keyword>
								<Keyword>Wer</Keyword>
								<Keyword>anschauen</Keyword>
								<Keyword>bei</Keyword>
								<Keyword>dazu</Keyword>
								<Keyword>dieser</Keyword>
								<Keyword>einer</Keyword>
								<Keyword>einigen</Keyword>
								<Keyword>email</Keyword>
								<Keyword>gekommen</Keyword>
								<Keyword>haute</Keyword>
								<Keyword>ist</Keyword>
								<Keyword>jetzt</Keyword>
								<Keyword>neu</Keyword>
								<Keyword>sind</Keyword>
								<Keyword>wir</Keyword>
							</KeywordAnnotation>
						</TextAnnotation>
						<TextAnnotation confidence="0.5" relevance="0.3"
							xml:lang="de">
							<KeywordAnnotation>
								<Keyword>Bis</Keyword>
								<Keyword>Buch</Keyword>
								<Keyword>Ihnen</Keyword>
								<Keyword>Kapitel</Keyword>
								<Keyword>bei</Keyword>
								<Keyword>dann</Keyword>
								<Keyword>der</Keyword>
								<Keyword>geben</Keyword>
								<Keyword>mich</Keyword>
								<Keyword>per</Keyword>
								<Keyword>wir</Keyword>
							</KeywordAnnotation>
						</TextAnnotation>
						<TextAnnotation confidence="0.5" relevance="0.0"
							xml:lang="de">
							<KeywordAnnotation>
								<Keyword>ab</Keyword>
								<Keyword>ca</Keyword>
								<Keyword>im</Keyword>
								<Keyword>in</Keyword>
								<Keyword>wo</Keyword>
							</KeywordAnnotation>
						</TextAnnotation>
						<TextAnnotation confidence="0.0" relevance="0.4"
							xml:lang="de">
							<KeywordAnnotation>
								<Keyword>Kolleglnnen</Keyword>
								<Keyword>Tutorat</Keyword>
								<Keyword>gcnau</Keyword>
								<Keyword>hoffcntlich</Keyword>
								<Keyword>informiercn</Keyword>
							</KeywordAnnotation>
						</TextAnnotation>
						<TextAnnotation confidence="0.0" relevance="0.3"
							xml:lang="de">
							<KeywordAnnotation>
								<Keyword>Clio</Keyword>
								<Keyword>Druckfahnen</Keyword>
								<Keyword>Oktobcrwoohe</Keyword>
								<Keyword>melda</Keyword>
								<Keyword>verfiigbar</Keyword>
							</KeywordAnnotation>
						</TextAnnotation>
						<TextAnnotation confidence="0.0" relevance="0.0"
							xml:lang="de">
							<KeywordAnnotation>
								<Keyword>-</Keyword>
								<Keyword>E</Keyword>
							</KeywordAnnotation>
						</TextAnnotation>
					</AudioVisualSegment>
					<AudioVisualSegment id="track-0.segment-4">
						<mediaTime>
							<mediaRelTimePoint>T00:05:31:0F1000</mediaRelTimePoint>
							<mediaDuration>PT15M45S0N1000F</mediaDuration>
						</mediaTime>
						<TextAnnotation confidence="0.5" relevance="0.6"
							xml:lang="de">
							<KeywordAnnotation>
								<Keyword>Was</Keyword>
								<Keyword>ist</Keyword>
							</KeywordAnnotation>
						</TextAnnotation>
						<TextAnnotation confidence="0.5" relevance="0.4"
							xml:lang="de">
							<KeywordAnnotation>
								<Keyword>Ist</Keyword>
							</KeywordAnnotation>
						</TextAnnotation>
						<TextAnnotation confidence="0.5" relevance="0.3"
							xml:lang="de">
							<KeywordAnnotation>
								<Keyword>ANY</Keyword>
								<Keyword>QUESTIONS</Keyword>
							</KeywordAnnotation>
						</TextAnnotation>
						<TextAnnotation confidence="0.5" relevance="0.0"
							xml:lang="de">
							<KeywordAnnotation>
								<Keyword>QS</Keyword>
								<Keyword>gl</Keyword>
								<Keyword>lk</Keyword>
							</KeywordAnnotation>
						</TextAnnotation>
						<TextAnnotation confidence="0.0" relevance="0.6"
							xml:lang="de">
							<KeywordAnnotation>
								<Keyword>cine</Keyword>
							</KeywordAnnotation>
						</TextAnnotation>
						<TextAnnotation confidence="0.0" relevance="0.5"
							xml:lang="de">
							<KeywordAnnotation>
								<Keyword>H.RLE</Keyword>
							</KeywordAnnotation>
						</TextAnnotation>
						<TextAnnotation confidence="0.0" relevance="0.4"
							xml:lang="de">
							<KeywordAnnotation>
								<Keyword>Bute</Keyword>
								<Keyword>Thcoric</Keyword>
								<Keyword>dicsc</Keyword>
								<Keyword>rnmcas</Keyword>
							</KeywordAnnotation>
						</TextAnnotation>
						<TextAnnotation confidence="0.0" relevance="0.0"
							xml:lang="de">
							<KeywordAnnotation>
								<Keyword>-</Keyword>
								<Keyword>-I</Keyword>
								<Keyword>V</Keyword>
								<Keyword>Z</Keyword>
								<Keyword>g</Keyword>
								<Keyword>r</Keyword>
								<Keyword>s</Keyword>
							</KeywordAnnotation>
						</TextAnnotation>
					</AudioVisualSegment>
					<AudioVisualSegment id="track-0.segment-5">
						<mediaTime>
							<mediaRelTimePoint>T00:21:16:0F1000</mediaRelTimePoint>
							<mediaDuration>PT01M24S0N1000F</mediaDuration>
						</mediaTime>
						<TextAnnotation confidence="0.5" relevance="0.5"
							xml:lang="de">
							<KeywordAnnotation>
								<Keyword>Lernziele</Keyword>
							</KeywordAnnotation>
						</TextAnnotation>
						<TextAnnotation confidence="0.5" relevance="0.4"
							xml:lang="de">
							<KeywordAnnotation>
								<Keyword>Ablauf</Keyword>
								<Keyword>Denkweise</Keyword>
								<Keyword>Einstieg</Keyword>
								<Keyword>Grundlagen</Keyword>
								<Keyword>der</Keyword>
								<Keyword>die</Keyword>
								<Keyword>sozialwissenschaftliche</Keyword>
								<Keyword>wissenschaftstheoretischen</Keyword>
							</KeywordAnnotation>
						</TextAnnotation>
						<TextAnnotation confidence="0.5" relevance="0.3"
							xml:lang="de">
							<KeywordAnnotation>
								<Keyword>Ableitung</Keyword>
								<Keyword>Beschaffenheit</Keyword>
								<Keyword>Erfassung</Keyword>
								<Keyword>Funktion</Keyword>
								<Keyword>Hypothesen</Keyword>
								<Keyword>Methods</Keyword>
								<Keyword>Theoretische</Keyword>
								<Keyword>Theorien</Keyword>
								<Keyword>rung</Keyword>
								<Keyword>und</Keyword>
								<Keyword>von</Keyword>
							</KeywordAnnotation>
						</TextAnnotation>
						<TextAnnotation confidence="0.5" relevance="0.0"
							xml:lang="de">
							<KeywordAnnotation>
								<Keyword>in</Keyword>
							</KeywordAnnotation>
						</TextAnnotation>
						<TextAnnotation confidence="0.0" relevance="0.4"
							xml:lang="de">
							<KeywordAnnotation>
								<Keyword>Forschungz</Keyword>
								<Keyword>Kcnnenlernen</Keyword>
								<Keyword>empirisch-analytischcr</Keyword>
							</KeywordAnnotation>
						</TextAnnotation>
						<TextAnnotation confidence="0.0" relevance="0.3"
							xml:lang="de">
							<KeywordAnnotation>
								<Keyword>Datenemebung</Keyword>
								<Keyword>Datonanalyso</Keyword>
								<Keyword>Erkl</Keyword>
								<Keyword>Fallauswahl</Keyword>
								<Keyword>Fragostellung</Keyword>
							</KeywordAnnotation>
						</TextAnnotation>
						<TextAnnotation confidence="0.0" relevance="0.0"
							xml:lang="de">
							<KeywordAnnotation>
								<Keyword>-</Keyword>
							</KeywordAnnotation>
						</TextAnnotation>
					</AudioVisualSegment>
					<AudioVisualSegment id="track-0.segment-6">
						<mediaTime>
							<mediaRelTimePoint>T00:22:40:0F1000</mediaRelTimePoint>
							<mediaDuration>PT55S0N1000F</mediaDuration>
						</mediaTime>
						<TextAnnotation confidence="0.5" relevance="0.5"
							xml:lang="de">
							<KeywordAnnotation>
								<Keyword>Gegenstand</Keyword>
								<Keyword>Theorie</Keyword>
								<Keyword>Wissenschaft</Keyword>
								<Keyword>und</Keyword>
							</KeywordAnnotation>
						</TextAnnotation>
						<TextAnnotation confidence="0.5" relevance="0.4"
							xml:lang="de">
							<KeywordAnnotation>
								<Keyword>Aussagen</Keyword>
								<Keyword>Dabei</Keyword>
								<Keyword>Erfahrung</Keyword>
								<Keyword>Logisch</Keyword>
								<Keyword>Was</Keyword>
								<Keyword>Wissenschaft</Keyword>
								<Keyword>dem</Keyword>
								<Keyword>die</Keyword>
								<Keyword>empirischem</Keyword>
								<Keyword>gilt</Keyword>
								<Keyword>ist</Keyword>
								<Keyword>mit</Keyword>
								<Keyword>sind</Keyword>
								<Keyword>und</Keyword>
								<Keyword>wahre</Keyword>
							</KeywordAnnotation>
						</TextAnnotation>
						<TextAnnotation confidence="0.5" relevance="0.3"
							xml:lang="de">
							<KeywordAnnotation>
								<Keyword>Beispiel</Keyword>
								<Keyword>Hurricanes</Keyword>
								<Keyword>empirisch</Keyword>
								<Keyword>nicht</Keyword>
								<Keyword>sein</Keyword>
								<Keyword>siehe</Keyword>
								<Keyword>wahr</Keyword>
							</KeywordAnnotation>
						</TextAnnotation>
						<TextAnnotation confidence="0.0" relevance="0.4"
							xml:lang="de">
							<KeywordAnnotation>
								<Keyword>Iogischem</Keyword>
								<Keyword>Menschenverstand</Keyword>
								<Keyword>Uberlegcn</Keyword>
								<Keyword>Wahrheitsgehalt</Keyword>
								<Keyword>c0mm0n-sense-knowledge</Keyword>
								<Keyword>gesunder</Keyword>
								<Keyword>miissen</Keyword>
							</KeywordAnnotation>
						</TextAnnotation>
					</AudioVisualSegment>
					<AudioVisualSegment id="track-0.segment-7">
						<mediaTime>
							<mediaRelTimePoint>T00:23:35:0F1000</mediaRelTimePoint>
							<mediaDuration>PT01M27S0N1000F</mediaDuration>
						</mediaTime>
						<TextAnnotation confidence="0.5" relevance="0.5"
							xml:lang="de">
							<KeywordAnnotation>
								<Keyword>Spielregeln</Keyword>
								<Keyword>Wissenschaft</Keyword>
								<Keyword>der</Keyword>
							</KeywordAnnotation>
						</TextAnnotation>
						<TextAnnotation confidence="0.5" relevance="0.4"
							xml:lang="de">
							<KeywordAnnotation>
								<Keyword>Argumentation</Keyword>
								<Keyword>Grundannahmen</Keyword>
								<Keyword>Nachvollziehbarkeit</Keyword>
								<Keyword>Offenlegung</Keyword>
								<Keyword>dar</Keyword>
								<Keyword>der</Keyword>
								<Keyword>und</Keyword>
							</KeywordAnnotation>
						</TextAnnotation>
						<TextAnnotation confidence="0.5" relevance="0.3"
							xml:lang="de">
							<KeywordAnnotation>
								<Keyword>Methode</Keyword>
								<Keyword>Wahl</Keyword>
								<Keyword>der</Keyword>
								<Keyword>erm</Keyword>
							</KeywordAnnotation>
						</TextAnnotation>
						<TextAnnotation confidence="0.0" relevance="0.4"
							xml:lang="de">
							<KeywordAnnotation>
								<Keyword>Begriindung</Keyword>
								<Keyword>Methodenwahl</Keyword>
							</KeywordAnnotation>
						</TextAnnotation>
						<TextAnnotation confidence="0.0" relevance="0.3"
							xml:lang="de">
							<KeywordAnnotation>
								<Keyword>Ehrlichkeit</Keyword>
								<Keyword>Qualit</Keyword>
								<Keyword>bestm</Keyword>
								<Keyword>glichen</Keyword>
								<Keyword>glicht</Keyword>
								<Keyword>tskontrolle</Keyword>
							</KeywordAnnotation>
						</TextAnnotation>
					</AudioVisualSegment>
					<AudioVisualSegment id="track-0.segment-8">
						<mediaTime>
							<mediaRelTimePoint>T00:25:02:0F1000</mediaRelTimePoint>
							<mediaDuration>PT53S0N1000F</mediaDuration>
						</mediaTime>
						<TextAnnotation confidence="0.5" relevance="0.5"
							xml:lang="en">
							<KeywordAnnotation>
								<Keyword>Sozialwissenschaften</Keyword>
							</KeywordAnnotation>
						</TextAnnotation>
						<TextAnnotation confidence="0.5" relevance="0.4"
							xml:lang="en">
							<KeywordAnnotation>
								<Keyword>American</Keyword>
								<Keyword>Hard</Keyword>
								<Keyword>Oct</Keyword>
								<Keyword>Really</Keyword>
								<Keyword>Science</Keyword>
								<Keyword>Thc</Keyword>
								<Keyword>The</Keyword>
								<Keyword>and</Keyword>
								<Keyword>are</Keyword>
								<Keyword>biological</Keyword>
								<Keyword>calculating</Keyword>
								<Keyword>causal</Keyword>
								<Keyword>comparatively</Keyword>
								<Keyword>comparison</Keyword>
								<Keyword>comprehensive</Keyword>
								<Keyword>constructing</Keyword>
								<Keyword>differential</Keyword>
								<Keyword>disciplines</Keyword>
								<Keyword>equations</Keyword>
								<Keyword>hard</Keyword>
								<Keyword>human</Keyword>
								<Keyword>matter</Keyword>
								<Keyword>measures</Keyword>
								<Keyword>modeling</Keyword>
								<Keyword>models</Keyword>
								<Keyword>net</Keyword>
								<Keyword>physical</Keyword>
								<Keyword>sciences</Keyword>
								<Keyword>sense</Keyword>
								<Keyword>simple</Keyword>
								<Keyword>societies</Keyword>
								<Keyword>subject</Keyword>
								<Keyword>that</Keyword>
								<Keyword>the</Keyword>
								<Keyword>these</Keyword>
								<Keyword>variables</Keyword>
								<Keyword>within</Keyword>
							</KeywordAnnotation>
						</TextAnnotation>
						<TextAnnotation confidence="0.5" relevance="0.3"
							xml:lang="en">
							<KeywordAnnotation>
								<Keyword>complex</Keyword>
								<Keyword>magnitude</Keyword>
								<Keyword>more</Keyword>
								<Keyword>orders</Keyword>
								<Keyword>social</Keyword>
							</KeywordAnnotation>
						</TextAnnotation>
						<TextAnnotation confidence="0.5" relevance="0.0"
							xml:lang="en">
							<KeywordAnnotation>
								<Keyword>By</Keyword>
								<Keyword>in</Keyword>
								<Keyword>is</Keyword>
								<Keyword>of</Keyword>
								<Keyword>to</Keyword>
								<Keyword>vs</Keyword>
							</KeywordAnnotation>
						</TextAnnotation>
						<TextAnnotation confidence="0.0" relevance="0.5"
							xml:lang="en">
							<KeywordAnnotation>
								<Keyword>Naturvvissenschaften</Keyword>
							</KeywordAnnotation>
						</TextAnnotation>
						<TextAnnotation confidence="0.0" relevance="0.4"
							xml:lang="en">
							<KeywordAnnotation>
								<Keyword>Scientihc</Keyword>
								<Keyword>bewuse</Keyword>
								<Keyword>brains</Keyword>
								<Keyword>constrain</Keyword>
								<Keyword>diH1cult...The</Keyword>
								<Keyword>dlfhoulty</Keyword>
								<Keyword>mattermare</Keyword>
								<Keyword>multifaceted</Keyword>
								<Keyword>pales</Keyword>
								<Keyword>tsst...Even</Keyword>
								<Keyword>workings</Keyword>
							</KeywordAnnotation>
						</TextAnnotation>
						<TextAnnotation confidence="0.0" relevance="0.0"
							xml:lang="en">
							<KeywordAnnotation>
								<Keyword>-</Keyword>
							</KeywordAnnotation>
						</TextAnnotation>
					</AudioVisualSegment>
					<AudioVisualSegment id="track-0.segment-9">
						<mediaTime>
							<mediaRelTimePoint>T00:25:55:0F1000</mediaRelTimePoint>
							<mediaDuration>PT17S0N1000F</mediaDuration>
						</mediaTime>
						<TextAnnotation confidence="0.5" relevance="0.3"
							xml:lang="de">
							<KeywordAnnotation>
								<Keyword>Anwar</Keyword>
								<Keyword>dor</Keyword>
							</KeywordAnnotation>
						</TextAnnotation>
						<TextAnnotation confidence="0.5" relevance="0.2"
							xml:lang="de">
							<KeywordAnnotation>
								<Keyword>pdb</Keyword>
							</KeywordAnnotation>
						</TextAnnotation>
						<TextAnnotation confidence="0.5" relevance="0.0"
							xml:lang="de">
							<KeywordAnnotation>
								<Keyword>Ir</Keyword>
								<Keyword>Th</Keyword>
								<Keyword>al</Keyword>
								<Keyword>lc</Keyword>
							</KeywordAnnotation>
						</TextAnnotation>
						<TextAnnotation confidence="0.0" relevance="0.5"
							xml:lang="de">
							<KeywordAnnotation>
								<Keyword>riNI</Keyword>
							</KeywordAnnotation>
						</TextAnnotation>
						<TextAnnotation confidence="0.0" relevance="0.4"
							xml:lang="de">
							<KeywordAnnotation>
								<Keyword>Forschmylragc</Keyword>
								<Keyword>Hvucthourblldum</Keyword>
								<Keyword>Knnzentddlwon</Keyword>
								<Keyword>Opcilmhiuunq</Keyword>
								<Keyword>Urwnuchuspform</Keyword>
							</KeywordAnnotation>
						</TextAnnotation>
						<TextAnnotation confidence="0.0" relevance="0.3"
							xml:lang="de">
							<KeywordAnnotation>
								<Keyword>Dunnemebuna</Keyword>
								<Keyword>Unlusu</Keyword>
								<Keyword>cmngsdnhahn</Keyword>
							</KeywordAnnotation>
						</TextAnnotation>
						<TextAnnotation confidence="0.0" relevance="0.2"
							xml:lang="de">
							<KeywordAnnotation>
								<Keyword>Ddonanmsc</Keyword>
								<Keyword>NachSclmc</Keyword>
							</KeywordAnnotation>
						</TextAnnotation>
						<TextAnnotation confidence="0.0" relevance="0.0"
							xml:lang="de">
							<KeywordAnnotation>
								<Keyword>P</Keyword>
								<Keyword>b</Keyword>
								<Keyword>h</Keyword>
							</KeywordAnnotation>
						</TextAnnotation>
					</AudioVisualSegment>
					<AudioVisualSegment id="track-0.segment-10">
						<mediaTime>
							<mediaRelTimePoint>T00:26:12:0F1000</mediaRelTimePoint>
							<mediaDuration>PT03M42S0N1000F</mediaDuration>
						</mediaTime>
						<TextAnnotation confidence="0.5" relevance="0.5"
							xml:lang="de">
							<KeywordAnnotation>
								<Keyword>Formulierung</Keyword>
								<Keyword>Fragestellung</Keyword>
								<Keyword>eine</Keyword>
								<Keyword>ftir</Keyword>
								<Keyword>gute</Keyword>
							</KeywordAnnotation>
						</TextAnnotation>
						<TextAnnotation confidence="0.5" relevance="0.4"
							xml:lang="de">
							<KeywordAnnotation>
								<Keyword>Empirische</Keyword>
								<Keyword>Klare</Keyword>
								<Keyword>Relevanz</Keyword>
								<Keyword>beeinflusst</Keyword>
								<Keyword>die</Keyword>
							</KeywordAnnotation>
						</TextAnnotation>
						<TextAnnotation confidence="0.5" relevance="0.3"
							xml:lang="de">
							<KeywordAnnotation>
								<Keyword>Schweiz</Keyword>
								<Keyword>bei</Keyword>
								<Keyword>der</Keyword>
								<Keyword>die</Keyword>
							</KeywordAnnotation>
						</TextAnnotation>
						<TextAnnotation confidence="0.5" relevance="0.0"
							xml:lang="de">
							<KeywordAnnotation>
								<Keyword>in</Keyword>
							</KeywordAnnotation>
						</TextAnnotation>
						<TextAnnotation confidence="0.0" relevance="0.5"
							xml:lang="de">
							<KeywordAnnotation>
								<Keyword>Kritcrien</Keyword>
							</KeywordAnnotation>
						</TextAnnotation>
						<TextAnnotation confidence="0.0" relevance="0.4"
							xml:lang="de">
							<KeywordAnnotation>
								<Keyword>Beispielz</Keyword>
								<Keyword>Inwiefern</Keyword>
								<Keyword>Priifbarkeit</Keyword>
							</KeywordAnnotation>
						</TextAnnotation>
						<TextAnnotation confidence="0.0" relevance="0.3"
							xml:lang="de">
							<KeywordAnnotation>
								<Keyword>Akzeptanzquote</Keyword>
								<Keyword>Einburgerungsgesuchen</Keyword>
								<Keyword>Entscheidungsprozedur</Keyword>
							</KeywordAnnotation>
						</TextAnnotation>
						<TextAnnotation confidence="0.0" relevance="0.0"
							xml:lang="de">
							<KeywordAnnotation>
								<Keyword>-</Keyword>
							</KeywordAnnotation>
						</TextAnnotation>
					</AudioVisualSegment>
					<AudioVisualSegment id="track-0.segment-11">
						<mediaTime>
							<mediaRelTimePoint>T00:29:54:0F1000</mediaRelTimePoint>
							<mediaDuration>PT03M17S0N1000F</mediaDuration>
						</mediaTime>
						<TextAnnotation confidence="0.5" relevance="0.4"
							xml:lang="de">
							<KeywordAnnotation>
								<Keyword>Aussagen</Keyword>
								<Keyword>Kriterien</Keyword>
								<Keyword>Sicht</Keyword>
								<Keyword>System</Keyword>
								<Keyword>Theoriebildung</Keyword>
								<Keyword>Theorien</Keyword>
								<Keyword>aus</Keyword>
								<Keyword>der</Keyword>
								<Keyword>fur</Keyword>
								<Keyword>gute</Keyword>
								<Keyword>konsistenten</Keyword>
								<Keyword>miteinander</Keyword>
								<Keyword>oder</Keyword>
								<Keyword>verbundenen</Keyword>
								<Keyword>von</Keyword>
							</KeywordAnnotation>
						</TextAnnotation>
						<TextAnnotation confidence="0.5" relevance="0.3"
							xml:lang="de">
							<KeywordAnnotation>
								<Keyword>Empirisch</Keyword>
								<Keyword>Politikwissenschaft</Keyword>
								<Keyword>Theorien</Keyword>
								<Keyword>Ursachen</Keyword>
								<Keyword>Wissen</Keyword>
								<Keyword>der</Keyword>
								<Keyword>entwickelt</Keyword>
								<Keyword>haben</Keyword>
								<Keyword>normative</Keyword>
								<Keyword>positive</Keyword>
								<Keyword>reduzieren</Keyword>
								<Keyword>und</Keyword>
								<Keyword>werden</Keyword>
							</KeywordAnnotation>
						</TextAnnotation>
						<TextAnnotation confidence="0.5" relevance="0.0"
							xml:lang="de">
							<KeywordAnnotation>
								<Keyword>in</Keyword>
								<Keyword>vs</Keyword>
							</KeywordAnnotation>
						</TextAnnotation>
						<TextAnnotation confidence="0.0" relevance="0.5"
							xml:lang="de">
							<KeywordAnnotation>
								<Keyword>Thecden</Keyword>
							</KeywordAnnotation>
						</TextAnnotation>
						<TextAnnotation confidence="0.0" relevance="0.4"
							xml:lang="de">
							<KeywordAnnotation>
								<Keyword>Induktivo</Keyword>
								<Keyword>Wirkungcn</Keyword>
								<Keyword>dcduktive</Keyword>
								<Keyword>nnen</Keyword>
							</KeywordAnnotation>
						</TextAnnotation>
						<TextAnnotation confidence="0.0" relevance="0.3"
							xml:lang="de">
							<KeywordAnnotation>
								<Keyword>Komplexit</Keyword>
								<Keyword>Scheinwerferfunktion</Keyword>
								<Keyword>Theorienpluralismus</Keyword>
								<Keyword>speichem</Keyword>
								<Keyword>thsoretisch</Keyword>
							</KeywordAnnotation>
						</TextAnnotation>
						<TextAnnotation confidence="0.0" relevance="0.0"
							xml:lang="de">
							<KeywordAnnotation>
								<Keyword>I</Keyword>
								<Keyword>k</Keyword>
								<Keyword>t</Keyword>
							</KeywordAnnotation>
						</TextAnnotation>
					</AudioVisualSegment>
					<AudioVisualSegment id="track-0.segment-12">
						<mediaTime>
							<mediaRelTimePoint>T00:33:11:0F1000</mediaRelTimePoint>
							<mediaDuration>PT01M48S0N1000F</mediaDuration>
						</mediaTime>
						<TextAnnotation confidence="0.5" relevance="0.4"
							xml:lang="de">
							<KeywordAnnotation>
								<Keyword>Kriterien</Keyword>
								<Keyword>Sicht</Keyword>
								<Keyword>System</Keyword>
								<Keyword>Theorien</Keyword>
								<Keyword>Wirkungen</Keyword>
								<Keyword>aus</Keyword>
								<Keyword>der</Keyword>
								<Keyword>gute</Keyword>
								<Keyword>miteinander</Keyword>
								<Keyword>oder</Keyword>
								<Keyword>verbundenen</Keyword>
								<Keyword>von</Keyword>
							</KeywordAnnotation>
						</TextAnnotation>
						<TextAnnotation confidence="0.5" relevance="0.3"
							xml:lang="de">
							<KeywordAnnotation>
								<Keyword>Empirisch</Keyword>
								<Keyword>Theorien</Keyword>
								<Keyword>Ursachen</Keyword>
								<Keyword>der</Keyword>
								<Keyword>entwickelt</Keyword>
								<Keyword>haben</Keyword>
								<Keyword>normative</Keyword>
								<Keyword>positive</Keyword>
								<Keyword>reduzieren</Keyword>
								<Keyword>theoretisch</Keyword>
								<Keyword>und</Keyword>
								<Keyword>werden</Keyword>
							</KeywordAnnotation>
						</TextAnnotation>
						<TextAnnotation confidence="0.5" relevance="0.0"
							xml:lang="de">
							<KeywordAnnotation>
								<Keyword>in</Keyword>
								<Keyword>vs</Keyword>
							</KeywordAnnotation>
						</TextAnnotation>
						<TextAnnotation confidence="0.0" relevance="0.5"
							xml:lang="de">
							<KeywordAnnotation>
								<Keyword>Thecden</Keyword>
							</KeywordAnnotation>
						</TextAnnotation>
						<TextAnnotation confidence="0.0" relevance="0.4"
							xml:lang="de">
							<KeywordAnnotation>
								<Keyword>Aussagan</Keyword>
								<Keyword>Induktivo</Keyword>
								<Keyword>Thcorien</Keyword>
								<Keyword>Thooriebildung</Keyword>
								<Keyword>dsduktive</Keyword>
								<Keyword>fiir</Keyword>
								<Keyword>konsistsnten</Keyword>
								<Keyword>nnen</Keyword>
							</KeywordAnnotation>
						</TextAnnotation>
						<TextAnnotation confidence="0.0" relevance="0.3"
							xml:lang="de">
							<KeywordAnnotation>
								<Keyword>Komplexit</Keyword>
								<Keyword>Politikwissenschatl</Keyword>
								<Keyword>Scheinwerferfunktion</Keyword>
								<Keyword>Theorienpluralismus</Keyword>
								<Keyword>Wissan</Keyword>
								<Keyword>speichem</Keyword>
							</KeywordAnnotation>
						</TextAnnotation>
						<TextAnnotation confidence="0.0" relevance="0.0"
							xml:lang="de">
							<KeywordAnnotation>
								<Keyword>I</Keyword>
								<Keyword>k</Keyword>
								<Keyword>t</Keyword>
							</KeywordAnnotation>
						</TextAnnotation>
					</AudioVisualSegment>
					<AudioVisualSegment id="track-0.segment-13">
						<mediaTime>
							<mediaRelTimePoint>T00:34:59:0F1000</mediaRelTimePoint>
							<mediaDuration>PT01M39S0N1000F</mediaDuration>
						</mediaTime>
						<TextAnnotation confidence="0.5" relevance="0.5"
							xml:lang="en">
							<KeywordAnnotation>
								<Keyword>Brauchen</Keyword>
								<Keyword>Theorien</Keyword>
								<Keyword>wir</Keyword>
							</KeywordAnnotation>
						</TextAnnotation>
						<TextAnnotation confidence="0.5" relevance="0.4"
							xml:lang="en">
							<KeywordAnnotation>
								<Keyword>Charles</Keyword>
								<Keyword>Darwin</Keyword>
								<Keyword>How</Keyword>
								<Keyword>against</Keyword>
								<Keyword>all</Keyword>
								<Keyword>and</Keyword>
								<Keyword>any</Keyword>
								<Keyword>anyone</Keyword>
								<Keyword>colours</Keyword>
								<Keyword>count</Keyword>
								<Keyword>describe</Keyword>
								<Keyword>for</Keyword>
								<Keyword>into</Keyword>
								<Keyword>man</Keyword>
								<Keyword>might</Keyword>
								<Keyword>much</Keyword>
								<Keyword>must</Keyword>
								<Keyword>not</Keyword>
								<Keyword>observation</Keyword>
								<Keyword>observe</Keyword>
								<Keyword>odd</Keyword>
								<Keyword>only</Keyword>
								<Keyword>ought</Keyword>
								<Keyword>pebbles</Keyword>
								<Keyword>rate</Keyword>
								<Keyword>saying</Keyword>
								<Keyword>see</Keyword>
								<Keyword>service</Keyword>
								<Keyword>should</Keyword>
								<Keyword>some</Keyword>
								<Keyword>someone</Keyword>
								<Keyword>talk</Keyword>
								<Keyword>that</Keyword>
								<Keyword>the</Keyword>
								<Keyword>there</Keyword>
								<Keyword>this</Keyword>
								<Keyword>view</Keyword>
								<Keyword>was</Keyword>
								<Keyword>well</Keyword>
							</KeywordAnnotation>
						</TextAnnotation>
						<TextAnnotation confidence="0.5" relevance="0.0"
							xml:lang="en">
							<KeywordAnnotation>
								<Keyword>as</Keyword>
								<Keyword>at</Keyword>
								<Keyword>be</Keyword>
								<Keyword>go</Keyword>
								<Keyword>if</Keyword>
								<Keyword>is</Keyword>
								<Keyword>it</Keyword>
								<Keyword>of</Keyword>
								<Keyword>or</Keyword>
								<Keyword>to</Keyword>
							</KeywordAnnotation>
						</TextAnnotation>
						<TextAnnotation confidence="0.0" relevance="0.4"
							xml:lang="en">
							<KeywordAnnotation>
								<Keyword>geologists</Keyword>
								<Keyword>gravel-pit</Keyword>
								<Keyword>remember</Keyword>
								<Keyword>theorize</Keyword>
							</KeywordAnnotation>
						</TextAnnotation>
						<TextAnnotation confidence="0.0" relevance="0.0"
							xml:lang="en">
							<KeywordAnnotation>
								<Keyword>I</Keyword>
								<Keyword>a</Keyword>
							</KeywordAnnotation>
						</TextAnnotation>
					</AudioVisualSegment>
					<AudioVisualSegment id="track-0.segment-14">
						<mediaTime>
							<mediaRelTimePoint>T00:36:38:0F1000</mediaRelTimePoint>
							<mediaDuration>PT01M30S0N1000F</mediaDuration>
						</mediaTime>
						<TextAnnotation confidence="0.5" relevance="0.4"
							xml:lang="de">
							<KeywordAnnotation>
								<Keyword>von</Keyword>
							</KeywordAnnotation>
						</TextAnnotation>
						<TextAnnotation confidence="0.5" relevance="0.2"
							xml:lang="de">
							<KeywordAnnotation>
								<Keyword>empirischer</Keyword>
							</KeywordAnnotation>
						</TextAnnotation>
						<TextAnnotation confidence="0.0" relevance="0.4"
							xml:lang="de">
							<KeywordAnnotation>
								<Keyword>Absrakiomniveau</Keyword>
								<Keyword>RelchweItelAbstraktionsniveau</Keyword>
								<Keyword>Thecricn</Keyword>
							</KeywordAnnotation>
						</TextAnnotation>
						<TextAnnotation confidence="0.0" relevance="0.2"
							xml:lang="de">
							<KeywordAnnotation>
								<Keyword>Hauhgkeit</Keyword>
								<Keyword>Projekto</Keyword>
							</KeywordAnnotation>
						</TextAnnotation>
					</AudioVisualSegment>
					<AudioVisualSegment id="track-0.segment-15">
						<mediaTime>
							<mediaRelTimePoint>T00:38:08:0F1000</mediaRelTimePoint>
							<mediaDuration>PT05M35S0N1000F</mediaDuration>
						</mediaTime>
						<TextAnnotation confidence="0.5" relevance="0.5"
							xml:lang="de">
							<KeywordAnnotation>
								<Keyword>Beispiel</Keyword>
								<Keyword>Logik</Keyword>
								<Keyword>des</Keyword>
								<Keyword>die</Keyword>
							</KeywordAnnotation>
						</TextAnnotation>
						<TextAnnotation confidence="0.5" relevance="0.4"
							xml:lang="de">
							<KeywordAnnotation>
								<Keyword>Akteuren</Keyword>
								<Keyword>Ausgaben</Keyword>
								<Keyword>Choice</Keyword>
								<Keyword>Dies</Keyword>
								<Keyword>Marktes</Keyword>
								<Keyword>Public</Keyword>
								<Keyword>Regierungen</Keyword>
								<Keyword>System</Keyword>
								<Keyword>Theorie</Keyword>
								<Keyword>Verhalten</Keyword>
								<Keyword>allen</Keyword>
								<Keyword>als</Keyword>
								<Keyword>auf</Keyword>
								<Keyword>das</Keyword>
								<Keyword>dem</Keyword>
								<Keyword>kurz</Keyword>
								<Keyword>nach</Keyword>
								<Keyword>politische</Keyword>
								<Keyword>rationales</Keyword>
								<Keyword>sind</Keyword>
								<Keyword>und</Keyword>
								<Keyword>unterstellt</Keyword>
								<Keyword>vcr</Keyword>
							</KeywordAnnotation>
						</TextAnnotation>
						<TextAnnotation confidence="0.5" relevance="0.0"
							xml:lang="de">
							<KeywordAnnotation>
								<Keyword>gt</Keyword>
								<Keyword>im</Keyword>
								<Keyword>zu</Keyword>
							</KeywordAnnotation>
						</TextAnnotation>
						<TextAnnotation confidence="0.0" relevance="0.4"
							xml:lang="de">
							<KeywordAnnotation>
								<Keyword>Konjunkturzyklen</Keyword>
								<Keyword>Ubertr</Keyword>
								<Keyword>Wahltermin</Keyword>
								<Keyword>ausgabenfreudiger</Keyword>
								<Keyword>fllhrt</Keyword>
								<Keyword>pclitischen</Keyword>
							</KeywordAnnotation>
						</TextAnnotation>
					</AudioVisualSegment>
					<AudioVisualSegment id="track-0.segment-16">
						<mediaTime>
							<mediaRelTimePoint>T00:43:43:0F1000</mediaRelTimePoint>
							<mediaDuration>PT59S0N1000F</mediaDuration>
						</mediaTime>
						<TextAnnotation confidence="0.5" relevance="0.0"
							xml:lang="de">
							<KeywordAnnotation>
								<Keyword>in</Keyword>
							</KeywordAnnotation>
						</TextAnnotation>
						<TextAnnotation confidence="0.0" relevance="0.6"
							xml:lang="de">
							<KeywordAnnotation>
								<Keyword>Evtg</Keyword>
							</KeywordAnnotation>
						</TextAnnotation>
						<TextAnnotation confidence="0.0" relevance="0.0"
							xml:lang="de">
							<KeywordAnnotation>
								<Keyword>E</Keyword>
								<Keyword>s</Keyword>
							</KeywordAnnotation>
						</TextAnnotation>
					</AudioVisualSegment>
					<AudioVisualSegment id="track-0.segment-17">
						<mediaTime>
							<mediaRelTimePoint>T00:44:42:0F1000</mediaRelTimePoint>
							<mediaDuration>PT58S0N1000F</mediaDuration>
						</mediaTime>
						<TextAnnotation confidence="0.5" relevance="0.4"
							xml:lang="de">
							<KeywordAnnotation>
								<Keyword>Ursache</Keyword>
								<Keyword>Variable</Keyword>
								<Keyword>Variablen</Keyword>
								<Keyword>Variation</Keyword>
								<Keyword>Ver</Keyword>
								<Keyword>der</Keyword>
								<Keyword>deren</Keyword>
								<Keyword>durch</Keyword>
								<Keyword>eine</Keyword>
								<Keyword>endogene</Keyword>
								<Keyword>sich</Keyword>
								<Keyword>ver</Keyword>
							</KeywordAnnotation>
						</TextAnnotation>
						<TextAnnotation confidence="0.5" relevance="0.3"
							xml:lang="de">
							<KeywordAnnotation>
								<Keyword>Indikatoren</Keyword>
								<Keyword>Manifeste</Keyword>
								<Keyword>Variablen</Keyword>
								<Keyword>denen</Keyword>
								<Keyword>die</Keyword>
								<Keyword>gemacht</Keyword>
								<Keyword>mit</Keyword>
								<Keyword>werden</Keyword>
							</KeywordAnnotation>
						</TextAnnotation>
						<TextAnnotation confidence="0.5" relevance="0.0"
							xml:lang="de">
							<KeywordAnnotation>
								<Keyword>AV</Keyword>
								<Keyword>UV</Keyword>
								<Keyword>zu</Keyword>
							</KeywordAnnotation>
						</TextAnnotation>
						<TextAnnotation confidence="0.0" relevance="0.4"
							xml:lang="de">
							<KeywordAnnotation>
								<Keyword>Abh</Keyword>
								<Keyword>Auspr</Keyword>
								<Keyword>Unabh</Keyword>
								<Keyword>abh</Keyword>
								<Keyword>crkl</Keyword>
								<Keyword>cxogcne</Keyword>
								<Keyword>erkl</Keyword>
								<Keyword>fiir</Keyword>
								<Keyword>gung</Keyword>
								<Keyword>ndcrung</Keyword>
								<Keyword>ndert</Keyword>
								<Keyword>ngige</Keyword>
								<Keyword>ngigen</Keyword>
								<Keyword>rcndc</Keyword>
								<Keyword>rende</Keyword>
								<Keyword>unabh</Keyword>
							</KeywordAnnotation>
						</TextAnnotation>
						<TextAnnotation confidence="0.0" relevance="0.3"
							xml:lang="de">
							<KeywordAnnotation>
								<Keyword>Iatenten</Keyword>
								<Keyword>Variablcn</Keyword>
								<Keyword>massbar</Keyword>
								<Keyword>nnen</Keyword>
								<Keyword>operationalisicrt</Keyword>
								<Keyword>unbeobachtbaren</Keyword>
							</KeywordAnnotation>
						</TextAnnotation>
						<TextAnnotation confidence="0.0" relevance="0.0"
							xml:lang="de">
							<KeywordAnnotation>
								<Keyword>X</Keyword>
								<Keyword>Y</Keyword>
								<Keyword>k</Keyword>
							</KeywordAnnotation>
						</TextAnnotation>
					</AudioVisualSegment>
					<AudioVisualSegment id="track-0.segment-18">
						<mediaTime>
							<mediaRelTimePoint>T00:45:40:0F1000</mediaRelTimePoint>
							<mediaDuration>PT31S0N1000F</mediaDuration>
						</mediaTime>
						<TextAnnotation confidence="0.5" relevance="0.5"
							xml:lang="de">
							<KeywordAnnotation>
								<Keyword>Aussagen</Keyword>
								<Keyword>die</Keyword>
							</KeywordAnnotation>
						</TextAnnotation>
						<TextAnnotation confidence="0.5" relevance="0.4"
							xml:lang="de">
							<KeywordAnnotation>
								<Keyword>Formulierung</Keyword>
								<Keyword>Hypothesen</Keyword>
								<Keyword>Oft</Keyword>
								<Keyword>Variable</Keyword>
								<Keyword>Varianz</Keyword>
								<Keyword>Zusammenhang</Keyword>
								<Keyword>auf</Keyword>
								<Keyword>der</Keyword>
								<Keyword>einem</Keyword>
								<Keyword>einer</Keyword>
								<Keyword>formulieren</Keyword>
								<Keyword>oder</Keyword>
								<Keyword>sind</Keyword>
								<Keyword>und</Keyword>
								<Keyword>zwischen</Keyword>
							</KeywordAnnotation>
						</TextAnnotation>
						<TextAnnotation confidence="0.5" relevance="0.3"
							xml:lang="de">
							<KeywordAnnotation>
								<Keyword>Variable</Keyword>
								<Keyword>aber</Keyword>
								<Keyword>aufweisen</Keyword>
								<Keyword>nicht</Keyword>
								<Keyword>nur</Keyword>
							</KeywordAnnotation>
						</TextAnnotation>
						<TextAnnotation confidence="0.5" relevance="0.0"
							xml:lang="de">
							<KeywordAnnotation>
								<Keyword>AV</Keyword>
								<Keyword>UV</Keyword>
								<Keyword>in</Keyword>
							</KeywordAnnotation>
						</TextAnnotation>
						<TextAnnotation confidence="0.0" relevance="0.4"
							xml:lang="de">
							<KeywordAnnotation>
								<Keyword>abh</Keyword>
								<Keyword>falsitizierbar</Keyword>
								<Keyword>je-dest</Keyword>
								<Keyword>ngigan</Keyword>
								<Keyword>ngigen</Keyword>
								<Keyword>unabh</Keyword>
								<Keyword>wenn-dann</Keyword>
							</KeywordAnnotation>
						</TextAnnotation>
					</AudioVisualSegment>
					<AudioVisualSegment id="track-0.segment-19">
						<mediaTime>
							<mediaRelTimePoint>T00:46:11:0F1000</mediaRelTimePoint>
							<mediaDuration>PT01M58S0N1000F</mediaDuration>
						</mediaTime>
						<TextAnnotation confidence="0.5" relevance="0.4"
							xml:lang="de">
							<KeywordAnnotation>
								<Keyword>Ausrichtung</Keyword>
								<Keyword>Aussage</Keyword>
								<Keyword>Firmen</Keyword>
								<Keyword>Protektionismus</Keyword>
								<Keyword>Wie</Keyword>
								<Keyword>als</Keyword>
								<Keyword>auf</Keyword>
								<Keyword>ausgerichtet</Keyword>
								<Keyword>den</Keyword>
								<Keyword>dia</Keyword>
								<Keyword>diese</Keyword>
								<Keyword>ihres</Keyword>
								<Keyword>interessiert</Keyword>
								<Keyword>mit</Keyword>
								<Keyword>sich</Keyword>
								<Keyword>sind</Keyword>
								<Keyword>sst</Keyword>
								<Keyword>weniger</Keyword>
							</KeywordAnnotation>
						</TextAnnotation>
						<TextAnnotation confidence="0.5" relevance="0.3"
							xml:lang="de">
							<KeywordAnnotation>
								<Keyword>Aussage</Keyword>
								<Keyword>formulieren</Keyword>
							</KeywordAnnotation>
						</TextAnnotation>
						<TextAnnotation confidence="0.5" relevance="0.0"
							xml:lang="de">
							<KeywordAnnotation>
								<Keyword>an</Keyword>
								<Keyword>st</Keyword>
							</KeywordAnnotation>
						</TextAnnotation>
						<TextAnnotation confidence="0.0" relevance="0.4"
							xml:lang="de">
							<KeywordAnnotation>
								<Keyword>Heimatmarkt</Keyword>
								<Keyword>Heimatstaates</Keyword>
								<Keyword>intemationaler</Keyword>
								<Keyword>je...dest</Keyword>
								<Keyword>rkerer</Keyword>
							</KeywordAnnotation>
						</TextAnnotation>
						<TextAnnotation confidence="0.0" relevance="0.0"
							xml:lang="de">
							<KeywordAnnotation>
								<Keyword>I</Keyword>
							</KeywordAnnotation>
						</TextAnnotation>
					</AudioVisualSegment>
					<AudioVisualSegment id="track-0.segment-20">
						<mediaTime>
							<mediaRelTimePoint>T00:48:09:0F1000</mediaRelTimePoint>
							<mediaDuration>PT03M02S0N1000F</mediaDuration>
						</mediaTime>
						<TextAnnotation confidence="0.5" relevance="0.4"
							xml:lang="de">
							<KeywordAnnotation>
								<Keyword>Deterministische</Keyword>
								<Keyword>Hypothese</Keyword>
								<Keyword>Hypothesen</Keyword>
								<Keyword>Paradox</Keyword>
								<Keyword>anlegen</Keyword>
								<Keyword>dass</Keyword>
								<Keyword>eine</Keyword>
								<Keyword>hoher</Keyword>
								<Keyword>mit</Keyword>
								<Keyword>und</Keyword>
							</KeywordAnnotation>
						</TextAnnotation>
						<TextAnnotation confidence="0.5" relevance="0.3"
							xml:lang="de">
							<KeywordAnnotation>
								<Keyword>Hypothesen</Keyword>
								<Keyword>UND</Keyword>
								<Keyword>Wahrscheinlichkeit</Keyword>
								<Keyword>empirisch</Keyword>
								<Keyword>interessant</Keyword>
								<Keyword>kann</Keyword>
								<Keyword>sein</Keyword>
								<Keyword>sollten</Keyword>
								<Keyword>theoretisch</Keyword>
							</KeywordAnnotation>
						</TextAnnotation>
						<TextAnnotation confidence="0.5" relevance="0.0"
							xml:lang="de">
							<KeywordAnnotation>
								<Keyword>so</Keyword>
							</KeywordAnnotation>
						</TextAnnotation>
						<TextAnnotation confidence="0.0" relevance="0.4"
							xml:lang="de">
							<KeywordAnnotation>
								<Keyword>Untersuchungsdesign</Keyword>
								<Keyword>probabilistischc</Keyword>
							</KeywordAnnotation>
						</TextAnnotation>
						<TextAnnotation confidence="0.0" relevance="0.3"
							xml:lang="de">
							<KeywordAnnotation>
								<Keyword>falsitizierbar</Keyword>
								<Keyword>scheitem</Keyword>
							</KeywordAnnotation>
						</TextAnnotation>
					</AudioVisualSegment>
					<AudioVisualSegment id="track-0.segment-21">
						<mediaTime>
							<mediaRelTimePoint>T00:51:11:0F1000</mediaRelTimePoint>
							<mediaDuration>PT44S0N1000F</mediaDuration>
						</mediaTime>
						<TextAnnotation confidence="0.5" relevance="0.5"
							xml:lang="de">
							<KeywordAnnotation>
								<Keyword>Manga</Keyword>
								<Keyword>Modell</Keyword>
								<Keyword>von</Keyword>
							</KeywordAnnotation>
						</TextAnnotation>
						<TextAnnotation confidence="0.5" relevance="0.4"
							xml:lang="de">
							<KeywordAnnotation>
								<Keyword>Annahmen</Keyword>
								<Keyword>Aussagen</Keyword>
								<Keyword>Bez</Keyword>
								<Keyword>Beziehungen</Keyword>
								<Keyword>Liber</Keyword>
								<Keyword>Richtung</Keyword>
								<Keyword>Variablen</Keyword>
								<Keyword>Zusammenhang</Keyword>
								<Keyword>daraus</Keyword>
								<Keyword>der</Keyword>
								<Keyword>einem</Keyword>
								<Keyword>und</Keyword>
							</KeywordAnnotation>
						</TextAnnotation>
						<TextAnnotation confidence="0.5" relevance="0.2"
							xml:lang="de">
							<KeywordAnnotation>
								<Keyword>Formale</Keyword>
								<Keyword>Modelle</Keyword>
							</KeywordAnnotation>
						</TextAnnotation>
						<TextAnnotation confidence="0.5" relevance="0.0"
							xml:lang="de">
							<KeywordAnnotation>
								<Keyword>St</Keyword>
							</KeywordAnnotation>
						</TextAnnotation>
						<TextAnnotation confidence="0.0" relevance="0.5"
							xml:lang="de">
							<KeywordAnnotation>
								<Keyword>vereinfachenden</Keyword>
							</KeywordAnnotation>
						</TextAnnotation>
						<TextAnnotation confidence="0.0" relevance="0.4"
							xml:lang="de">
							<KeywordAnnotation>
								<Keyword>Pfeildiagrammc</Keyword>
								<Keyword>abh</Keyword>
								<Keyword>ableitbaren</Keyword>
								<Keyword>rke</Keyword>
								<Keyword>unabh</Keyword>
							</KeywordAnnotation>
						</TextAnnotation>
						<TextAnnotation confidence="0.0" relevance="0.2"
							xml:lang="de">
							<KeywordAnnotation>
								<Keyword>Modclle</Keyword>
								<Keyword>Rcgressionsgleichungen</Keyword>
								<Keyword>Szatistische</Keyword>
								<Keyword>z.B</Keyword>
							</KeywordAnnotation>
						</TextAnnotation>
					</AudioVisualSegment>
					<AudioVisualSegment id="track-0.segment-22">
						<mediaTime>
							<mediaRelTimePoint>T00:51:55:0F1000</mediaRelTimePoint>
							<mediaDuration>PT18S0N1000F</mediaDuration>
						</mediaTime>
						<TextAnnotation confidence="0.5" relevance="0.4"
							xml:lang="de">
							<KeywordAnnotation>
								<Keyword>Ausrichtung</Keyword>
								<Keyword>Aussage</Keyword>
								<Keyword>Firmen</Keyword>
								<Keyword>Protektionismus</Keyword>
								<Keyword>Wie</Keyword>
								<Keyword>als</Keyword>
								<Keyword>auf</Keyword>
								<Keyword>ausgerichtet</Keyword>
								<Keyword>den</Keyword>
								<Keyword>die</Keyword>
								<Keyword>diese</Keyword>
								<Keyword>ihres</Keyword>
								<Keyword>interessiert</Keyword>
								<Keyword>mit</Keyword>
								<Keyword>sich</Keyword>
								<Keyword>sind</Keyword>
								<Keyword>sst</Keyword>
								<Keyword>weniger</Keyword>
							</KeywordAnnotation>
						</TextAnnotation>
						<TextAnnotation confidence="0.5" relevance="0.3"
							xml:lang="de">
							<KeywordAnnotation>
								<Keyword>formulieren</Keyword>
							</KeywordAnnotation>
						</TextAnnotation>
						<TextAnnotation confidence="0.5" relevance="0.0"
							xml:lang="de">
							<KeywordAnnotation>
								<Keyword>an</Keyword>
								<Keyword>st</Keyword>
							</KeywordAnnotation>
						</TextAnnotation>
						<TextAnnotation confidence="0.0" relevance="0.4"
							xml:lang="de">
							<KeywordAnnotation>
								<Keyword>Heimatmarkt</Keyword>
								<Keyword>Heimatstaates</Keyword>
								<Keyword>intemationaler</Keyword>
								<Keyword>je...dest</Keyword>
								<Keyword>rkerer</Keyword>
							</KeywordAnnotation>
						</TextAnnotation>
						<TextAnnotation confidence="0.0" relevance="0.3"
							xml:lang="de">
							<KeywordAnnotation>
								<Keyword>Aussaga</Keyword>
							</KeywordAnnotation>
						</TextAnnotation>
						<TextAnnotation confidence="0.0" relevance="0.0"
							xml:lang="de">
							<KeywordAnnotation>
								<Keyword>I</Keyword>
							</KeywordAnnotation>
						</TextAnnotation>
					</AudioVisualSegment>
					<AudioVisualSegment id="track-0.segment-23">
						<mediaTime>
							<mediaRelTimePoint>T00:52:13:0F1000</mediaRelTimePoint>
							<mediaDuration>PT37S0N1000F</mediaDuration>
						</mediaTime>
						<TextAnnotation confidence="0.5" relevance="0.5"
							xml:lang="de">
							<KeywordAnnotation>
								<Keyword>Manga</Keyword>
								<Keyword>Modell</Keyword>
								<Keyword>von</Keyword>
							</KeywordAnnotation>
						</TextAnnotation>
						<TextAnnotation confidence="0.5" relevance="0.4"
							xml:lang="de">
							<KeywordAnnotation>
								<Keyword>Annahmen</Keyword>
								<Keyword>Aussagen</Keyword>
								<Keyword>Bez</Keyword>
								<Keyword>Beziehungen</Keyword>
								<Keyword>Liber</Keyword>
								<Keyword>Richtung</Keyword>
								<Keyword>Zusammenhang</Keyword>
								<Keyword>daraus</Keyword>
								<Keyword>der</Keyword>
								<Keyword>einem</Keyword>
								<Keyword>und</Keyword>
							</KeywordAnnotation>
						</TextAnnotation>
						<TextAnnotation confidence="0.5" relevance="0.2"
							xml:lang="de">
							<KeywordAnnotation>
								<Keyword>Formale</Keyword>
								<Keyword>Modelle</Keyword>
								<Keyword>Statistische</Keyword>
							</KeywordAnnotation>
						</TextAnnotation>
						<TextAnnotation confidence="0.5" relevance="0.0"
							xml:lang="de">
							<KeywordAnnotation>
								<Keyword>St</Keyword>
								<Keyword>is</Keyword>
							</KeywordAnnotation>
						</TextAnnotation>
						<TextAnnotation confidence="0.0" relevance="0.5"
							xml:lang="de">
							<KeywordAnnotation>
								<Keyword>vercinfachenden</Keyword>
							</KeywordAnnotation>
						</TextAnnotation>
						<TextAnnotation confidence="0.0" relevance="0.4"
							xml:lang="de">
							<KeywordAnnotation>
								<Keyword>Pfeildiagrammc</Keyword>
								<Keyword>Variablcn</Keyword>
								<Keyword>abh</Keyword>
								<Keyword>ableitbaren</Keyword>
								<Keyword>rke</Keyword>
								<Keyword>unabh</Keyword>
							</KeywordAnnotation>
						</TextAnnotation>
						<TextAnnotation confidence="0.0" relevance="0.2"
							xml:lang="de">
							<KeywordAnnotation>
								<Keyword>Regressionsgleichungen</Keyword>
								<Keyword>z.B</Keyword>
							</KeywordAnnotation>
						</TextAnnotation>
						<TextAnnotation confidence="0.0" relevance="0.0"
							xml:lang="de">
							<KeywordAnnotation>
								<Keyword>B</Keyword>
								<Keyword>l</Keyword>
							</KeywordAnnotation>
						</TextAnnotation>
					</AudioVisualSegment>
					<AudioVisualSegment id="track-0.segment-24">
						<mediaTime>
							<mediaRelTimePoint>T00:52:50:0F1000</mediaRelTimePoint>
							<mediaDuration>PT41S0N1000F</mediaDuration>
						</mediaTime>
						<TextAnnotation confidence="0.5" relevance="0.4"
							xml:lang="de">
							<KeywordAnnotation>
								<Keyword>Beziehung</Keyword>
								<Keyword>Korrelation</Keyword>
								<Keyword>Ursache</Keyword>
								<Keyword>Variablen</Keyword>
								<Keyword>Wirkung</Keyword>
								<Keyword>fur</Keyword>
								<Keyword>gemeinsam</Keyword>
								<Keyword>hinreichend</Keyword>
								<Keyword>ist</Keyword>
								<Keyword>rein</Keyword>
								<Keyword>und</Keyword>
								<Keyword>unter</Keyword>
								<Keyword>variieren</Keyword>
								<Keyword>zwischen</Keyword>
							</KeywordAnnotation>
						</TextAnnotation>
						<TextAnnotation confidence="0.5" relevance="0.3"
							xml:lang="de">
							<KeywordAnnotation>
								<Keyword>Bedingung</Keyword>
								<Keyword>aber</Keyword>
								<Keyword>eine</Keyword>
								<Keyword>fUr</Keyword>
								<Keyword>hinreichende</Keyword>
								<Keyword>nicht</Keyword>
								<Keyword>notwendige</Keyword>
							</KeywordAnnotation>
						</TextAnnotation>
						<TextAnnotation confidence="0.5" relevance="0.0"
							xml:lang="de">
							<KeywordAnnotation>
								<Keyword>tz</Keyword>
							</KeywordAnnotation>
						</TextAnnotation>
						<TextAnnotation confidence="0.0" relevance="0.4"
							xml:lang="de">
							<KeywordAnnotation>
								<Keyword>Kausalit</Keyword>
								<Keyword>Korrelationz</Keyword>
								<Keyword>Umst</Keyword>
								<Keyword>llig</Keyword>
								<Keyword>nden</Keyword>
								<Keyword>zuf</Keyword>
							</KeywordAnnotation>
						</TextAnnotation>
						<TextAnnotation confidence="0.0" relevance="0.3"
							xml:lang="de">
							<KeywordAnnotation>
								<Keyword>Kausalit</Keyword>
							</KeywordAnnotation>
						</TextAnnotation>
						<TextAnnotation confidence="0.0" relevance="0.0"
							xml:lang="de">
							<KeywordAnnotation>
								<Keyword>t</Keyword>
							</KeywordAnnotation>
						</TextAnnotation>
					</AudioVisualSegment>
					<AudioVisualSegment id="track-0.segment-25">
						<mediaTime>
							<mediaRelTimePoint>T00:53:31:0F1000</mediaRelTimePoint>
							<mediaDuration>PT06M04S0N1000F</mediaDuration>
						</mediaTime>
						<TextAnnotation confidence="0.5" relevance="0.3"
							xml:lang="de">
							<KeywordAnnotation>
								<Keyword>MGM</Keyword>
							</KeywordAnnotation>
						</TextAnnotation>
						<TextAnnotation confidence="0.5" relevance="0.0"
							xml:lang="de">
							<KeywordAnnotation>
								<Keyword>Ei</Keyword>
								<Keyword>mw</Keyword>
								<Keyword>no</Keyword>
							</KeywordAnnotation>
						</TextAnnotation>
						<TextAnnotation confidence="0.0" relevance="0.2"
							xml:lang="de">
							<KeywordAnnotation>
								<Keyword>l...,v</Keyword>
							</KeywordAnnotation>
						</TextAnnotation>
						<TextAnnotation confidence="0.0" relevance="0.0"
							xml:lang="de">
							<KeywordAnnotation>
								<Keyword>i</Keyword>
								<Keyword>k</Keyword>
								<Keyword>m</Keyword>
							</KeywordAnnotation>
						</TextAnnotation>
					</AudioVisualSegment>
					<AudioVisualSegment id="track-0.segment-26">
						<mediaTime>
							<mediaRelTimePoint>T00:59:35:0F1000</mediaRelTimePoint>
							<mediaDuration>PT04M29S0N1000F</mediaDuration>
						</mediaTime>
						<TextAnnotation confidence="0.5" relevance="0.5"
							xml:lang="de">
							<KeywordAnnotation>
								<Keyword>Allgemeine</Keyword>
								<Keyword>Kriterien</Keyword>
								<Keyword>fOr</Keyword>
								<Keyword>gute</Keyword>
							</KeywordAnnotation>
						</TextAnnotation>
						<TextAnnotation confidence="0.5" relevance="0.4"
							xml:lang="de">
							<KeywordAnnotation>
								<Keyword>Ketten</Keyword>
								<Keyword>Konsistenz</Keyword>
								<Keyword>Logische</Keyword>
								<Keyword>Mechanismen</Keyword>
								<Keyword>causal</Keyword>
								<Keyword>chains</Keyword>
								<Keyword>kausale</Keyword>
							</KeywordAnnotation>
						</TextAnnotation>
						<TextAnnotation confidence="0.5" relevance="0.3"
							xml:lang="de">
							<KeywordAnnotation>
								<Keyword>Generalisierbarkeit</Keyword>
								<Keyword>empirisch</Keyword>
								<Keyword>nicht</Keyword>
								<Keyword>tautologisch</Keyword>
							</KeywordAnnotation>
						</TextAnnotation>
						<TextAnnotation confidence="0.5" relevance="0.0"
							xml:lang="de">
							<KeywordAnnotation>
								<Keyword>in</Keyword>
							</KeywordAnnotation>
						</TextAnnotation>
						<TextAnnotation confidence="0.0" relevance="0.6"
							xml:lang="de">
							<KeywordAnnotation>
								<Keyword>gig</Keyword>
							</KeywordAnnotation>
						</TextAnnotation>
						<TextAnnotation confidence="0.0" relevance="0.5"
							xml:lang="de">
							<KeywordAnnotation>
								<Keyword>Theorienz</Keyword>
							</KeywordAnnotation>
						</TextAnnotation>
						<TextAnnotation confidence="0.0" relevance="0.4"
							xml:lang="de">
							<KeywordAnnotation>
								<Keyword>unidirecti0naI</Keyword>
							</KeywordAnnotation>
						</TextAnnotation>
						<TextAnnotation confidence="0.0" relevance="0.3"
							xml:lang="de">
							<KeywordAnnotation>
								<Keyword>Uberprufbar</Keyword>
								<Keyword>falsifizierbar</Keyword>
							</KeywordAnnotation>
						</TextAnnotation>
						<TextAnnotation confidence="0.0" relevance="0.0"
							xml:lang="de">
							<KeywordAnnotation>
								<Keyword>E</Keyword>
								<Keyword>s</Keyword>
							</KeywordAnnotation>
						</TextAnnotation>
					</AudioVisualSegment>
					<AudioVisualSegment id="track-0.segment-27">
						<mediaTime>
							<mediaRelTimePoint>T01:04:04:0F1000</mediaRelTimePoint>
							<mediaDuration>PT30S0N1000F</mediaDuration>
						</mediaTime>
						<TextAnnotation confidence="0.5" relevance="0.7"
							xml:lang="de">
							<KeywordAnnotation>
								<Keyword>ERB</Keyword>
							</KeywordAnnotation>
						</TextAnnotation>
						<TextAnnotation confidence="0.5" relevance="0.3"
							xml:lang="de">
							<KeywordAnnotation>
								<Keyword>afi</Keyword>
							</KeywordAnnotation>
						</TextAnnotation>
						<TextAnnotation confidence="0.5" relevance="0.2"
							xml:lang="de">
							<KeywordAnnotation>
								<Keyword>USA</Keyword>
							</KeywordAnnotation>
						</TextAnnotation>
						<TextAnnotation confidence="0.5" relevance="0.0"
							xml:lang="de">
							<KeywordAnnotation>
								<Keyword>AV</Keyword>
								<Keyword>UV</Keyword>
								<Keyword>ie</Keyword>
								<Keyword>sd</Keyword>
								<Keyword>sm</Keyword>
							</KeywordAnnotation>
						</TextAnnotation>
						<TextAnnotation confidence="0.0" relevance="0.4"
							xml:lang="de">
							<KeywordAnnotation>
								<Keyword>Falishziar</Keyword>
								<Keyword>Gencrali-</Keyword>
								<Keyword>Mechanis-</Keyword>
							</KeywordAnnotation>
						</TextAnnotation>
						<TextAnnotation confidence="0.0" relevance="0.2"
							xml:lang="de">
							<KeywordAnnotation>
								<Keyword>mam</Keyword>
								<Keyword>rrak</Keyword>
							</KeywordAnnotation>
						</TextAnnotation>
						<TextAnnotation confidence="0.0" relevance="0.0"
							xml:lang="de">
							<KeywordAnnotation>
								<Keyword>E</Keyword>
								<Keyword>I</Keyword>
								<Keyword>M</Keyword>
								<Keyword>c</Keyword>
								<Keyword>d</Keyword>
								<Keyword>n</Keyword>
								<Keyword>s</Keyword>
							</KeywordAnnotation>
						</TextAnnotation>
					</AudioVisualSegment>
					<AudioVisualSegment id="track-0.segment-28">
						<mediaTime>
							<mediaRelTimePoint>T01:04:34:0F1000</mediaRelTimePoint>
							<mediaDuration>PT16M01S0N1000F</mediaDuration>
						</mediaTime>
						<TextAnnotation confidence="0.5" relevance="0.4"
							xml:lang="de">
							<KeywordAnnotation>
								<Keyword>Formulieren</Keyword>
								<Keyword>Gemeindeebene</Keyword>
								<Keyword>Hypothesen</Keyword>
								<Keyword>Min</Keyword>
								<Keyword>Schweiz</Keyword>
								<Keyword>Sie</Keyword>
								<Keyword>auf</Keyword>
								<Keyword>bei</Keyword>
								<Keyword>der</Keyword>
								<Keyword>die</Keyword>
								<Keyword>drei</Keyword>
								<Keyword>kausale</Keyword>
								<Keyword>ren</Keyword>
								<Keyword>welche</Keyword>
							</KeywordAnnotation>
						</TextAnnotation>
						<TextAnnotation confidence="0.5" relevance="0.3"
							xml:lang="de">
							<KeywordAnnotation>
								<Keyword>Diskussion</Keyword>
							</KeywordAnnotation>
						</TextAnnotation>
						<TextAnnotation confidence="0.5" relevance="0.0"
							xml:lang="de">
							<KeywordAnnotation>
								<Keyword>EF</Keyword>
								<Keyword>in</Keyword>
							</KeywordAnnotation>
						</TextAnnotation>
						<TextAnnotation confidence="0.0" relevance="0.4"
							xml:lang="de">
							<KeywordAnnotation>
								<Keyword>Ablshnungsquote</Keyword>
								<Keyword>Denkpause</Keyword>
								<Keyword>Einbiirgerungen</Keyword>
								<Keyword>erkl</Keyword>
							</KeywordAnnotation>
						</TextAnnotation>
						<TextAnnotation confidence="0.0" relevance="0.0"
							xml:lang="de">
							<KeywordAnnotation>
								<Keyword>E</Keyword>
								<Keyword>s</Keyword>
							</KeywordAnnotation>
						</TextAnnotation>
					</AudioVisualSegment>
					<AudioVisualSegment id="track-0.segment-29">
						<mediaTime>
							<mediaRelTimePoint>T01:20:35:0F1000</mediaRelTimePoint>
							<mediaDuration>PT01M27S0N1000F</mediaDuration>
						</mediaTime>
						<TextAnnotation confidence="0.5" relevance="0.4"
							xml:lang="de">
							<KeywordAnnotation>
								<Keyword>Drei</Keyword>
								<Keyword>Elefanten</Keyword>
								<Keyword>Faktoren</Keyword>
								<Keyword>Nebel</Keyword>
								<Keyword>Rasen</Keyword>
								<Keyword>Weshalb</Keyword>
								<Keyword>dem</Keyword>
								<Keyword>grossen</Keyword>
								<Keyword>integratives</Keyword>
								<Keyword>kommt</Keyword>
								<Keyword>und</Keyword>
								<Keyword>von</Keyword>
							</KeywordAnnotation>
						</TextAnnotation>
						<TextAnnotation confidence="0.5" relevance="0.3"
							xml:lang="de">
							<KeywordAnnotation>
								<Keyword>Geschichte</Keyword>
								<Keyword>Theorien</Keyword>
								<Keyword>den</Keyword>
								<Keyword>die</Keyword>
								<Keyword>drei</Keyword>
								<Keyword>oder</Keyword>
								<Keyword>von</Keyword>
							</KeywordAnnotation>
						</TextAnnotation>
						<TextAnnotation confidence="0.5" relevance="0.0"
							xml:lang="de">
							<KeywordAnnotation>
								<Keyword>es</Keyword>
								<Keyword>vs</Keyword>
								<Keyword>zu</Keyword>
							</KeywordAnnotation>
						</TextAnnotation>
						<TextAnnotation confidence="0.0" relevance="0.4"
							xml:lang="de">
							<KeywordAnnotation>
								<Keyword>Alkchol</Keyword>
								<Keyword>Autounf</Keyword>
								<Keyword>Kompetitives</Keyword>
								<Keyword>Verst</Keyword>
								<Keyword>blinden</Keyword>
								<Keyword>llen</Keyword>
								<Keyword>ndnis</Keyword>
								<Keyword>nnem</Keyword>
							</KeywordAnnotation>
						</TextAnnotation>
						<TextAnnotation confidence="0.0" relevance="0.0"
							xml:lang="de">
							<KeywordAnnotation>
								<Keyword>M</Keyword>
							</KeywordAnnotation>
						</TextAnnotation>
					</AudioVisualSegment>
					<AudioVisualSegment id="track-0.segment-30">
						<mediaTime>
							<mediaRelTimePoint>T01:22:02:0F1000</mediaRelTimePoint>
							<mediaDuration>PT19S0N1000F</mediaDuration>
						</mediaTime>
						<TextAnnotation confidence="0.5" relevance="0.5"
							xml:lang="de">
							<KeywordAnnotation>
								<Keyword>Dar</Keyword>
								<Keyword>Ein</Keyword>
								<Keyword>Elefant</Keyword>
								<Keyword>Elefanten</Keyword>
								<Keyword>Form</Keyword>
								<Keyword>Glauben</Keyword>
								<Keyword>Jury</Keyword>
								<Keyword>Mann</Keyword>
								<Keyword>Merkmale</Keyword>
								<Keyword>Rahman</Keyword>
								<Keyword>Sail</Keyword>
								<Keyword>Stein</Keyword>
								<Keyword>Und</Keyword>
								<Keyword>Unsinn</Keyword>
								<Keyword>Wahrnehmung</Keyword>
								<Keyword>Zylinders</Keyword>
								<Keyword>aber</Keyword>
								<Keyword>all</Keyword>
								<Keyword>als</Keyword>
								<Keyword>begrenzten</Keyword>
								<Keyword>besitzt</Keyword>
								<Keyword>das</Keyword>
								<Keyword>dass</Keyword>
								<Keyword>dem</Keyword>
								<Keyword>den</Keyword>
								<Keyword>der</Keyword>
								<Keyword>des</Keyword>
								<Keyword>die</Keyword>
								<Keyword>ein</Keyword>
								<Keyword>eine</Keyword>
								<Keyword>erg</Keyword>
								<Keyword>falsch</Keyword>
								<Keyword>fest</Keyword>
								<Keyword>festgestellt</Keyword>
								<Keyword>hal</Keyword>
								<Keyword>hat</Keyword>
								<Keyword>hatte</Keyword>
								<Keyword>ish</Keyword>
								<Keyword>jade</Keyword>
								<Keyword>keiner</Keyword>
								<Keyword>kleiner</Keyword>
								<Keyword>lag</Keyword>
								<Keyword>man</Keyword>
								<Keyword>massiv</Keyword>
								<Keyword>nichts</Keyword>
								<Keyword>passte</Keyword>
								<Keyword>recht</Keyword>
								<Keyword>seiner</Keyword>
								<Keyword>sie</Keyword>
								<Keyword>sue</Keyword>
								<Keyword>und</Keyword>
								<Keyword>voller</Keyword>
								<Keyword>von</Keyword>
								<Keyword>was</Keyword>
								<Keyword>wenn</Keyword>
							</KeywordAnnotation>
						</TextAnnotation>
						<TextAnnotation confidence="0.5" relevance="0.4"
							xml:lang="de">
							<KeywordAnnotation>
								<Keyword>Auffassung</Keyword>
								<Keyword>Blinde</Keyword>
								<Keyword>Dar</Keyword>
								<Keyword>Der</Keyword>
								<Keyword>Due</Keyword>
								<Keyword>Einstmals</Keyword>
								<Keyword>Elefant</Keyword>
								<Keyword>Elefanten</Keyword>
								<Keyword>Experiment</Keyword>
								<Keyword>Jeder</Keyword>
								<Keyword>Manner</Keyword>
								<Keyword>Nachdem</Keyword>
								<Keyword>Nein</Keyword>
								<Keyword>Sand</Keyword>
								<Keyword>amen</Keyword>
								<Keyword>dann</Keyword>
								<Keyword>dar</Keyword>
								<Keyword>den</Keyword>
								<Keyword>der</Keyword>
								<Keyword>drei</Keyword>
								<Keyword>ein</Keyword>
								<Keyword>erste</Keyword>
								<Keyword>hatte</Keyword>
								<Keyword>ihre</Keyword>
								<Keyword>ist</Keyword>
								<Keyword>jeder</Keyword>
								<Keyword>kun</Keyword>
								<Keyword>machen</Keyword>
								<Keyword>setzten</Keyword>
								<Keyword>sich</Keyword>
								<Keyword>sie</Keyword>
								<Keyword>und</Keyword>
								<Keyword>untersuchen</Keyword>
								<Keyword>untersucht</Keyword>
								<Keyword>verglichen</Keyword>
								<Keyword>vortragen</Keyword>
								<Keyword>warmen</Keyword>
								<Keyword>wie</Keyword>
								<Keyword>zusammen</Keyword>
							</KeywordAnnotation>
						</TextAnnotation>
						<TextAnnotation confidence="0.5" relevance="0.0"
							xml:lang="de">
							<KeywordAnnotation>
								<Keyword>En</Keyword>
								<Keyword>So</Keyword>
								<Keyword>er</Keyword>
								<Keyword>im</Keyword>
								<Keyword>in</Keyword>
								<Keyword>zu</Keyword>
							</KeywordAnnotation>
						</TextAnnotation>
						<TextAnnotation confidence="0.0" relevance="0.5"
							xml:lang="de">
							<KeywordAnnotation>
								<Keyword>Aberjcder</Keyword>
								<Keyword>Elafant</Keyword>
								<Keyword>Elcfantan</Keyword>
								<Keyword>Gasamtblld</Keyword>
								<Keyword>Hiigel</Keyword>
								<Keyword>Uber</Keyword>
								<Keyword>Zweitc</Keyword>
								<Keyword>aines</Keyword>
								<Keyword>andcren</Keyword>
								<Keyword>anderc</Keyword>
								<Keyword>dickes</Keyword>
								<Keyword>drittc</Keyword>
								<Keyword>gebogonan</Keyword>
								<Keyword>haariges</Keyword>
								<Keyword>hane</Keyword>
								<Keyword>hattcn</Keyword>
								<Keyword>individuallen</Keyword>
								<Keyword>jedsr</Keyword>
								<Keyword>nnar</Keyword>
								<Keyword>nner</Keyword>
								<Keyword>nzte</Keyword>
								<Keyword>protsstiene</Keyword>
								<Keyword>sagte</Keyword>
								<Keyword>sai</Keyword>
								<Keyword>urei</Keyword>
								<Keyword>vedugta</Keyword>
								<Keyword>vollkomman</Keyword>
								<Keyword>wahrgcnomman</Keyword>
								<Keyword>wne</Keyword>
								<Keyword>zusammenbringt</Keyword>
							</KeywordAnnotation>
						</TextAnnotation>
						<TextAnnotation confidence="0.0" relevance="0.4"
							xml:lang="de">
							<KeywordAnnotation>
								<Keyword>Blinden</Keyword>
								<Keyword>Drsi</Keyword>
								<Keyword>Elafantz</Keyword>
								<Keyword>Elefantsn</Keyword>
								<Keyword>Erefant</Keyword>
								<Keyword>Maharaja</Keyword>
								<Keyword>Rajastsns</Keyword>
								<Keyword>Skeppe</Keyword>
								<Keyword>Untcrsuchungsergebnisse</Keyword>
								<Keyword>Wahmeit</Keyword>
								<Keyword>ausfuhrllch</Keyword>
								<Keyword>blmde</Keyword>
								<Keyword>drel</Keyword>
								<Keyword>glau</Keyword>
								<Keyword>lerf</Keyword>
								<Keyword>llefi</Keyword>
								<Keyword>nner</Keyword>
								<Keyword>sagte</Keyword>
								<Keyword>solltsn</Keyword>
								<Keyword>staubigen</Keyword>
							</KeywordAnnotation>
						</TextAnnotation>
						<TextAnnotation confidence="0.0" relevance="0.0"
							xml:lang="de">
							<KeywordAnnotation>
								<Keyword>M</Keyword>
								<Keyword>T</Keyword>
							</KeywordAnnotation>
						</TextAnnotation>
					</AudioVisualSegment>
					<AudioVisualSegment id="track-0.segment-31">
						<mediaTime>
							<mediaRelTimePoint>T01:22:21:0F1000</mediaRelTimePoint>
							<mediaDuration>PT55S0N1000F</mediaDuration>
						</mediaTime>
						<TextAnnotation confidence="0.5" relevance="0.4"
							xml:lang="de">
							<KeywordAnnotation>
								<Keyword>Charles</Keyword>
								<Keyword>Contra</Keyword>
								<Keyword>King</Keyword>
								<Keyword>Ragin</Keyword>
								<Keyword>Status</Keyword>
								<Keyword>Theorie</Keyword>
								<Keyword>Welt</Keyword>
								<Keyword>die</Keyword>
								<Keyword>erscheint</Keyword>
								<Keyword>explanation</Keyword>
								<Keyword>ist</Keyword>
								<Keyword>komplex</Keyword>
								<Keyword>komplexer</Keyword>
								<Keyword>schlechter</Keyword>
								<Keyword>unserer</Keyword>
								<Keyword>vom</Keyword>
							</KeywordAnnotation>
						</TextAnnotation>
						<TextAnnotation confidence="0.5" relevance="0.3"
							xml:lang="de">
							<KeywordAnnotation>
								<Keyword>annehmen</Keyword>
								<Keyword>dass</Keyword>
								<Keyword>deshalb</Keyword>
								<Keyword>die</Keyword>
								<Keyword>ein</Keyword>
								<Keyword>gibt</Keyword>
								<Keyword>immer</Keyword>
								<Keyword>mehrere</Keyword>
								<Keyword>nomen</Keyword>
								<Keyword>wir</Keyword>
							</KeywordAnnotation>
						</TextAnnotation>
						<TextAnnotation confidence="0.5" relevance="0.0"
							xml:lang="de">
							<KeywordAnnotation>
								<Keyword>En</Keyword>
								<Keyword>Ke</Keyword>
								<Keyword>Ph</Keyword>
								<Keyword>ab</Keyword>
								<Keyword>es</Keyword>
								<Keyword>je</Keyword>
							</KeywordAnnotation>
						</TextAnnotation>
						<TextAnnotation confidence="0.0" relevance="0.6"
							xml:lang="de">
							<KeywordAnnotation>
								<Keyword>Qvull</Keyword>
							</KeywordAnnotation>
						</TextAnnotation>
						<TextAnnotation confidence="0.0" relevance="0.4"
							xml:lang="de">
							<KeywordAnnotation>
								<Keyword>Komplexit</Keyword>
								<Keyword>Thecrie</Keyword>
								<Keyword>dcsto</Keyword>
								<Keyword>deshalbz</Keyword>
								<Keyword>haneNerba</Keyword>
								<Keyword>ngt</Keyword>
								<Keyword>uparsimonious</Keyword>
							</KeywordAnnotation>
						</TextAnnotation>
						<TextAnnotation confidence="0.0" relevance="0.3"
							xml:lang="de">
							<KeywordAnnotation>
								<Keyword>Griinde</Keyword>
								<Keyword>Multikausalit</Keyword>
								<Keyword>bcwirkcn</Keyword>
								<Keyword>mussen</Keyword>
							</KeywordAnnotation>
						</TextAnnotation>
						<TextAnnotation confidence="0.0" relevance="0.0"
							xml:lang="de">
							<KeywordAnnotation>
								<Keyword>h</Keyword>
								<Keyword>s</Keyword>
								<Keyword>t</Keyword>
							</KeywordAnnotation>
						</TextAnnotation>
					</AudioVisualSegment>
					<AudioVisualSegment id="track-0.segment-32">
						<mediaTime>
							<mediaRelTimePoint>T01:23:16:0F1000</mediaRelTimePoint>
							<mediaDuration>PT19S0N1000F</mediaDuration>
						</mediaTime>
						<TextAnnotation confidence="0.5" relevance="0.4"
							xml:lang="de">
							<KeywordAnnotation>
								<Keyword>Autounfall</Keyword>
								<Keyword>Bedingung</Keyword>
								<Keyword>Beispiel</Keyword>
								<Keyword>Faktor</Keyword>
								<Keyword>Konkret</Keyword>
								<Keyword>Nebel</Keyword>
								<Keyword>aber</Keyword>
								<Keyword>auftritt</Keyword>
								<Keyword>bestimmter</Keyword>
								<Keyword>dass</Keyword>
								<Keyword>denen</Keyword>
								<Keyword>dieser</Keyword>
								<Keyword>ein</Keyword>
								<Keyword>einem</Keyword>
								<Keyword>geben</Keyword>
								<Keyword>immer</Keyword>
								<Keyword>ist</Keyword>
								<Keyword>kann</Keyword>
								<Keyword>kommt</Keyword>
								<Keyword>muss</Keyword>
								<Keyword>nicht</Keyword>
								<Keyword>passiert</Keyword>
								<Keyword>vorhanden</Keyword>
								<Keyword>wenn</Keyword>
								<Keyword>zum</Keyword>
								<Keyword>zwingend</Keyword>
							</KeywordAnnotation>
						</TextAnnotation>
						<TextAnnotation confidence="0.5" relevance="0.3"
							xml:lang="de">
							<KeywordAnnotation>
								<Keyword>Nebel</Keyword>
								<Keyword>Unfall</Keyword>
								<Keyword>bei</Keyword>
								<Keyword>kein</Keyword>
								<Keyword>nur</Keyword>
								<Keyword>passieren</Keyword>
							</KeywordAnnotation>
						</TextAnnotation>
						<TextAnnotation confidence="0.5" relevance="0.0"
							xml:lang="de">
							<KeywordAnnotation>
								<Keyword>as</Keyword>
								<Keyword>es</Keyword>
								<Keyword>in</Keyword>
								<Keyword>zu</Keyword>
							</KeywordAnnotation>
						</TextAnnotation>
						<TextAnnotation confidence="0.0" relevance="0.6"
							xml:lang="de">
							<KeywordAnnotation>
								<Keyword>Qvg</Keyword>
							</KeywordAnnotation>
						</TextAnnotation>
						<TextAnnotation confidence="0.0" relevance="0.4"
							xml:lang="de">
							<KeywordAnnotation>
								<Keyword>Autounf</Keyword>
								<Keyword>Erkl</Keyword>
								<Keyword>Notwcndige</Keyword>
								<Keyword>bedeutei</Keyword>
								<Keyword>finhrenz</Keyword>
								<Keyword>lle</Keyword>
								<Keyword>llen</Keyword>
								<Keyword>rungsfaktor</Keyword>
							</KeywordAnnotation>
						</TextAnnotation>
						<TextAnnotation confidence="0.0" relevance="0.3"
							xml:lang="de">
							<KeywordAnnotation>
								<Keyword>lle</Keyword>
							</KeywordAnnotation>
						</TextAnnotation>
						<TextAnnotation confidence="0.0" relevance="0.0"
							xml:lang="de">
							<KeywordAnnotation>
								<Keyword>F</Keyword>
								<Keyword>s</Keyword>
							</KeywordAnnotation>
						</TextAnnotation>
					</AudioVisualSegment>
					<AudioVisualSegment id="track-0.segment-33">
						<mediaTime>
							<mediaRelTimePoint>T01:23:35:0F1000</mediaRelTimePoint>
							<mediaDuration>PT46S0N1000F</mediaDuration>
						</mediaTime>
						<TextAnnotation confidence="0.5" relevance="0.4"
							xml:lang="de">
							<KeywordAnnotation>
								<Keyword>Bedingung</Keyword>
								<Keyword>Faktor</Keyword>
								<Keyword>Hinreichende</Keyword>
								<Keyword>Nebel</Keyword>
								<Keyword>Unfall</Keyword>
								<Keyword>bedeutet</Keyword>
								<Keyword>bzw</Keyword>
								<Keyword>dass</Keyword>
								<Keyword>dieser</Keyword>
								<Keyword>direkt</Keyword>
								<Keyword>ein</Keyword>
								<Keyword>immer</Keyword>
								<Keyword>ist</Keyword>
								<Keyword>per</Keyword>
								<Keyword>resultieren</Keyword>
								<Keyword>vorhanden</Keyword>
								<Keyword>wenn</Keyword>
								<Keyword>wird</Keyword>
							</KeywordAnnotation>
						</TextAnnotation>
						<TextAnnotation confidence="0.5" relevance="0.0"
							xml:lang="de">
							<KeywordAnnotation>
								<Keyword>se</Keyword>
								<Keyword>zu</Keyword>
							</KeywordAnnotation>
						</TextAnnotation>
						<TextAnnotation confidence="0.0" relevance="0.4"
							xml:lang="de">
							<KeywordAnnotation>
								<Keyword>Autounf</Keyword>
								<Keyword>Erkl</Keyword>
								<Keyword>fiihrt</Keyword>
								<Keyword>llen</Keyword>
								<Keyword>rungsfaktor</Keyword>
							</KeywordAnnotation>
						</TextAnnotation>
					</AudioVisualSegment>
					<AudioVisualSegment id="track-0.segment-34">
						<mediaTime>
							<mediaRelTimePoint>T01:24:21:0F1000</mediaRelTimePoint>
							<mediaDuration>PT01M57S0N1000F</mediaDuration>
						</mediaTime>
						<TextAnnotation confidence="0.5" relevance="0.5"
							xml:lang="de">
							<KeywordAnnotation>
								<Keyword>Alkohol</Keyword>
								<Keyword>Rasen</Keyword>
							</KeywordAnnotation>
						</TextAnnotation>
						<TextAnnotation confidence="0.5" relevance="0.4"
							xml:lang="de">
							<KeywordAnnotation>
								<Keyword>Ansatz</Keyword>
								<Keyword>Bedingungen</Keyword>
								<Keyword>Determinismus</Keyword>
								<Keyword>Kritik</Keyword>
								<Keyword>Nebel</Keyword>
								<Keyword>Ragin</Keyword>
								<Keyword>Statistischer</Keyword>
								<Keyword>fur</Keyword>
								<Keyword>noch</Keyword>
								<Keyword>notwendige</Keyword>
								<Keyword>oft</Keyword>
								<Keyword>sind</Keyword>
								<Keyword>wahrscheinlichkeiten</Keyword>
								<Keyword>weder</Keyword>
							</KeywordAnnotation>
						</TextAnnotation>
						<TextAnnotation confidence="0.5" relevance="0.3"
							xml:lang="de">
							<KeywordAnnotation>
								<Keyword>Lineare</Keyword>
								<Keyword>Weltsicht</Keyword>
								<Keyword>aber</Keyword>
								<Keyword>additive</Keyword>
								<Keyword>auch</Keyword>
								<Keyword>die</Keyword>
								<Keyword>manchmal</Keyword>
								<Keyword>mit</Keyword>
								<Keyword>multiplikative</Keyword>
								<Keyword>nicht</Keyword>
								<Keyword>notwendig</Keyword>
								<Keyword>oder</Keyword>
								<Keyword>sind</Keyword>
								<Keyword>und</Keyword>
							</KeywordAnnotation>
						</TextAnnotation>
						<TextAnnotation confidence="0.5" relevance="0.0"
							xml:lang="de">
							<KeywordAnnotation>
								<Keyword>Ea</Keyword>
								<Keyword>an</Keyword>
							</KeywordAnnotation>
						</TextAnnotation>
						<TextAnnotation confidence="0.0" relevance="0.6"
							xml:lang="de">
							<KeywordAnnotation>
								<Keyword>Qwlg</Keyword>
							</KeywordAnnotation>
						</TextAnnotation>
						<TextAnnotation confidence="0.0" relevance="0.4"
							xml:lang="de">
							<KeywordAnnotation>
								<Keyword>Autounf</Keyword>
								<Keyword>hinrcichendc</Keyword>
								<Keyword>lle</Keyword>
								<Keyword>ufigkeiten</Keyword>
							</KeywordAnnotation>
						</TextAnnotation>
						<TextAnnotation confidence="0.0" relevance="0.3"
							xml:lang="de">
							<KeywordAnnotation>
								<Keyword>Nicht-Iineare</Keyword>
								<Keyword>Ursachcn</Keyword>
								<Keyword>Wcltsicht</Keyword>
								<Keyword>hinreichcnd</Keyword>
								<Keyword>konstellatorische</Keyword>
							</KeywordAnnotation>
						</TextAnnotation>
						<TextAnnotation confidence="0.0" relevance="0.0"
							xml:lang="de">
							<KeywordAnnotation>
								<Keyword>-</Keyword>
								<Keyword>H</Keyword>
								<Keyword>J</Keyword>
								<Keyword>c</Keyword>
								<Keyword>e</Keyword>
								<Keyword>s</Keyword>
								<Keyword>x</Keyword>
								<Keyword>y</Keyword>
							</KeywordAnnotation>
						</TextAnnotation>
					</AudioVisualSegment>
					<AudioVisualSegment id="track-0.segment-35">
						<mediaTime>
							<mediaRelTimePoint>T01:26:18:0F1000</mediaRelTimePoint>
							<mediaDuration>PT46S0N1000F</mediaDuration>
						</mediaTime>
						<TextAnnotation confidence="0.5" relevance="0.4"
							xml:lang="de">
							<KeywordAnnotation>
								<Keyword>Beispiel</Keyword>
								<Keyword>Demokratien</Keyword>
								<Keyword>Fragen</Keyword>
								<Keyword>Krieg</Keyword>
								<Keyword>Text</Keyword>
								<Keyword>Zeit</Keyword>
								<Keyword>falls</Keyword>
								<Keyword>noch</Keyword>
								<Keyword>und</Keyword>
								<Keyword>zum</Keyword>
							</KeywordAnnotation>
						</TextAnnotation>
						<TextAnnotation confidence="0.5" relevance="0.0"
							xml:lang="de">
							<KeywordAnnotation>
								<Keyword>im</Keyword>
							</KeywordAnnotation>
						</TextAnnotation>
						<TextAnnotation confidence="0.0" relevance="0.4"
							xml:lang="de">
							<KeywordAnnotation>
								<Keyword>Entwicklungshilfa</Keyword>
							</KeywordAnnotation>
						</TextAnnotation>
					</AudioVisualSegment>
					<AudioVisualSegment id="track-0.segment-36">
						<mediaTime>
							<mediaRelTimePoint>T01:27:04:0F1000</mediaRelTimePoint>
							<mediaDuration>PT41S0N1000F</mediaDuration>
						</mediaTime>
						<TextAnnotation confidence="0.5" relevance="0.4"
							xml:lang="de">
							<KeywordAnnotation>
								<Keyword>Beschaffenheit</Keyword>
								<Keyword>Bewirken</Keyword>
								<Keyword>Demokratien</Keyword>
								<Keyword>Krieg</Keyword>
								<Keyword>Staat</Keyword>
								<Keyword>Systems</Keyword>
								<Keyword>Unterschied</Keyword>
								<Keyword>Unterschiede</Keyword>
								<Keyword>Wahrscheinlichkeit</Keyword>
								<Keyword>dass</Keyword>
								<Keyword>der</Keyword>
								<Keyword>des</Keyword>
								<Keyword>ein</Keyword>
								<Keyword>einen</Keyword>
								<Keyword>erfolgreicher</Keyword>
								<Keyword>gewinnt</Keyword>
								<Keyword>oder</Keyword>
								<Keyword>politischen</Keyword>
								<Keyword>sind</Keyword>
								<Keyword>verliert</Keyword>
							</KeywordAnnotation>
						</TextAnnotation>
						<TextAnnotation confidence="0.5" relevance="0.3"
							xml:lang="de">
							<KeywordAnnotation>
								<Keyword>Krieg</Keyword>
							</KeywordAnnotation>
						</TextAnnotation>
						<TextAnnotation confidence="0.5" relevance="0.0"
							xml:lang="de">
							<KeywordAnnotation>
								<Keyword>im</Keyword>
								<Keyword>in</Keyword>
							</KeywordAnnotation>
						</TextAnnotation>
						<TextAnnotation confidence="0.0" relevance="0.4"
							xml:lang="de">
							<KeywordAnnotation>
								<Keyword>Konkreterz</Keyword>
							</KeywordAnnotation>
						</TextAnnotation>
					</AudioVisualSegment>
					<AudioVisualSegment id="track-0.segment-37">
						<mediaTime>
							<mediaRelTimePoint>T01:27:45:0F1000</mediaRelTimePoint>
							<mediaDuration>PT24S0N1000F</mediaDuration>
						</mediaTime>
						<TextAnnotation confidence="0.5" relevance="0.6"
							xml:lang="de">
							<KeywordAnnotation>
								<Keyword>EFA</Keyword>
							</KeywordAnnotation>
						</TextAnnotation>
						<TextAnnotation confidence="0.5" relevance="0.4"
							xml:lang="de">
							<KeywordAnnotation>
								<Keyword>Angegriffenen</Keyword>
								<Keyword>Demokratische</Keyword>
								<Keyword>Diktaturen</Keyword>
								<Keyword>Hypothese</Keyword>
								<Keyword>Kriege</Keyword>
								<Keyword>als</Keyword>
								<Keyword>beginnen</Keyword>
								<Keyword>die</Keyword>
								<Keyword>erfolgreicher</Keyword>
								<Keyword>schlechtesten</Keyword>
								<Keyword>schneiden</Keyword>
								<Keyword>sind</Keyword>
								<Keyword>war</Keyword>
							</KeywordAnnotation>
						</TextAnnotation>
						<TextAnnotation confidence="0.5" relevance="0.3"
							xml:lang="de">
							<KeywordAnnotation>
								<Keyword>Regime</Keyword>
								<Keyword>Weshalb</Keyword>
								<Keyword>gemischte</Keyword>
							</KeywordAnnotation>
						</TextAnnotation>
						<TextAnnotation confidence="0.5" relevance="0.0"
							xml:lang="de">
							<KeywordAnnotation>
								<Keyword>ab</Keyword>
								<Keyword>am</Keyword>
								<Keyword>il</Keyword>
							</KeywordAnnotation>
						</TextAnnotation>
						<TextAnnotation confidence="0.0" relevance="0.4"
							xml:lang="de">
							<KeywordAnnotation>
								<Keyword>Kriegs-Urheber</Keyword>
								<Keyword>initiators</Keyword>
							</KeywordAnnotation>
						</TextAnnotation>
					</AudioVisualSegment>
					<AudioVisualSegment id="track-0.segment-38">
						<mediaTime>
							<mediaRelTimePoint>T01:28:09:0F1000</mediaRelTimePoint>
							<mediaDuration>PT34S0N1000F</mediaDuration>
						</mediaTime>
						<TextAnnotation confidence="0.5" relevance="0.4"
							xml:lang="de">
							<KeywordAnnotation>
								<Keyword>Krieg</Keyword>
								<Keyword>dann</Keyword>
								<Keyword>einem</Keyword>
								<Keyword>genaues</Keyword>
								<Keyword>institutionelle</Keyword>
								<Keyword>man</Keyword>
								<Keyword>motivierter</Keyword>
								<Keyword>sie</Keyword>
								<Keyword>sind</Keyword>
								<Keyword>und</Keyword>
								<Keyword>verlieren</Keyword>
								<Keyword>wenn</Keyword>
								<Keyword>werden</Keyword>
							</KeywordAnnotation>
						</TextAnnotation>
						<TextAnnotation confidence="0.5" relevance="0.3"
							xml:lang="de">
							<KeywordAnnotation>
								<Keyword>Chancen</Keyword>
								<Keyword>Demokratien</Keyword>
								<Keyword>Diskussion</Keyword>
								<Keyword>Risiken</Keyword>
								<Keyword>auf</Keyword>
								<Keyword>bessere</Keyword>
								<Keyword>eine</Keyword>
								<Keyword>und</Keyword>
								<Keyword>von</Keyword>
								<Keyword>weisen</Keyword>
							</KeywordAnnotation>
						</TextAnnotation>
						<TextAnnotation confidence="0.5" relevance="0.0"
							xml:lang="de">
							<KeywordAnnotation>
								<Keyword>in</Keyword>
								<Keyword>ob</Keyword>
							</KeywordAnnotation>
						</TextAnnotation>
						<TextAnnotation confidence="0.0" relevance="0.4"
							xml:lang="de">
							<KeywordAnnotation>
								<Keyword>Abw</Keyword>
								<Keyword>Armcen</Keyword>
								<Keyword>Beschr</Keyword>
								<Keyword>Demokraticn</Keyword>
								<Keyword>Repr</Keyword>
								<Keyword>abgew</Keyword>
								<Keyword>anfangen</Keyword>
								<Keyword>dcmokratische</Keyword>
								<Keyword>fUhrt</Keyword>
								<Keyword>gcn</Keyword>
								<Keyword>hlt</Keyword>
								<Keyword>nkungen</Keyword>
								<Keyword>sentanten</Keyword>
							</KeywordAnnotation>
						</TextAnnotation>
						<TextAnnotation confidence="0.0" relevance="0.3"
							xml:lang="de">
							<KeywordAnnotation>
								<Keyword>Ausfiihrlichere</Keyword>
								<Keyword>Infonnationsqualit</Keyword>
								<Keyword>ffentliche</Keyword>
							</KeywordAnnotation>
						</TextAnnotation>
						<TextAnnotation confidence="0.0" relevance="0.0"
							xml:lang="de">
							<KeywordAnnotation>
								<Keyword>t</Keyword>
							</KeywordAnnotation>
						</TextAnnotation>
					</AudioVisualSegment>
					<AudioVisualSegment id="track-0.segment-39">
						<mediaTime>
							<mediaRelTimePoint>T01:28:43:0F1000</mediaRelTimePoint>
							<mediaDuration>PT01M24S0N1000F</mediaDuration>
						</mediaTime>
						<TextAnnotation confidence="0.5" relevance="0.4"
							xml:lang="de">
							<KeywordAnnotation>
								<Keyword>Demokratische</Keyword>
								<Keyword>Diktaturen</Keyword>
								<Keyword>Krieg</Keyword>
								<Keyword>Land</Keyword>
								<Keyword>Systeme</Keyword>
								<Keyword>Systemen</Keyword>
								<Keyword>bessere</Keyword>
								<Keyword>demokratisch</Keyword>
								<Keyword>ein</Keyword>
								<Keyword>einen</Keyword>
								<Keyword>gefolgt</Keyword>
								<Keyword>gemischte</Keyword>
								<Keyword>haben</Keyword>
								<Keyword>ist</Keyword>
								<Keyword>ren</Keyword>
								<Keyword>schlechtesten</Keyword>
								<Keyword>und</Keyword>
								<Keyword>von</Keyword>
							</KeywordAnnotation>
						</TextAnnotation>
						<TextAnnotation confidence="0.5" relevance="0.3"
							xml:lang="de">
							<KeywordAnnotation>
								<Keyword>Ist</Keyword>
								<Keyword>Krieg</Keyword>
								<Keyword>anderen</Keyword>
								<Keyword>den</Keyword>
								<Keyword>erfolgreicher</Keyword>
								<Keyword>mit</Keyword>
								<Keyword>verglichen</Keyword>
							</KeywordAnnotation>
						</TextAnnotation>
						<TextAnnotation confidence="0.5" relevance="0.0"
							xml:lang="de">
							<KeywordAnnotation>
								<Keyword>ab</Keyword>
								<Keyword>am</Keyword>
								<Keyword>as</Keyword>
								<Keyword>im</Keyword>
								<Keyword>zu</Keyword>
							</KeywordAnnotation>
						</TextAnnotation>
						<TextAnnotation confidence="0.0" relevance="0.4"
							xml:lang="de">
							<KeywordAnnotation>
								<Keyword>Chanoen</Keyword>
								<Keyword>Kriegs-Urheber</Keyword>
								<Keyword>angegriffenes</Keyword>
								<Keyword>gefestigten</Keyword>
								<Keyword>gewinncn</Keyword>
								<Keyword>schneidcn</Keyword>
								<Keyword>totalit</Keyword>
							</KeywordAnnotation>
						</TextAnnotation>
						<TextAnnotation confidence="0.0" relevance="0.3"
							xml:lang="de">
							<KeywordAnnotation>
								<Keyword>Regimetypen</Keyword>
								<Keyword>geringfirgig</Keyword>
							</KeywordAnnotation>
						</TextAnnotation>
					</AudioVisualSegment>
					<AudioVisualSegment id="track-0.segment-40">
						<mediaTime>
							<mediaRelTimePoint>T01:30:07:0F1000</mediaRelTimePoint>
							<mediaDuration>PT15S0N1000F</mediaDuration>
						</mediaTime>
						<TextAnnotation confidence="0.5" relevance="0.5"
							xml:lang="de">
							<KeywordAnnotation>
								<Keyword>Help</Keyword>
							</KeywordAnnotation>
						</TextAnnotation>
						<TextAnnotation confidence="0.5" relevance="0.0"
							xml:lang="de">
							<KeywordAnnotation>
								<Keyword>AE</Keyword>
								<Keyword>lr</Keyword>
								<Keyword>mm</Keyword>
								<Keyword>sm</Keyword>
								<Keyword>sz</Keyword>
								<Keyword>um</Keyword>
								<Keyword>uz</Keyword>
								<Keyword>vm</Keyword>
								<Keyword>wm</Keyword>
							</KeywordAnnotation>
						</TextAnnotation>
						<TextAnnotation confidence="0.0" relevance="0.6"
							xml:lang="de">
							<KeywordAnnotation>
								<Keyword>Fmm</Keyword>
								<Keyword>Leuumcn</Keyword>
								<Keyword>jlltvnq</Keyword>
							</KeywordAnnotation>
						</TextAnnotation>
						<TextAnnotation confidence="0.0" relevance="0.5"
							xml:lang="de">
							<KeywordAnnotation>
								<Keyword>Edu</Keyword>
								<Keyword>Fn1S</Keyword>
								<Keyword>Fnle</Keyword>
								<Keyword>PowerPoint</Keyword>
								<Keyword>Shcw</Keyword>
								<Keyword>wmdon</Keyword>
							</KeywordAnnotation>
						</TextAnnotation>
						<TextAnnotation confidence="0.0" relevance="0.3"
							xml:lang="de">
							<KeywordAnnotation>
								<Keyword>cnuowavvocn</Keyword>
								<Keyword>qmuw</Keyword>
							</KeywordAnnotation>
						</TextAnnotation>
						<TextAnnotation confidence="0.0" relevance="0.0"
							xml:lang="de">
							<KeywordAnnotation>
								<Keyword>-</Keyword>
								<Keyword>A</Keyword>
								<Keyword>B</Keyword>
								<Keyword>E</Keyword>
								<Keyword>F</Keyword>
								<Keyword>I</Keyword>
								<Keyword>J</Keyword>
								<Keyword>M</Keyword>
								<Keyword>Q</Keyword>
								<Keyword>U</Keyword>
								<Keyword>g</Keyword>
								<Keyword>j</Keyword>
								<Keyword>k</Keyword>
								<Keyword>l</Keyword>
								<Keyword>m</Keyword>
								<Keyword>n</Keyword>
								<Keyword>q</Keyword>
								<Keyword>s</Keyword>
								<Keyword>v</Keyword>
								<Keyword>x</Keyword>
							</KeywordAnnotation>
						</TextAnnotation>
					</AudioVisualSegment>
					<AudioVisualSegment id="track-0.segment-41">
						<mediaTime>
							<mediaRelTimePoint>T01:30:22:0F1000</mediaRelTimePoint>
							<mediaDuration>PT800N1000F</mediaDuration>
						</mediaTime>
						<TextAnnotation confidence="0.5" relevance="0.6"
							xml:lang="de">
							<KeywordAnnotation>
								<Keyword>mar</Keyword>
							</KeywordAnnotation>
						</TextAnnotation>
						<TextAnnotation confidence="0.5" relevance="0.5"
							xml:lang="de">
							<KeywordAnnotation>
								<Keyword>Edit</Keyword>
								<Keyword>Vms</Keyword>
								<Keyword>how</Keyword>
							</KeywordAnnotation>
						</TextAnnotation>
						<TextAnnotation confidence="0.5" relevance="0.3"
							xml:lang="de">
							<KeywordAnnotation>
								<Keyword>Jvm</Keyword>
							</KeywordAnnotation>
						</TextAnnotation>
						<TextAnnotation confidence="0.5" relevance="0.0"
							xml:lang="de">
							<KeywordAnnotation>
								<Keyword>Aw</Keyword>
								<Keyword>Eh</Keyword>
								<Keyword>Ex</Keyword>
								<Keyword>lr</Keyword>
								<Keyword>rA</Keyword>
								<Keyword>um</Keyword>
								<Keyword>we</Keyword>
							</KeywordAnnotation>
						</TextAnnotation>
						<TextAnnotation confidence="0.0" relevance="0.6"
							xml:lang="de">
							<KeywordAnnotation>
								<Keyword>S1nimL</Keyword>
								<Keyword>Ylllnvnq</Keyword>
								<Keyword>b.lud</Keyword>
								<Keyword>hLh.uhE</Keyword>
							</KeywordAnnotation>
						</TextAnnotation>
						<TextAnnotation confidence="0.0" relevance="0.5"
							xml:lang="de">
							<KeywordAnnotation>
								<Keyword>Fn1S</Keyword>
								<Keyword>Fnle</Keyword>
								<Keyword>Helo</Keyword>
								<Keyword>Nndon</Keyword>
								<Keyword>PowerPoint</Keyword>
							</KeywordAnnotation>
						</TextAnnotation>
						<TextAnnotation confidence="0.0" relevance="0.0"
							xml:lang="de">
							<KeywordAnnotation>
								<Keyword>-</Keyword>
								<Keyword>A</Keyword>
								<Keyword>B</Keyword>
								<Keyword>C</Keyword>
								<Keyword>E</Keyword>
								<Keyword>J</Keyword>
								<Keyword>M</Keyword>
								<Keyword>Q</Keyword>
								<Keyword>U</Keyword>
								<Keyword>V</Keyword>
								<Keyword>W</Keyword>
								<Keyword>i</Keyword>
								<Keyword>j</Keyword>
								<Keyword>l</Keyword>
								<Keyword>m</Keyword>
								<Keyword>n</Keyword>
								<Keyword>s</Keyword>
								<Keyword>t</Keyword>
							</KeywordAnnotation>
						</TextAnnotation>
					</AudioVisualSegment>
				</TemporalDecomposition>
			</AudioVisual>
		</MultimediaContent>
	</Description>
</Mpeg7>
