<?xml version="1.0" encoding="UTF-8"?>
<Mpeg7 xmlns="urn:mpeg:mpeg7:schema:2001" xmlns:mpeg7="urn:mpeg7:schema:2001"
	xmlns:xsi="http://www.w3.org/2001/XMLSchema-instance/">
	<Description xsi:type="ContentEntityType">
		<MultimediaContent xsi:type="AudioVisualType">
			<AudioVisual id="track-1">
				<mediaLocator>
					<mediaUri>file:tracks/20090910_zisc_talk05.mov</mediaUri>
				</mediaLocator>
				<mediaTime>
					<mediaTimePoint>T00:00:00:0F1</mediaTimePoint>
					<mediaDuration>PT01H11S733N1000F</mediaDuration>
				</mediaTime>
				<TemporalDecomposition criteria="temporal"
					gap="false" overlap="false">
					<AudioVisualSegment id="track-1.segment-1">
						<mediaTime>
							<mediaRelTimePoint>T00:00:00:0F1000</mediaRelTimePoint>
							<mediaDuration>PT24S0N1000F</mediaDuration>
						</mediaTime>
						<TextAnnotation confidence="0.5" relevance="0.4"
							xml:lang="en">
							<KeywordAnnotation>
								<Keyword>API</Keyword>
								<Keyword>Questions</Keyword>
								<Keyword>best</Keyword>
								<Keyword>between</Keyword>
								<Keyword>cloud</Keyword>
								<Keyword>cross</Keyword>
								<Keyword>for</Keyword>
								<Keyword>ideas</Keyword>
								<Keyword>information</Keyword>
								<Keyword>layers</Keyword>
								<Keyword>long</Keyword>
								<Keyword>meaningful</Keyword>
								<Keyword>run</Keyword>
								<Keyword>security</Keyword>
								<Keyword>the</Keyword>
								<Keyword>useful</Keyword>
							</KeywordAnnotation>
						</TextAnnotation>
						<TextAnnotation confidence="0.5" relevance="0.3"
							xml:lang="en">
							<KeywordAnnotation>
								<Keyword>How</Keyword>
								<Keyword>What</Keyword>
								<Keyword>are</Keyword>
								<Keyword>can</Keyword>
								<Keyword>cloud</Keyword>
								<Keyword>computing</Keyword>
								<Keyword>hardware</Keyword>
								<Keyword>interface</Keyword>
								<Keyword>kind</Keyword>
								<Keyword>the</Keyword>
								<Keyword>these</Keyword>
							</KeywordAnnotation>
						</TextAnnotation>
						<TextAnnotation confidence="0.5" relevance="0.0"
							xml:lang="en">
							<KeywordAnnotation>
								<Keyword>Is</Keyword>
								<Keyword>OS</Keyword>
								<Keyword>PC</Keyword>
								<Keyword>VM</Keyword>
								<Keyword>in</Keyword>
								<Keyword>mf</Keyword>
								<Keyword>of</Keyword>
								<Keyword>xl</Keyword>
							</KeywordAnnotation>
						</TextAnnotation>
						<TextAnnotation confidence="0.0" relevance="0.4"
							xml:lang="en">
							<KeywordAnnotation>
								<Keyword>Concluding</Keyword>
							</KeywordAnnotation>
						</TextAnnotation>
						<TextAnnotation confidence="0.0" relevance="0.3"
							xml:lang="en">
							<KeywordAnnotation>
								<Keyword>happens</Keyword>
							</KeywordAnnotation>
						</TextAnnotation>
						<TextAnnotation confidence="0.0" relevance="0.0"
							xml:lang="en">
							<KeywordAnnotation>
								<Keyword>-</Keyword>
							</KeywordAnnotation>
						</TextAnnotation>
					</AudioVisualSegment>
					<AudioVisualSegment id="track-1.segment-2">
						<mediaTime>
							<mediaRelTimePoint>T00:00:24:0F1000</mediaRelTimePoint>
							<mediaDuration>PT30S0N1000F</mediaDuration>
						</mediaTime>
						<TextAnnotation confidence="0.0" relevance="0.3"
							xml:lang="en">
							<KeywordAnnotation>
								<Keyword>ELLT</Keyword>
							</KeywordAnnotation>
						</TextAnnotation>
						<TextAnnotation confidence="0.0" relevance="0.0"
							xml:lang="en">
							<KeywordAnnotation>
								<Keyword>E-</Keyword>
								<Keyword>I</Keyword>
								<Keyword>J</Keyword>
								<Keyword>P</Keyword>
								<Keyword>U</Keyword>
								<Keyword>X</Keyword>
								<Keyword>c</Keyword>
								<Keyword>e</Keyword>
								<Keyword>r</Keyword>
								<Keyword>w</Keyword>
								<Keyword>z</Keyword>
							</KeywordAnnotation>
						</TextAnnotation>
					</AudioVisualSegment>
					<AudioVisualSegment id="track-1.segment-3">
						<mediaTime>
							<mediaRelTimePoint>T00:00:54:0F1000</mediaRelTimePoint>
							<mediaDuration>PT12S0N1000F</mediaDuration>
						</mediaTime>
						<TextAnnotation confidence="0.5" relevance="0.5"
							xml:lang="en">
							<KeywordAnnotation>
								<Keyword>Cold</Keyword>
								<Keyword>Mist</Keyword>
								<Keyword>Steam</Keyword>
							</KeywordAnnotation>
						</TextAnnotation>
						<TextAnnotation confidence="0.5" relevance="0.4"
							xml:lang="en">
							<KeywordAnnotation>
								<Keyword>Cloud</Keyword>
								<Keyword>Inside</Keyword>
								<Keyword>View</Keyword>
								<Keyword>and</Keyword>
								<Keyword>from</Keyword>
								<Keyword>the</Keyword>
							</KeywordAnnotation>
						</TextAnnotation>
						<TextAnnotation confidence="0.5" relevance="0.3"
							xml:lang="en">
							<KeywordAnnotation>
								<Keyword>Bristol</Keyword>
								<Keyword>Dirk</Keyword>
								<Keyword>Lab</Keyword>
								<Keyword>Laboratories</Keyword>
								<Keyword>Systems</Keyword>
								<Keyword>Trusted</Keyword>
							</KeywordAnnotation>
						</TextAnnotation>
						<TextAnnotation confidence="0.5" relevance="0.0"
							xml:lang="en">
							<KeywordAnnotation>
								<Keyword>HP</Keyword>
								<Keyword>Of</Keyword>
								<Keyword>of</Keyword>
							</KeywordAnnotation>
						</TextAnnotation>
						<TextAnnotation confidence="0.0" relevance="0.4"
							xml:lang="en">
							<KeywordAnnotation>
								<Keyword>Vapour</Keyword>
							</KeywordAnnotation>
						</TextAnnotation>
						<TextAnnotation confidence="0.0" relevance="0.3"
							xml:lang="en">
							<KeywordAnnotation>
								<Keyword>Kuhlmann</Keyword>
								<Keyword>luul</Keyword>
								<Keyword>narnQhp.c</Keyword>
							</KeywordAnnotation>
						</TextAnnotation>
						<TextAnnotation confidence="0.0" relevance="0.0"
							xml:lang="en">
							<KeywordAnnotation>
								<Keyword>A</Keyword>
								<Keyword>i</Keyword>
								<Keyword>m</Keyword>
							</KeywordAnnotation>
						</TextAnnotation>
					</AudioVisualSegment>
					<AudioVisualSegment id="track-1.segment-4">
						<mediaTime>
							<mediaRelTimePoint>T00:01:06:0F1000</mediaRelTimePoint>
							<mediaDuration>PT01M11S0N1000F</mediaDuration>
						</mediaTime>
						<TextAnnotation confidence="0.5" relevance="0.5"
							xml:lang="de">
							<KeywordAnnotation>
								<Keyword>Lab</Keyword>
							</KeywordAnnotation>
						</TextAnnotation>
						<TextAnnotation confidence="0.5" relevance="0.4"
							xml:lang="de">
							<KeywordAnnotation>
								<Keyword>side</Keyword>
								<Keyword>the</Keyword>
							</KeywordAnnotation>
						</TextAnnotation>
						<TextAnnotation confidence="0.5" relevance="0.0"
							xml:lang="de">
							<KeywordAnnotation>
								<Keyword>UH</Keyword>
								<Keyword>ur</Keyword>
							</KeywordAnnotation>
						</TextAnnotation>
						<TextAnnotation confidence="0.0" relevance="0.5"
							xml:lang="de">
							<KeywordAnnotation>
								<Keyword>Bnslol</Keyword>
							</KeywordAnnotation>
						</TextAnnotation>
						<TextAnnotation confidence="0.0" relevance="0.0"
							xml:lang="de">
							<KeywordAnnotation>
								<Keyword>f</Keyword>
							</KeywordAnnotation>
						</TextAnnotation>
					</AudioVisualSegment>
					<AudioVisualSegment id="track-1.segment-5">
						<mediaTime>
							<mediaRelTimePoint>T00:02:17:0F1000</mediaRelTimePoint>
							<mediaDuration>PT45S0N1000F</mediaDuration>
						</mediaTime>
						<TextAnnotation confidence="0.5" relevance="0.5"
							xml:lang="en">
							<KeywordAnnotation>
								<Keyword>Cold</Keyword>
								<Keyword>Mist</Keyword>
								<Keyword>Steam</Keyword>
							</KeywordAnnotation>
						</TextAnnotation>
						<TextAnnotation confidence="0.5" relevance="0.4"
							xml:lang="en">
							<KeywordAnnotation>
								<Keyword>Cloud</Keyword>
								<Keyword>Inside</Keyword>
								<Keyword>View</Keyword>
								<Keyword>and</Keyword>
								<Keyword>from</Keyword>
								<Keyword>the</Keyword>
							</KeywordAnnotation>
						</TextAnnotation>
						<TextAnnotation confidence="0.5" relevance="0.3"
							xml:lang="en">
							<KeywordAnnotation>
								<Keyword>Bristol</Keyword>
								<Keyword>Dirk</Keyword>
								<Keyword>Lab</Keyword>
								<Keyword>Laboratories</Keyword>
								<Keyword>Systems</Keyword>
								<Keyword>Trusted</Keyword>
							</KeywordAnnotation>
						</TextAnnotation>
						<TextAnnotation confidence="0.5" relevance="0.0"
							xml:lang="en">
							<KeywordAnnotation>
								<Keyword>HP</Keyword>
								<Keyword>Of</Keyword>
								<Keyword>of</Keyword>
							</KeywordAnnotation>
						</TextAnnotation>
						<TextAnnotation confidence="0.0" relevance="0.4"
							xml:lang="en">
							<KeywordAnnotation>
								<Keyword>Vapour</Keyword>
							</KeywordAnnotation>
						</TextAnnotation>
						<TextAnnotation confidence="0.0" relevance="0.3"
							xml:lang="en">
							<KeywordAnnotation>
								<Keyword>Kuhlmann</Keyword>
								<Keyword>dit.k</Keyword>
								<Keyword>mlnamQl</Keyword>
								<Keyword>p.c</Keyword>
							</KeywordAnnotation>
						</TextAnnotation>
						<TextAnnotation confidence="0.0" relevance="0.0"
							xml:lang="en">
							<KeywordAnnotation>
								<Keyword>A</Keyword>
								<Keyword>m</Keyword>
							</KeywordAnnotation>
						</TextAnnotation>
					</AudioVisualSegment>
					<AudioVisualSegment id="track-1.segment-6">
						<mediaTime>
							<mediaRelTimePoint>T00:03:02:0F1000</mediaRelTimePoint>
							<mediaDuration>PT01M10S0N1000F</mediaDuration>
						</mediaTime>
						<TextAnnotation confidence="0.5" relevance="0.5"
							xml:lang="en">
							<KeywordAnnotation>
								<Keyword>Bottom</Keyword>
								<Keyword>Clouds</Keyword>
								<Keyword>Down</Keyword>
								<Keyword>Top</Keyword>
								<Keyword>all</Keyword>
								<Keyword>and</Keyword>
								<Keyword>clouds</Keyword>
								<Keyword>don</Keyword>
								<Keyword>from</Keyword>
								<Keyword>illusion</Keyword>
								<Keyword>know</Keyword>
								<Keyword>really</Keyword>
								<Keyword>recall</Keyword>
							</KeywordAnnotation>
						</TextAnnotation>
						<TextAnnotation confidence="0.5" relevance="0.4"
							xml:lang="en">
							<KeywordAnnotation>
								<Keyword>And</Keyword>
								<Keyword>Bow</Keyword>
								<Keyword>But</Keyword>
								<Keyword>From</Keyword>
								<Keyword>Inspiration</Keyword>
								<Keyword>Mitchell</Keyword>
								<Keyword>They</Keyword>
								<Keyword>air</Keyword>
								<Keyword>and</Keyword>
								<Keyword>block</Keyword>
								<Keyword>both</Keyword>
								<Keyword>castles</Keyword>
								<Keyword>clouds</Keyword>
								<Keyword>could</Keyword>
								<Keyword>cream</Keyword>
								<Keyword>done</Keyword>
								<Keyword>down</Keyword>
								<Keyword>everyone</Keyword>
								<Keyword>flows</Keyword>
								<Keyword>from</Keyword>
								<Keyword>got</Keyword>
								<Keyword>hair</Keyword>
								<Keyword>ice</Keyword>
								<Keyword>now</Keyword>
								<Keyword>only</Keyword>
								<Keyword>rain</Keyword>
								<Keyword>sides</Keyword>
								<Keyword>snow</Keyword>
								<Keyword>still</Keyword>
								<Keyword>sun</Keyword>
								<Keyword>the</Keyword>
								<Keyword>they</Keyword>
								<Keyword>things</Keyword>
								<Keyword>way</Keyword>
							</KeywordAnnotation>
						</TextAnnotation>
						<TextAnnotation confidence="0.5" relevance="0.0"
							xml:lang="en">
							<KeywordAnnotation>
								<Keyword>It</Keyword>
								<Keyword>Up</Keyword>
								<Keyword>at</Keyword>
								<Keyword>in</Keyword>
								<Keyword>my</Keyword>
								<Keyword>of</Keyword>
								<Keyword>on</Keyword>
								<Keyword>th</Keyword>
								<Keyword>up</Keyword>
								<Keyword>ve</Keyword>
							</KeywordAnnotation>
						</TextAnnotation>
						<TextAnnotation confidence="0.0" relevance="0.4"
							xml:lang="en">
							<KeywordAnnotation>
								<Keyword>Joni</Keyword>
								<Keyword>Precitipation</Keyword>
								<Keyword>cIo</Keyword>
								<Keyword>evgrywhere</Keyword>
								<Keyword>featheyed</Keyword>
								<Keyword>gnggl</Keyword>
								<Keyword>hav</Keyword>
								<Keyword>looked</Keyword>
								<Keyword>louds</Keyword>
								<Keyword>rcanyronsr</Keyword>
								<Keyword>rhany</Keyword>
								<Keyword>somehow</Keyword>
							</KeywordAnnotation>
						</TextAnnotation>
						<TextAnnotation confidence="0.0" relevance="0.0"
							xml:lang="en">
							<KeywordAnnotation>
								<Keyword>I</Keyword>
								<Keyword>S</Keyword>
								<Keyword>d</Keyword>
								<Keyword>l</Keyword>
								<Keyword>s</Keyword>
								<Keyword>t</Keyword>
							</KeywordAnnotation>
						</TextAnnotation>
					</AudioVisualSegment>
					<AudioVisualSegment id="track-1.segment-7">
						<mediaTime>
							<mediaRelTimePoint>T00:04:12:0F1000</mediaRelTimePoint>
							<mediaDuration>PT01M05S0N1000F</mediaDuration>
						</mediaTime>
						<TextAnnotation confidence="0.5" relevance="0.5"
							xml:lang="en">
							<KeywordAnnotation>
								<Keyword>Bottom</Keyword>
								<Keyword>Clouds</Keyword>
								<Keyword>Down</Keyword>
								<Keyword>Top</Keyword>
								<Keyword>all</Keyword>
								<Keyword>and</Keyword>
								<Keyword>clouds</Keyword>
								<Keyword>don</Keyword>
								<Keyword>from</Keyword>
								<Keyword>know</Keyword>
								<Keyword>recall</Keyword>
							</KeywordAnnotation>
						</TextAnnotation>
						<TextAnnotation confidence="0.5" relevance="0.4"
							xml:lang="en">
							<KeywordAnnotation>
								<Keyword>And</Keyword>
								<Keyword>But</Keyword>
								<Keyword>From</Keyword>
								<Keyword>Inspiration</Keyword>
								<Keyword>Mitchell</Keyword>
								<Keyword>They</Keyword>
								<Keyword>air</Keyword>
								<Keyword>and</Keyword>
								<Keyword>block</Keyword>
								<Keyword>both</Keyword>
								<Keyword>clouds</Keyword>
								<Keyword>could</Keyword>
								<Keyword>cream</Keyword>
								<Keyword>done</Keyword>
								<Keyword>down</Keyword>
								<Keyword>everyone</Keyword>
								<Keyword>flows</Keyword>
								<Keyword>from</Keyword>
								<Keyword>got</Keyword>
								<Keyword>hair</Keyword>
								<Keyword>ice</Keyword>
								<Keyword>illusion</Keyword>
								<Keyword>now</Keyword>
								<Keyword>only</Keyword>
								<Keyword>rain</Keyword>
								<Keyword>really</Keyword>
								<Keyword>sides</Keyword>
								<Keyword>snow</Keyword>
								<Keyword>still</Keyword>
								<Keyword>sun</Keyword>
								<Keyword>the</Keyword>
								<Keyword>they</Keyword>
								<Keyword>things</Keyword>
								<Keyword>way</Keyword>
							</KeywordAnnotation>
						</TextAnnotation>
						<TextAnnotation confidence="0.5" relevance="0.0"
							xml:lang="en">
							<KeywordAnnotation>
								<Keyword>It</Keyword>
								<Keyword>Up</Keyword>
								<Keyword>at</Keyword>
								<Keyword>in</Keyword>
								<Keyword>my</Keyword>
								<Keyword>of</Keyword>
								<Keyword>on</Keyword>
								<Keyword>th</Keyword>
								<Keyword>up</Keyword>
								<Keyword>ve</Keyword>
							</KeywordAnnotation>
						</TextAnnotation>
						<TextAnnotation confidence="0.0" relevance="0.4"
							xml:lang="en">
							<KeywordAnnotation>
								<Keyword>Joni</Keyword>
								<Keyword>Precitipation</Keyword>
								<Keyword>Qows</Keyword>
								<Keyword>cIodd</Keyword>
								<Keyword>castlesvin</Keyword>
								<Keyword>evgrywhere</Keyword>
								<Keyword>featheyed</Keyword>
								<Keyword>gngel</Keyword>
								<Keyword>hav</Keyword>
								<Keyword>looked</Keyword>
								<Keyword>louds</Keyword>
								<Keyword>rcanyronsr</Keyword>
								<Keyword>rhany</Keyword>
								<Keyword>somehow</Keyword>
							</KeywordAnnotation>
						</TextAnnotation>
						<TextAnnotation confidence="0.0" relevance="0.0"
							xml:lang="en">
							<KeywordAnnotation>
								<Keyword>I</Keyword>
								<Keyword>S</Keyword>
								<Keyword>l</Keyword>
								<Keyword>s</Keyword>
								<Keyword>t</Keyword>
							</KeywordAnnotation>
						</TextAnnotation>
					</AudioVisualSegment>
					<AudioVisualSegment id="track-1.segment-8">
						<mediaTime>
							<mediaRelTimePoint>T00:05:17:0F1000</mediaRelTimePoint>
							<mediaDuration>PT01M46S0N1000F</mediaDuration>
						</mediaTime>
						<TextAnnotation confidence="0.5" relevance="0.5"
							xml:lang="en">
							<KeywordAnnotation>
								<Keyword>Big</Keyword>
								<Keyword>Clouds</Keyword>
								<Keyword>Picture</Keyword>
								<Keyword>The</Keyword>
							</KeywordAnnotation>
						</TextAnnotation>
						<TextAnnotation confidence="0.0" relevance="0.3"
							xml:lang="en">
							<KeywordAnnotation>
								<Keyword>wcqn</Keyword>
							</KeywordAnnotation>
						</TextAnnotation>
						<TextAnnotation confidence="0.0" relevance="0.0"
							xml:lang="en">
							<KeywordAnnotation>
								<Keyword>Q</Keyword>
								<Keyword>X</Keyword>
								<Keyword>h</Keyword>
								<Keyword>n</Keyword>
							</KeywordAnnotation>
						</TextAnnotation>
					</AudioVisualSegment>
					<AudioVisualSegment id="track-1.segment-9">
						<mediaTime>
							<mediaRelTimePoint>T00:07:03:0F1000</mediaRelTimePoint>
							<mediaDuration>PT01M41S0N1000F</mediaDuration>
						</mediaTime>
						<TextAnnotation confidence="0.5" relevance="0.5"
							xml:lang="en">
							<KeywordAnnotation>
								<Keyword>Physics</Keyword>
								<Keyword>The</Keyword>
								<Keyword>changes</Keyword>
								<Keyword>coordination</Keyword>
							</KeywordAnnotation>
						</TextAnnotation>
						<TextAnnotation confidence="0.5" relevance="0.4"
							xml:lang="en">
							<KeywordAnnotation>
								<Keyword>Actual</Keyword>
								<Keyword>Analogies</Keyword>
								<Keyword>Diameters</Keyword>
								<Keyword>Emergent</Keyword>
								<Keyword>Functional</Keyword>
								<Keyword>Huge</Keyword>
								<Keyword>Molecular</Keyword>
								<Keyword>Nucleus</Keyword>
								<Keyword>Only</Keyword>
								<Keyword>Paradigm</Keyword>
								<Keyword>Saturation</Keyword>
								<Keyword>absence</Keyword>
								<Keyword>air</Keyword>
								<Keyword>around</Keyword>
								<Keyword>back</Keyword>
								<Keyword>base</Keyword>
								<Keyword>centralized</Keyword>
								<Keyword>cloud</Keyword>
								<Keyword>come</Keyword>
								<Keyword>condensation</Keyword>
								<Keyword>conditions</Keyword>
								<Keyword>constituents</Keyword>
								<Keyword>determined</Keyword>
								<Keyword>differentiation</Keyword>
								<Keyword>dimensions</Keyword>
								<Keyword>drop</Keyword>
								<Keyword>droplets</Keyword>
								<Keyword>for</Keyword>
								<Keyword>global</Keyword>
								<Keyword>local</Keyword>
								<Keyword>mainly</Keyword>
								<Keyword>molecules</Keyword>
								<Keyword>nuclei</Keyword>
								<Keyword>nucleus</Keyword>
								<Keyword>parameter</Keyword>
								<Keyword>parcel</Keyword>
								<Keyword>phase</Keyword>
								<Keyword>phenomenon</Keyword>
								<Keyword>quantities</Keyword>
								<Keyword>require</Keyword>
								<Keyword>solid</Keyword>
								<Keyword>state</Keyword>
								<Keyword>strongly</Keyword>
								<Keyword>temperature</Keyword>
								<Keyword>terminology</Keyword>
								<Keyword>typically</Keyword>
								<Keyword>uniform</Keyword>
								<Keyword>variables</Keyword>
								<Keyword>will</Keyword>
								<Keyword>you</Keyword>
							</KeywordAnnotation>
						</TextAnnotation>
						<TextAnnotation confidence="0.5" relevance="0.0"
							xml:lang="en">
							<KeywordAnnotation>
								<Keyword>In</Keyword>
								<Keyword>by</Keyword>
								<Keyword>ma</Keyword>
								<Keyword>no</Keyword>
								<Keyword>of</Keyword>
								<Keyword>or</Keyword>
								<Keyword>to</Keyword>
							</KeywordAnnotation>
						</TextAnnotation>
						<TextAnnotation confidence="0.0" relevance="0.5"
							xml:lang="en">
							<KeywordAnnotation>
								<Keyword>Clouqsz</Keyword>
							</KeywordAnnotation>
						</TextAnnotation>
						<TextAnnotation confidence="0.0" relevance="0.4"
							xml:lang="en">
							<KeywordAnnotation>
								<Keyword>Questionable</Keyword>
								<Keyword>coalescence</Keyword>
								<Keyword>droplet</Keyword>
								<Keyword>fomr</Keyword>
								<Keyword>haunt</Keyword>
								<Keyword>qne</Keyword>
								<Keyword>self-nucleation</Keyword>
								<Keyword>supersaturalion</Keyword>
							</KeywordAnnotation>
						</TextAnnotation>
						<TextAnnotation confidence="0.0" relevance="0.0"
							xml:lang="en">
							<KeywordAnnotation>
								<Keyword>-</Keyword>
								<Keyword>A</Keyword>
								<Keyword>H</Keyword>
								<Keyword>O</Keyword>
								<Keyword>m</Keyword>
								<Keyword>s</Keyword>
							</KeywordAnnotation>
						</TextAnnotation>
					</AudioVisualSegment>
					<AudioVisualSegment id="track-1.segment-10">
						<mediaTime>
							<mediaRelTimePoint>T00:08:44:0F1000</mediaRelTimePoint>
							<mediaDuration>PT02M07S0N1000F</mediaDuration>
						</mediaTime>
						<TextAnnotation confidence="0.5" relevance="0.5"
							xml:lang="en">
							<KeywordAnnotation>
								<Keyword>Clouds</Keyword>
								<Keyword>Physics</Keyword>
								<Keyword>The</Keyword>
								<Keyword>changes</Keyword>
								<Keyword>coordination</Keyword>
							</KeywordAnnotation>
						</TextAnnotation>
						<TextAnnotation confidence="0.5" relevance="0.4"
							xml:lang="en">
							<KeywordAnnotation>
								<Keyword>Actual</Keyword>
								<Keyword>Analogies</Keyword>
								<Keyword>Functional</Keyword>
								<Keyword>Huge</Keyword>
								<Keyword>Molecular</Keyword>
								<Keyword>Nucleus</Keyword>
								<Keyword>Only</Keyword>
								<Keyword>Paradigm</Keyword>
								<Keyword>Saturation</Keyword>
								<Keyword>absence</Keyword>
								<Keyword>air</Keyword>
								<Keyword>around</Keyword>
								<Keyword>back</Keyword>
								<Keyword>base</Keyword>
								<Keyword>centralized</Keyword>
								<Keyword>cloud</Keyword>
								<Keyword>come</Keyword>
								<Keyword>condensation</Keyword>
								<Keyword>conditions</Keyword>
								<Keyword>constituents</Keyword>
								<Keyword>determined</Keyword>
								<Keyword>drop</Keyword>
								<Keyword>droplets</Keyword>
								<Keyword>for</Keyword>
								<Keyword>form</Keyword>
								<Keyword>global</Keyword>
								<Keyword>local</Keyword>
								<Keyword>mainly</Keyword>
								<Keyword>molecules</Keyword>
								<Keyword>nuclei</Keyword>
								<Keyword>nucleus</Keyword>
								<Keyword>parameter</Keyword>
								<Keyword>parcel</Keyword>
								<Keyword>phase</Keyword>
								<Keyword>quantities</Keyword>
								<Keyword>que</Keyword>
								<Keyword>require</Keyword>
								<Keyword>solid</Keyword>
								<Keyword>state</Keyword>
								<Keyword>strongly</Keyword>
								<Keyword>temperature</Keyword>
								<Keyword>terminology</Keyword>
								<Keyword>typically</Keyword>
								<Keyword>uniform</Keyword>
								<Keyword>variables</Keyword>
								<Keyword>will</Keyword>
								<Keyword>you</Keyword>
							</KeywordAnnotation>
						</TextAnnotation>
						<TextAnnotation confidence="0.5" relevance="0.0"
							xml:lang="en">
							<KeywordAnnotation>
								<Keyword>In</Keyword>
								<Keyword>by</Keyword>
								<Keyword>ma</Keyword>
								<Keyword>no</Keyword>
								<Keyword>of</Keyword>
								<Keyword>or</Keyword>
								<Keyword>to</Keyword>
							</KeywordAnnotation>
						</TextAnnotation>
						<TextAnnotation confidence="0.0" relevance="0.4"
							xml:lang="en">
							<KeywordAnnotation>
								<Keyword>Diametersi</Keyword>
								<Keyword>Emergentphencmenon</Keyword>
								<Keyword>Questionable</Keyword>
								<Keyword>coalescence</Keyword>
								<Keyword>detemnined</Keyword>
								<Keyword>differentiatrbn</Keyword>
								<Keyword>dimcnsmns</Keyword>
								<Keyword>droplet</Keyword>
								<Keyword>haunt</Keyword>
								<Keyword>self-nucleation</Keyword>
								<Keyword>supersaturation</Keyword>
							</KeywordAnnotation>
						</TextAnnotation>
						<TextAnnotation confidence="0.0" relevance="0.0"
							xml:lang="en">
							<KeywordAnnotation>
								<Keyword>-</Keyword>
								<Keyword>--</Keyword>
								<Keyword>A</Keyword>
								<Keyword>H</Keyword>
								<Keyword>O</Keyword>
								<Keyword>m</Keyword>
								<Keyword>s</Keyword>
							</KeywordAnnotation>
						</TextAnnotation>
					</AudioVisualSegment>
					<AudioVisualSegment id="track-1.segment-11">
						<mediaTime>
							<mediaRelTimePoint>T00:10:51:0F1000</mediaRelTimePoint>
							<mediaDuration>PT02M07S0N1000F</mediaDuration>
						</mediaTime>
						<TextAnnotation confidence="0.5" relevance="0.5"
							xml:lang="de">
							<KeywordAnnotation>
								<Keyword>Clouds</Keyword>
								<Keyword>and</Keyword>
								<Keyword>the</Keyword>
							</KeywordAnnotation>
						</TextAnnotation>
						<TextAnnotation confidence="0.5" relevance="0.0"
							xml:lang="de">
							<KeywordAnnotation>
								<Keyword>Hf</Keyword>
								<Keyword>KS</Keyword>
								<Keyword>Ka</Keyword>
								<Keyword>MY</Keyword>
								<Keyword>Qf</Keyword>
							</KeywordAnnotation>
						</TextAnnotation>
						<TextAnnotation confidence="0.0" relevance="0.5"
							xml:lang="de">
							<KeywordAnnotation>
								<Keyword>Busters</Keyword>
								<Keyword>Pchcmg</Keyword>
								<Keyword>Seedsvs</Keyword>
							</KeywordAnnotation>
						</TextAnnotation>
						<TextAnnotation confidence="0.0" relevance="0.3"
							xml:lang="de">
							<KeywordAnnotation>
								<Keyword>lmqgs</Keyword>
							</KeywordAnnotation>
						</TextAnnotation>
						<TextAnnotation confidence="0.0" relevance="0.0"
							xml:lang="de">
							<KeywordAnnotation>
								<Keyword>-</Keyword>
								<Keyword>M</Keyword>
								<Keyword>N</Keyword>
								<Keyword>QW</Keyword>
								<Keyword>R</Keyword>
								<Keyword>r</Keyword>
								<Keyword>x</Keyword>
							</KeywordAnnotation>
						</TextAnnotation>
					</AudioVisualSegment>
					<AudioVisualSegment id="track-1.segment-12">
						<mediaTime>
							<mediaRelTimePoint>T00:12:58:0F1000</mediaRelTimePoint>
							<mediaDuration>PT04M27S0N1000F</mediaDuration>
						</mediaTime>
						<TextAnnotation confidence="0.5" relevance="0.5"
							xml:lang="en">
							<KeywordAnnotation>
								<Keyword>Clouds</Keyword>
								<Keyword>The</Keyword>
								<Keyword>and</Keyword>
								<Keyword>cell</Keyword>
								<Keyword>concept</Keyword>
								<Keyword>contrast</Keyword>
								<Keyword>found</Keyword>
								<Keyword>identity</Keyword>
								<Keyword>immune</Keyword>
								<Keyword>means</Keyword>
								<Keyword>memory</Keyword>
								<Keyword>negation</Keyword>
								<Keyword>other</Keyword>
								<Keyword>purpose</Keyword>
								<Keyword>say</Keyword>
								<Keyword>self</Keyword>
								<Keyword>system</Keyword>
								<Keyword>them</Keyword>
							</KeywordAnnotation>
						</TextAnnotation>
						<TextAnnotation confidence="0.5" relevance="0.4"
							xml:lang="en">
							<KeywordAnnotation>
								<Keyword>Analogies</Keyword>
								<Keyword>But</Keyword>
								<Keyword>Centre</Keyword>
								<Keyword>More</Keyword>
								<Keyword>Questions</Keyword>
								<Keyword>The</Keyword>
								<Keyword>This</Keyword>
								<Keyword>about</Keyword>
								<Keyword>and</Keyword>
								<Keyword>back</Keyword>
								<Keyword>being</Keyword>
								<Keyword>care</Keyword>
								<Keyword>cloud</Keyword>
								<Keyword>clouds</Keyword>
								<Keyword>come</Keyword>
								<Keyword>core</Keyword>
								<Keyword>density</Keyword>
								<Keyword>don</Keyword>
								<Keyword>flux</Keyword>
								<Keyword>fringes</Keyword>
								<Keyword>fuzzy</Keyword>
								<Keyword>gravity</Keyword>
								<Keyword>history</Keyword>
								<Keyword>maximum</Keyword>
								<Keyword>may</Keyword>
								<Keyword>not</Keyword>
								<Keyword>nowhere</Keyword>
								<Keyword>observed</Keyword>
								<Keyword>observer</Keyword>
								<Keyword>part</Keyword>
								<Keyword>require</Keyword>
								<Keyword>terminology</Keyword>
								<Keyword>what</Keyword>
								<Keyword>will</Keyword>
								<Keyword>you</Keyword>
							</KeywordAnnotation>
						</TextAnnotation>
						<TextAnnotation confidence="0.5" relevance="0.0"
							xml:lang="en">
							<KeywordAnnotation>
								<Keyword>In</Keyword>
								<Keyword>No</Keyword>
								<Keyword>an</Keyword>
								<Keyword>be</Keyword>
								<Keyword>in</Keyword>
								<Keyword>is</Keyword>
								<Keyword>no</Keyword>
								<Keyword>of</Keyword>
								<Keyword>or</Keyword>
								<Keyword>to</Keyword>
								<Keyword>us</Keyword>
							</KeywordAnnotation>
						</TextAnnotation>
						<TextAnnotation confidence="0.0" relevance="0.5"
							xml:lang="en">
							<KeywordAnnotation>
								<Keyword>Physiognomy</Keyword>
								<Keyword>opaqueness</Keyword>
							</KeywordAnnotation>
						</TextAnnotation>
						<TextAnnotation confidence="0.0" relevance="0.4"
							xml:lang="en">
							<KeywordAnnotation>
								<Keyword>Differeniiatorfor</Keyword>
								<Keyword>Paradigmatic</Keyword>
								<Keyword>extemal</Keyword>
								<Keyword>haunt</Keyword>
								<Keyword>qualiticalicn</Keyword>
								<Keyword>unclear</Keyword>
							</KeywordAnnotation>
						</TextAnnotation>
						<TextAnnotation confidence="0.0" relevance="0.0"
							xml:lang="en">
							<KeywordAnnotation>
								<Keyword>-</Keyword>
								<Keyword>N</Keyword>
								<Keyword>a</Keyword>
								<Keyword>s</Keyword>
							</KeywordAnnotation>
						</TextAnnotation>
					</AudioVisualSegment>
					<AudioVisualSegment id="track-1.segment-13">
						<mediaTime>
							<mediaRelTimePoint>T00:17:25:0F1000</mediaRelTimePoint>
							<mediaDuration>PT02M07S0N1000F</mediaDuration>
						</mediaTime>
						<TextAnnotation confidence="0.5" relevance="0.5"
							xml:lang="en">
							<KeywordAnnotation>
								<Keyword>Invariant</Keyword>
								<Keyword>Variability</Keyword>
							</KeywordAnnotation>
						</TextAnnotation>
						<TextAnnotation confidence="0.5" relevance="0.4"
							xml:lang="en">
							<KeywordAnnotation>
								<Keyword>Nuclei</Keyword>
								<Keyword>One</Keyword>
								<Keyword>Phase</Keyword>
								<Keyword>Potentially</Keyword>
								<Keyword>allow</Keyword>
								<Keyword>changes</Keyword>
								<Keyword>classify</Keyword>
								<Keyword>cloud</Keyword>
								<Keyword>clouds</Keyword>
								<Keyword>concepts</Keyword>
								<Keyword>constituents</Keyword>
								<Keyword>difficult</Keyword>
								<Keyword>essential</Keyword>
								<Keyword>factor</Keyword>
								<Keyword>features</Keyword>
								<Keyword>for</Keyword>
								<Keyword>forecast</Keyword>
								<Keyword>freedom</Keyword>
								<Keyword>lack</Keyword>
								<Keyword>many</Keyword>
								<Keyword>might</Keyword>
								<Keyword>parameters</Keyword>
								<Keyword>scale</Keyword>
								<Keyword>security</Keyword>
								<Keyword>single</Keyword>
								<Keyword>supporting</Keyword>
								<Keyword>that</Keyword>
								<Keyword>the</Keyword>
								<Keyword>there</Keyword>
								<Keyword>useful</Keyword>
							</KeywordAnnotation>
						</TextAnnotation>
						<TextAnnotation confidence="0.5" relevance="0.0"
							xml:lang="en">
							<KeywordAnnotation>
								<Keyword>IT</Keyword>
								<Keyword>Or</Keyword>
								<Keyword>as</Keyword>
								<Keyword>in</Keyword>
								<Keyword>is</Keyword>
								<Keyword>ls</Keyword>
								<Keyword>of</Keyword>
								<Keyword>qf</Keyword>
								<Keyword>to</Keyword>
								<Keyword>ud</Keyword>
								<Keyword>us</Keyword>
								<Keyword>vs</Keyword>
							</KeywordAnnotation>
						</TextAnnotation>
						<TextAnnotation confidence="0.0" relevance="0.4"
							xml:lang="en">
							<KeywordAnnotation>
								<Keyword>Challenging</Keyword>
								<Keyword>Qegree</Keyword>
								<Keyword>Qlouds</Keyword>
								<Keyword>Securitywise</Keyword>
								<Keyword>ajtribute</Keyword>
								<Keyword>alarming</Keyword>
								<Keyword>amorphness</Keyword>
								<Keyword>appgglto</Keyword>
								<Keyword>changefreducliqn</Keyword>
								<Keyword>coalescence</Keyword>
								<Keyword>enhanc</Keyword>
								<Keyword>fundamehfal</Keyword>
								<Keyword>globalr</Keyword>
								<Keyword>jqgt</Keyword>
								<Keyword>notoriously</Keyword>
								<Keyword>ofthem</Keyword>
								<Keyword>respons</Keyword>
								<Keyword>self-nucleation</Keyword>
								<Keyword>trushiorthyness</Keyword>
							</KeywordAnnotation>
						</TextAnnotation>
						<TextAnnotation confidence="0.0" relevance="0.0"
							xml:lang="en">
							<KeywordAnnotation>
								<Keyword>-</Keyword>
								<Keyword>C</Keyword>
								<Keyword>a</Keyword>
								<Keyword>s</Keyword>
							</KeywordAnnotation>
						</TextAnnotation>
					</AudioVisualSegment>
					<AudioVisualSegment id="track-1.segment-14">
						<mediaTime>
							<mediaRelTimePoint>T00:19:32:0F1000</mediaRelTimePoint>
							<mediaDuration>PT30S0N1000F</mediaDuration>
						</mediaTime>
						<TextAnnotation confidence="0.5" relevance="0.5"
							xml:lang="en">
							<KeywordAnnotation>
								<Keyword>Invariant</Keyword>
								<Keyword>Variability</Keyword>
							</KeywordAnnotation>
						</TextAnnotation>
						<TextAnnotation confidence="0.5" relevance="0.4"
							xml:lang="en">
							<KeywordAnnotation>
								<Keyword>Nuclei</Keyword>
								<Keyword>One</Keyword>
								<Keyword>Phase</Keyword>
								<Keyword>Potentially</Keyword>
								<Keyword>allow</Keyword>
								<Keyword>changes</Keyword>
								<Keyword>classify</Keyword>
								<Keyword>cloud</Keyword>
								<Keyword>clouds</Keyword>
								<Keyword>concepts</Keyword>
								<Keyword>constituents</Keyword>
								<Keyword>degree</Keyword>
								<Keyword>difficult</Keyword>
								<Keyword>essential</Keyword>
								<Keyword>factor</Keyword>
								<Keyword>features</Keyword>
								<Keyword>for</Keyword>
								<Keyword>forecast</Keyword>
								<Keyword>lack</Keyword>
								<Keyword>many</Keyword>
								<Keyword>might</Keyword>
								<Keyword>parameters</Keyword>
								<Keyword>scale</Keyword>
								<Keyword>security</Keyword>
								<Keyword>single</Keyword>
								<Keyword>supporting</Keyword>
								<Keyword>that</Keyword>
								<Keyword>the</Keyword>
								<Keyword>there</Keyword>
								<Keyword>useful</Keyword>
							</KeywordAnnotation>
						</TextAnnotation>
						<TextAnnotation confidence="0.5" relevance="0.0"
							xml:lang="en">
							<KeywordAnnotation>
								<Keyword>IT</Keyword>
								<Keyword>Or</Keyword>
								<Keyword>as</Keyword>
								<Keyword>in</Keyword>
								<Keyword>is</Keyword>
								<Keyword>ls</Keyword>
								<Keyword>of</Keyword>
								<Keyword>to</Keyword>
								<Keyword>ud</Keyword>
								<Keyword>us</Keyword>
								<Keyword>vs</Keyword>
							</KeywordAnnotation>
						</TextAnnotation>
						<TextAnnotation confidence="0.0" relevance="0.4"
							xml:lang="en">
							<KeywordAnnotation>
								<Keyword>Challenging</Keyword>
								<Keyword>Qlouds</Keyword>
								<Keyword>Securitywise</Keyword>
								<Keyword>Vcloud</Keyword>
								<Keyword>ajtribute</Keyword>
								<Keyword>alarming</Keyword>
								<Keyword>amorphness</Keyword>
								<Keyword>appgqlto</Keyword>
								<Keyword>changelreduction</Keyword>
								<Keyword>enhanc</Keyword>
								<Keyword>freedomlcoalescence</Keyword>
								<Keyword>fundamehfal</Keyword>
								<Keyword>giobalr</Keyword>
								<Keyword>jqgt</Keyword>
								<Keyword>notoriously</Keyword>
								<Keyword>ofthem</Keyword>
								<Keyword>respons</Keyword>
								<Keyword>self-nucleation</Keyword>
								<Keyword>trushionhyness</Keyword>
							</KeywordAnnotation>
						</TextAnnotation>
						<TextAnnotation confidence="0.0" relevance="0.0"
							xml:lang="en">
							<KeywordAnnotation>
								<Keyword>C</Keyword>
								<Keyword>O</Keyword>
								<Keyword>a</Keyword>
								<Keyword>s</Keyword>
							</KeywordAnnotation>
						</TextAnnotation>
					</AudioVisualSegment>
					<AudioVisualSegment id="track-1.segment-15">
						<mediaTime>
							<mediaRelTimePoint>T00:20:02:0F1000</mediaRelTimePoint>
							<mediaDuration>PT21S0N1000F</mediaDuration>
						</mediaTime>
						<TextAnnotation confidence="0.5" relevance="0.5"
							xml:lang="en">
							<KeywordAnnotation>
								<Keyword>Invariant</Keyword>
								<Keyword>Variability</Keyword>
							</KeywordAnnotation>
						</TextAnnotation>
						<TextAnnotation confidence="0.5" relevance="0.4"
							xml:lang="en">
							<KeywordAnnotation>
								<Keyword>Nuclei</Keyword>
								<Keyword>One</Keyword>
								<Keyword>Phase</Keyword>
								<Keyword>Potentially</Keyword>
								<Keyword>allow</Keyword>
								<Keyword>classify</Keyword>
								<Keyword>cloud</Keyword>
								<Keyword>clouds</Keyword>
								<Keyword>concepts</Keyword>
								<Keyword>constituents</Keyword>
								<Keyword>difficult</Keyword>
								<Keyword>essential</Keyword>
								<Keyword>factor</Keyword>
								<Keyword>features</Keyword>
								<Keyword>for</Keyword>
								<Keyword>forecast</Keyword>
								<Keyword>freedom</Keyword>
								<Keyword>global</Keyword>
								<Keyword>lack</Keyword>
								<Keyword>many</Keyword>
								<Keyword>might</Keyword>
								<Keyword>parameters</Keyword>
								<Keyword>scale</Keyword>
								<Keyword>security</Keyword>
								<Keyword>single</Keyword>
								<Keyword>supporting</Keyword>
								<Keyword>that</Keyword>
								<Keyword>the</Keyword>
								<Keyword>there</Keyword>
								<Keyword>useful</Keyword>
							</KeywordAnnotation>
						</TextAnnotation>
						<TextAnnotation confidence="0.5" relevance="0.0"
							xml:lang="en">
							<KeywordAnnotation>
								<Keyword>IT</Keyword>
								<Keyword>Or</Keyword>
								<Keyword>as</Keyword>
								<Keyword>in</Keyword>
								<Keyword>is</Keyword>
								<Keyword>ls</Keyword>
								<Keyword>of</Keyword>
								<Keyword>qf</Keyword>
								<Keyword>to</Keyword>
								<Keyword>ud</Keyword>
								<Keyword>us</Keyword>
								<Keyword>vs</Keyword>
							</KeywordAnnotation>
						</TextAnnotation>
						<TextAnnotation confidence="0.0" relevance="0.4"
							xml:lang="en">
							<KeywordAnnotation>
								<Keyword>Challenging</Keyword>
								<Keyword>Qegree</Keyword>
								<Keyword>Qlouds</Keyword>
								<Keyword>Securitywise</Keyword>
								<Keyword>Vcloud</Keyword>
								<Keyword>ajtribute</Keyword>
								<Keyword>alarming</Keyword>
								<Keyword>amorphness</Keyword>
								<Keyword>appgqlto</Keyword>
								<Keyword>changefreduciiqn</Keyword>
								<Keyword>coalescence</Keyword>
								<Keyword>enhanc</Keyword>
								<Keyword>fundamehfal</Keyword>
								<Keyword>jqgt</Keyword>
								<Keyword>notoriously</Keyword>
								<Keyword>ofthem</Keyword>
								<Keyword>responserchanges</Keyword>
								<Keyword>self-nucleation</Keyword>
								<Keyword>trustviorthyness</Keyword>
							</KeywordAnnotation>
						</TextAnnotation>
						<TextAnnotation confidence="0.0" relevance="0.0"
							xml:lang="en">
							<KeywordAnnotation>
								<Keyword>C</Keyword>
								<Keyword>O</Keyword>
								<Keyword>a</Keyword>
								<Keyword>s</Keyword>
							</KeywordAnnotation>
						</TextAnnotation>
					</AudioVisualSegment>
					<AudioVisualSegment id="track-1.segment-16">
						<mediaTime>
							<mediaRelTimePoint>T00:20:23:0F1000</mediaRelTimePoint>
							<mediaDuration>PT28S0N1000F</mediaDuration>
						</mediaTime>
						<TextAnnotation confidence="0.5" relevance="0.5"
							xml:lang="en">
							<KeywordAnnotation>
								<Keyword>Invariant</Keyword>
								<Keyword>Variability</Keyword>
							</KeywordAnnotation>
						</TextAnnotation>
						<TextAnnotation confidence="0.5" relevance="0.4"
							xml:lang="en">
							<KeywordAnnotation>
								<Keyword>Nuclei</Keyword>
								<Keyword>One</Keyword>
								<Keyword>Phase</Keyword>
								<Keyword>Potentially</Keyword>
								<Keyword>allow</Keyword>
								<Keyword>change</Keyword>
								<Keyword>changes</Keyword>
								<Keyword>classify</Keyword>
								<Keyword>cloud</Keyword>
								<Keyword>clouds</Keyword>
								<Keyword>concepts</Keyword>
								<Keyword>constituents</Keyword>
								<Keyword>difficult</Keyword>
								<Keyword>essential</Keyword>
								<Keyword>factor</Keyword>
								<Keyword>features</Keyword>
								<Keyword>for</Keyword>
								<Keyword>forecast</Keyword>
								<Keyword>freedom</Keyword>
								<Keyword>global</Keyword>
								<Keyword>lack</Keyword>
								<Keyword>many</Keyword>
								<Keyword>might</Keyword>
								<Keyword>parameters</Keyword>
								<Keyword>scale</Keyword>
								<Keyword>security</Keyword>
								<Keyword>single</Keyword>
								<Keyword>supporting</Keyword>
								<Keyword>that</Keyword>
								<Keyword>the</Keyword>
								<Keyword>there</Keyword>
								<Keyword>useful</Keyword>
							</KeywordAnnotation>
						</TextAnnotation>
						<TextAnnotation confidence="0.5" relevance="0.0"
							xml:lang="en">
							<KeywordAnnotation>
								<Keyword>IT</Keyword>
								<Keyword>Or</Keyword>
								<Keyword>as</Keyword>
								<Keyword>in</Keyword>
								<Keyword>is</Keyword>
								<Keyword>ls</Keyword>
								<Keyword>of</Keyword>
								<Keyword>qi</Keyword>
								<Keyword>to</Keyword>
								<Keyword>ud</Keyword>
								<Keyword>us</Keyword>
								<Keyword>vs</Keyword>
							</KeywordAnnotation>
						</TextAnnotation>
						<TextAnnotation confidence="0.0" relevance="0.4"
							xml:lang="en">
							<KeywordAnnotation>
								<Keyword>Challenging</Keyword>
								<Keyword>Qlouds</Keyword>
								<Keyword>Securitywise</Keyword>
								<Keyword>ajtribute</Keyword>
								<Keyword>alarming</Keyword>
								<Keyword>amorphness</Keyword>
								<Keyword>appgqlto</Keyword>
								<Keyword>coalescence</Keyword>
								<Keyword>enhanc</Keyword>
								<Keyword>fundamehfal</Keyword>
								<Keyword>jqgt</Keyword>
								<Keyword>notoriously</Keyword>
								<Keyword>ofthem</Keyword>
								<Keyword>plegree</Keyword>
								<Keyword>rclcud</Keyword>
								<Keyword>reductiqn</Keyword>
								<Keyword>respons</Keyword>
								<Keyword>self-nucleation</Keyword>
								<Keyword>trushionhyness</Keyword>
							</KeywordAnnotation>
						</TextAnnotation>
						<TextAnnotation confidence="0.0" relevance="0.0"
							xml:lang="en">
							<KeywordAnnotation>
								<Keyword>C</Keyword>
								<Keyword>O</Keyword>
								<Keyword>a</Keyword>
								<Keyword>s</Keyword>
							</KeywordAnnotation>
						</TextAnnotation>
					</AudioVisualSegment>
					<AudioVisualSegment id="track-1.segment-17">
						<mediaTime>
							<mediaRelTimePoint>T00:20:51:0F1000</mediaRelTimePoint>
							<mediaDuration>PT43S0N1000F</mediaDuration>
						</mediaTime>
						<TextAnnotation confidence="0.5" relevance="0.5"
							xml:lang="en">
							<KeywordAnnotation>
								<Keyword>Invariant</Keyword>
								<Keyword>Variability</Keyword>
							</KeywordAnnotation>
						</TextAnnotation>
						<TextAnnotation confidence="0.5" relevance="0.4"
							xml:lang="en">
							<KeywordAnnotation>
								<Keyword>Nuclei</Keyword>
								<Keyword>One</Keyword>
								<Keyword>Phase</Keyword>
								<Keyword>Potentially</Keyword>
								<Keyword>allow</Keyword>
								<Keyword>change</Keyword>
								<Keyword>classify</Keyword>
								<Keyword>cloud</Keyword>
								<Keyword>clouds</Keyword>
								<Keyword>concepts</Keyword>
								<Keyword>constituents</Keyword>
								<Keyword>degree</Keyword>
								<Keyword>difficult</Keyword>
								<Keyword>essential</Keyword>
								<Keyword>factor</Keyword>
								<Keyword>features</Keyword>
								<Keyword>for</Keyword>
								<Keyword>forecast</Keyword>
								<Keyword>global</Keyword>
								<Keyword>lack</Keyword>
								<Keyword>many</Keyword>
								<Keyword>might</Keyword>
								<Keyword>parameters</Keyword>
								<Keyword>reduction</Keyword>
								<Keyword>scale</Keyword>
								<Keyword>security</Keyword>
								<Keyword>single</Keyword>
								<Keyword>supporting</Keyword>
								<Keyword>that</Keyword>
								<Keyword>the</Keyword>
								<Keyword>there</Keyword>
								<Keyword>useful</Keyword>
							</KeywordAnnotation>
						</TextAnnotation>
						<TextAnnotation confidence="0.5" relevance="0.0"
							xml:lang="en">
							<KeywordAnnotation>
								<Keyword>IT</Keyword>
								<Keyword>Or</Keyword>
								<Keyword>as</Keyword>
								<Keyword>in</Keyword>
								<Keyword>is</Keyword>
								<Keyword>ls</Keyword>
								<Keyword>of</Keyword>
								<Keyword>to</Keyword>
								<Keyword>ud</Keyword>
								<Keyword>us</Keyword>
								<Keyword>vs</Keyword>
							</KeywordAnnotation>
						</TextAnnotation>
						<TextAnnotation confidence="0.0" relevance="0.4"
							xml:lang="en">
							<KeywordAnnotation>
								<Keyword>Challenging</Keyword>
								<Keyword>Qlouds</Keyword>
								<Keyword>Securitywise</Keyword>
								<Keyword>ajtribute</Keyword>
								<Keyword>alarming</Keyword>
								<Keyword>amcrphness</Keyword>
								<Keyword>appgglto</Keyword>
								<Keyword>enhanc</Keyword>
								<Keyword>freedomlcoalescencc</Keyword>
								<Keyword>fundamehfal</Keyword>
								<Keyword>jqg</Keyword>
								<Keyword>notoriously</Keyword>
								<Keyword>ofthem</Keyword>
								<Keyword>responserchanges</Keyword>
								<Keyword>self-nucleation</Keyword>
								<Keyword>trushiorthyness</Keyword>
							</KeywordAnnotation>
						</TextAnnotation>
						<TextAnnotation confidence="0.0" relevance="0.0"
							xml:lang="en">
							<KeywordAnnotation>
								<Keyword>-</Keyword>
								<Keyword>C</Keyword>
								<Keyword>a</Keyword>
								<Keyword>s</Keyword>
							</KeywordAnnotation>
						</TextAnnotation>
					</AudioVisualSegment>
					<AudioVisualSegment id="track-1.segment-18">
						<mediaTime>
							<mediaRelTimePoint>T00:21:34:0F1000</mediaRelTimePoint>
							<mediaDuration>PT14S0N1000F</mediaDuration>
						</mediaTime>
						<TextAnnotation confidence="0.5" relevance="0.5"
							xml:lang="en">
							<KeywordAnnotation>
								<Keyword>Invariant</Keyword>
								<Keyword>Variability</Keyword>
							</KeywordAnnotation>
						</TextAnnotation>
						<TextAnnotation confidence="0.5" relevance="0.4"
							xml:lang="en">
							<KeywordAnnotation>
								<Keyword>Nuclei</Keyword>
								<Keyword>One</Keyword>
								<Keyword>Phase</Keyword>
								<Keyword>Potentially</Keyword>
								<Keyword>allow</Keyword>
								<Keyword>changes</Keyword>
								<Keyword>classify</Keyword>
								<Keyword>cloud</Keyword>
								<Keyword>clouds</Keyword>
								<Keyword>concepts</Keyword>
								<Keyword>constituents</Keyword>
								<Keyword>difficult</Keyword>
								<Keyword>essential</Keyword>
								<Keyword>factor</Keyword>
								<Keyword>features</Keyword>
								<Keyword>for</Keyword>
								<Keyword>forecast</Keyword>
								<Keyword>global</Keyword>
								<Keyword>lack</Keyword>
								<Keyword>many</Keyword>
								<Keyword>might</Keyword>
								<Keyword>parameters</Keyword>
								<Keyword>scale</Keyword>
								<Keyword>security</Keyword>
								<Keyword>single</Keyword>
								<Keyword>supporting</Keyword>
								<Keyword>that</Keyword>
								<Keyword>the</Keyword>
								<Keyword>there</Keyword>
								<Keyword>useful</Keyword>
							</KeywordAnnotation>
						</TextAnnotation>
						<TextAnnotation confidence="0.5" relevance="0.0"
							xml:lang="en">
							<KeywordAnnotation>
								<Keyword>IT</Keyword>
								<Keyword>Or</Keyword>
								<Keyword>as</Keyword>
								<Keyword>in</Keyword>
								<Keyword>is</Keyword>
								<Keyword>ls</Keyword>
								<Keyword>of</Keyword>
								<Keyword>qf</Keyword>
								<Keyword>to</Keyword>
								<Keyword>ud</Keyword>
								<Keyword>us</Keyword>
								<Keyword>vs</Keyword>
							</KeywordAnnotation>
						</TextAnnotation>
						<TextAnnotation confidence="0.0" relevance="0.4"
							xml:lang="en">
							<KeywordAnnotation>
								<Keyword>Challenging</Keyword>
								<Keyword>Qloqds</Keyword>
								<Keyword>Securitywise</Keyword>
								<Keyword>ajtribute</Keyword>
								<Keyword>alarming</Keyword>
								<Keyword>amcrphness</Keyword>
								<Keyword>appgglto</Keyword>
								<Keyword>changefreductiqn</Keyword>
								<Keyword>enhanc</Keyword>
								<Keyword>freedomlcoalascence</Keyword>
								<Keyword>fundamehfal</Keyword>
								<Keyword>giagree</Keyword>
								<Keyword>jqgt</Keyword>
								<Keyword>notoriously</Keyword>
								<Keyword>ofthem</Keyword>
								<Keyword>respons</Keyword>
								<Keyword>self-nucleation</Keyword>
								<Keyword>trushiorthyness</Keyword>
							</KeywordAnnotation>
						</TextAnnotation>
						<TextAnnotation confidence="0.0" relevance="0.0"
							xml:lang="en">
							<KeywordAnnotation>
								<Keyword>-</Keyword>
								<Keyword>C</Keyword>
								<Keyword>a</Keyword>
								<Keyword>s</Keyword>
							</KeywordAnnotation>
						</TextAnnotation>
					</AudioVisualSegment>
					<AudioVisualSegment id="track-1.segment-19">
						<mediaTime>
							<mediaRelTimePoint>T00:21:48:0F1000</mediaRelTimePoint>
							<mediaDuration>PT13S0N1000F</mediaDuration>
						</mediaTime>
						<TextAnnotation confidence="0.5" relevance="0.5"
							xml:lang="en">
							<KeywordAnnotation>
								<Keyword>Invariant</Keyword>
								<Keyword>Variability</Keyword>
							</KeywordAnnotation>
						</TextAnnotation>
						<TextAnnotation confidence="0.5" relevance="0.4"
							xml:lang="en">
							<KeywordAnnotation>
								<Keyword>Nuclei</Keyword>
								<Keyword>One</Keyword>
								<Keyword>Phase</Keyword>
								<Keyword>Potentially</Keyword>
								<Keyword>allow</Keyword>
								<Keyword>changes</Keyword>
								<Keyword>classify</Keyword>
								<Keyword>cloud</Keyword>
								<Keyword>clouds</Keyword>
								<Keyword>concepts</Keyword>
								<Keyword>constituents</Keyword>
								<Keyword>difficult</Keyword>
								<Keyword>essential</Keyword>
								<Keyword>factor</Keyword>
								<Keyword>features</Keyword>
								<Keyword>for</Keyword>
								<Keyword>forecast</Keyword>
								<Keyword>freedom</Keyword>
								<Keyword>global</Keyword>
								<Keyword>lack</Keyword>
								<Keyword>many</Keyword>
								<Keyword>might</Keyword>
								<Keyword>parameters</Keyword>
								<Keyword>scale</Keyword>
								<Keyword>security</Keyword>
								<Keyword>single</Keyword>
								<Keyword>supporting</Keyword>
								<Keyword>that</Keyword>
								<Keyword>the</Keyword>
								<Keyword>there</Keyword>
								<Keyword>useful</Keyword>
							</KeywordAnnotation>
						</TextAnnotation>
						<TextAnnotation confidence="0.5" relevance="0.0"
							xml:lang="en">
							<KeywordAnnotation>
								<Keyword>IT</Keyword>
								<Keyword>Or</Keyword>
								<Keyword>as</Keyword>
								<Keyword>in</Keyword>
								<Keyword>is</Keyword>
								<Keyword>ls</Keyword>
								<Keyword>of</Keyword>
								<Keyword>qf</Keyword>
								<Keyword>to</Keyword>
								<Keyword>ud</Keyword>
								<Keyword>us</Keyword>
								<Keyword>vs</Keyword>
							</KeywordAnnotation>
						</TextAnnotation>
						<TextAnnotation confidence="0.0" relevance="0.4"
							xml:lang="en">
							<KeywordAnnotation>
								<Keyword>Challenging</Keyword>
								<Keyword>Qlouds</Keyword>
								<Keyword>Securitywise</Keyword>
								<Keyword>alarming</Keyword>
								<Keyword>amorphness</Keyword>
								<Keyword>appgqlto</Keyword>
								<Keyword>aytribute</Keyword>
								<Keyword>cI0ud</Keyword>
								<Keyword>changefreductiqn</Keyword>
								<Keyword>coalescence</Keyword>
								<Keyword>egree</Keyword>
								<Keyword>enhanc</Keyword>
								<Keyword>fundamehfal</Keyword>
								<Keyword>jqgt</Keyword>
								<Keyword>notoriously</Keyword>
								<Keyword>ofthem</Keyword>
								<Keyword>respons</Keyword>
								<Keyword>self-nucleation</Keyword>
								<Keyword>trustvionhyness</Keyword>
							</KeywordAnnotation>
						</TextAnnotation>
						<TextAnnotation confidence="0.0" relevance="0.0"
							xml:lang="en">
							<KeywordAnnotation>
								<Keyword>C</Keyword>
								<Keyword>O</Keyword>
								<Keyword>a</Keyword>
								<Keyword>s</Keyword>
							</KeywordAnnotation>
						</TextAnnotation>
					</AudioVisualSegment>
					<AudioVisualSegment id="track-1.segment-20">
						<mediaTime>
							<mediaRelTimePoint>T00:22:01:0F1000</mediaRelTimePoint>
							<mediaDuration>PT25S0N1000F</mediaDuration>
						</mediaTime>
						<TextAnnotation confidence="0.5" relevance="0.5"
							xml:lang="en">
							<KeywordAnnotation>
								<Keyword>Cloud</Keyword>
								<Keyword>Perspective</Keyword>
								<Keyword>The</Keyword>
							</KeywordAnnotation>
						</TextAnnotation>
						<TextAnnotation confidence="0.5" relevance="0.4"
							xml:lang="en">
							<KeywordAnnotation>
								<Keyword>Easy</Keyword>
								<Keyword>Low</Keyword>
								<Keyword>psychology</Keyword>
								<Keyword>use</Keyword>
							</KeywordAnnotation>
						</TextAnnotation>
						<TextAnnotation confidence="0.5" relevance="0.3"
							xml:lang="en">
							<KeywordAnnotation>
								<Keyword>CPU</Keyword>
								<Keyword>Cloud</Keyword>
								<Keyword>Storage</Keyword>
								<Keyword>administration</Keyword>
								<Keyword>and</Keyword>
								<Keyword>cycles</Keyword>
								<Keyword>policies</Keyword>
								<Keyword>service</Keyword>
							</KeywordAnnotation>
						</TextAnnotation>
						<TextAnnotation confidence="0.5" relevance="0.0"
							xml:lang="en">
							<KeywordAnnotation>
								<Keyword>In</Keyword>
								<Keyword>Mu</Keyword>
								<Keyword>by</Keyword>
								<Keyword>lm</Keyword>
								<Keyword>lu</Keyword>
								<Keyword>me</Keyword>
								<Keyword>nd</Keyword>
								<Keyword>on</Keyword>
								<Keyword>vm</Keyword>
							</KeywordAnnotation>
						</TextAnnotation>
						<TextAnnotation confidence="0.0" relevance="0.5"
							xml:lang="en">
							<KeywordAnnotation>
								<Keyword>Compuing</Keyword>
							</KeywordAnnotation>
						</TextAnnotation>
						<TextAnnotation confidence="0.0" relevance="0.4"
							xml:lang="en">
							<KeywordAnnotation>
								<Keyword>Iuning</Keyword>
								<Keyword>Snrvi</Keyword>
								<Keyword>asy</Keyword>
								<Keyword>eoonbmyf</Keyword>
								<Keyword>rereH</Keyword>
							</KeywordAnnotation>
						</TextAnnotation>
						<TextAnnotation confidence="0.0" relevance="0.3"
							xml:lang="en">
							<KeywordAnnotation>
								<Keyword>Infrasgutes</Keyword>
								<Keyword>Reamga</Keyword>
								<Keyword>Virtti</Keyword>
								<Keyword>avauannny</Keyword>
								<Keyword>cuargmry</Keyword>
								<Keyword>foffun</Keyword>
								<Keyword>guarded</Keyword>
								<Keyword>interfaK</Keyword>
								<Keyword>mug</Keyword>
								<Keyword>oostsggn</Keyword>
								<Keyword>srvice</Keyword>
								<Keyword>tjon</Keyword>
								<Keyword>ummm</Keyword>
							</KeywordAnnotation>
						</TextAnnotation>
						<TextAnnotation confidence="0.0" relevance="0.0"
							xml:lang="en">
							<KeywordAnnotation>
								<Keyword>-</Keyword>
								<Keyword>A</Keyword>
								<Keyword>K</Keyword>
								<Keyword>Q</Keyword>
								<Keyword>V</Keyword>
								<Keyword>a</Keyword>
								<Keyword>d</Keyword>
								<Keyword>e</Keyword>
								<Keyword>rQ</Keyword>
								<Keyword>w</Keyword>
							</KeywordAnnotation>
						</TextAnnotation>
					</AudioVisualSegment>
					<AudioVisualSegment id="track-1.segment-21">
						<mediaTime>
							<mediaRelTimePoint>T00:22:26:0F1000</mediaRelTimePoint>
							<mediaDuration>PT16S0N1000F</mediaDuration>
						</mediaTime>
						<TextAnnotation confidence="0.5" relevance="0.5"
							xml:lang="en">
							<KeywordAnnotation>
								<Keyword>Cloud</Keyword>
								<Keyword>Perspective</Keyword>
								<Keyword>The</Keyword>
							</KeywordAnnotation>
						</TextAnnotation>
						<TextAnnotation confidence="0.5" relevance="0.4"
							xml:lang="en">
							<KeywordAnnotation>
								<Keyword>Easy</Keyword>
								<Keyword>Service</Keyword>
								<Keyword>and</Keyword>
								<Keyword>psychology</Keyword>
								<Keyword>use</Keyword>
							</KeywordAnnotation>
						</TextAnnotation>
						<TextAnnotation confidence="0.5" relevance="0.3"
							xml:lang="en">
							<KeywordAnnotation>
								<Keyword>CPU</Keyword>
								<Keyword>Cloud</Keyword>
								<Keyword>Service</Keyword>
								<Keyword>Storage</Keyword>
								<Keyword>administration</Keyword>
								<Keyword>and</Keyword>
								<Keyword>cycles</Keyword>
								<Keyword>makers</Keyword>
								<Keyword>policies</Keyword>
								<Keyword>tim</Keyword>
							</KeywordAnnotation>
						</TextAnnotation>
						<TextAnnotation confidence="0.5" relevance="0.0"
							xml:lang="en">
							<KeywordAnnotation>
								<Keyword>by</Keyword>
								<Keyword>ig</Keyword>
								<Keyword>on</Keyword>
								<Keyword>sy</Keyword>
								<Keyword>uy</Keyword>
							</KeywordAnnotation>
						</TextAnnotation>
						<TextAnnotation confidence="0.0" relevance="0.5"
							xml:lang="en">
							<KeywordAnnotation>
								<Keyword>Compubng</Keyword>
							</KeywordAnnotation>
						</TextAnnotation>
						<TextAnnotation confidence="0.0" relevance="0.4"
							xml:lang="en">
							<KeywordAnnotation>
								<Keyword>Ivhiflg</Keyword>
								<Keyword>encaiin</Keyword>
								<Keyword>eoonomyf</Keyword>
								<Keyword>oosis</Keyword>
							</KeywordAnnotation>
						</TextAnnotation>
						<TextAnnotation confidence="0.0" relevance="0.3"
							xml:lang="en">
							<KeywordAnnotation>
								<Keyword>Baif</Keyword>
								<Keyword>Ini</Keyword>
								<Keyword>Remega</Keyword>
								<Keyword>Vimhihioe</Keyword>
								<Keyword>avauammy</Keyword>
								<Keyword>cuargnity</Keyword>
								<Keyword>forfun</Keyword>
								<Keyword>guarded</Keyword>
								<Keyword>interfaK</Keyword>
								<Keyword>lnfras</Keyword>
								<Keyword>rgir</Keyword>
								<Keyword>tjon</Keyword>
								<Keyword>utes</Keyword>
								<Keyword>vider</Keyword>
							</KeywordAnnotation>
						</TextAnnotation>
						<TextAnnotation confidence="0.0" relevance="0.0"
							xml:lang="en">
							<KeywordAnnotation>
								<Keyword>-</Keyword>
								<Keyword>A</Keyword>
								<Keyword>F</Keyword>
								<Keyword>I</Keyword>
								<Keyword>V</Keyword>
								<Keyword>a</Keyword>
								<Keyword>d</Keyword>
								<Keyword>f</Keyword>
								<Keyword>n</Keyword>
							</KeywordAnnotation>
						</TextAnnotation>
					</AudioVisualSegment>
					<AudioVisualSegment id="track-1.segment-22">
						<mediaTime>
							<mediaRelTimePoint>T00:22:42:0F1000</mediaRelTimePoint>
							<mediaDuration>PT01M12S0N1000F</mediaDuration>
						</mediaTime>
						<TextAnnotation confidence="0.5" relevance="0.5"
							xml:lang="en">
							<KeywordAnnotation>
								<Keyword>Cloud</Keyword>
								<Keyword>Computing</Keyword>
								<Keyword>Perspective</Keyword>
								<Keyword>The</Keyword>
							</KeywordAnnotation>
						</TextAnnotation>
						<TextAnnotation confidence="0.5" relevance="0.4"
							xml:lang="en">
							<KeywordAnnotation>
								<Keyword>and</Keyword>
							</KeywordAnnotation>
						</TextAnnotation>
						<TextAnnotation confidence="0.5" relevance="0.3"
							xml:lang="en">
							<KeywordAnnotation>
								<Keyword>CPU</Keyword>
								<Keyword>Cloud</Keyword>
								<Keyword>Storage</Keyword>
								<Keyword>administration</Keyword>
								<Keyword>and</Keyword>
								<Keyword>cycles</Keyword>
								<Keyword>for</Keyword>
								<Keyword>fun</Keyword>
								<Keyword>policies</Keyword>
							</KeywordAnnotation>
						</TextAnnotation>
						<TextAnnotation confidence="0.5" relevance="0.0"
							xml:lang="en">
							<KeywordAnnotation>
								<Keyword>MU</Keyword>
								<Keyword>am</Keyword>
								<Keyword>by</Keyword>
								<Keyword>ff</Keyword>
								<Keyword>in</Keyword>
								<Keyword>my</Keyword>
								<Keyword>on</Keyword>
								<Keyword>sr</Keyword>
							</KeywordAnnotation>
						</TextAnnotation>
						<TextAnnotation confidence="0.0" relevance="0.4"
							xml:lang="en">
							<KeywordAnnotation>
								<Keyword>Eas</Keyword>
								<Keyword>IOHIYIQ</Keyword>
								<Keyword>SCNICB</Keyword>
								<Keyword>m,.m</Keyword>
							</KeywordAnnotation>
						</TextAnnotation>
						<TextAnnotation confidence="0.0" relevance="0.3"
							xml:lang="en">
							<KeywordAnnotation>
								<Keyword>Infras</Keyword>
								<Keyword>Reanegd</Keyword>
								<Keyword>Servicegioning</Keyword>
								<Keyword>Vide</Keyword>
								<Keyword>Virtuiivi</Keyword>
								<Keyword>ammy</Keyword>
								<Keyword>avaa</Keyword>
								<Keyword>brokers</Keyword>
								<Keyword>cuargumy</Keyword>
								<Keyword>enca</Keyword>
								<Keyword>guarded</Keyword>
								<Keyword>interfa</Keyword>
								<Keyword>rfir</Keyword>
								<Keyword>utes</Keyword>
							</KeywordAnnotation>
						</TextAnnotation>
						<TextAnnotation confidence="0.0" relevance="0.0"
							xml:lang="en">
							<KeywordAnnotation>
								<Keyword>-</Keyword>
								<Keyword>A</Keyword>
								<Keyword>E</Keyword>
								<Keyword>e</Keyword>
								<Keyword>f</Keyword>
								<Keyword>i</Keyword>
								<Keyword>m</Keyword>
								<Keyword>n</Keyword>
								<Keyword>x</Keyword>
							</KeywordAnnotation>
						</TextAnnotation>
					</AudioVisualSegment>
					<AudioVisualSegment id="track-1.segment-23">
						<mediaTime>
							<mediaRelTimePoint>T00:23:54:0F1000</mediaRelTimePoint>
							<mediaDuration>PT36M17S733N1000F</mediaDuration>
						</mediaTime>
						<TextAnnotation confidence="0.5" relevance="0.5"
							xml:lang="en">
							<KeywordAnnotation>
								<Keyword>Aims</Keyword>
								<Keyword>Challenges</Keyword>
								<Keyword>Cloud</Keyword>
								<Keyword>Computing</Keyword>
								<Keyword>and</Keyword>
							</KeywordAnnotation>
						</TextAnnotation>
						<TextAnnotation confidence="0.5" relevance="0.4"
							xml:lang="en">
							<KeywordAnnotation>
								<Keyword>APIs</Keyword>
								<Keyword>Automation</Keyword>
								<Keyword>But</Keyword>
								<Keyword>Hosting</Keyword>
								<Keyword>How</Keyword>
								<Keyword>Requires</Keyword>
								<Keyword>Still</Keyword>
								<Keyword>There</Keyword>
								<Keyword>Unified</Keyword>
								<Keyword>Virtual</Keyword>
								<Keyword>access</Keyword>
								<Keyword>across</Keyword>
								<Keyword>and</Keyword>
								<Keyword>applications</Keyword>
								<Keyword>can</Keyword>
								<Keyword>common</Keyword>
								<Keyword>customer</Keyword>
								<Keyword>description</Keyword>
								<Keyword>does</Keyword>
								<Keyword>domains</Keyword>
								<Keyword>effort</Keyword>
								<Keyword>example</Keyword>
								<Keyword>for</Keyword>
								<Keyword>get</Keyword>
								<Keyword>how</Keyword>
								<Keyword>huge</Keyword>
								<Keyword>individual</Keyword>
								<Keyword>infrastructures</Keyword>
								<Keyword>interfaces</Keyword>
								<Keyword>its</Keyword>
								<Keyword>lookup</Keyword>
								<Keyword>management</Keyword>
								<Keyword>many</Keyword>
								<Keyword>may</Keyword>
								<Keyword>necessary</Keyword>
								<Keyword>need</Keyword>
								<Keyword>network</Keyword>
								<Keyword>ordinary</Keyword>
								<Keyword>patch</Keyword>
								<Keyword>probably</Keyword>
								<Keyword>provider</Keyword>
								<Keyword>reasons</Keyword>
								<Keyword>run</Keyword>
								<Keyword>security</Keyword>
								<Keyword>service</Keyword>
								<Keyword>services</Keyword>
								<Keyword>should</Keyword>
								<Keyword>simple</Keyword>
								<Keyword>standardized</Keyword>
								<Keyword>storage</Keyword>
								<Keyword>support</Keyword>
								<Keyword>them</Keyword>
							</KeywordAnnotation>
						</TextAnnotation>
						<TextAnnotation confidence="0.5" relevance="0.0"
							xml:lang="en">
							<KeywordAnnotation>
								<Keyword>VI</Keyword>
								<Keyword>an</Keyword>
								<Keyword>as</Keyword>
								<Keyword>be</Keyword>
								<Keyword>on</Keyword>
								<Keyword>to</Keyword>
							</KeywordAnnotation>
						</TextAnnotation>
						<TextAnnotation confidence="0.0" relevance="0.4"
							xml:lang="en">
							<KeywordAnnotation>
								<Keyword>Budhere</Keyword>
								<Keyword>Ebay</Keyword>
								<Keyword>SimpIi17ed</Keyword>
								<Keyword>be-gbcd</Keyword>
								<Keyword>bread-eater</Keyword>
								<Keyword>inhouse</Keyword>
								<Keyword>plumbing</Keyword>
								<Keyword>repositories</Keyword>
								<Keyword>sniping</Keyword>
								<Keyword>tailoring</Keyword>
							</KeywordAnnotation>
						</TextAnnotation>
						<TextAnnotation confidence="0.0" relevance="0.0"
							xml:lang="en">
							<KeywordAnnotation>
								<Keyword>a</Keyword>
							</KeywordAnnotation>
						</TextAnnotation>
					</AudioVisualSegment>
				</TemporalDecomposition>
			</AudioVisual>
		</MultimediaContent>
	</Description>
</Mpeg7>
