<?xml version="1.0" encoding="UTF-8"?>
<metadata xmlns="http://www.opencastproject.org/xsd/1.0/dublincore/" xmlns:xsi="http://www.w3.org/2001/XMLSchema-instance" xmlns:dcterms="http://purl.org/dc/terms/">
	  <!-- Series Dublin Core -->
<dcterms:identifier>251-0317-00L-2009W</dcterms:identifier>
<dcterms:creator>Kossmann, Donald Alan</dcterms:creator>
<dcterms:creator>Fischer, Peter Michael</dcterms:creator>
<dcterms:description>XML, XQuery, SQL/XML, XQuery Implementation and Optimization, XML Storage Techniques, Web Services, XL, XUpdate, XML Information Retrieval, XML Information Filtering, Publish and Subscribe, Semantic Web</dcterms:description>
<dcterms:created xsi:type="dcterms:W3CDTF">2009-09-16</dcterms:created>
<dcterms:publisher>ETH Zurich, ITS-MMS</dcterms:publisher>
<dcterms:contributor>Department of Computer Science</dcterms:contributor>
<dcterms:language>eng</dcterms:language>

<dcterms:title xml:lang="de">XML and Databases</dcterms:title>
</metadata>
