<?xml version="1.0" encoding="UTF-8"?>
<metadata xmlns="http://www.opencastproject.org/xsd/1.0/dublincore/" xmlns:dcterms="http://purl.org/dc/terms/" xmlns:xsi="http://www.w3.org/2001/XMLSchema-instance">
    <dcterms:creator>v. Klitzing, Klaus</dcterms:creator>
    <dcterms:contributor>Department of Physics</dcterms:contributor>
    <dcterms:extent xsi:type="dcterms:ISO8601">PT1H6M16S</dcterms:extent>
    <dcterms:isPartOf>PHYS-0001-00X</dcterms:isPartOf>
    <dcterms:license xml:lang="de">http://www.multimedia.ethz.ch/docs/haftungsausschluss/index</dcterms:license>
    <dcterms:license xml:lang="en">http://www.multimedia.ethz.ch/docs/disclaimer/index</dcterms:license>
    <dcterms:created xsi:type="dcterms:W3CDTF">2009-11-04</dcterms:created>
    <dcterms:abstract>Even 25 years after the first observation of the Quantum Hall Effect (QHE), new publications appear every day where the term QHE is mentioned either in the title or in the abstract. Many of these publications are not related to solid state physics and as an introduction some of these theoretical papers are mentioned. The first part of the talk summarizes the most important applications of the QHE in metrology in connection with fundamental constants and ideas for new definitions of the SI base units including a new definition of the kilogram, the unit of mass. The second part of the presentation gives an introduction to very recent experimental results on coupled QHE- devices which show properties of a new quantum state denoted as condensation of excitons and superfluidity.</dcterms:abstract>
    <dcterms:language>eng</dcterms:language>
    <dcterms:rightsHolder xml:lang="de">ETH Zürich, Schweiz</dcterms:rightsHolder>
    <dcterms:rightsHolder xml:lang="en">ETH Zurich, Switzerland</dcterms:rightsHolder>
    <dcterms:publisher xml:lang="de">ETH Zürich, ID-MMS; Schweiz</dcterms:publisher>
    <dcterms:publisher xml:lang="en">ETH Zurich, ITS-MMS; Switzerland</dcterms:publisher>
    <dcterms:identifier>10.3930/ETHZ/AV-5caf74c9-9cbd-4d3e-bad0-dd8605b0f21f</dcterms:identifier>
    <dcterms:title>News from Quantum Hall Effect</dcterms:title>
</metadata>
