<?xml version="1.0" encoding="UTF-8"?>
<mediapackage duration="5120888">
	<media>
		<track id="track-1" type="engage/presenter">
			<url>tracks/movie.flv</url>
			<mimetype>video/x-flv</mimetype>
			<checksum type="md5">7b3c7e8cc2cba2f5b7af4fd4224f3005</checksum>
			<tags>
				<tag>engage</tag>
			</tags>
		</track>
	</media>
	<metadata>
		<catalog id="catalog-2" type="metadata/dublincore">
			<mimetype>text/xml</mimetype>
			<checksum type="md5">39bfad10dee5e93c777cd17e1cc257a3</checksum>
			<url>metadata/dublincore-e-Meyer_20091109.xml</url>
		</catalog>
		<catalog id="catalog-1" ref="series:252-0021-00L-2009W" type="metadata/dublincore">
			<mimetype>text/xml</mimetype>
			<checksum type="md5">d09f9e76da9242861d61c4924cf4f9ee</checksum>
			<url>metadata/dublincore-s-00004_Meyer.xml</url>
		</catalog>
		<catalog id="catalog-3" type="metadata/mpeg-7">
			<mimetype>text/xml</mimetype>
			<checksum type="md5">d41d8cd98f00b204e9800998ecf8427e</checksum>
			<url>metadata/mpeg-7710544589383849525.xml</url>
		</catalog>
	</metadata>
	<attachments>
		<attachment id="cover" ref="track:track-1">
			<url>attachments/cover.jpg</url>
			<mimetype>image/jpeg</mimetype>
			<checksum type="md5">fb5107e56b6762adee0c604348e5dcce</checksum>
			<tags>
				<tag>engage</tag>
			</tags>
		</attachment>
	</attachments>
</mediapackage>
