<?xml version="1.0" encoding="UTF-8"?>
<metadata xmlns="http://www.opencastproject.org/xsd/1.0/dublincore/"
	xmlns:dcterms="http://purl.org/dc/terms/" xmlns:xsi="http://www.w3.org/2001/XMLSchema-instance">
	<dcterms:contributor>Collegium Helveticum (In gemeinsamer Traegerschaft
		von Universitaet Zuerich und ETH Zuerich)</dcterms:contributor>
	<dcterms:type>Event/Presentation</dcterms:type>
	<dcterms:license xml:lang="de">http://www.multimedia.ethz.ch/docs/haftungsausschluss/index</dcterms:license>
	<dcterms:license xml:lang="en">http://www.multimedia.ethz.ch/docs/disclaimer/index</dcterms:license>
	<dcterms:created xsi:type="dcterms:W3CDTF">2008-10-01</dcterms:created>
	<dcterms:temporal xsi:type="dcterms:Period">start=2008-10-01;
		scheme=W3C-DTF;</dcterms:temporal>
	<dcterms:description xml:lang="de">ERTRÄGE
		TRANSDISZIPLINÄRER FORSCHUNG&#13;
		&lt;br&gt;&#13;
		Veranstaltungsort: Semper-Sternwarte, Schmelzbergstr. 25, 8006 Zürich</dcterms:description>
	<dcterms:language>deu</dcterms:language>
	<dcterms:rightsHolder xml:lang="de">ETH Zürich, Schweiz</dcterms:rightsHolder>
	<dcterms:rightsHolder xml:lang="en">ETH Zurich,
		Switzerland</dcterms:rightsHolder>
	<dcterms:publisher xml:lang="de">ETH Zürich, ID-MMS;
		Schweiz</dcterms:publisher>
	<dcterms:publisher xml:lang="en">ETH Zurich, ITS-MMS;
		Switzerland</dcterms:publisher>

	<dcterms:identifier>COLL-0001-00X</dcterms:identifier>
	<dcterms:title xml:lang="de">Collegium Helveticum - Zur
		Empirie der Emotionen</dcterms:title>
</metadata>
