<?xml version="1.0" encoding="UTF-8"?>
<Mpeg7 xmlns="urn:mpeg:mpeg7:schema:2001" xmlns:mpeg7="urn:mpeg7:schema:2001"
	xmlns:xsi="http://www.w3.org/2001/XMLSchema-instance/">
	<Description xsi:type="ContentEntityType">
		<MultimediaContent xsi:type="AudioVisualType">
			<AudioVisual id="track-1">
				<MediaLocator>
					<MediaUri>file:tracks/20090911_zisc_talk10.mov</MediaUri>
				</MediaLocator>
				<MediaTime>
					<MediaTimePoint>T00:00:00:0F1</MediaTimePoint>
					<MediaDuration>PT59M28S628N1000F</MediaDuration>
				</MediaTime>
				<TemporalDecomposition criteria="temporal"
					gap="false" overlap="false">
					<AudioVisualSegment id="track-1.segment-1">
						<MediaTime>
							<MediaRelTimePoint>T00:00:00:0F1000</MediaRelTimePoint>
							<MediaDuration>PT53S0N1000F</MediaDuration>
						</MediaTime>
						<TextAnnotation confidence="0.5" relevance="0.4"
							xml:lang="en">
							<KeywordAnnotation>
								<Keyword>Cloud</Keyword>
								<Keyword>Computing</Keyword>
								<Keyword>ENISA</Keyword>
								<Keyword>Privacy</Keyword>
								<Keyword>Security</Keyword>
								<Keyword>and</Keyword>
								<Keyword>perspective</Keyword>
							</KeywordAnnotation>
						</TextAnnotation>
						<TextAnnotation confidence="0.5" relevance="0.3"
							xml:lang="en">
							<KeywordAnnotation>
								<Keyword>Agency</Keyword>
								<Keyword>Giles</Keyword>
								<Keyword>Information</Keyword>
								<Keyword>Security</Keyword>
							</KeywordAnnotation>
						</TextAnnotation>
						<TextAnnotation confidence="0.5" relevance="0.2"
							xml:lang="en">
							<KeywordAnnotation>
								<Keyword>European</Keyword>
								<Keyword>Network</Keyword>
								<Keyword>and</Keyword>
							</KeywordAnnotation>
						</TextAnnotation>
						<TextAnnotation confidence="0.5" relevance="0.0"
							xml:lang="en">
							<KeywordAnnotation>
								<Keyword>in</Keyword>
							</KeywordAnnotation>
						</TextAnnotation>
						<TextAnnotation confidence="0.0" relevance="0.3"
							xml:lang="en">
							<KeywordAnnotation>
								<Keyword>Hogben</Keyword>
							</KeywordAnnotation>
						</TextAnnotation>
						<TextAnnotation confidence="0.0" relevance="0.0"
							xml:lang="en">
							<KeywordAnnotation>
								<Keyword>-</Keyword>
								<Keyword>m</Keyword>
							</KeywordAnnotation>
						</TextAnnotation>
					</AudioVisualSegment>
					<AudioVisualSegment id="track-1.segment-2">
						<MediaTime>
							<MediaRelTimePoint>T00:00:53:0F1000</MediaRelTimePoint>
							<MediaDuration>PT39S0N1000F</MediaDuration>
						</MediaTime>
						<TextAnnotation confidence="0.5" relevance="0.4"
							xml:lang="de">
							<KeywordAnnotation>
								<Keyword>Cloud</Keyword>
								<Keyword>Computing</Keyword>
								<Keyword>ENISA</Keyword>
								<Keyword>Privacy</Keyword>
								<Keyword>Security</Keyword>
								<Keyword>and</Keyword>
								<Keyword>perspective</Keyword>
							</KeywordAnnotation>
						</TextAnnotation>
						<TextAnnotation confidence="0.5" relevance="0.3"
							xml:lang="de">
							<KeywordAnnotation>
								<Keyword>Agency</Keyword>
								<Keyword>Giles</Keyword>
								<Keyword>Information</Keyword>
								<Keyword>Security</Keyword>
							</KeywordAnnotation>
						</TextAnnotation>
						<TextAnnotation confidence="0.5" relevance="0.2"
							xml:lang="de">
							<KeywordAnnotation>
								<Keyword>European</Keyword>
								<Keyword>Network</Keyword>
								<Keyword>and</Keyword>
							</KeywordAnnotation>
						</TextAnnotation>
						<TextAnnotation confidence="0.5" relevance="0.0"
							xml:lang="de">
							<KeywordAnnotation>
								<Keyword>in</Keyword>
								<Keyword>mU</Keyword>
							</KeywordAnnotation>
						</TextAnnotation>
						<TextAnnotation confidence="0.0" relevance="0.3"
							xml:lang="de">
							<KeywordAnnotation>
								<Keyword>Hogben</Keyword>
							</KeywordAnnotation>
						</TextAnnotation>
						<TextAnnotation confidence="0.0" relevance="0.0"
							xml:lang="de">
							<KeywordAnnotation>
								<Keyword>m</Keyword>
								<Keyword>o</Keyword>
							</KeywordAnnotation>
						</TextAnnotation>
					</AudioVisualSegment>
					<AudioVisualSegment id="track-1.segment-3">
						<MediaTime>
							<MediaRelTimePoint>T00:01:32:0F1000</MediaRelTimePoint>
							<MediaDuration>PT22S0N1000F</MediaDuration>
						</MediaTime>
						<TextAnnotation confidence="0.5" relevance="0.5"
							xml:lang="en">
							<KeywordAnnotation>
								<Keyword>Computing</Keyword>
							</KeywordAnnotation>
						</TextAnnotation>
						<TextAnnotation confidence="0.5" relevance="0.4"
							xml:lang="en">
							<KeywordAnnotation>
								<Keyword>Cloud</Keyword>
								<Keyword>What</Keyword>
								<Keyword>about</Keyword>
								<Keyword>new</Keyword>
							</KeywordAnnotation>
						</TextAnnotation>
						<TextAnnotation confidence="0.5" relevance="0.3"
							xml:lang="en">
							<KeywordAnnotation>
								<Keyword>Isn</Keyword>
								<Keyword>hat</Keyword>
								<Keyword>just</Keyword>
								<Keyword>old</Keyword>
							</KeywordAnnotation>
						</TextAnnotation>
						<TextAnnotation confidence="0.5" relevance="0.0"
							xml:lang="en">
							<KeywordAnnotation>
								<Keyword>UO</Keyword>
								<Keyword>it</Keyword>
								<Keyword>je</Keyword>
								<Keyword>xx</Keyword>
							</KeywordAnnotation>
						</TextAnnotation>
						<TextAnnotation confidence="0.0" relevance="0.0"
							xml:lang="en">
							<KeywordAnnotation>
								<Keyword>Y</Keyword>
								<Keyword>s</Keyword>
								<Keyword>t</Keyword>
								<Keyword>u</Keyword>
							</KeywordAnnotation>
						</TextAnnotation>
					</AudioVisualSegment>
					<AudioVisualSegment id="track-1.segment-4">
						<MediaTime>
							<MediaRelTimePoint>T00:01:54:0F1000</MediaRelTimePoint>
							<MediaDuration>PT18S0N1000F</MediaDuration>
						</MediaTime>
						<TextAnnotation confidence="0.5" relevance="0.6"
							xml:lang="en">
							<KeywordAnnotation>
								<Keyword>The</Keyword>
								<Keyword>man</Keyword>
								<Keyword>mare</Keyword>
								<Keyword>rye</Keyword>
								<Keyword>women</Keyword>
							</KeywordAnnotation>
						</TextAnnotation>
						<TextAnnotation confidence="0.5" relevance="0.5"
							xml:lang="en">
							<KeywordAnnotation>
								<Keyword>CEO</Keyword>
								<Keyword>Larry</Keyword>
								<Keyword>Oracle</Keyword>
								<Keyword>The</Keyword>
								<Keyword>When</Keyword>
								<Keyword>about</Keyword>
								<Keyword>and</Keyword>
								<Keyword>change</Keyword>
								<Keyword>fashion</Keyword>
								<Keyword>going</Keyword>
								<Keyword>light</Keyword>
								<Keyword>some</Keyword>
								<Keyword>sto</Keyword>
								<Keyword>than</Keyword>
								<Keyword>that</Keyword>
								<Keyword>the</Keyword>
								<Keyword>thin</Keyword>
								<Keyword>this</Keyword>
							</KeywordAnnotation>
						</TextAnnotation>
						<TextAnnotation confidence="0.5" relevance="0.4"
							xml:lang="en">
							<KeywordAnnotation>
								<Keyword>king</Keyword>
								<Keyword>may</Keyword>
							</KeywordAnnotation>
						</TextAnnotation>
						<TextAnnotation confidence="0.5" relevance="0.0"
							xml:lang="en">
							<KeywordAnnotation>
								<Keyword>Fm</Keyword>
								<Keyword>an</Keyword>
								<Keyword>ar</Keyword>
								<Keyword>bf</Keyword>
								<Keyword>bw</Keyword>
								<Keyword>do</Keyword>
								<Keyword>gf</Keyword>
								<Keyword>in</Keyword>
								<Keyword>is</Keyword>
								<Keyword>ma</Keyword>
								<Keyword>me</Keyword>
								<Keyword>nc</Keyword>
								<Keyword>of</Keyword>
								<Keyword>to</Keyword>
								<Keyword>we</Keyword>
								<Keyword>wh</Keyword>
								<Keyword>wn</Keyword>
								<Keyword>xP</Keyword>
							</KeywordAnnotation>
						</TextAnnotation>
						<TextAnnotation confidence="0.0" relevance="0.6"
							xml:lang="en">
							<KeywordAnnotation>
								<Keyword>aireaug</Keyword>
								<Keyword>bompmmnuusnyis</Keyword>
								<Keyword>eyqqythrng</Keyword>
								<Keyword>qnyynuqsnyr</Keyword>
								<Keyword>ramen-unven</Keyword>
								<Keyword>reqeinqd</Keyword>
								<Keyword>uqe</Keyword>
								<Keyword>uudgompuhngfo</Keyword>
							</KeywordAnnotation>
						</TextAnnotation>
						<TextAnnotation confidence="0.0" relevance="0.5"
							xml:lang="en">
							<KeywordAnnotation>
								<Keyword>Ayvou</Keyword>
								<Keyword>D1UD</Keyword>
								<Keyword>Ellison</Keyword>
								<Keyword>Wording</Keyword>
								<Keyword>campufrng</Keyword>
								<Keyword>ccmpyting</Keyword>
								<Keyword>clcuq</Keyword>
								<Keyword>clcyd</Keyword>
								<Keyword>cpmpletg</Keyword>
								<Keyword>giQpePish</Keyword>
								<Keyword>hqr</Keyword>
								<Keyword>idiocy</Keyword>
								<Keyword>inferesifng</Keyword>
								<Keyword>insan</Keyword>
								<Keyword>oufads</Keyword>
								<Keyword>qifferenqy</Keyword>
								<Keyword>qprfp</Keyword>
								<Keyword>upqers</Keyword>
							</KeywordAnnotation>
						</TextAnnotation>
						<TextAnnotation confidence="0.0" relevance="0.4"
							xml:lang="en">
							<KeywordAnnotation>
								<Keyword>Itb</Keyword>
								<Keyword>idvwhar</Keyword>
								<Keyword>qtggut</Keyword>
							</KeywordAnnotation>
						</TextAnnotation>
						<TextAnnotation confidence="0.0" relevance="0.0"
							xml:lang="en">
							<KeywordAnnotation>
								<Keyword>-</Keyword>
								<Keyword>M</Keyword>
								<Keyword>Q</Keyword>
								<Keyword>W</Keyword>
								<Keyword>c</Keyword>
								<Keyword>e</Keyword>
								<Keyword>i</Keyword>
								<Keyword>jg</Keyword>
								<Keyword>l</Keyword>
								<Keyword>n</Keyword>
								<Keyword>q</Keyword>
								<Keyword>s</Keyword>
								<Keyword>t</Keyword>
								<Keyword>x</Keyword>
							</KeywordAnnotation>
						</TextAnnotation>
					</AudioVisualSegment>
					<AudioVisualSegment id="track-1.segment-5">
						<MediaTime>
							<MediaRelTimePoint>T00:02:12:0F1000</MediaRelTimePoint>
							<MediaDuration>PT01M11S0N1000F</MediaDuration>
						</MediaTime>
						<TextAnnotation confidence="0.5" relevance="0.5"
							xml:lang="en">
							<KeywordAnnotation>
								<Keyword>ENISA</Keyword>
								<Keyword>Overview</Keyword>
								<Keyword>Presentation</Keyword>
								<Keyword>study</Keyword>
								<Keyword>the</Keyword>
							</KeywordAnnotation>
						</TextAnnotation>
						<TextAnnotation confidence="0.5" relevance="0.4"
							xml:lang="en">
							<KeywordAnnotation>
								<Keyword>Bad</Keyword>
								<Keyword>Benefits</Keyword>
								<Keyword>Cloud</Keyword>
								<Keyword>Computing</Keyword>
								<Keyword>Good</Keyword>
								<Keyword>News</Keyword>
								<Keyword>Risks</Keyword>
								<Keyword>SME</Keyword>
								<Keyword>Security</Keyword>
								<Keyword>What</Keyword>
								<Keyword>and</Keyword>
								<Keyword>migration</Keyword>
								<Keyword>what</Keyword>
							</KeywordAnnotation>
						</TextAnnotation>
						<TextAnnotation confidence="0.5" relevance="0.3"
							xml:lang="en">
							<KeywordAnnotation>
								<Keyword>HUT</Keyword>
								<Keyword>Recommendations</Keyword>
								<Keyword>progress</Keyword>
								<Keyword>work</Keyword>
							</KeywordAnnotation>
						</TextAnnotation>
						<TextAnnotation confidence="0.5" relevance="0.0"
							xml:lang="en">
							<KeywordAnnotation>
								<Keyword>er</Keyword>
								<Keyword>in</Keyword>
								<Keyword>is</Keyword>
								<Keyword>it</Keyword>
								<Keyword>of</Keyword>
							</KeywordAnnotation>
						</TextAnnotation>
						<TextAnnotation confidence="0.0" relevance="0.4"
							xml:lang="en">
							<KeywordAnnotation>
								<Keyword>Resilience</Keyword>
								<Keyword>eGovernment</Keyword>
								<Keyword>eHealth</Keyword>
							</KeywordAnnotation>
						</TextAnnotation>
						<TextAnnotation confidence="0.0" relevance="0.3"
							xml:lang="en">
							<KeywordAnnotation>
								<Keyword>O1OD</Keyword>
							</KeywordAnnotation>
						</TextAnnotation>
						<TextAnnotation confidence="0.0" relevance="0.0"
							xml:lang="en">
							<KeywordAnnotation>
								<Keyword>-</Keyword>
								<Keyword>m</Keyword>
								<Keyword>n</Keyword>
								<Keyword>r</Keyword>
							</KeywordAnnotation>
						</TextAnnotation>
					</AudioVisualSegment>
					<AudioVisualSegment id="track-1.segment-6">
						<MediaTime>
							<MediaRelTimePoint>T00:03:23:0F1000</MediaRelTimePoint>
							<MediaDuration>PT23S0N1000F</MediaDuration>
						</MediaTime>
						<TextAnnotation confidence="0.5" relevance="0.0"
							xml:lang="de">
							<KeywordAnnotation>
								<Keyword>Lu</Keyword>
								<Keyword>mm</Keyword>
							</KeywordAnnotation>
						</TextAnnotation>
						<TextAnnotation confidence="0.0" relevance="0.2"
							xml:lang="de">
							<KeywordAnnotation>
								<Keyword>nwn</Keyword>
							</KeywordAnnotation>
						</TextAnnotation>
						<TextAnnotation confidence="0.0" relevance="0.0"
							xml:lang="de">
							<KeywordAnnotation>
								<Keyword>i</Keyword>
								<Keyword>l</Keyword>
							</KeywordAnnotation>
						</TextAnnotation>
					</AudioVisualSegment>
					<AudioVisualSegment id="track-1.segment-7">
						<MediaTime>
							<MediaRelTimePoint>T00:03:46:0F1000</MediaRelTimePoint>
							<MediaDuration>PT27S0N1000F</MediaDuration>
						</MediaTime>
						<TextAnnotation confidence="0.5" relevance="0.0"
							xml:lang="de">
							<KeywordAnnotation>
								<Keyword>Li</Keyword>
								<Keyword>jh</Keyword>
								<Keyword>wi</Keyword>
							</KeywordAnnotation>
						</TextAnnotation>
						<TextAnnotation confidence="0.0" relevance="0.4"
							xml:lang="de">
							<KeywordAnnotation>
								<Keyword>Mncumn</Keyword>
								<Keyword>iipr</Keyword>
							</KeywordAnnotation>
						</TextAnnotation>
						<TextAnnotation confidence="0.0" relevance="0.0"
							xml:lang="de">
							<KeywordAnnotation>
								<Keyword>-</Keyword>
								<Keyword>A</Keyword>
								<Keyword>H</Keyword>
								<Keyword>I</Keyword>
								<Keyword>L</Keyword>
								<Keyword>T</Keyword>
								<Keyword>V</Keyword>
								<Keyword>g</Keyword>
								<Keyword>i</Keyword>
								<Keyword>j</Keyword>
								<Keyword>r</Keyword>
								<Keyword>u</Keyword>
							</KeywordAnnotation>
						</TextAnnotation>
					</AudioVisualSegment>
					<AudioVisualSegment id="track-1.segment-8">
						<MediaTime>
							<MediaRelTimePoint>T00:04:13:0F1000</MediaRelTimePoint>
							<MediaDuration>PT22S0N1000F</MediaDuration>
						</MediaTime>
						<TextAnnotation confidence="0.5" relevance="0.4"
							xml:lang="en">
							<KeywordAnnotation>
								<Keyword>cHAm</Keyword>
							</KeywordAnnotation>
						</TextAnnotation>
						<TextAnnotation confidence="0.5" relevance="0.0"
							xml:lang="en">
							<KeywordAnnotation>
								<Keyword>if</Keyword>
								<Keyword>we</Keyword>
							</KeywordAnnotation>
						</TextAnnotation>
						<TextAnnotation confidence="0.0" relevance="0.5"
							xml:lang="en">
							<KeywordAnnotation>
								<Keyword>I-mi</Keyword>
								<Keyword>J-g</Keyword>
							</KeywordAnnotation>
						</TextAnnotation>
						<TextAnnotation confidence="0.0" relevance="0.3"
							xml:lang="en">
							<KeywordAnnotation>
								<Keyword>I--E</Keyword>
							</KeywordAnnotation>
						</TextAnnotation>
						<TextAnnotation confidence="0.0" relevance="0.0"
							xml:lang="en">
							<KeywordAnnotation>
								<Keyword>A</Keyword>
								<Keyword>E</Keyword>
								<Keyword>H</Keyword>
								<Keyword>I</Keyword>
								<Keyword>L</Keyword>
								<Keyword>M</Keyword>
								<Keyword>Q</Keyword>
								<Keyword>Qn</Keyword>
								<Keyword>T</Keyword>
								<Keyword>V</Keyword>
								<Keyword>VQ</Keyword>
								<Keyword>a</Keyword>
								<Keyword>f</Keyword>
								<Keyword>i</Keyword>
								<Keyword>j</Keyword>
								<Keyword>k</Keyword>
								<Keyword>r</Keyword>
								<Keyword>x</Keyword>
							</KeywordAnnotation>
						</TextAnnotation>
					</AudioVisualSegment>
					<AudioVisualSegment id="track-1.segment-9">
						<MediaTime>
							<MediaRelTimePoint>T00:04:35:0F1000</MediaRelTimePoint>
							<MediaDuration>PT18S0N1000F</MediaDuration>
						</MediaTime>
						<TextAnnotation confidence="0.5" relevance="0.5"
							xml:lang="en">
							<KeywordAnnotation>
								<Keyword>Not</Keyword>
								<Keyword>all</Keyword>
								<Keyword>hype</Keyword>
								<Keyword>really</Keyword>
							</KeywordAnnotation>
						</TextAnnotation>
						<TextAnnotation confidence="0.5" relevance="0.0"
							xml:lang="en">
							<KeywordAnnotation>
								<Keyword>ET</Keyword>
								<Keyword>Is</Keyword>
								<Keyword>OE</Keyword>
								<Keyword>it</Keyword>
								<Keyword>mW</Keyword>
								<Keyword>nh</Keyword>
								<Keyword>pr</Keyword>
							</KeywordAnnotation>
						</TextAnnotation>
						<TextAnnotation confidence="0.0" relevance="0.4"
							xml:lang="en">
							<KeywordAnnotation>
								<Keyword>Z.L</Keyword>
							</KeywordAnnotation>
						</TextAnnotation>
						<TextAnnotation confidence="0.0" relevance="0.0"
							xml:lang="en">
							<KeywordAnnotation>
								<Keyword>-</Keyword>
								<Keyword>A</Keyword>
								<Keyword>I</Keyword>
								<Keyword>L</Keyword>
								<Keyword>Q</Keyword>
								<Keyword>T</Keyword>
								<Keyword>V</Keyword>
								<Keyword>W</Keyword>
								<Keyword>r</Keyword>
							</KeywordAnnotation>
						</TextAnnotation>
					</AudioVisualSegment>
					<AudioVisualSegment id="track-1.segment-10">
						<MediaTime>
							<MediaRelTimePoint>T00:04:53:0F1000</MediaRelTimePoint>
							<MediaDuration>PT01M10S0N1000F</MediaDuration>
						</MediaTime>
						<TextAnnotation confidence="0.5" relevance="0.5"
							xml:lang="de">
							<KeywordAnnotation>
								<Keyword>Types</Keyword>
								<Keyword>cloud</Keyword>
							</KeywordAnnotation>
						</TextAnnotation>
						<TextAnnotation confidence="0.5" relevance="0.0"
							xml:lang="de">
							<KeywordAnnotation>
								<Keyword>EU</Keyword>
								<Keyword>Nl</Keyword>
								<Keyword>Pl</Keyword>
								<Keyword>of</Keyword>
							</KeywordAnnotation>
						</TextAnnotation>
						<TextAnnotation confidence="0.0" relevance="0.3"
							xml:lang="de">
							<KeywordAnnotation>
								<Keyword>mm0u</Keyword>
							</KeywordAnnotation>
						</TextAnnotation>
						<TextAnnotation confidence="0.0" relevance="0.0"
							xml:lang="de">
							<KeywordAnnotation>
								<Keyword>H</Keyword>
								<Keyword>I</Keyword>
								<Keyword>K</Keyword>
								<Keyword>W</Keyword>
								<Keyword>i</Keyword>
								<Keyword>m</Keyword>
								<Keyword>w</Keyword>
							</KeywordAnnotation>
						</TextAnnotation>
					</AudioVisualSegment>
					<AudioVisualSegment id="track-1.segment-11">
						<MediaTime>
							<MediaRelTimePoint>T00:06:03:0F1000</MediaRelTimePoint>
							<MediaDuration>PT21S0N1000F</MediaDuration>
						</MediaTime>
						<TextAnnotation confidence="0.5" relevance="0.5"
							xml:lang="en">
							<KeywordAnnotation>
								<Keyword>Assessment</Keyword>
								<Keyword>Computing</Keyword>
								<Keyword>Technologies</Keyword>
							</KeywordAnnotation>
						</TextAnnotation>
						<TextAnnotation confidence="0.5" relevance="0.4"
							xml:lang="en">
							<KeywordAnnotation>
								<Keyword>Analysis</Keyword>
								<Keyword>Assets</Keyword>
								<Keyword>Cloud</Keyword>
								<Keyword>ENISA</Keyword>
								<Keyword>Migration</Keyword>
								<Keyword>Risk</Keyword>
								<Keyword>SME</Keyword>
								<Keyword>Threats</Keyword>
								<Keyword>Vulnerabilities</Keyword>
								<Keyword>description</Keyword>
								<Keyword>risks</Keyword>
								<Keyword>scenarios</Keyword>
								<Keyword>selected</Keyword>
							</KeywordAnnotation>
						</TextAnnotation>
						<TextAnnotation confidence="0.5" relevance="0.3"
							xml:lang="en">
							<KeywordAnnotation>
								<Keyword>ENISA</Keyword>
								<Keyword>Emerging</Keyword>
								<Keyword>Framework</Keyword>
								<Keyword>Future</Keyword>
								<Keyword>Recommendations</Keyword>
								<Keyword>Risk</Keyword>
								<Keyword>Using</Keyword>
								<Keyword>and</Keyword>
							</KeywordAnnotation>
						</TextAnnotation>
						<TextAnnotation confidence="0.5" relevance="0.0"
							xml:lang="en">
							<KeywordAnnotation>
								<Keyword>az</Keyword>
								<Keyword>of</Keyword>
							</KeywordAnnotation>
						</TextAnnotation>
						<TextAnnotation confidence="0.0" relevance="0.4"
							xml:lang="en">
							<KeywordAnnotation>
								<Keyword>G0vernmenteHeaIth</Keyword>
								<Keyword>Resilience</Keyword>
								<Keyword>Scenario</Keyword>
							</KeywordAnnotation>
						</TextAnnotation>
						<TextAnnotation confidence="0.0" relevance="0.3"
							xml:lang="en">
							<KeywordAnnotation>
								<Keyword>M.-</Keyword>
							</KeywordAnnotation>
						</TextAnnotation>
						<TextAnnotation confidence="0.0" relevance="0.0"
							xml:lang="en">
							<KeywordAnnotation>
								<Keyword>-</Keyword>
								<Keyword>E</Keyword>
								<Keyword>r</Keyword>
							</KeywordAnnotation>
						</TextAnnotation>
					</AudioVisualSegment>
					<AudioVisualSegment id="track-1.segment-12">
						<MediaTime>
							<MediaRelTimePoint>T00:06:24:0F1000</MediaRelTimePoint>
							<MediaDuration>PT19S0N1000F</MediaDuration>
						</MediaTime>
						<TextAnnotation confidence="0.5" relevance="0.5"
							xml:lang="en">
							<KeywordAnnotation>
								<Keyword>Assessment</Keyword>
								<Keyword>Cloud</Keyword>
								<Keyword>Computing</Keyword>
								<Keyword>Risk</Keyword>
								<Keyword>Technologies</Keyword>
								<Keyword>scenarios</Keyword>
							</KeywordAnnotation>
						</TextAnnotation>
						<TextAnnotation confidence="0.5" relevance="0.4"
							xml:lang="en">
							<KeywordAnnotation>
								<Keyword>Analysis</Keyword>
								<Keyword>Assets</Keyword>
								<Keyword>ENISA</Keyword>
								<Keyword>Migration</Keyword>
								<Keyword>Risk</Keyword>
								<Keyword>SME</Keyword>
								<Keyword>Threats</Keyword>
								<Keyword>Vulnerabilities</Keyword>
								<Keyword>description</Keyword>
								<Keyword>risks</Keyword>
								<Keyword>selected</Keyword>
							</KeywordAnnotation>
						</TextAnnotation>
						<TextAnnotation confidence="0.5" relevance="0.3"
							xml:lang="en">
							<KeywordAnnotation>
								<Keyword>ENISA</Keyword>
								<Keyword>Emerging</Keyword>
								<Keyword>Framework</Keyword>
								<Keyword>Future</Keyword>
								<Keyword>Recommendations</Keyword>
								<Keyword>Using</Keyword>
								<Keyword>and</Keyword>
							</KeywordAnnotation>
						</TextAnnotation>
						<TextAnnotation confidence="0.5" relevance="0.0"
							xml:lang="en">
							<KeywordAnnotation>
								<Keyword>VL</Keyword>
								<Keyword>ar</Keyword>
								<Keyword>of</Keyword>
							</KeywordAnnotation>
						</TextAnnotation>
						<TextAnnotation confidence="0.0" relevance="0.4"
							xml:lang="en">
							<KeywordAnnotation>
								<Keyword>G0vemmenteHeaIth</Keyword>
								<Keyword>Resilience</Keyword>
								<Keyword>Scenario</Keyword>
							</KeywordAnnotation>
						</TextAnnotation>
						<TextAnnotation confidence="0.0" relevance="0.0"
							xml:lang="en">
							<KeywordAnnotation>
								<Keyword>-</Keyword>
								<Keyword>f</Keyword>
								<Keyword>m</Keyword>
								<Keyword>r</Keyword>
							</KeywordAnnotation>
						</TextAnnotation>
					</AudioVisualSegment>
					<AudioVisualSegment id="track-1.segment-13">
						<MediaTime>
							<MediaRelTimePoint>T00:06:43:0F1000</MediaRelTimePoint>
							<MediaDuration>PT21S0N1000F</MediaDuration>
						</MediaTime>
						<TextAnnotation confidence="0.5" relevance="0.5"
							xml:lang="de">
							<KeywordAnnotation>
								<Keyword>Expert</Keyword>
								<Keyword>GRID</Keyword>
								<Keyword>Group</Keyword>
								<Keyword>IBM</Keyword>
								<Keyword>Our</Keyword>
							</KeywordAnnotation>
						</TextAnnotation>
						<TextAnnotation confidence="0.5" relevance="0.4"
							xml:lang="de">
							<KeywordAnnotation>
								<Keyword>Alliance</Keyword>
								<Keyword>Amazon</Keyword>
								<Keyword>Bologna</Keyword>
								<Keyword>CSA</Keyword>
								<Keyword>Cloud</Keyword>
								<Keyword>Google</Keyword>
								<Keyword>Israel</Keyword>
								<Keyword>Microsoft</Keyword>
								<Keyword>Security</Keyword>
								<Keyword>Systems</Keyword>
								<Keyword>The</Keyword>
								<Keyword>University</Keyword>
								<Keyword>cisco</Keyword>
								<Keyword>with</Keyword>
								<Keyword>www</Keyword>
							</KeywordAnnotation>
						</TextAnnotation>
						<TextAnnotation confidence="0.5" relevance="0.0"
							xml:lang="de">
							<KeywordAnnotation>
								<Keyword>BI</Keyword>
								<Keyword>Cm</Keyword>
								<Keyword>Ei</Keyword>
								<Keyword>HP</Keyword>
								<Keyword>an</Keyword>
								<Keyword>ng</Keyword>
								<Keyword>nm</Keyword>
								<Keyword>of</Keyword>
								<Keyword>sa</Keyword>
								<Keyword>su</Keyword>
								<Keyword>sw</Keyword>
								<Keyword>um</Keyword>
							</KeywordAnnotation>
						</TextAnnotation>
						<TextAnnotation confidence="0.0" relevance="0.5"
							xml:lang="de">
							<KeywordAnnotation>
								<Keyword>Avenade</Keyword>
								<Keyword>I6g.B</Keyword>
								<Keyword>nsuL</Keyword>
							</KeywordAnnotation>
						</TextAnnotation>
						<TextAnnotation confidence="0.0" relevance="0.4"
							xml:lang="de">
							<KeywordAnnotation>
								<Keyword>Assocnatson</Keyword>
								<Keyword>Baldmg</Keyword>
								<Keyword>Cloudsecuntyorg</Keyword>
								<Keyword>Craag</Keyword>
								<Keyword>Liason</Keyword>
								<Keyword>Virtualisationjnfo</Keyword>
								<Keyword>u.LUD</Keyword>
							</KeywordAnnotation>
						</TextAnnotation>
						<TextAnnotation confidence="0.0" relevance="0.0"
							xml:lang="de">
							<KeywordAnnotation>
								<Keyword>-</Keyword>
								<Keyword>C</Keyword>
								<Keyword>I</Keyword>
								<Keyword>P</Keyword>
								<Keyword>Q</Keyword>
								<Keyword>R</Keyword>
								<Keyword>T</Keyword>
								<Keyword>V</Keyword>
								<Keyword>Y</Keyword>
								<Keyword>d</Keyword>
								<Keyword>e</Keyword>
								<Keyword>g</Keyword>
								<Keyword>h</Keyword>
								<Keyword>i</Keyword>
								<Keyword>j</Keyword>
								<Keyword>m</Keyword>
								<Keyword>n</Keyword>
								<Keyword>p</Keyword>
								<Keyword>r</Keyword>
								<Keyword>v</Keyword>
								<Keyword>y</Keyword>
							</KeywordAnnotation>
						</TextAnnotation>
					</AudioVisualSegment>
					<AudioVisualSegment id="track-1.segment-14">
						<MediaTime>
							<MediaRelTimePoint>T00:07:04:0F1000</MediaRelTimePoint>
							<MediaDuration>PT58S0N1000F</MediaDuration>
						</MediaTime>
						<TextAnnotation confidence="0.5" relevance="0.5"
							xml:lang="en">
							<KeywordAnnotation>
								<Keyword>SME</Keyword>
								<Keyword>the</Keyword>
							</KeywordAnnotation>
						</TextAnnotation>
						<TextAnnotation confidence="0.5" relevance="0.4"
							xml:lang="en">
							<KeywordAnnotation>
								<Keyword>Based</Keyword>
								<Keyword>Business</Keyword>
								<Keyword>Clean</Keyword>
								<Keyword>Employees</Keyword>
								<Keyword>Europe</Keyword>
								<Keyword>Future</Keyword>
								<Keyword>Germany</Keyword>
								<Keyword>Name</Keyword>
								<Keyword>SME</Keyword>
								<Keyword>Sector</Keyword>
								<Keyword>Security</Keyword>
								<Keyword>Solar</Keyword>
								<Keyword>agents</Keyword>
								<Keyword>and</Keyword>
								<Keyword>between</Keyword>
								<Keyword>branch</Keyword>
								<Keyword>etc</Keyword>
								<Keyword>for</Keyword>
								<Keyword>offices</Keyword>
								<Keyword>people</Keyword>
								<Keyword>representatives</Keyword>
								<Keyword>risks</Keyword>
								<Keyword>sales</Keyword>
								<Keyword>with</Keyword>
							</KeywordAnnotation>
						</TextAnnotation>
						<TextAnnotation confidence="0.5" relevance="0.3"
							xml:lang="en">
							<KeywordAnnotation>
								<Keyword>clu</Keyword>
							</KeywordAnnotation>
						</TextAnnotation>
						<TextAnnotation confidence="0.5" relevance="0.0"
							xml:lang="en">
							<KeywordAnnotation>
								<Keyword>an</Keyword>
								<Keyword>in</Keyword>
								<Keyword>qr</Keyword>
								<Keyword>to</Keyword>
							</KeywordAnnotation>
						</TextAnnotation>
						<TextAnnotation confidence="0.0" relevance="0.5"
							xml:lang="en">
							<KeywordAnnotation>
								<Keyword>cloud-</Keyword>
							</KeywordAnnotation>
						</TextAnnotation>
						<TextAnnotation confidence="0.0" relevance="0.4"
							xml:lang="en">
							<KeywordAnnotation>
								<Keyword>Scenario</Keyword>
								<Keyword>consultants</Keyword>
								<Keyword>contractors</Keyword>
								<Keyword>interim</Keyword>
								<Keyword>migrating</Keyword>
								<Keyword>panels</Keyword>
								<Keyword>trainees</Keyword>
							</KeywordAnnotation>
						</TextAnnotation>
						<TextAnnotation confidence="0.0" relevance="0.3"
							xml:lang="en">
							<KeywordAnnotation>
								<Keyword>D0D1c</Keyword>
							</KeywordAnnotation>
						</TextAnnotation>
						<TextAnnotation confidence="0.0" relevance="0.0"
							xml:lang="en">
							<KeywordAnnotation>
								<Keyword>F</Keyword>
								<Keyword>I</Keyword>
								<Keyword>Q</Keyword>
								<Keyword>W</Keyword>
								<Keyword>m</Keyword>
								<Keyword>u</Keyword>
							</KeywordAnnotation>
						</TextAnnotation>
					</AudioVisualSegment>
					<AudioVisualSegment id="track-1.segment-15">
						<MediaTime>
							<MediaRelTimePoint>T00:08:02:0F1000</MediaRelTimePoint>
							<MediaDuration>PT32S0N1000F</MediaDuration>
						</MediaTime>
						<TextAnnotation confidence="0.5" relevance="0.5"
							xml:lang="en">
							<KeywordAnnotation>
								<Keyword>Business</Keyword>
								<Keyword>Processes</Keyword>
							</KeywordAnnotation>
						</TextAnnotation>
						<TextAnnotation confidence="0.5" relevance="0.4"
							xml:lang="en">
							<KeywordAnnotation>
								<Keyword>Considered</Keyword>
								<Keyword>SME</Keyword>
							</KeywordAnnotation>
						</TextAnnotation>
						<TextAnnotation confidence="0.0" relevance="0.3"
							xml:lang="en">
							<KeywordAnnotation>
								<Keyword>Hacnnwt</Keyword>
							</KeywordAnnotation>
						</TextAnnotation>
						<TextAnnotation confidence="0.0" relevance="0.2"
							xml:lang="en">
							<KeywordAnnotation>
								<Keyword>O1DO</Keyword>
							</KeywordAnnotation>
						</TextAnnotation>
						<TextAnnotation confidence="0.0" relevance="0.0"
							xml:lang="en">
							<KeywordAnnotation>
								<Keyword>-</Keyword>
								<Keyword>Q</Keyword>
								<Keyword>T</Keyword>
								<Keyword>s</Keyword>
								<Keyword>u</Keyword>
								<Keyword>x</Keyword>
							</KeywordAnnotation>
						</TextAnnotation>
					</AudioVisualSegment>
					<AudioVisualSegment id="track-1.segment-16">
						<MediaTime>
							<MediaRelTimePoint>T00:08:34:0F1000</MediaRelTimePoint>
							<MediaDuration>PT16S0N1000F</MediaDuration>
						</MediaTime>
						<TextAnnotation confidence="0.5" relevance="0.4"
							xml:lang="de">
							<KeywordAnnotation>
								<Keyword>Concerns</Keyword>
								<Keyword>Main</Keyword>
								<Keyword>SME</Keyword>
								<Keyword>tis</Keyword>
							</KeywordAnnotation>
						</TextAnnotation>
						<TextAnnotation confidence="0.5" relevance="0.3"
							xml:lang="de">
							<KeywordAnnotation>
								<Keyword>DOI</Keyword>
								<Keyword>OHM</Keyword>
								<Keyword>tAd</Keyword>
								<Keyword>will</Keyword>
							</KeywordAnnotation>
						</TextAnnotation>
						<TextAnnotation confidence="0.5" relevance="0.0"
							xml:lang="de">
							<KeywordAnnotation>
								<Keyword>UA</Keyword>
								<Keyword>an</Keyword>
								<Keyword>mc</Keyword>
								<Keyword>nI</Keyword>
								<Keyword>uU</Keyword>
								<Keyword>vm</Keyword>
							</KeywordAnnotation>
						</TextAnnotation>
						<TextAnnotation confidence="0.0" relevance="0.3"
							xml:lang="de">
							<KeywordAnnotation>
								<Keyword>lll</Keyword>
								<Keyword>naman</Keyword>
								<Keyword>thm</Keyword>
							</KeywordAnnotation>
						</TextAnnotation>
						<TextAnnotation confidence="0.0" relevance="0.0"
							xml:lang="de">
							<KeywordAnnotation>
								<Keyword>I</Keyword>
								<Keyword>JN</Keyword>
								<Keyword>M</Keyword>
								<Keyword>b</Keyword>
								<Keyword>d</Keyword>
								<Keyword>i</Keyword>
								<Keyword>l</Keyword>
								<Keyword>m</Keyword>
								<Keyword>n</Keyword>
								<Keyword>o</Keyword>
								<Keyword>s</Keyword>
								<Keyword>u</Keyword>
								<Keyword>w</Keyword>
								<Keyword>z</Keyword>
							</KeywordAnnotation>
						</TextAnnotation>
					</AudioVisualSegment>
					<AudioVisualSegment id="track-1.segment-17">
						<MediaTime>
							<MediaRelTimePoint>T00:08:50:0F1000</MediaRelTimePoint>
							<MediaDuration>PT40S0N1000F</MediaDuration>
						</MediaTime>
						<TextAnnotation confidence="0.5" relevance="0.4"
							xml:lang="de">
							<KeywordAnnotation>
								<Keyword>Concerns</Keyword>
								<Keyword>III</Keyword>
								<Keyword>Main</Keyword>
								<Keyword>SME</Keyword>
								<Keyword>XIII</Keyword>
							</KeywordAnnotation>
						</TextAnnotation>
						<TextAnnotation confidence="0.5" relevance="0.3"
							xml:lang="de">
							<KeywordAnnotation>
								<Keyword>Gil</Keyword>
								<Keyword>itil</Keyword>
							</KeywordAnnotation>
						</TextAnnotation>
						<TextAnnotation confidence="0.5" relevance="0.0"
							xml:lang="de">
							<KeywordAnnotation>
								<Keyword>In</Keyword>
								<Keyword>Wn</Keyword>
								<Keyword>ZZ</Keyword>
								<Keyword>at</Keyword>
								<Keyword>ns</Keyword>
							</KeywordAnnotation>
						</TextAnnotation>
						<TextAnnotation confidence="0.0" relevance="0.3"
							xml:lang="de">
							<KeywordAnnotation>
								<Keyword>Ind</Keyword>
								<Keyword>tho</Keyword>
							</KeywordAnnotation>
						</TextAnnotation>
						<TextAnnotation confidence="0.0" relevance="0.0"
							xml:lang="de">
							<KeywordAnnotation>
								<Keyword>-</Keyword>
								<Keyword>D</Keyword>
								<Keyword>I</Keyword>
								<Keyword>M</Keyword>
								<Keyword>Q</Keyword>
								<Keyword>W-</Keyword>
								<Keyword>i</Keyword>
								<Keyword>m</Keyword>
								<Keyword>s</Keyword>
								<Keyword>u</Keyword>
								<Keyword>xm</Keyword>
							</KeywordAnnotation>
						</TextAnnotation>
					</AudioVisualSegment>
					<AudioVisualSegment id="track-1.segment-18">
						<MediaTime>
							<MediaRelTimePoint>T00:09:30:0F1000</MediaRelTimePoint>
							<MediaDuration>PT51S0N1000F</MediaDuration>
						</MediaTime>
						<TextAnnotation confidence="0.5" relevance="0.4"
							xml:lang="en">
							<KeywordAnnotation>
								<Keyword>provide</Keyword>
								<Keyword>service</Keyword>
							</KeywordAnnotation>
						</TextAnnotation>
						<TextAnnotation confidence="0.5" relevance="0.3"
							xml:lang="en">
							<KeywordAnnotation>
								<Keyword>The</Keyword>
								<Keyword>abi</Keyword>
								<Keyword>acceptable</Keyword>
								<Keyword>affecting</Keyword>
								<Keyword>caused</Keyword>
								<Keyword>face</Keyword>
								<Keyword>faults</Keyword>
								<Keyword>intentional</Keyword>
								<Keyword>level</Keyword>
								<Keyword>maintain</Keyword>
								<Keyword>naturally</Keyword>
								<Keyword>normal</Keyword>
								<Keyword>operation</Keyword>
								<Keyword>system</Keyword>
								<Keyword>the</Keyword>
							</KeywordAnnotation>
						</TextAnnotation>
						<TextAnnotation confidence="0.5" relevance="0.0"
							xml:lang="en">
							<KeywordAnnotation>
								<Keyword>Oi</Keyword>
								<Keyword>Qu</Keyword>
								<Keyword>an</Keyword>
								<Keyword>in</Keyword>
								<Keyword>of</Keyword>
								<Keyword>or</Keyword>
								<Keyword>to</Keyword>
							</KeywordAnnotation>
						</TextAnnotation>
						<TextAnnotation confidence="0.0" relevance="0.4"
							xml:lang="en">
							<KeywordAnnotation>
								<Keyword>I---</Keyword>
								<Keyword>Resilience</Keyword>
								<Keyword>Scenario</Keyword>
								<Keyword>unintentional</Keyword>
							</KeywordAnnotation>
						</TextAnnotation>
						<TextAnnotation confidence="0.0" relevance="0.3"
							xml:lang="en">
							<KeywordAnnotation>
								<Keyword>ity</Keyword>
							</KeywordAnnotation>
						</TextAnnotation>
						<TextAnnotation confidence="0.0" relevance="0.0"
							xml:lang="en">
							<KeywordAnnotation>
								<Keyword>-</Keyword>
								<Keyword>I</Keyword>
								<Keyword>Y</Keyword>
								<Keyword>a</Keyword>
								<Keyword>i</Keyword>
								<Keyword>l</Keyword>
								<Keyword>n</Keyword>
								<Keyword>u</Keyword>
								<Keyword>x</Keyword>
							</KeywordAnnotation>
						</TextAnnotation>
					</AudioVisualSegment>
					<AudioVisualSegment id="track-1.segment-19">
						<MediaTime>
							<MediaRelTimePoint>T00:10:21:0F1000</MediaRelTimePoint>
							<MediaDuration>PT37S0N1000F</MediaDuration>
						</MediaTime>
						<TextAnnotation confidence="0.5" relevance="0.4"
							xml:lang="en">
							<KeywordAnnotation>
								<Keyword>provide</Keyword>
								<Keyword>service</Keyword>
							</KeywordAnnotation>
						</TextAnnotation>
						<TextAnnotation confidence="0.5" relevance="0.3"
							xml:lang="en">
							<KeywordAnnotation>
								<Keyword>The</Keyword>
								<Keyword>abi</Keyword>
								<Keyword>acceptable</Keyword>
								<Keyword>affecting</Keyword>
								<Keyword>caused</Keyword>
								<Keyword>face</Keyword>
								<Keyword>faults</Keyword>
								<Keyword>intentional</Keyword>
								<Keyword>level</Keyword>
								<Keyword>maintain</Keyword>
								<Keyword>naturally</Keyword>
								<Keyword>normal</Keyword>
								<Keyword>operation</Keyword>
								<Keyword>system</Keyword>
								<Keyword>the</Keyword>
							</KeywordAnnotation>
						</TextAnnotation>
						<TextAnnotation confidence="0.5" relevance="0.0"
							xml:lang="en">
							<KeywordAnnotation>
								<Keyword>an</Keyword>
								<Keyword>in</Keyword>
								<Keyword>of</Keyword>
								<Keyword>or</Keyword>
							</KeywordAnnotation>
						</TextAnnotation>
						<TextAnnotation confidence="0.0" relevance="0.4"
							xml:lang="en">
							<KeywordAnnotation>
								<Keyword>Resilience</Keyword>
								<Keyword>Scenario</Keyword>
								<Keyword>unintentional</Keyword>
							</KeywordAnnotation>
						</TextAnnotation>
						<TextAnnotation confidence="0.0" relevance="0.3"
							xml:lang="en">
							<KeywordAnnotation>
								<Keyword>ity</Keyword>
							</KeywordAnnotation>
						</TextAnnotation>
						<TextAnnotation confidence="0.0" relevance="0.2"
							xml:lang="en">
							<KeywordAnnotation>
								<Keyword>PDIhn</Keyword>
							</KeywordAnnotation>
						</TextAnnotation>
						<TextAnnotation confidence="0.0" relevance="0.0"
							xml:lang="en">
							<KeywordAnnotation>
								<Keyword>I</Keyword>
								<Keyword>a</Keyword>
								<Keyword>t</Keyword>
							</KeywordAnnotation>
						</TextAnnotation>
					</AudioVisualSegment>
					<AudioVisualSegment id="track-1.segment-20">
						<MediaTime>
							<MediaRelTimePoint>T00:10:58:0F1000</MediaRelTimePoint>
							<MediaDuration>PT24S0N1000F</MediaDuration>
						</MediaTime>
						<TextAnnotation confidence="0.5" relevance="0.4"
							xml:lang="en">
							<KeywordAnnotation>
								<Keyword>Focus</Keyword>
								<Keyword>Service</Keyword>
								<Keyword>against</Keyword>
								<Keyword>and</Keyword>
								<Keyword>cloud</Keyword>
								<Keyword>computing</Keyword>
								<Keyword>high</Keyword>
								<Keyword>integrity</Keyword>
								<Keyword>reliability</Keyword>
								<Keyword>requiring</Keyword>
							</KeywordAnnotation>
						</TextAnnotation>
						<TextAnnotation confidence="0.5" relevance="0.3"
							xml:lang="en">
							<KeywordAnnotation>
								<Keyword>Disaster</Keyword>
								<Keyword>Misuse</Keyword>
								<Keyword>Natural</Keyword>
								<Keyword>platform</Keyword>
							</KeywordAnnotation>
						</TextAnnotation>
						<TextAnnotation confidence="0.5" relevance="0.0"
							xml:lang="en">
							<KeywordAnnotation>
								<Keyword>of</Keyword>
								<Keyword>on</Keyword>
							</KeywordAnnotation>
						</TextAnnotation>
						<TextAnnotation confidence="0.0" relevance="0.4"
							xml:lang="en">
							<KeywordAnnotation>
								<Keyword>Resilience</Keyword>
								<Keyword>Scenario</Keyword>
								<Keyword>conhdentiality</Keyword>
								<Keyword>ravailability</Keyword>
								<Keyword>resilience</Keyword>
							</KeywordAnnotation>
						</TextAnnotation>
						<TextAnnotation confidence="0.0" relevance="0.3"
							xml:lang="en">
							<KeywordAnnotation>
								<Keyword>DD0S</Keyword>
								<Keyword>n1mn</Keyword>
							</KeywordAnnotation>
						</TextAnnotation>
						<TextAnnotation confidence="0.0" relevance="0.0"
							xml:lang="en">
							<KeywordAnnotation>
								<Keyword>I</Keyword>
								<Keyword>l</Keyword>
								<Keyword>u</Keyword>
							</KeywordAnnotation>
						</TextAnnotation>
					</AudioVisualSegment>
					<AudioVisualSegment id="track-1.segment-21">
						<MediaTime>
							<MediaRelTimePoint>T00:11:22:0F1000</MediaRelTimePoint>
							<MediaDuration>PT22S0N1000F</MediaDuration>
						</MediaTime>
						<TextAnnotation confidence="0.5" relevance="0.4"
							xml:lang="en">
							<KeywordAnnotation>
								<Keyword>Focus</Keyword>
								<Keyword>Service</Keyword>
								<Keyword>against</Keyword>
								<Keyword>and</Keyword>
								<Keyword>cloud</Keyword>
								<Keyword>computing</Keyword>
								<Keyword>high</Keyword>
								<Keyword>integrity</Keyword>
								<Keyword>reliability</Keyword>
								<Keyword>requiring</Keyword>
							</KeywordAnnotation>
						</TextAnnotation>
						<TextAnnotation confidence="0.5" relevance="0.3"
							xml:lang="en">
							<KeywordAnnotation>
								<Keyword>Disaster</Keyword>
								<Keyword>Misuse</Keyword>
								<Keyword>Natural</Keyword>
								<Keyword>platform</Keyword>
							</KeywordAnnotation>
						</TextAnnotation>
						<TextAnnotation confidence="0.5" relevance="0.0"
							xml:lang="en">
							<KeywordAnnotation>
								<Keyword>of</Keyword>
								<Keyword>on</Keyword>
								<Keyword>or</Keyword>
							</KeywordAnnotation>
						</TextAnnotation>
						<TextAnnotation confidence="0.0" relevance="0.4"
							xml:lang="en">
							<KeywordAnnotation>
								<Keyword>Resilience</Keyword>
								<Keyword>Scenario</Keyword>
								<Keyword>conhdentiality</Keyword>
								<Keyword>ravailability</Keyword>
								<Keyword>resilience</Keyword>
							</KeywordAnnotation>
						</TextAnnotation>
						<TextAnnotation confidence="0.0" relevance="0.3"
							xml:lang="en">
							<KeywordAnnotation>
								<Keyword>D0D</Keyword>
								<Keyword>DD0S</Keyword>
							</KeywordAnnotation>
						</TextAnnotation>
						<TextAnnotation confidence="0.0" relevance="0.0"
							xml:lang="en">
							<KeywordAnnotation>
								<Keyword>-F</Keyword>
								<Keyword>l</Keyword>
								<Keyword>m</Keyword>
								<Keyword>u</Keyword>
							</KeywordAnnotation>
						</TextAnnotation>
					</AudioVisualSegment>
					<AudioVisualSegment id="track-1.segment-22">
						<MediaTime>
							<MediaRelTimePoint>T00:11:44:0F1000</MediaRelTimePoint>
							<MediaDuration>PT28S0N1000F</MediaDuration>
						</MediaTime>
						<TextAnnotation confidence="0.5" relevance="0.4"
							xml:lang="en">
							<KeywordAnnotation>
								<Keyword>Order</Keyword>
								<Keyword>SOX</Keyword>
								<Keyword>analysis</Keyword>
								<Keyword>and</Keyword>
								<Keyword>ata</Keyword>
								<Keyword>charts</Keyword>
								<Keyword>companies</Keyword>
								<Keyword>control</Keyword>
								<Keyword>conversion</Keyword>
								<Keyword>data</Keyword>
								<Keyword>date</Keyword>
								<Keyword>for</Keyword>
								<Keyword>goods</Keyword>
								<Keyword>histories</Keyword>
								<Keyword>portals</Keyword>
								<Keyword>price</Keyword>
								<Keyword>purchasing</Keyword>
								<Keyword>real</Keyword>
								<Keyword>reports</Keyword>
								<Keyword>stock</Keyword>
								<Keyword>trading</Keyword>
								<Keyword>use</Keyword>
							</KeywordAnnotation>
						</TextAnnotation>
						<TextAnnotation confidence="0.5" relevance="0.0"
							xml:lang="en">
							<KeywordAnnotation>
								<Keyword>EU</Keyword>
								<Keyword>FX</Keyword>
								<Keyword>hi</Keyword>
								<Keyword>in</Keyword>
								<Keyword>rm</Keyword>
								<Keyword>up</Keyword>
							</KeywordAnnotation>
						</TextAnnotation>
						<TextAnnotation confidence="0.0" relevance="0.4"
							xml:lang="en">
							<KeywordAnnotation>
								<Keyword>-tim</Keyword>
								<Keyword>Histpripal</Keyword>
								<Keyword>Proyides</Keyword>
								<Keyword>Real-timecurrency</Keyword>
								<Keyword>anti-monopoly</Keyword>
								<Keyword>cmu</Keyword>
								<Keyword>price-prediction</Keyword>
								<Keyword>repbrts</Keyword>
								<Keyword>t0ries</Keyword>
								<Keyword>xx-Fm</Keyword>
							</KeywordAnnotation>
						</TextAnnotation>
						<TextAnnotation confidence="0.0" relevance="0.0"
							xml:lang="en">
							<KeywordAnnotation>
								<Keyword>E</Keyword>
								<Keyword>I</Keyword>
								<Keyword>d</Keyword>
								<Keyword>e</Keyword>
								<Keyword>r</Keyword>
							</KeywordAnnotation>
						</TextAnnotation>
					</AudioVisualSegment>
					<AudioVisualSegment id="track-1.segment-23">
						<MediaTime>
							<MediaRelTimePoint>T00:12:12:0F1000</MediaRelTimePoint>
							<MediaDuration>PT22S0N1000F</MediaDuration>
						</MediaTime>
						<TextAnnotation confidence="0.5" relevance="0.5"
							xml:lang="en">
							<KeywordAnnotation>
								<Keyword>government</Keyword>
								<Keyword>running</Keyword>
								<Keyword>services</Keyword>
							</KeywordAnnotation>
						</TextAnnotation>
						<TextAnnotation confidence="0.5" relevance="0.4"
							xml:lang="en">
							<KeywordAnnotation>
								<Keyword>Policy</Keyword>
								<Keyword>Security</Keyword>
							</KeywordAnnotation>
						</TextAnnotation>
						<TextAnnotation confidence="0.5" relevance="0.3"
							xml:lang="en">
							<KeywordAnnotation>
								<Keyword>Cloud</Keyword>
								<Keyword>Hospital</Keyword>
								<Keyword>ass</Keyword>
								<Keyword>service</Keyword>
							</KeywordAnnotation>
						</TextAnnotation>
						<TextAnnotation confidence="0.5" relevance="0.0"
							xml:lang="en">
							<KeywordAnnotation>
								<Keyword>Vx</Keyword>
								<Keyword>on</Keyword>
								<Keyword>wi</Keyword>
							</KeywordAnnotation>
						</TextAnnotation>
						<TextAnnotation confidence="0.0" relevance="0.5"
							xml:lang="en">
							<KeywordAnnotation>
								<Keyword>Scenario</Keyword>
								<Keyword>eHealth</Keyword>
							</KeywordAnnotation>
						</TextAnnotation>
						<TextAnnotation confidence="0.0" relevance="0.3"
							xml:lang="en">
							<KeywordAnnotation>
								<Keyword>Gov</Keyword>
								<Keyword>HcsD</Keyword>
								<Keyword>IE-</Keyword>
							</KeywordAnnotation>
						</TextAnnotation>
						<TextAnnotation confidence="0.0" relevance="0.0"
							xml:lang="en">
							<KeywordAnnotation>
								<Keyword>I</Keyword>
								<Keyword>P</Keyword>
								<Keyword>S</Keyword>
								<Keyword>Y</Keyword>
								<Keyword>a</Keyword>
							</KeywordAnnotation>
						</TextAnnotation>
					</AudioVisualSegment>
					<AudioVisualSegment id="track-1.segment-24">
						<MediaTime>
							<MediaRelTimePoint>T00:12:34:0F1000</MediaRelTimePoint>
							<MediaDuration>PT57S0N1000F</MediaDuration>
						</MediaTime>
						<TextAnnotation confidence="0.5" relevance="0.5"
							xml:lang="en">
							<KeywordAnnotation>
								<Keyword>government</Keyword>
								<Keyword>running</Keyword>
								<Keyword>services</Keyword>
							</KeywordAnnotation>
						</TextAnnotation>
						<TextAnnotation confidence="0.5" relevance="0.3"
							xml:lang="en">
							<KeywordAnnotation>
								<Keyword>Hospital</Keyword>
								<Keyword>service</Keyword>
							</KeywordAnnotation>
						</TextAnnotation>
						<TextAnnotation confidence="0.5" relevance="0.0"
							xml:lang="en">
							<KeywordAnnotation>
								<Keyword>AT</Keyword>
								<Keyword>ms</Keyword>
								<Keyword>on</Keyword>
							</KeywordAnnotation>
						</TextAnnotation>
						<TextAnnotation confidence="0.0" relevance="0.5"
							xml:lang="en">
							<KeywordAnnotation>
								<Keyword>Scenario</Keyword>
								<Keyword>eHealth</Keyword>
							</KeywordAnnotation>
						</TextAnnotation>
						<TextAnnotation confidence="0.0" relevance="0.3"
							xml:lang="en">
							<KeywordAnnotation>
								<Keyword>Passport</Keyword>
							</KeywordAnnotation>
						</TextAnnotation>
						<TextAnnotation confidence="0.0" relevance="0.0"
							xml:lang="en">
							<KeywordAnnotation>
								<Keyword>-</Keyword>
								<Keyword>E</Keyword>
								<Keyword>H</Keyword>
								<Keyword>I</Keyword>
								<Keyword>K</Keyword>
								<Keyword>a</Keyword>
								<Keyword>s</Keyword>
							</KeywordAnnotation>
						</TextAnnotation>
					</AudioVisualSegment>
					<AudioVisualSegment id="track-1.segment-25">
						<MediaTime>
							<MediaRelTimePoint>T00:13:31:0F1000</MediaRelTimePoint>
							<MediaDuration>PT35S0N1000F</MediaDuration>
						</MediaTime>
						<TextAnnotation confidence="0.5" relevance="0.5"
							xml:lang="en">
							<KeywordAnnotation>
								<Keyword>computing</Keyword>
								<Keyword>infrastructures</Keyword>
							</KeywordAnnotation>
						</TextAnnotation>
						<TextAnnotation confidence="0.5" relevance="0.4"
							xml:lang="en">
							<KeywordAnnotation>
								<Keyword>Data</Keyword>
								<Keyword>Database</Keyword>
								<Keyword>Home</Keyword>
								<Keyword>Initial</Keyword>
								<Keyword>Sensitive</Keyword>
								<Keyword>Service</Keyword>
								<Keyword>Special</Keyword>
								<Keyword>The</Keyword>
								<Keyword>aaS</Keyword>
								<Keyword>also</Keyword>
								<Keyword>are</Keyword>
								<Keyword>center</Keyword>
								<Keyword>cloud</Keyword>
								<Keyword>country</Keyword>
								<Keyword>data</Keyword>
								<Keyword>devices</Keyword>
								<Keyword>for</Keyword>
								<Keyword>leave</Keyword>
								<Keyword>monitoring</Keyword>
								<Keyword>must</Keyword>
								<Keyword>not</Keyword>
								<Keyword>providers</Keyword>
								<Keyword>remote</Keyword>
								<Keyword>requirements</Keyword>
								<Keyword>running</Keyword>
								<Keyword>service</Keyword>
								<Keyword>services</Keyword>
								<Keyword>stored</Keyword>
								<Keyword>the</Keyword>
								<Keyword>using</Keyword>
								<Keyword>various</Keyword>
							</KeywordAnnotation>
						</TextAnnotation>
						<TextAnnotation confidence="0.5" relevance="0.0"
							xml:lang="en">
							<KeywordAnnotation>
								<Keyword>as</Keyword>
								<Keyword>at</Keyword>
								<Keyword>in</Keyword>
								<Keyword>is</Keyword>
								<Keyword>on</Keyword>
								<Keyword>or</Keyword>
							</KeywordAnnotation>
						</TextAnnotation>
						<TextAnnotation confidence="0.0" relevance="0.4"
							xml:lang="en">
							<KeywordAnnotation>
								<Keyword>DaaS</Keyword>
								<Keyword>E.g</Keyword>
								<Keyword>IaaS</Keyword>
								<Keyword>Monitored</Keyword>
								<Keyword>eGovernment</Keyword>
								<Keyword>eHealth</Keyword>
								<Keyword>scenario</Keyword>
							</KeywordAnnotation>
						</TextAnnotation>
						<TextAnnotation confidence="0.0" relevance="0.0"
							xml:lang="en">
							<KeywordAnnotation>
								<Keyword>-</Keyword>
								<Keyword>a</Keyword>
								<Keyword>k</Keyword>
								<Keyword>r</Keyword>
							</KeywordAnnotation>
						</TextAnnotation>
					</AudioVisualSegment>
					<AudioVisualSegment id="track-1.segment-26">
						<MediaTime>
							<MediaRelTimePoint>T00:14:06:0F1000</MediaRelTimePoint>
							<MediaDuration>PT12S0N1000F</MediaDuration>
						</MediaTime>
						<TextAnnotation confidence="0.5" relevance="0.5"
							xml:lang="en">
							<KeywordAnnotation>
								<Keyword>Security</Keyword>
							</KeywordAnnotation>
						</TextAnnotation>
						<TextAnnotation confidence="0.5" relevance="0.4"
							xml:lang="en">
							<KeywordAnnotation>
								<Keyword>Benefits</Keyword>
							</KeywordAnnotation>
						</TextAnnotation>
						<TextAnnotation confidence="0.0" relevance="0.0"
							xml:lang="en">
							<KeywordAnnotation>
								<Keyword>I</Keyword>
								<Keyword>K</Keyword>
							</KeywordAnnotation>
						</TextAnnotation>
					</AudioVisualSegment>
					<AudioVisualSegment id="track-1.segment-27">
						<MediaTime>
							<MediaRelTimePoint>T00:14:18:0F1000</MediaRelTimePoint>
							<MediaDuration>PT15S0N1000F</MediaDuration>
						</MediaTime>
						<TextAnnotation confidence="0.5" relevance="0.0"
							xml:lang="de">
							<KeywordAnnotation>
								<Keyword>sn</Keyword>
							</KeywordAnnotation>
						</TextAnnotation>
						<TextAnnotation confidence="0.0" relevance="0.0"
							xml:lang="de">
							<KeywordAnnotation>
								<Keyword>i</Keyword>
							</KeywordAnnotation>
						</TextAnnotation>
					</AudioVisualSegment>
					<AudioVisualSegment id="track-1.segment-28">
						<MediaTime>
							<MediaRelTimePoint>T00:14:33:0F1000</MediaRelTimePoint>
							<MediaDuration>PT41S0N1000F</MediaDuration>
						</MediaTime>
						<TextAnnotation confidence="0.5" relevance="0.5"
							xml:lang="en">
							<KeywordAnnotation>
								<Keyword>all</Keyword>
								<Keyword>bad</Keyword>
								<Keyword>for</Keyword>
								<Keyword>news</Keyword>
								<Keyword>not</Keyword>
								<Keyword>security</Keyword>
							</KeywordAnnotation>
						</TextAnnotation>
						<TextAnnotation confidence="0.5" relevance="0.0"
							xml:lang="en">
							<KeywordAnnotation>
								<Keyword>It</Keyword>
							</KeywordAnnotation>
						</TextAnnotation>
						<TextAnnotation confidence="0.0" relevance="0.0"
							xml:lang="en">
							<KeywordAnnotation>
								<Keyword>O</Keyword>
								<Keyword>n</Keyword>
								<Keyword>s</Keyword>
								<Keyword>v</Keyword>
							</KeywordAnnotation>
						</TextAnnotation>
					</AudioVisualSegment>
					<AudioVisualSegment id="track-1.segment-29">
						<MediaTime>
							<MediaRelTimePoint>T00:15:14:0F1000</MediaRelTimePoint>
							<MediaDuration>PT46S0N1000F</MediaDuration>
						</MediaTime>
						<TextAnnotation confidence="0.5" relevance="0.5"
							xml:lang="en">
							<KeywordAnnotation>
								<Keyword>all</Keyword>
								<Keyword>bad</Keyword>
								<Keyword>for</Keyword>
								<Keyword>news</Keyword>
								<Keyword>not</Keyword>
								<Keyword>security</Keyword>
							</KeywordAnnotation>
						</TextAnnotation>
						<TextAnnotation confidence="0.5" relevance="0.4"
							xml:lang="en">
							<KeywordAnnotation>
								<Keyword>Edge</Keyword>
								<Keyword>More</Keyword>
								<Keyword>Multiple</Keyword>
								<Keyword>Other</Keyword>
								<Keyword>Security</Keyword>
								<Keyword>Storage</Keyword>
								<Keyword>and</Keyword>
								<Keyword>benefits</Keyword>
								<Keyword>can</Keyword>
								<Keyword>closer</Keyword>
								<Keyword>competition</Keyword>
								<Keyword>delivery</Keyword>
								<Keyword>edge</Keyword>
								<Keyword>failure</Keyword>
								<Keyword>independence</Keyword>
								<Keyword>locations</Keyword>
								<Keyword>market</Keyword>
								<Keyword>network</Keyword>
								<Keyword>networks</Keyword>
								<Keyword>open</Keyword>
								<Keyword>processing</Keyword>
								<Keyword>provision</Keyword>
								<Keyword>redundancy</Keyword>
								<Keyword>scale</Keyword>
								<Keyword>security</Keyword>
								<Keyword>service</Keyword>
								<Keyword>services</Keyword>
								<Keyword>the</Keyword>
							</KeywordAnnotation>
						</TextAnnotation>
						<TextAnnotation confidence="0.5" relevance="0.0"
							xml:lang="en">
							<KeywordAnnotation>
								<Keyword>It</Keyword>
								<Keyword>be</Keyword>
								<Keyword>by</Keyword>
								<Keyword>in</Keyword>
								<Keyword>of</Keyword>
								<Keyword>to</Keyword>
							</KeywordAnnotation>
						</TextAnnotation>
						<TextAnnotation confidence="0.0" relevance="0.4"
							xml:lang="en">
							<KeywordAnnotation>
								<Keyword>O10D</Keyword>
								<Keyword>commoditised</Keyword>
								<Keyword>default</Keyword>
							</KeywordAnnotation>
						</TextAnnotation>
						<TextAnnotation confidence="0.0" relevance="0.0"
							xml:lang="en">
							<KeywordAnnotation>
								<Keyword>-</Keyword>
								<Keyword>U</Keyword>
								<Keyword>r</Keyword>
								<Keyword>s</Keyword>
								<Keyword>xm</Keyword>
							</KeywordAnnotation>
						</TextAnnotation>
					</AudioVisualSegment>
					<AudioVisualSegment id="track-1.segment-30">
						<MediaTime>
							<MediaRelTimePoint>T00:16:00:0F1000</MediaRelTimePoint>
							<MediaDuration>PT17S0N1000F</MediaDuration>
						</MediaTime>
						<TextAnnotation confidence="0.5" relevance="0.5"
							xml:lang="en">
							<KeywordAnnotation>
								<Keyword>all</Keyword>
								<Keyword>bad</Keyword>
								<Keyword>for</Keyword>
								<Keyword>news</Keyword>
								<Keyword>not</Keyword>
								<Keyword>security</Keyword>
							</KeywordAnnotation>
						</TextAnnotation>
						<TextAnnotation confidence="0.5" relevance="0.4"
							xml:lang="en">
							<KeywordAnnotation>
								<Keyword>Rapid</Keyword>
								<Keyword>against</Keyword>
								<Keyword>bandwidth</Keyword>
								<Keyword>good</Keyword>
								<Keyword>images</Keyword>
								<Keyword>memory</Keyword>
								<Keyword>power</Keyword>
								<Keyword>processing</Keyword>
								<Keyword>queuing</Keyword>
								<Keyword>resources</Keyword>
								<Keyword>services</Keyword>
								<Keyword>smart</Keyword>
								<Keyword>storage</Keyword>
								<Keyword>using</Keyword>
							</KeywordAnnotation>
						</TextAnnotation>
						<TextAnnotation confidence="0.5" relevance="0.0"
							xml:lang="en">
							<KeywordAnnotation>
								<Keyword>It</Keyword>
								<Keyword>VM</Keyword>
								<Keyword>of</Keyword>
								<Keyword>ux</Keyword>
							</KeywordAnnotation>
						</TextAnnotation>
						<TextAnnotation confidence="0.0" relevance="0.4"
							xml:lang="en">
							<KeywordAnnotation>
								<Keyword>DD0S</Keyword>
								<Keyword>e.g</Keyword>
								<Keyword>scaling</Keyword>
							</KeywordAnnotation>
						</TextAnnotation>
						<TextAnnotation confidence="0.0" relevance="0.3"
							xml:lang="en">
							<KeywordAnnotation>
								<Keyword>D0D</Keyword>
							</KeywordAnnotation>
						</TextAnnotation>
						<TextAnnotation confidence="0.0" relevance="0.0"
							xml:lang="en">
							<KeywordAnnotation>
								<Keyword>-</Keyword>
								<Keyword>W</Keyword>
								<Keyword>s</Keyword>
								<Keyword>v</Keyword>
							</KeywordAnnotation>
						</TextAnnotation>
					</AudioVisualSegment>
					<AudioVisualSegment id="track-1.segment-31">
						<MediaTime>
							<MediaRelTimePoint>T00:16:17:0F1000</MediaRelTimePoint>
							<MediaDuration>PT14S0N1000F</MediaDuration>
						</MediaTime>
						<TextAnnotation confidence="0.5" relevance="0.5"
							xml:lang="en">
							<KeywordAnnotation>
								<Keyword>all</Keyword>
								<Keyword>bad</Keyword>
								<Keyword>for</Keyword>
								<Keyword>news</Keyword>
								<Keyword>not</Keyword>
								<Keyword>security</Keyword>
							</KeywordAnnotation>
						</TextAnnotation>
						<TextAnnotation confidence="0.5" relevance="0.4"
							xml:lang="en">
							<KeywordAnnotation>
								<Keyword>Including</Keyword>
								<Keyword>Rapid</Keyword>
								<Keyword>against</Keyword>
								<Keyword>and</Keyword>
								<Keyword>anomaly</Keyword>
								<Keyword>bandwidth</Keyword>
								<Keyword>decryption</Keyword>
								<Keyword>defensive</Keyword>
								<Keyword>detection</Keyword>
								<Keyword>encryption</Keyword>
								<Keyword>filtering</Keyword>
								<Keyword>good</Keyword>
								<Keyword>images</Keyword>
								<Keyword>memory</Keyword>
								<Keyword>packet</Keyword>
								<Keyword>power</Keyword>
								<Keyword>processing</Keyword>
								<Keyword>queuing</Keyword>
								<Keyword>resources</Keyword>
								<Keyword>services</Keyword>
								<Keyword>shaping</Keyword>
								<Keyword>smart</Keyword>
								<Keyword>storage</Keyword>
								<Keyword>traffic</Keyword>
								<Keyword>using</Keyword>
							</KeywordAnnotation>
						</TextAnnotation>
						<TextAnnotation confidence="0.5" relevance="0.3"
							xml:lang="en">
							<KeywordAnnotation>
								<Keyword>HUT</Keyword>
							</KeywordAnnotation>
						</TextAnnotation>
						<TextAnnotation confidence="0.5" relevance="0.0"
							xml:lang="en">
							<KeywordAnnotation>
								<Keyword>It</Keyword>
								<Keyword>VM</Keyword>
								<Keyword>of</Keyword>
							</KeywordAnnotation>
						</TextAnnotation>
						<TextAnnotation confidence="0.0" relevance="0.4"
							xml:lang="en">
							<KeywordAnnotation>
								<Keyword>DD0S</Keyword>
								<Keyword>e.g</Keyword>
								<Keyword>scaling</Keyword>
							</KeywordAnnotation>
						</TextAnnotation>
						<TextAnnotation confidence="0.0" relevance="0.3"
							xml:lang="en">
							<KeywordAnnotation>
								<Keyword>O1OD</Keyword>
							</KeywordAnnotation>
						</TextAnnotation>
						<TextAnnotation confidence="0.0" relevance="0.0"
							xml:lang="en">
							<KeywordAnnotation>
								<Keyword>-</Keyword>
								<Keyword>L</Keyword>
								<Keyword>r</Keyword>
								<Keyword>s</Keyword>
								<Keyword>u</Keyword>
							</KeywordAnnotation>
						</TextAnnotation>
					</AudioVisualSegment>
					<AudioVisualSegment id="track-1.segment-32">
						<MediaTime>
							<MediaRelTimePoint>T00:16:31:0F1000</MediaRelTimePoint>
							<MediaDuration>PT12S0N1000F</MediaDuration>
						</MediaTime>
						<TextAnnotation confidence="0.5" relevance="0.5"
							xml:lang="en">
							<KeywordAnnotation>
								<Keyword>all</Keyword>
								<Keyword>bad</Keyword>
								<Keyword>for</Keyword>
								<Keyword>news</Keyword>
								<Keyword>not</Keyword>
								<Keyword>security</Keyword>
							</KeywordAnnotation>
						</TextAnnotation>
						<TextAnnotation confidence="0.5" relevance="0.4"
							xml:lang="en">
							<KeywordAnnotation>
								<Keyword>Including</Keyword>
								<Keyword>Rapid</Keyword>
								<Keyword>against</Keyword>
								<Keyword>and</Keyword>
								<Keyword>anomaly</Keyword>
								<Keyword>bandwidth</Keyword>
								<Keyword>decryption</Keyword>
								<Keyword>defensive</Keyword>
								<Keyword>detection</Keyword>
								<Keyword>encryption</Keyword>
								<Keyword>good</Keyword>
								<Keyword>images</Keyword>
								<Keyword>memory</Keyword>
								<Keyword>packet</Keyword>
								<Keyword>power</Keyword>
								<Keyword>processing</Keyword>
								<Keyword>queuing</Keyword>
								<Keyword>resources</Keyword>
								<Keyword>services</Keyword>
								<Keyword>shaping</Keyword>
								<Keyword>smart</Keyword>
								<Keyword>storage</Keyword>
								<Keyword>traffic</Keyword>
								<Keyword>using</Keyword>
							</KeywordAnnotation>
						</TextAnnotation>
						<TextAnnotation confidence="0.5" relevance="0.0"
							xml:lang="en">
							<KeywordAnnotation>
								<Keyword>It</Keyword>
								<Keyword>VM</Keyword>
								<Keyword>of</Keyword>
							</KeywordAnnotation>
						</TextAnnotation>
						<TextAnnotation confidence="0.0" relevance="0.4"
							xml:lang="en">
							<KeywordAnnotation>
								<Keyword>DD0S</Keyword>
								<Keyword>Eltering</Keyword>
								<Keyword>c.g</Keyword>
								<Keyword>scaling</Keyword>
							</KeywordAnnotation>
						</TextAnnotation>
						<TextAnnotation confidence="0.0" relevance="0.0"
							xml:lang="en">
							<KeywordAnnotation>
								<Keyword>-</Keyword>
								<Keyword>E</Keyword>
								<Keyword>V</Keyword>
								<Keyword>r</Keyword>
								<Keyword>s</Keyword>
							</KeywordAnnotation>
						</TextAnnotation>
					</AudioVisualSegment>
					<AudioVisualSegment id="track-1.segment-33">
						<MediaTime>
							<MediaRelTimePoint>T00:16:43:0F1000</MediaRelTimePoint>
							<MediaDuration>PT37S0N1000F</MediaDuration>
						</MediaTime>
						<TextAnnotation confidence="0.5" relevance="0.5"
							xml:lang="en">
							<KeywordAnnotation>
								<Keyword>EVE</Keyword>
								<Keyword>all</Keyword>
								<Keyword>bad</Keyword>
								<Keyword>for</Keyword>
								<Keyword>news</Keyword>
								<Keyword>not</Keyword>
								<Keyword>security</Keyword>
							</KeywordAnnotation>
						</TextAnnotation>
						<TextAnnotation confidence="0.5" relevance="0.4"
							xml:lang="en">
							<KeywordAnnotation>
								<Keyword>Dedicated</Keyword>
								<Keyword>VMs</Keyword>
								<Keyword>and</Keyword>
								<Keyword>audit</Keyword>
								<Keyword>costs</Keyword>
								<Keyword>images</Keyword>
								<Keyword>log</Keyword>
								<Keyword>storage</Keyword>
								<Keyword>use</Keyword>
							</KeywordAnnotation>
						</TextAnnotation>
						<TextAnnotation confidence="0.5" relevance="0.0"
							xml:lang="en">
							<KeywordAnnotation>
								<Keyword>It</Keyword>
								<Keyword>of</Keyword>
								<Keyword>wr</Keyword>
							</KeywordAnnotation>
						</TextAnnotation>
						<TextAnnotation confidence="0.0" relevance="0.4"
							xml:lang="en">
							<KeywordAnnotation>
								<Keyword>Forensics</Keyword>
								<Keyword>Pay-as-you-go</Keyword>
								<Keyword>cheaper</Keyword>
								<Keyword>cost-effective</Keyword>
								<Keyword>forensic</Keyword>
								<Keyword>pay-per</Keyword>
								<Keyword>rM0re</Keyword>
							</KeywordAnnotation>
						</TextAnnotation>
						<TextAnnotation confidence="0.0" relevance="0.3"
							xml:lang="en">
							<KeywordAnnotation>
								<Keyword>O010u</Keyword>
							</KeywordAnnotation>
						</TextAnnotation>
						<TextAnnotation confidence="0.0" relevance="0.0"
							xml:lang="en">
							<KeywordAnnotation>
								<Keyword>E</Keyword>
								<Keyword>Q</Keyword>
								<Keyword>U</Keyword>
								<Keyword>o</Keyword>
								<Keyword>s</Keyword>
								<Keyword>x</Keyword>
							</KeywordAnnotation>
						</TextAnnotation>
					</AudioVisualSegment>
					<AudioVisualSegment id="track-1.segment-34">
						<MediaTime>
							<MediaRelTimePoint>T00:17:20:0F1000</MediaRelTimePoint>
							<MediaDuration>PT26S0N1000F</MediaDuration>
						</MediaTime>
						<TextAnnotation confidence="0.5" relevance="0.5"
							xml:lang="en">
							<KeywordAnnotation>
								<Keyword>all</Keyword>
								<Keyword>bad</Keyword>
								<Keyword>for</Keyword>
								<Keyword>news</Keyword>
								<Keyword>not</Keyword>
								<Keyword>security</Keyword>
							</KeywordAnnotation>
						</TextAnnotation>
						<TextAnnotation confidence="0.5" relevance="0.4"
							xml:lang="en">
							<KeywordAnnotation>
								<Keyword>Dedicated</Keyword>
								<Keyword>VMs</Keyword>
								<Keyword>and</Keyword>
								<Keyword>audit</Keyword>
								<Keyword>costs</Keyword>
								<Keyword>images</Keyword>
								<Keyword>log</Keyword>
								<Keyword>more</Keyword>
								<Keyword>storage</Keyword>
							</KeywordAnnotation>
						</TextAnnotation>
						<TextAnnotation confidence="0.5" relevance="0.0"
							xml:lang="en">
							<KeywordAnnotation>
								<Keyword>It</Keyword>
								<Keyword>of</Keyword>
							</KeywordAnnotation>
						</TextAnnotation>
						<TextAnnotation confidence="0.0" relevance="0.4"
							xml:lang="en">
							<KeywordAnnotation>
								<Keyword>Forensics</Keyword>
								<Keyword>Pay-as-you-go</Keyword>
								<Keyword>cheaper</Keyword>
								<Keyword>cost-effective</Keyword>
								<Keyword>forensic</Keyword>
								<Keyword>pay-per-use</Keyword>
							</KeywordAnnotation>
						</TextAnnotation>
						<TextAnnotation confidence="0.0" relevance="0.0"
							xml:lang="en">
							<KeywordAnnotation>
								<Keyword>-</Keyword>
								<Keyword>J</Keyword>
								<Keyword>s</Keyword>
							</KeywordAnnotation>
						</TextAnnotation>
					</AudioVisualSegment>
					<AudioVisualSegment id="track-1.segment-35">
						<MediaTime>
							<MediaRelTimePoint>T00:17:46:0F1000</MediaRelTimePoint>
							<MediaDuration>PT22S0N1000F</MediaDuration>
						</MediaTime>
						<TextAnnotation confidence="0.5" relevance="0.5"
							xml:lang="en">
							<KeywordAnnotation>
								<Keyword>Disaster</Keyword>
								<Keyword>Jar</Keyword>
								<Keyword>all</Keyword>
								<Keyword>bad</Keyword>
								<Keyword>for</Keyword>
								<Keyword>mann</Keyword>
								<Keyword>news</Keyword>
								<Keyword>not</Keyword>
								<Keyword>recovery</Keyword>
								<Keyword>redundancy</Keyword>
								<Keyword>security</Keyword>
								<Keyword>stm</Keyword>
							</KeywordAnnotation>
						</TextAnnotation>
						<TextAnnotation confidence="0.5" relevance="0.4"
							xml:lang="en">
							<KeywordAnnotation>
								<Keyword>Cloud</Keyword>
								<Keyword>Security</Keyword>
								<Keyword>Transparency</Keyword>
								<Keyword>agreements</Keyword>
								<Keyword>and</Keyword>
								<Keyword>application</Keyword>
								<Keyword>are</Keyword>
								<Keyword>benefits</Keyword>
								<Keyword>easier</Keyword>
								<Keyword>per</Keyword>
								<Keyword>policies</Keyword>
								<Keyword>security</Keyword>
								<Keyword>services</Keyword>
								<Keyword>storage</Keyword>
							</KeywordAnnotation>
						</TextAnnotation>
						<TextAnnotation confidence="0.5" relevance="0.0"
							xml:lang="en">
							<KeywordAnnotation>
								<Keyword>GB</Keyword>
								<Keyword>It</Keyword>
								<Keyword>Ly</Keyword>
								<Keyword>Qi</Keyword>
								<Keyword>aw</Keyword>
								<Keyword>by</Keyword>
								<Keyword>hu</Keyword>
								<Keyword>of</Keyword>
							</KeywordAnnotation>
						</TextAnnotation>
						<TextAnnotation confidence="0.0" relevance="0.5"
							xml:lang="en">
							<KeywordAnnotation>
								<Keyword>GLi</Keyword>
								<Keyword>L.I</Keyword>
								<Keyword>PAJ</Keyword>
							</KeywordAnnotation>
						</TextAnnotation>
						<TextAnnotation confidence="0.0" relevance="0.4"
							xml:lang="en">
							<KeywordAnnotation>
								<Keyword>centralised</Keyword>
								<Keyword>cheaper</Keyword>
								<Keyword>contracts</Keyword>
								<Keyword>governed</Keyword>
								<Keyword>permiterisation</Keyword>
							</KeywordAnnotation>
						</TextAnnotation>
						<TextAnnotation confidence="0.0" relevance="0.0"
							xml:lang="en">
							<KeywordAnnotation>
								<Keyword>a</Keyword>
								<Keyword>e</Keyword>
								<Keyword>i</Keyword>
								<Keyword>n</Keyword>
								<Keyword>s</Keyword>
							</KeywordAnnotation>
						</TextAnnotation>
					</AudioVisualSegment>
					<AudioVisualSegment id="track-1.segment-36">
						<MediaTime>
							<MediaRelTimePoint>T00:18:08:0F1000</MediaRelTimePoint>
							<MediaDuration>PT15S0N1000F</MediaDuration>
						</MediaTime>
						<TextAnnotation confidence="0.5" relevance="0.5"
							xml:lang="en">
							<KeywordAnnotation>
								<Keyword>Disaster</Keyword>
								<Keyword>all</Keyword>
								<Keyword>arm</Keyword>
								<Keyword>bad</Keyword>
								<Keyword>for</Keyword>
								<Keyword>news</Keyword>
								<Keyword>not</Keyword>
								<Keyword>recovery</Keyword>
								<Keyword>redundancy</Keyword>
								<Keyword>security</Keyword>
							</KeywordAnnotation>
						</TextAnnotation>
						<TextAnnotation confidence="0.5" relevance="0.4"
							xml:lang="en">
							<KeywordAnnotation>
								<Keyword>Cloud</Keyword>
								<Keyword>Security</Keyword>
								<Keyword>Transparency</Keyword>
								<Keyword>agreements</Keyword>
								<Keyword>and</Keyword>
								<Keyword>application</Keyword>
								<Keyword>are</Keyword>
								<Keyword>benefits</Keyword>
								<Keyword>easier</Keyword>
								<Keyword>per</Keyword>
								<Keyword>policies</Keyword>
								<Keyword>security</Keyword>
								<Keyword>storage</Keyword>
							</KeywordAnnotation>
						</TextAnnotation>
						<TextAnnotation confidence="0.5" relevance="0.0"
							xml:lang="en">
							<KeywordAnnotation>
								<Keyword>GB</Keyword>
								<Keyword>It</Keyword>
								<Keyword>LT</Keyword>
								<Keyword>by</Keyword>
								<Keyword>gF</Keyword>
								<Keyword>hu</Keyword>
								<Keyword>of</Keyword>
								<Keyword>ti</Keyword>
							</KeywordAnnotation>
						</TextAnnotation>
						<TextAnnotation confidence="0.0" relevance="0.5"
							xml:lang="en">
							<KeywordAnnotation>
								<Keyword>IQ1A</Keyword>
								<Keyword>QJJ</Keyword>
								<Keyword>Slmuhinlp</Keyword>
								<Keyword>default</Keyword>
								<Keyword>lnmvinns</Keyword>
							</KeywordAnnotation>
						</TextAnnotation>
						<TextAnnotation confidence="0.0" relevance="0.4"
							xml:lang="en">
							<KeywordAnnotation>
								<Keyword>centralised</Keyword>
								<Keyword>cheaper</Keyword>
								<Keyword>contracts</Keyword>
								<Keyword>governed</Keyword>
								<Keyword>permiterisation</Keyword>
								<Keyword>sewices</Keyword>
							</KeywordAnnotation>
						</TextAnnotation>
						<TextAnnotation confidence="0.0" relevance="0.0"
							xml:lang="en">
							<KeywordAnnotation>
								<Keyword>E</Keyword>
								<Keyword>I</Keyword>
								<Keyword>Q</Keyword>
								<Keyword>s</Keyword>
								<Keyword>u</Keyword>
							</KeywordAnnotation>
						</TextAnnotation>
					</AudioVisualSegment>
					<AudioVisualSegment id="track-1.segment-37">
						<MediaTime>
							<MediaRelTimePoint>T00:18:23:0F1000</MediaRelTimePoint>
							<MediaDuration>PT38S0N1000F</MediaDuration>
						</MediaTime>
						<TextAnnotation confidence="0.5" relevance="0.5"
							xml:lang="en">
							<KeywordAnnotation>
								<Keyword>Based</Keyword>
								<Keyword>analysis</Keyword>
								<Keyword>our</Keyword>
							</KeywordAnnotation>
						</TextAnnotation>
						<TextAnnotation confidence="0.5" relevance="0.4"
							xml:lang="en">
							<KeywordAnnotation>
								<Keyword>scenarios</Keyword>
							</KeywordAnnotation>
						</TextAnnotation>
						<TextAnnotation confidence="0.5" relevance="0.0"
							xml:lang="en">
							<KeywordAnnotation>
								<Keyword>of</Keyword>
								<Keyword>on</Keyword>
							</KeywordAnnotation>
						</TextAnnotation>
						<TextAnnotation confidence="0.0" relevance="0.2"
							xml:lang="en">
							<KeywordAnnotation>
								<Keyword>D0D</Keyword>
								<Keyword>O10010om</Keyword>
							</KeywordAnnotation>
						</TextAnnotation>
						<TextAnnotation confidence="0.0" relevance="0.0"
							xml:lang="en">
							<KeywordAnnotation>
								<Keyword>m</Keyword>
							</KeywordAnnotation>
						</TextAnnotation>
					</AudioVisualSegment>
					<AudioVisualSegment id="track-1.segment-38">
						<MediaTime>
							<MediaRelTimePoint>T00:19:01:0F1000</MediaRelTimePoint>
							<MediaDuration>PT14S0N1000F</MediaDuration>
						</MediaTime>
						<TextAnnotation confidence="0.5" relevance="0.5"
							xml:lang="en">
							<KeywordAnnotation>
								<Keyword>Based</Keyword>
								<Keyword>analysis</Keyword>
								<Keyword>our</Keyword>
							</KeywordAnnotation>
						</TextAnnotation>
						<TextAnnotation confidence="0.5" relevance="0.4"
							xml:lang="en">
							<KeywordAnnotation>
								<Keyword>ERA</Keyword>
								<Keyword>consequence</Keyword>
								<Keyword>exists</Keyword>
								<Keyword>scenarios</Keyword>
								<Keyword>that</Keyword>
								<Keyword>the</Keyword>
							</KeywordAnnotation>
						</TextAnnotation>
						<TextAnnotation confidence="0.5" relevance="0.0"
							xml:lang="en">
							<KeywordAnnotation>
								<Keyword>an</Keyword>
								<Keyword>of</Keyword>
								<Keyword>on</Keyword>
								<Keyword>vu</Keyword>
							</KeywordAnnotation>
						</TextAnnotation>
						<TextAnnotation confidence="0.0" relevance="0.5"
							xml:lang="en">
							<KeywordAnnotation>
								<Keyword>THREMQK</Keyword>
							</KeywordAnnotation>
						</TextAnnotation>
						<TextAnnotation confidence="0.0" relevance="0.4"
							xml:lang="en">
							<KeywordAnnotation>
								<Keyword>GXp</Keyword>
								<Keyword>OiTGd</Keyword>
								<Keyword>Rnsxis</Keyword>
							</KeywordAnnotation>
						</TextAnnotation>
						<TextAnnotation confidence="0.0" relevance="0.0"
							xml:lang="en">
							<KeywordAnnotation>
								<Keyword>-</Keyword>
								<Keyword>A</Keyword>
								<Keyword>I</Keyword>
								<Keyword>Q</Keyword>
								<Keyword>T</Keyword>
								<Keyword>a</Keyword>
								<Keyword>l</Keyword>
								<Keyword>u</Keyword>
							</KeywordAnnotation>
						</TextAnnotation>
					</AudioVisualSegment>
					<AudioVisualSegment id="track-1.segment-39">
						<MediaTime>
							<MediaRelTimePoint>T00:19:15:0F1000</MediaRelTimePoint>
							<MediaDuration>PT40S0N1000F</MediaDuration>
						</MediaTime>
						<TextAnnotation confidence="0.5" relevance="0.5"
							xml:lang="en">
							<KeywordAnnotation>
								<Keyword>impact</Keyword>
							</KeywordAnnotation>
						</TextAnnotation>
						<TextAnnotation confidence="0.5" relevance="0.4"
							xml:lang="en">
							<KeywordAnnotation>
								<Keyword>Threats</Keyword>
								<Keyword>and</Keyword>
								<Keyword>certain</Keyword>
								<Keyword>have</Keyword>
								<Keyword>level</Keyword>
								<Keyword>occur</Keyword>
								<Keyword>with</Keyword>
							</KeywordAnnotation>
						</TextAnnotation>
						<TextAnnotation confidence="0.5" relevance="0.0"
							xml:lang="en">
							<KeywordAnnotation>
								<Keyword>of</Keyword>
							</KeywordAnnotation>
						</TextAnnotation>
						<TextAnnotation confidence="0.0" relevance="0.4"
							xml:lang="en">
							<KeywordAnnotation>
								<Keyword>agrtain</Keyword>
								<Keyword>pmbamrny</Keyword>
							</KeywordAnnotation>
						</TextAnnotation>
						<TextAnnotation confidence="0.0" relevance="0.3"
							xml:lang="en">
							<KeywordAnnotation>
								<Keyword>O10D1o</Keyword>
							</KeywordAnnotation>
						</TextAnnotation>
						<TextAnnotation confidence="0.0" relevance="0.0"
							xml:lang="en">
							<KeywordAnnotation>
								<Keyword>A</Keyword>
								<Keyword>E</Keyword>
								<Keyword>a</Keyword>
								<Keyword>f</Keyword>
							</KeywordAnnotation>
						</TextAnnotation>
					</AudioVisualSegment>
					<AudioVisualSegment id="track-1.segment-40">
						<MediaTime>
							<MediaRelTimePoint>T00:19:55:0F1000</MediaRelTimePoint>
							<MediaDuration>PT01M12S0N1000F</MediaDuration>
						</MediaTime>
						<TextAnnotation confidence="0.5" relevance="0.5"
							xml:lang="en">
							<KeywordAnnotation>
								<Keyword>Very</Keyword>
								<Keyword>assets</Keyword>
								<Keyword>high</Keyword>
								<Keyword>value</Keyword>
							</KeywordAnnotation>
						</TextAnnotation>
						<TextAnnotation confidence="0.5" relevance="0.4"
							xml:lang="en">
							<KeywordAnnotation>
								<Keyword>Authentication</Keyword>
								<Keyword>Data</Keyword>
								<Keyword>Federated</Keyword>
								<Keyword>More</Keyword>
								<Keyword>Without</Keyword>
								<Keyword>can</Keyword>
								<Keyword>down</Keyword>
								<Keyword>encryption</Keyword>
								<Keyword>multiple</Keyword>
								<Keyword>systems</Keyword>
								<Keyword>take</Keyword>
								<Keyword>transit</Keyword>
							</KeywordAnnotation>
						</TextAnnotation>
						<TextAnnotation confidence="0.5" relevance="0.0"
							xml:lang="en">
							<KeywordAnnotation>
								<Keyword>in</Keyword>
							</KeywordAnnotation>
						</TextAnnotation>
						<TextAnnotation confidence="0.0" relevance="0.4"
							xml:lang="en">
							<KeywordAnnotation>
								<Keyword>IdM</Keyword>
							</KeywordAnnotation>
						</TextAnnotation>
						<TextAnnotation confidence="0.0" relevance="0.0"
							xml:lang="en">
							<KeywordAnnotation>
								<Keyword>I</Keyword>
							</KeywordAnnotation>
						</TextAnnotation>
					</AudioVisualSegment>
					<AudioVisualSegment id="track-1.segment-41">
						<MediaTime>
							<MediaRelTimePoint>T00:21:07:0F1000</MediaRelTimePoint>
							<MediaDuration>PT01M52S0N1000F</MediaDuration>
						</MediaTime>
						<TextAnnotation confidence="0.5" relevance="0.5"
							xml:lang="en">
							<KeywordAnnotation>
								<Keyword>Very</Keyword>
								<Keyword>assets</Keyword>
								<Keyword>high</Keyword>
								<Keyword>value</Keyword>
							</KeywordAnnotation>
						</TextAnnotation>
						<TextAnnotation confidence="0.5" relevance="0.4"
							xml:lang="en">
							<KeywordAnnotation>
								<Keyword>BUT</Keyword>
								<Keyword>See</Keyword>
								<Keyword>access</Keyword>
								<Keyword>any</Keyword>
								<Keyword>are</Keyword>
								<Keyword>attacks</Keyword>
								<Keyword>attractive</Keyword>
								<Keyword>compromise</Keyword>
								<Keyword>even</Keyword>
								<Keyword>extremely</Keyword>
								<Keyword>high</Keyword>
								<Keyword>impact</Keyword>
								<Keyword>internally</Keyword>
								<Keyword>known</Keyword>
								<Keyword>layer</Keyword>
								<Keyword>machines</Keyword>
								<Keyword>the</Keyword>
								<Keyword>this</Keyword>
								<Keyword>time</Keyword>
								<Keyword>very</Keyword>
								<Keyword>virtual</Keyword>
								<Keyword>without</Keyword>
							</KeywordAnnotation>
						</TextAnnotation>
						<TextAnnotation confidence="0.5" relevance="0.3"
							xml:lang="en">
							<KeywordAnnotation>
								<Keyword>http</Keyword>
							</KeywordAnnotation>
						</TextAnnotation>
						<TextAnnotation confidence="0.5" relevance="0.0"
							xml:lang="en">
							<KeywordAnnotation>
								<Keyword>No</Keyword>
								<Keyword>at</Keyword>
								<Keyword>on</Keyword>
								<Keyword>to</Keyword>
								<Keyword>vc</Keyword>
							</KeywordAnnotation>
						</TextAnnotation>
						<TextAnnotation confidence="0.0" relevance="0.4"
							xml:lang="en">
							<KeywordAnnotation>
								<Keyword>Hypervisors-</Keyword>
								<Keyword>Trustworthiness</Keyword>
								<Keyword>bhO</Keyword>
								<Keyword>hypervisor</Keyword>
								<Keyword>hypewisor</Keyword>
								<Keyword>insiders</Keyword>
								<Keyword>part3.pdf</Keyword>
							</KeywordAnnotation>
						</TextAnnotation>
						<TextAnnotation confidence="0.0" relevance="0.3"
							xml:lang="en">
							<KeywordAnnotation>
								<Keyword>invisiblethingslab.c0m</Keyword>
							</KeywordAnnotation>
						</TextAnnotation>
						<TextAnnotation confidence="0.0" relevance="0.0"
							xml:lang="en">
							<KeywordAnnotation>
								<Keyword>-</Keyword>
								<Keyword>f</Keyword>
							</KeywordAnnotation>
						</TextAnnotation>
					</AudioVisualSegment>
					<AudioVisualSegment id="track-1.segment-42">
						<MediaTime>
							<MediaRelTimePoint>T00:22:59:0F1000</MediaRelTimePoint>
							<MediaDuration>PT41S0N1000F</MediaDuration>
						</MediaTime>
						<TextAnnotation confidence="0.5" relevance="0.4"
							xml:lang="en">
							<KeywordAnnotation>
								<Keyword>EXHAUSTION</Keyword>
								<Keyword>RESOURCE</Keyword>
							</KeywordAnnotation>
						</TextAnnotation>
						<TextAnnotation confidence="0.5" relevance="0.3"
							xml:lang="en">
							<KeywordAnnotation>
								<Keyword>Caused</Keyword>
								<Keyword>IMI</Keyword>
							</KeywordAnnotation>
						</TextAnnotation>
						<TextAnnotation confidence="0.5" relevance="0.2"
							xml:lang="en">
							<KeywordAnnotation>
								<Keyword>Denial</Keyword>
								<Keyword>Freak</Keyword>
								<Keyword>Resource</Keyword>
								<Keyword>Service</Keyword>
								<Keyword>allocation</Keyword>
								<Keyword>events</Keyword>
							</KeywordAnnotation>
						</TextAnnotation>
						<TextAnnotation confidence="0.5" relevance="0.0"
							xml:lang="en">
							<KeywordAnnotation>
								<Keyword>EM</Keyword>
								<Keyword>by</Keyword>
								<Keyword>iO</Keyword>
								<Keyword>is</Keyword>
								<Keyword>of</Keyword>
							</KeywordAnnotation>
						</TextAnnotation>
						<TextAnnotation confidence="0.0" relevance="0.5"
							xml:lang="en">
							<KeywordAnnotation>
								<Keyword>ogop</Keyword>
							</KeywordAnnotation>
						</TextAnnotation>
						<TextAnnotation confidence="0.0" relevance="0.4"
							xml:lang="en">
							<KeywordAnnotation>
								<Keyword>Overbooking</Keyword>
								<Keyword>Underbooking</Keyword>
							</KeywordAnnotation>
						</TextAnnotation>
						<TextAnnotation confidence="0.0" relevance="0.3"
							xml:lang="en">
							<KeywordAnnotation>
								<Keyword>TMZM</Keyword>
								<Keyword>W.n</Keyword>
							</KeywordAnnotation>
						</TextAnnotation>
						<TextAnnotation confidence="0.0" relevance="0.2"
							xml:lang="en">
							<KeywordAnnotation>
								<Keyword>----</Keyword>
								<Keyword>algcs</Keyword>
							</KeywordAnnotation>
						</TextAnnotation>
						<TextAnnotation confidence="0.0" relevance="0.0"
							xml:lang="en">
							<KeywordAnnotation>
								<Keyword>-</Keyword>
								<Keyword>i</Keyword>
								<Keyword>l</Keyword>
							</KeywordAnnotation>
						</TextAnnotation>
					</AudioVisualSegment>
					<AudioVisualSegment id="track-1.segment-43">
						<MediaTime>
							<MediaRelTimePoint>T00:23:40:0F1000</MediaRelTimePoint>
							<MediaDuration>PT35M48S628N1000F</MediaDuration>
						</MediaTime>
						<TextAnnotation confidence="0.5" relevance="0.5"
							xml:lang="en">
							<KeywordAnnotation>
								<Keyword>problems</Keyword>
							</KeywordAnnotation>
						</TextAnnotation>
						<TextAnnotation confidence="0.5" relevance="0.4"
							xml:lang="en">
							<KeywordAnnotation>
								<Keyword>Intellectual</Keyword>
								<Keyword>Outsourcing</Keyword>
								<Keyword>and</Keyword>
								<Keyword>change</Keyword>
								<Keyword>ownership</Keyword>
								<Keyword>pen</Keyword>
								<Keyword>property</Keyword>
								<Keyword>testing</Keyword>
							</KeywordAnnotation>
						</TextAnnotation>
						<TextAnnotation confidence="0.5" relevance="0.3"
							xml:lang="en">
							<KeywordAnnotation>
								<Keyword>Liability</Keyword>
								<Keyword>data</Keyword>
								<Keyword>etc</Keyword>
								<Keyword>insurance</Keyword>
								<Keyword>limitation</Keyword>
								<Keyword>loss</Keyword>
								<Keyword>protection</Keyword>
								<Keyword>security</Keyword>
							</KeywordAnnotation>
						</TextAnnotation>
						<TextAnnotation confidence="0.5" relevance="0.0"
							xml:lang="en">
							<KeywordAnnotation>
								<Keyword>of</Keyword>
								<Keyword>ux</Keyword>
							</KeywordAnnotation>
						</TextAnnotation>
						<TextAnnotation confidence="0.0" relevance="0.5"
							xml:lang="en">
							<KeywordAnnotation>
								<Keyword>T0U</Keyword>
							</KeywordAnnotation>
						</TextAnnotation>
						<TextAnnotation confidence="0.0" relevance="0.4"
							xml:lang="en">
							<KeywordAnnotation>
								<Keyword>forensics</Keyword>
								<Keyword>know-how</Keyword>
							</KeywordAnnotation>
						</TextAnnotation>
						<TextAnnotation confidence="0.0" relevance="0.3"
							xml:lang="en">
							<KeywordAnnotation>
								<Keyword>D0D</Keyword>
								<Keyword>Dl0O</Keyword>
								<Keyword>Lock-in</Keyword>
							</KeywordAnnotation>
						</TextAnnotation>
						<TextAnnotation confidence="0.0" relevance="0.0"
							xml:lang="en">
							<KeywordAnnotation>
								<Keyword>-</Keyword>
								<Keyword>N</Keyword>
								<Keyword>Q</Keyword>
								<Keyword>Y</Keyword>
								<Keyword>m</Keyword>
							</KeywordAnnotation>
						</TextAnnotation>
					</AudioVisualSegment>
				</TemporalDecomposition>
			</AudioVisual>
		</MultimediaContent>
	</Description>
</Mpeg7>
