<?xml version="1.0" encoding="UTF-8"?>
<mediapackage duration="5311844" id="10.3930/ETHZ/AV-415c208b-075f-4ca3-84c5-6930ccc5327b">
<media>
<track id="track-1" type="engage/presenter">
    <url>http://downloads.opencastproject.org/media/car.flv</url>
    <mimetype>video/x-flv</mimetype>
    <checksum type="md5">7b3c7e8cc2cba2f5b7af4fd4224f3005</checksum>
</track>
<mimetype>video/quicktime</mimetype>
<checksum type="md5">6655353e0705ce1e6db4393cdb4b57a4</checksum>
<url>tracks/20090928_E3_Meyer.mov</url>
<Duration>5311844</Duration>
<Audio id="stream-2">
<Encoder type="AAC"/>
<Channels>2</Channels>
<BitDepth>16</BitDepth>
<BitRate>256000.0</BitRate>
</Audio>
<Video id="stream-1">
<Encoder type="AVC"/>
<Size>1024x768</Size>
<ScanType type="Progressive"/>
<BitRate>634992.0</BitRate>
<FrameRate>1.989</FrameRate>
</Video>
</media>
<metadata>
<catalog id="catalog-2" type="metadata/dublincore">
<mimetype>text/xml</mimetype>
<checksum type="md5">000a5f8e2834e9a9a4ecd2a01eb05db3</checksum>
<url>metadata/dublincore-e-Meyer_20090928.xml</url>
</catalog>
<catalog id="catalog-1" ref="series:252-0021-00L-2009W" type="metadata/dublincore">
<mimetype>text/xml</mimetype>
<checksum type="md5">d09f9e76da9242861d61c4924cf4f9ee</checksum>
<url>metadata/dublincore-s-00004_Meyer.xml</url>
</catalog>
<catalog id="catalog-3" type="metadata/mpeg-7">
<mimetype>text/xml</mimetype>
<checksum type="md5">d41d8cd98f00b204e9800998ecf8427e</checksum>
<url>metadata/mpeg-77673022599117581048.xml</url>
</catalog>
</metadata>
<attachments>
    <attachment id="attachment-1" type="engage/cover">
        <url>http://downloads.opencastproject.org/media/engage-cover.jpg</url>
        <mimetype>image/jpeg</mimetype>
    </attachment>
    <attachment id="attachment-2" type="feed/cover">
        <url>http://downloads.opencastproject.org/media/feed-cover.jpg</url>
        <mimetype>image/jpeg</mimetype>
    </attachment>
</attachments>
</mediapackage>
