<?xml version="1.0" encoding="UTF-8"?>
<mediapackage duration="4940680" id="10.3930/ETHZ/AV-1eebf826-783d-4fcd-8e8b-db81e46ba3ac">
<media>
<track id="track-1" type="engage/presenter">
    <url>http://downloads.opencastproject.org/media/car.flv</url>
    <mimetype>video/x-flv</mimetype>
    <checksum type="md5">7b3c7e8cc2cba2f5b7af4fd4224f3005</checksum>
</track>
<mimetype>video/quicktime</mimetype>
<checksum type="md5">caf45f47b73c9955128e5525f6845c2d</checksum>
<url>tracks/20090915_F1_Security_P02.mov</url>
<Duration>4940680</Duration>
<Audio id="stream-2">
<Encoder type="PCM"/>
<Channels>2</Channels>
<BitDepth>16</BitDepth>
<BitRate>1536000.0</BitRate>
</Audio>
<Video id="stream-1">
<Encoder type="Digital Video"/>
<Size>720x576</Size>
<BitRate>982178.0</BitRate>
<FrameRate>25.0</FrameRate>
</Video>
</media>
<metadata>
<catalog id="catalog-2" type="metadata/dublincore">
<mimetype>text/xml</mimetype>
<checksum type="md5">c76ed33ffb8c65b1fcc8a455125a6e64</checksum>
<url>metadata/dublincore-e-20090915_F1_Security_P02.xml</url>
</catalog>
<catalog id="catalog-1" ref="series:10.3930/ETHZ/AV-5ffe8efc-22a1-4b4c-9fad-eac4190b3b82" type="metadata/dublincore">
<mimetype>text/xml</mimetype>
<checksum type="md5">53b4f951f8d105701d32eb595a7b6a2f</checksum>
<url>metadata/dublincore-s-00007_SGU.xml</url>
</catalog>
<catalog id="catalog-3" type="metadata/mpeg-7">
<mimetype>text/xml</mimetype>
<checksum type="md5">d41d8cd98f00b204e9800998ecf8427e</checksum>
<url>metadata/mpeg-7489510032771764583.xml</url>
</catalog>
</metadata>
<attachments>
    <attachment id="attachment-1" type="engage/cover">
        <url>http://downloads.opencastproject.org/media/engage-cover.jpg</url>
        <mimetype>image/jpeg</mimetype>
    </attachment>
    <attachment id="attachment-2" type="feed/cover">
        <url>http://downloads.opencastproject.org/media/feed-cover.jpg</url>
        <mimetype>image/jpeg</mimetype>
    </attachment>
</attachments>
</mediapackage>
