<?xml version="1.0" encoding="UTF-8"?>
<metadata xmlns="http://www.opencastproject.org/xsd/1.0/dublincore/" xmlns:dcterms="http://purl.org/dc/terms/" xmlns:xsi="http://www.w3.org/2001/XMLSchema-instance">
    <dcterms:creator>Swiss Spatial Sciences Framework</dcterms:creator>
    <dcterms:license xml:lang="de">http://www.multimedia.ethz.ch/docs/haftungsausschluss/index</dcterms:license>
    <dcterms:license xml:lang="en">http://www.multimedia.ethz.ch/docs/disclaimer/index</dcterms:license>
    <dcterms:created xsi:type="dcterms:W3CDTF">2009-11-19</dcterms:created>
    <dcterms:abstract>Initiating the Swiss Spatial Sciences Framework (S3F), a three-part symposium is held in Zurich, Lausanne, and Bern to discuss responses to the question of: What are the crucial research questions in the spatial sciences in Switzerland and in Europe? After the public part of the symposium in Zurich, various research topics will be presented to and discussed with independent international experts. This first meeting will lead to a preliminary report on ideas for research topics. The report prepared in Zurich will be refined, along with other research topics, at the symposium in Lausanne, which will have its own expert group and working methods. A public debate will conclude the three days of the SpaceWatch workshop in Lausanne. Lastly, a final version of the report will be presented in Bern.</dcterms:abstract>
    <dcterms:language>eng</dcterms:language>
    <dcterms:rightsHolder xml:lang="de">ETH Zürich, Schweiz</dcterms:rightsHolder>
    <dcterms:rightsHolder xml:lang="en">ETH Zurich, Switzerland</dcterms:rightsHolder>
    <dcterms:publisher xml:lang="de">ETH Zürich, ID-MMS; Schweiz</dcterms:publisher>
    <dcterms:publisher xml:lang="en">ETH Zurich, ITS-MMS; Switzerland</dcterms:publisher>
    <dcterms:identifier>10.3930/ETHZ/AV-fecbbc6f-4a65-4901-8dce-e2bf5a56466d</dcterms:identifier>
    <dcterms:title>Symposium Trilogy of the Swiss Spatial Sciences Framework</dcterms:title>
</metadata>
