<?xml version="1.0" encoding="UTF-8"?>
<metadata xmlns="http://www.opencastproject.org/xsd/1.0/dublincore/" xmlns:dcterms="http://purl.org/dc/terms/" xmlns:xsi="http://www.w3.org/2001/XMLSchema-instance">
    <dcterms:creator>Scholl, Bernd</dcterms:creator>
    <dcterms:extent xsi:type="dcterms:ISO8601">PT4M42.920S</dcterms:extent>
    <dcterms:isPartOf>10.3930/ETHZ/AV-fecbbc6f-4a65-4901-8dce-e2bf5a56466d</dcterms:isPartOf>
    <dcterms:license xml:lang="de">http://www.multimedia.ethz.ch/docs/haftungsausschluss/index</dcterms:license>
    <dcterms:license xml:lang="en">http://www.multimedia.ethz.ch/docs/disclaimer/index</dcterms:license>
    <dcterms:created xsi:type="dcterms:W3CDTF">2009-11-19</dcterms:created>
    <dcterms:abstract>What are the crucial research questions in the spatial sciences in Switzerland and in Europe?</dcterms:abstract>
    <dcterms:language>eng</dcterms:language>
    <dcterms:rightsHolder xml:lang="de">ETH Zürich, Schweiz</dcterms:rightsHolder>
    <dcterms:rightsHolder xml:lang="en">ETH Zurich, Switzerland</dcterms:rightsHolder>
    <dcterms:publisher xml:lang="de">ETH Zürich, ID-MMS; Schweiz</dcterms:publisher>
    <dcterms:publisher xml:lang="en">ETH Zurich, ITS-MMS; Switzerland</dcterms:publisher>
    <dcterms:identifier>10.3930/ETHZ/AV-62bced26-01e8-41b0-b7bf-0d9e0d50f028</dcterms:identifier>
    <dcterms:title>Closing remarks and further programme</dcterms:title>
</metadata>
