<?xml version="1.0" encoding="UTF-8"?>
<metadata xmlns="http://www.opencastproject.org/xsd/1.0/dublincore/"
	xmlns:dcterms="http://purl.org/dc/terms/" xmlns:xsi="http://www.w3.org/2001/XMLSchema-instance">
	<dcterms:creator>Brassard, Gilles</dcterms:creator>
	<dcterms:contributor>Department of Physics</dcterms:contributor>
	<dcterms:extent xsi:type="dcterms:ISO8601">PT1H15M1.188S</dcterms:extent>
	<dcterms:isPartOf>PHYS-0001-00X</dcterms:isPartOf>
	<dcterms:license xml:lang="de">http://www.multimedia.ethz.ch/docs/haftungsausschluss/index</dcterms:license>
	<dcterms:license xml:lang="en">http://www.multimedia.ethz.ch/docs/disclaimer/index</dcterms:license>
	<dcterms:created xsi:type="dcterms:W3CDTF">2009-09-30</dcterms:created>
	<dcterms:abstract>Quantum Cryptography is the first near-term practical
		application of the emerging field of quantum information processing.
		It allows two parties who share only a short prior secret to exchange
		messages with provably perfect confidentiality under the nose of an
		eavesdropper whose computational power is unlimited and whose
		technology is restricted only by the accepted laws of physics.
		Furthermore, quantum cryptographic techniques go well beyond this
		application to confi dential communications. In this talk, we shall
		tell the tale of the origin of Quantum Cryptography from the birth of
		the first idea by Wiesner in 1970 to the invention of Quantum Key
		Distribution a quarter of a century ago, to the first prototypes and
		ensuing commercial ventures, to exciting prospects for the future.</dcterms:abstract>
	<dcterms:language>eng</dcterms:language>
	<dcterms:rightsHolder xml:lang="de">ETH Zürich, Schweiz</dcterms:rightsHolder>
	<dcterms:rightsHolder xml:lang="en">ETH Zurich,
		Switzerland</dcterms:rightsHolder>
	<dcterms:publisher xml:lang="de">ETH Zürich, ID-MMS;
		Schweiz</dcterms:publisher>
	<dcterms:publisher xml:lang="en">ETH Zurich, ITS-MMS;
		Switzerland</dcterms:publisher>
	<dcterms:identifier>97251d8b-1bb1-4c08-ba9d-084ed9283b4e</dcterms:identifier>
	<dcterms:title>Quantum Cryptography</dcterms:title>
</metadata>
