<?xml version="1.0" encoding="UTF-8"?>
<metadata xmlns="http://www.opencastproject.org/xsd/1.0/dublincore/"
	xmlns:dcterms="http://purl.org/dc/terms/" xmlns:xsi="http://www.w3.org/2001/XMLSchema-instance">
	<dcterms:creator>Pascal Haeusermann</dcterms:creator>
	<dcterms:type>Moving Image/Talk</dcterms:type>
	<dcterms:extent>01:07:13</dcterms:extent>
	<dcterms:isPartOf>ARCH-0002-00X</dcterms:isPartOf>
	<dcterms:created xsi:type="dcterms:W3CDTF">2009-03-17</dcterms:created>
	<dcterms:language>eng</dcterms:language>
	<dcterms:rightsHolder>ETH Zurich; Zurich, Switzerland</dcterms:rightsHolder>
	<dcterms:publisher>ETH Zurich, ITS-MMS; Zurich, Switzerland</dcterms:publisher>
	<dcterms:accessRights>http://www.multimedia.ethz.ch/docs/</dcterms:accessRights>
	<dcterms:spatial>ETHZ, HIL H40.9</dcterms:spatial>
	<dcterms:identifier>51e3b054-7388-455b-96ca-02fe316e8b42</dcterms:identifier>
	<dcterms:title>Die Nachkriegszeit im Gespraech</dcterms:title>
</metadata>
