<?xml version="1.0" encoding="UTF-8"?>
<Mpeg7 xmlns="urn:mpeg:mpeg7:schema:2001" xmlns:mpeg7="urn:mpeg7:schema:2001"
	xmlns:xsi="http://www.w3.org/2001/XMLSchema-instance/">
	<Description xsi:type="ContentEntityType">
		<MultimediaContent xsi:type="AudioVisualType">
			<AudioVisual id="track-1">
				<MediaLocator>
					<MediaUri>file:tracks/20091023_E1_2_Bernauer_SD.mov</MediaUri>
				</MediaLocator>
				<MediaTime>
					<MediaTimePoint>T00:00:00:0F25</MediaTimePoint>
					<MediaDuration>PT01H28M31S455N1000F</MediaDuration>
				</MediaTime>
				<TemporalDecomposition criteria="temporal"
					gap="false" overlap="false">
					<AudioVisualSegment id="track-1.segment-1">
						<MediaTime>
							<MediaRelTimePoint>T00:00:00:0F1000</MediaRelTimePoint>
							<MediaDuration>PT46S0N1000F</MediaDuration>
						</MediaTime>
					</AudioVisualSegment>
					<AudioVisualSegment id="track-1.segment-2">
						<MediaTime>
							<MediaRelTimePoint>T00:00:46:0F1000</MediaRelTimePoint>
							<MediaDuration>PT14S0N1000F</MediaDuration>
						</MediaTime>
					</AudioVisualSegment>
					<AudioVisualSegment id="track-1.segment-3">
						<MediaTime>
							<MediaRelTimePoint>T00:01:00:0F1000</MediaRelTimePoint>
							<MediaDuration>PT17S0N1000F</MediaDuration>
						</MediaTime>
					</AudioVisualSegment>
					<AudioVisualSegment id="track-1.segment-4">
						<MediaTime>
							<MediaRelTimePoint>T00:01:17:0F1000</MediaRelTimePoint>
							<MediaDuration>PT23S0N1000F</MediaDuration>
						</MediaTime>
						<TextAnnotation confidence="0.0" relevance="0.0"
							xml:lang="en">
							<KeywordAnnotation>
								<Keyword>S</Keyword>
								<Keyword>Y</Keyword>
							</KeywordAnnotation>
						</TextAnnotation>
					</AudioVisualSegment>
					<AudioVisualSegment id="track-1.segment-5">
						<MediaTime>
							<MediaRelTimePoint>T00:01:40:0F1000</MediaRelTimePoint>
							<MediaDuration>PT13S0N1000F</MediaDuration>
						</MediaTime>
					</AudioVisualSegment>
					<AudioVisualSegment id="track-1.segment-6">
						<MediaTime>
							<MediaRelTimePoint>T00:01:53:0F1000</MediaRelTimePoint>
							<MediaDuration>PT36S0N1000F</MediaDuration>
						</MediaTime>
					</AudioVisualSegment>
					<AudioVisualSegment id="track-1.segment-7">
						<MediaTime>
							<MediaRelTimePoint>T00:02:29:0F1000</MediaRelTimePoint>
							<MediaDuration>PT01M10S0N1000F</MediaDuration>
						</MediaTime>
					</AudioVisualSegment>
					<AudioVisualSegment id="track-1.segment-8">
						<MediaTime>
							<MediaRelTimePoint>T00:03:39:0F1000</MediaRelTimePoint>
							<MediaDuration>PT58S0N1000F</MediaDuration>
						</MediaTime>
					</AudioVisualSegment>
					<AudioVisualSegment id="track-1.segment-9">
						<MediaTime>
							<MediaRelTimePoint>T00:04:37:0F1000</MediaRelTimePoint>
							<MediaDuration>PT32S0N1000F</MediaDuration>
						</MediaTime>
					</AudioVisualSegment>
					<AudioVisualSegment id="track-1.segment-10">
						<MediaTime>
							<MediaRelTimePoint>T00:05:09:0F1000</MediaRelTimePoint>
							<MediaDuration>PT33S0N1000F</MediaDuration>
						</MediaTime>
					</AudioVisualSegment>
					<AudioVisualSegment id="track-1.segment-11">
						<MediaTime>
							<MediaRelTimePoint>T00:05:42:0F1000</MediaRelTimePoint>
							<MediaDuration>PT26S0N1000F</MediaDuration>
						</MediaTime>
					</AudioVisualSegment>
					<AudioVisualSegment id="track-1.segment-12">
						<MediaTime>
							<MediaRelTimePoint>T00:06:08:0F1000</MediaRelTimePoint>
							<MediaDuration>PT18S0N1000F</MediaDuration>
						</MediaTime>
					</AudioVisualSegment>
					<AudioVisualSegment id="track-1.segment-13">
						<MediaTime>
							<MediaRelTimePoint>T00:06:26:0F1000</MediaRelTimePoint>
							<MediaDuration>PT20S0N1000F</MediaDuration>
						</MediaTime>
					</AudioVisualSegment>
					<AudioVisualSegment id="track-1.segment-14">
						<MediaTime>
							<MediaRelTimePoint>T00:06:46:0F1000</MediaRelTimePoint>
							<MediaDuration>PT18S0N1000F</MediaDuration>
						</MediaTime>
					</AudioVisualSegment>
					<AudioVisualSegment id="track-1.segment-15">
						<MediaTime>
							<MediaRelTimePoint>T00:07:04:0F1000</MediaRelTimePoint>
							<MediaDuration>PT01M0N1000F</MediaDuration>
						</MediaTime>
					</AudioVisualSegment>
					<AudioVisualSegment id="track-1.segment-16">
						<MediaTime>
							<MediaRelTimePoint>T00:08:04:0F1000</MediaRelTimePoint>
							<MediaDuration>PT35S0N1000F</MediaDuration>
						</MediaTime>
					</AudioVisualSegment>
					<AudioVisualSegment id="track-1.segment-17">
						<MediaTime>
							<MediaRelTimePoint>T00:08:39:0F1000</MediaRelTimePoint>
							<MediaDuration>PT01M37S0N1000F</MediaDuration>
						</MediaTime>
					</AudioVisualSegment>
					<AudioVisualSegment id="track-1.segment-18">
						<MediaTime>
							<MediaRelTimePoint>T00:10:16:0F1000</MediaRelTimePoint>
							<MediaDuration>PT25S0N1000F</MediaDuration>
						</MediaTime>
					</AudioVisualSegment>
					<AudioVisualSegment id="track-1.segment-19">
						<MediaTime>
							<MediaRelTimePoint>T00:10:41:0F1000</MediaRelTimePoint>
							<MediaDuration>PT14S0N1000F</MediaDuration>
						</MediaTime>
					</AudioVisualSegment>
					<AudioVisualSegment id="track-1.segment-20">
						<MediaTime>
							<MediaRelTimePoint>T00:10:55:0F1000</MediaRelTimePoint>
							<MediaDuration>PT29S0N1000F</MediaDuration>
						</MediaTime>
					</AudioVisualSegment>
					<AudioVisualSegment id="track-1.segment-21">
						<MediaTime>
							<MediaRelTimePoint>T00:11:24:0F1000</MediaRelTimePoint>
							<MediaDuration>PT17S0N1000F</MediaDuration>
						</MediaTime>
					</AudioVisualSegment>
					<AudioVisualSegment id="track-1.segment-22">
						<MediaTime>
							<MediaRelTimePoint>T00:11:41:0F1000</MediaRelTimePoint>
							<MediaDuration>PT49S0N1000F</MediaDuration>
						</MediaTime>
					</AudioVisualSegment>
					<AudioVisualSegment id="track-1.segment-23">
						<MediaTime>
							<MediaRelTimePoint>T00:12:30:0F1000</MediaRelTimePoint>
							<MediaDuration>PT01M30S0N1000F</MediaDuration>
						</MediaTime>
					</AudioVisualSegment>
					<AudioVisualSegment id="track-1.segment-24">
						<MediaTime>
							<MediaRelTimePoint>T00:14:00:0F1000</MediaRelTimePoint>
							<MediaDuration>PT21S0N1000F</MediaDuration>
						</MediaTime>
					</AudioVisualSegment>
					<AudioVisualSegment id="track-1.segment-25">
						<MediaTime>
							<MediaRelTimePoint>T00:14:21:0F1000</MediaRelTimePoint>
							<MediaDuration>PT01M14S0N1000F</MediaDuration>
						</MediaTime>
					</AudioVisualSegment>
					<AudioVisualSegment id="track-1.segment-26">
						<MediaTime>
							<MediaRelTimePoint>T00:15:35:0F1000</MediaRelTimePoint>
							<MediaDuration>PT01M38S0N1000F</MediaDuration>
						</MediaTime>
					</AudioVisualSegment>
					<AudioVisualSegment id="track-1.segment-27">
						<MediaTime>
							<MediaRelTimePoint>T00:17:13:0F1000</MediaRelTimePoint>
							<MediaDuration>PT01M09S0N1000F</MediaDuration>
						</MediaTime>
					</AudioVisualSegment>
					<AudioVisualSegment id="track-1.segment-28">
						<MediaTime>
							<MediaRelTimePoint>T00:18:22:0F1000</MediaRelTimePoint>
							<MediaDuration>PT56S0N1000F</MediaDuration>
						</MediaTime>
					</AudioVisualSegment>
					<AudioVisualSegment id="track-1.segment-29">
						<MediaTime>
							<MediaRelTimePoint>T00:19:18:0F1000</MediaRelTimePoint>
							<MediaDuration>PT30S0N1000F</MediaDuration>
						</MediaTime>
					</AudioVisualSegment>
					<AudioVisualSegment id="track-1.segment-30">
						<MediaTime>
							<MediaRelTimePoint>T00:19:48:0F1000</MediaRelTimePoint>
							<MediaDuration>PT37S0N1000F</MediaDuration>
						</MediaTime>
					</AudioVisualSegment>
					<AudioVisualSegment id="track-1.segment-31">
						<MediaTime>
							<MediaRelTimePoint>T00:20:25:0F1000</MediaRelTimePoint>
							<MediaDuration>PT01M07S0N1000F</MediaDuration>
						</MediaTime>
					</AudioVisualSegment>
					<AudioVisualSegment id="track-1.segment-32">
						<MediaTime>
							<MediaRelTimePoint>T00:21:32:0F1000</MediaRelTimePoint>
							<MediaDuration>PT01M09S0N1000F</MediaDuration>
						</MediaTime>
					</AudioVisualSegment>
					<AudioVisualSegment id="track-1.segment-33">
						<MediaTime>
							<MediaRelTimePoint>T00:22:41:0F1000</MediaRelTimePoint>
							<MediaDuration>PT36S0N1000F</MediaDuration>
						</MediaTime>
					</AudioVisualSegment>
					<AudioVisualSegment id="track-1.segment-34">
						<MediaTime>
							<MediaRelTimePoint>T00:23:17:0F1000</MediaRelTimePoint>
							<MediaDuration>PT17S0N1000F</MediaDuration>
						</MediaTime>
					</AudioVisualSegment>
					<AudioVisualSegment id="track-1.segment-35">
						<MediaTime>
							<MediaRelTimePoint>T00:23:34:0F1000</MediaRelTimePoint>
							<MediaDuration>PT25S0N1000F</MediaDuration>
						</MediaTime>
					</AudioVisualSegment>
					<AudioVisualSegment id="track-1.segment-36">
						<MediaTime>
							<MediaRelTimePoint>T00:23:59:0F1000</MediaRelTimePoint>
							<MediaDuration>PT37S0N1000F</MediaDuration>
						</MediaTime>
					</AudioVisualSegment>
					<AudioVisualSegment id="track-1.segment-37">
						<MediaTime>
							<MediaRelTimePoint>T00:24:36:0F1000</MediaRelTimePoint>
							<MediaDuration>PT48S0N1000F</MediaDuration>
						</MediaTime>
					</AudioVisualSegment>
					<AudioVisualSegment id="track-1.segment-38">
						<MediaTime>
							<MediaRelTimePoint>T00:25:24:0F1000</MediaRelTimePoint>
							<MediaDuration>PT43S0N1000F</MediaDuration>
						</MediaTime>
					</AudioVisualSegment>
					<AudioVisualSegment id="track-1.segment-39">
						<MediaTime>
							<MediaRelTimePoint>T00:26:07:0F1000</MediaRelTimePoint>
							<MediaDuration>PT24S0N1000F</MediaDuration>
						</MediaTime>
					</AudioVisualSegment>
					<AudioVisualSegment id="track-1.segment-40">
						<MediaTime>
							<MediaRelTimePoint>T00:26:31:0F1000</MediaRelTimePoint>
							<MediaDuration>PT22S0N1000F</MediaDuration>
						</MediaTime>
					</AudioVisualSegment>
					<AudioVisualSegment id="track-1.segment-41">
						<MediaTime>
							<MediaRelTimePoint>T00:26:53:0F1000</MediaRelTimePoint>
							<MediaDuration>PT02M42S0N1000F</MediaDuration>
						</MediaTime>
					</AudioVisualSegment>
					<AudioVisualSegment id="track-1.segment-42">
						<MediaTime>
							<MediaRelTimePoint>T00:29:35:0F1000</MediaRelTimePoint>
							<MediaDuration>PT53S0N1000F</MediaDuration>
						</MediaTime>
					</AudioVisualSegment>
					<AudioVisualSegment id="track-1.segment-43">
						<MediaTime>
							<MediaRelTimePoint>T00:30:28:0F1000</MediaRelTimePoint>
							<MediaDuration>PT01M05S0N1000F</MediaDuration>
						</MediaTime>
					</AudioVisualSegment>
					<AudioVisualSegment id="track-1.segment-44">
						<MediaTime>
							<MediaRelTimePoint>T00:31:33:0F1000</MediaRelTimePoint>
							<MediaDuration>PT18S0N1000F</MediaDuration>
						</MediaTime>
					</AudioVisualSegment>
					<AudioVisualSegment id="track-1.segment-45">
						<MediaTime>
							<MediaRelTimePoint>T00:31:51:0F1000</MediaRelTimePoint>
							<MediaDuration>PT56S0N1000F</MediaDuration>
						</MediaTime>
					</AudioVisualSegment>
					<AudioVisualSegment id="track-1.segment-46">
						<MediaTime>
							<MediaRelTimePoint>T00:32:47:0F1000</MediaRelTimePoint>
							<MediaDuration>PT26S0N1000F</MediaDuration>
						</MediaTime>
					</AudioVisualSegment>
					<AudioVisualSegment id="track-1.segment-47">
						<MediaTime>
							<MediaRelTimePoint>T00:33:13:0F1000</MediaRelTimePoint>
							<MediaDuration>PT02M42S0N1000F</MediaDuration>
						</MediaTime>
					</AudioVisualSegment>
					<AudioVisualSegment id="track-1.segment-48">
						<MediaTime>
							<MediaRelTimePoint>T00:35:55:0F1000</MediaRelTimePoint>
							<MediaDuration>PT04M34S0N1000F</MediaDuration>
						</MediaTime>
					</AudioVisualSegment>
					<AudioVisualSegment id="track-1.segment-49">
						<MediaTime>
							<MediaRelTimePoint>T00:40:29:0F1000</MediaRelTimePoint>
							<MediaDuration>PT39S0N1000F</MediaDuration>
						</MediaTime>
					</AudioVisualSegment>
					<AudioVisualSegment id="track-1.segment-50">
						<MediaTime>
							<MediaRelTimePoint>T00:41:08:0F1000</MediaRelTimePoint>
							<MediaDuration>PT20S0N1000F</MediaDuration>
						</MediaTime>
					</AudioVisualSegment>
					<AudioVisualSegment id="track-1.segment-51">
						<MediaTime>
							<MediaRelTimePoint>T00:41:28:0F1000</MediaRelTimePoint>
							<MediaDuration>PT24S0N1000F</MediaDuration>
						</MediaTime>
					</AudioVisualSegment>
					<AudioVisualSegment id="track-1.segment-52">
						<MediaTime>
							<MediaRelTimePoint>T00:41:52:0F1000</MediaRelTimePoint>
							<MediaDuration>PT20S0N1000F</MediaDuration>
						</MediaTime>
					</AudioVisualSegment>
					<AudioVisualSegment id="track-1.segment-53">
						<MediaTime>
							<MediaRelTimePoint>T00:42:12:0F1000</MediaRelTimePoint>
							<MediaDuration>PT13S0N1000F</MediaDuration>
						</MediaTime>
					</AudioVisualSegment>
					<AudioVisualSegment id="track-1.segment-54">
						<MediaTime>
							<MediaRelTimePoint>T00:42:25:0F1000</MediaRelTimePoint>
							<MediaDuration>PT41S0N1000F</MediaDuration>
						</MediaTime>
					</AudioVisualSegment>
					<AudioVisualSegment id="track-1.segment-55">
						<MediaTime>
							<MediaRelTimePoint>T00:43:06:0F1000</MediaRelTimePoint>
							<MediaDuration>PT49S0N1000F</MediaDuration>
						</MediaTime>
					</AudioVisualSegment>
					<AudioVisualSegment id="track-1.segment-56">
						<MediaTime>
							<MediaRelTimePoint>T00:43:55:0F1000</MediaRelTimePoint>
							<MediaDuration>PT21S0N1000F</MediaDuration>
						</MediaTime>
					</AudioVisualSegment>
					<AudioVisualSegment id="track-1.segment-57">
						<MediaTime>
							<MediaRelTimePoint>T00:44:16:0F1000</MediaRelTimePoint>
							<MediaDuration>PT13S0N1000F</MediaDuration>
						</MediaTime>
					</AudioVisualSegment>
					<AudioVisualSegment id="track-1.segment-58">
						<MediaTime>
							<MediaRelTimePoint>T00:44:29:0F1000</MediaRelTimePoint>
							<MediaDuration>PT21S0N1000F</MediaDuration>
						</MediaTime>
					</AudioVisualSegment>
					<AudioVisualSegment id="track-1.segment-59">
						<MediaTime>
							<MediaRelTimePoint>T00:44:50:0F1000</MediaRelTimePoint>
							<MediaDuration>PT29S0N1000F</MediaDuration>
						</MediaTime>
					</AudioVisualSegment>
					<AudioVisualSegment id="track-1.segment-60">
						<MediaTime>
							<MediaRelTimePoint>T00:45:19:0F1000</MediaRelTimePoint>
							<MediaDuration>PT30S0N1000F</MediaDuration>
						</MediaTime>
					</AudioVisualSegment>
					<AudioVisualSegment id="track-1.segment-61">
						<MediaTime>
							<MediaRelTimePoint>T00:45:49:0F1000</MediaRelTimePoint>
							<MediaDuration>PT31S0N1000F</MediaDuration>
						</MediaTime>
					</AudioVisualSegment>
					<AudioVisualSegment id="track-1.segment-62">
						<MediaTime>
							<MediaRelTimePoint>T00:46:20:0F1000</MediaRelTimePoint>
							<MediaDuration>PT26S0N1000F</MediaDuration>
						</MediaTime>
					</AudioVisualSegment>
					<AudioVisualSegment id="track-1.segment-63">
						<MediaTime>
							<MediaRelTimePoint>T00:46:46:0F1000</MediaRelTimePoint>
							<MediaDuration>PT01M10S0N1000F</MediaDuration>
						</MediaTime>
					</AudioVisualSegment>
					<AudioVisualSegment id="track-1.segment-64">
						<MediaTime>
							<MediaRelTimePoint>T00:47:56:0F1000</MediaRelTimePoint>
							<MediaDuration>PT01M31S0N1000F</MediaDuration>
						</MediaTime>
					</AudioVisualSegment>
					<AudioVisualSegment id="track-1.segment-65">
						<MediaTime>
							<MediaRelTimePoint>T00:49:27:0F1000</MediaRelTimePoint>
							<MediaDuration>PT01M30S0N1000F</MediaDuration>
						</MediaTime>
					</AudioVisualSegment>
					<AudioVisualSegment id="track-1.segment-66">
						<MediaTime>
							<MediaRelTimePoint>T00:50:57:0F1000</MediaRelTimePoint>
							<MediaDuration>PT47S0N1000F</MediaDuration>
						</MediaTime>
					</AudioVisualSegment>
					<AudioVisualSegment id="track-1.segment-67">
						<MediaTime>
							<MediaRelTimePoint>T00:51:44:0F1000</MediaRelTimePoint>
							<MediaDuration>PT35S0N1000F</MediaDuration>
						</MediaTime>
					</AudioVisualSegment>
					<AudioVisualSegment id="track-1.segment-68">
						<MediaTime>
							<MediaRelTimePoint>T00:52:19:0F1000</MediaRelTimePoint>
							<MediaDuration>PT02M52S0N1000F</MediaDuration>
						</MediaTime>
					</AudioVisualSegment>
					<AudioVisualSegment id="track-1.segment-69">
						<MediaTime>
							<MediaRelTimePoint>T00:55:11:0F1000</MediaRelTimePoint>
							<MediaDuration>PT01M20S0N1000F</MediaDuration>
						</MediaTime>
					</AudioVisualSegment>
					<AudioVisualSegment id="track-1.segment-70">
						<MediaTime>
							<MediaRelTimePoint>T00:56:31:0F1000</MediaRelTimePoint>
							<MediaDuration>PT23S0N1000F</MediaDuration>
						</MediaTime>
					</AudioVisualSegment>
					<AudioVisualSegment id="track-1.segment-71">
						<MediaTime>
							<MediaRelTimePoint>T00:56:54:0F1000</MediaRelTimePoint>
							<MediaDuration>PT05M43S0N1000F</MediaDuration>
						</MediaTime>
					</AudioVisualSegment>
					<AudioVisualSegment id="track-1.segment-72">
						<MediaTime>
							<MediaRelTimePoint>T01:02:37:0F1000</MediaRelTimePoint>
							<MediaDuration>PT01M0N1000F</MediaDuration>
						</MediaTime>
					</AudioVisualSegment>
					<AudioVisualSegment id="track-1.segment-73">
						<MediaTime>
							<MediaRelTimePoint>T01:03:37:0F1000</MediaRelTimePoint>
							<MediaDuration>PT29S0N1000F</MediaDuration>
						</MediaTime>
					</AudioVisualSegment>
					<AudioVisualSegment id="track-1.segment-74">
						<MediaTime>
							<MediaRelTimePoint>T01:04:06:0F1000</MediaRelTimePoint>
							<MediaDuration>PT28S0N1000F</MediaDuration>
						</MediaTime>
					</AudioVisualSegment>
					<AudioVisualSegment id="track-1.segment-75">
						<MediaTime>
							<MediaRelTimePoint>T01:04:34:0F1000</MediaRelTimePoint>
							<MediaDuration>PT02M02S0N1000F</MediaDuration>
						</MediaTime>
					</AudioVisualSegment>
					<AudioVisualSegment id="track-1.segment-76">
						<MediaTime>
							<MediaRelTimePoint>T01:06:36:0F1000</MediaRelTimePoint>
							<MediaDuration>PT01M47S0N1000F</MediaDuration>
						</MediaTime>
					</AudioVisualSegment>
					<AudioVisualSegment id="track-1.segment-77">
						<MediaTime>
							<MediaRelTimePoint>T01:08:23:0F1000</MediaRelTimePoint>
							<MediaDuration>PT05M24S0N1000F</MediaDuration>
						</MediaTime>
					</AudioVisualSegment>
					<AudioVisualSegment id="track-1.segment-78">
						<MediaTime>
							<MediaRelTimePoint>T01:13:47:0F1000</MediaRelTimePoint>
							<MediaDuration>PT07M31S0N1000F</MediaDuration>
						</MediaTime>
					</AudioVisualSegment>
					<AudioVisualSegment id="track-1.segment-79">
						<MediaTime>
							<MediaRelTimePoint>T01:21:18:0F1000</MediaRelTimePoint>
							<MediaDuration>PT52S0N1000F</MediaDuration>
						</MediaTime>
					</AudioVisualSegment>
					<AudioVisualSegment id="track-1.segment-80">
						<MediaTime>
							<MediaRelTimePoint>T01:22:10:0F1000</MediaRelTimePoint>
							<MediaDuration>PT02M55S0N1000F</MediaDuration>
						</MediaTime>
					</AudioVisualSegment>
					<AudioVisualSegment id="track-1.segment-81">
						<MediaTime>
							<MediaRelTimePoint>T01:25:05:0F1000</MediaRelTimePoint>
							<MediaDuration>PT47S0N1000F</MediaDuration>
						</MediaTime>
					</AudioVisualSegment>
					<AudioVisualSegment id="track-1.segment-82">
						<MediaTime>
							<MediaRelTimePoint>T01:25:52:0F1000</MediaRelTimePoint>
							<MediaDuration>PT02M39S0N1000F</MediaDuration>
						</MediaTime>
					</AudioVisualSegment>
					<AudioVisualSegment id="track-1.segment-83">
						<MediaTime>
							<MediaRelTimePoint>T01:28:31:0F1000</MediaRelTimePoint>
							<MediaDuration>PT455N1000F</MediaDuration>
						</MediaTime>
					</AudioVisualSegment>
				</TemporalDecomposition>
			</AudioVisual>
		</MultimediaContent>
	</Description>
</Mpeg7>
