<?xml version="1.0" encoding="UTF-8"?>
<mediapackage duration="4969757" id="10.3930/ETHZ/AV-0dea766c-a2aa-4bfa-85a8-d895b7bd67e5">
<media>
<track id="track-1" type="engage/presenter">
    <url>http://downloads.opencastproject.org/media/car.flv</url>
    <mimetype>video/x-flv</mimetype>
    <checksum type="md5">7b3c7e8cc2cba2f5b7af4fd4224f3005</checksum>
</track>
<mimetype>video/quicktime</mimetype>
<checksum type="md5">b8ba1f5aeb67aa571619a853433cbc4b</checksum>
<url>tracks/090618_Kolloquium_D_Anselmetti.mov</url>
<Duration>4969757</Duration>
<Audio id="stream-2">
<Encoder type="AAC"/>
<Channels>2</Channels>
<BitDepth>16</BitDepth>
<BitRate>256000.0</BitRate>
</Audio>
<Video id="stream-1">
<Encoder type="AVC"/>
<Size>1024x768</Size>
<ScanType type="Progressive"/>
<BitRate>812978.0</BitRate>
<FrameRate>1.994</FrameRate>
</Video>
</media>
<metadata>
<catalog id="catalog-2" type="metadata/dublincore">
<mimetype>text/xml</mimetype>
<checksum type="md5">65affd0fb84e91765831e7d33641e632</checksum>
<url>metadata/dublincore-e-EMPA_20090618_Anselmetti.xml</url>
</catalog>
<catalog id="catalog-1" ref="series:EMPA-0001-00X" type="metadata/dublincore">
<mimetype>text/xml</mimetype>
<checksum type="md5">bf6b8f4ecdd93a8d9196f4f25d35596d</checksum>
<url>metadata/dublincore-s-EMPA-0001-00X.xml</url>
</catalog>
<catalog id="catalog-3" type="metadata/mpeg-7">
<mimetype>text/xml</mimetype>
<checksum type="md5">d41d8cd98f00b204e9800998ecf8427e</checksum>
<url>metadata/mpeg-7693690082449089716.xml</url>
</catalog>
</metadata>
<attachments>
    <attachment id="attachment-1" type="engage/cover">
        <url>http://downloads.opencastproject.org/media/engage-cover.jpg</url>
        <mimetype>image/jpeg</mimetype>
    </attachment>
    <attachment id="attachment-2" type="feed/cover">
        <url>http://downloads.opencastproject.org/media/feed-cover.jpg</url>
        <mimetype>image/jpeg</mimetype>
    </attachment>
</attachments>
</mediapackage>
