<?xml version="1.0" encoding="UTF-8"?>
<Mpeg7 xmlns="urn:mpeg:mpeg7:schema:2001" xmlns:mpeg7="urn:mpeg7:schema:2001"
	xmlns:xsi="http://www.w3.org/2001/XMLSchema-instance/">
	<Description xsi:type="ContentEntityType">
		<MultimediaContent xsi:type="AudioVisualType">
			<AudioVisual id="track-1">
				<mediaLocator>
					<mediaUri>file:tracks/camera.avi</mediaUri>
				</mediaLocator>
				<mediaTime>
					<mediaTimePoint>T00:00:00:0F25</mediaTimePoint>
					<mediaDuration>PT48M53S3N1000F</mediaDuration>
				</mediaTime>
			</AudioVisual>
			<AudioVisual id="track-0">
				<mediaLocator>
					<mediaUri>file:tracks/grabber.avi</mediaUri>
				</mediaLocator>
				<mediaTime>
					<mediaTimePoint>T00:00:00:0F5</mediaTimePoint>
					<mediaDuration>PT48M53S3N1000F</mediaDuration>
				</mediaTime>
				<TemporalDecomposition criteria="temporal"
					gap="false" overlap="false">
					<AudioVisualSegment id="track-0.segment-1">
						<mediaTime>
							<mediaRelTimePoint>T00:00:00:0F1000</mediaRelTimePoint>
							<mediaDuration>PT01M32S0N1000F</mediaDuration>
						</mediaTime>
						<TextAnnotation confidence="0.5" relevance="0.5"
							xml:lang="en">
							<KeywordAnnotation>
								<Keyword>Switzerland</Keyword>
							</KeywordAnnotation>
						</TextAnnotation>
						<TextAnnotation confidence="0.5" relevance="0.4"
							xml:lang="en">
							<KeywordAnnotation>
								<Keyword>Operating</Keyword>
							</KeywordAnnotation>
						</TextAnnotation>
						<TextAnnotation confidence="0.5" relevance="0.2"
							xml:lang="en">
							<KeywordAnnotation>
								<Keyword>extreme</Keyword>
								<Keyword>identity</Keyword>
								<Keyword>security</Keyword>
							</KeywordAnnotation>
						</TextAnnotation>
						<TextAnnotation confidence="0.5" relevance="0.0"
							xml:lang="en">
							<KeywordAnnotation>
								<Keyword>in</Keyword>
							</KeywordAnnotation>
						</TextAnnotation>
						<TextAnnotation confidence="0.0" relevance="0.4"
							xml:lang="en">
							<KeywordAnnotation>
								<Keyword>CSP</Keyword>
							</KeywordAnnotation>
						</TextAnnotation>
						<TextAnnotation confidence="0.0" relevance="0.0"
							xml:lang="en">
							<KeywordAnnotation>
								<Keyword>a</Keyword>
							</KeywordAnnotation>
						</TextAnnotation>
					</AudioVisualSegment>
					<AudioVisualSegment id="track-0.segment-2">
						<mediaTime>
							<mediaRelTimePoint>T00:01:32:0F1000</mediaRelTimePoint>
							<mediaDuration>PT57S0N1000F</mediaDuration>
						</mediaTime>
						<TextAnnotation confidence="0.5" relevance="0.5"
							xml:lang="en">
							<KeywordAnnotation>
								<Keyword>wig</Keyword>
							</KeywordAnnotation>
						</TextAnnotation>
						<TextAnnotation confidence="0.5" relevance="0.4"
							xml:lang="en">
							<KeywordAnnotation>
								<Keyword>Agenda</Keyword>
							</KeywordAnnotation>
						</TextAnnotation>
						<TextAnnotation confidence="0.5" relevance="0.3"
							xml:lang="en">
							<KeywordAnnotation>
								<Keyword>Aspects</Keyword>
								<Keyword>Business</Keyword>
								<Keyword>Developments</Keyword>
								<Keyword>Future</Keyword>
								<Keyword>Legal</Keyword>
								<Keyword>Model</Keyword>
								<Keyword>Processes</Keyword>
								<Keyword>Products</Keyword>
								<Keyword>Standards</Keyword>
								<Keyword>Technology</Keyword>
								<Keyword>and</Keyword>
							</KeywordAnnotation>
						</TextAnnotation>
						<TextAnnotation confidence="0.0" relevance="0.4"
							xml:lang="en">
							<KeywordAnnotation>
								<Keyword>SwissSign</Keyword>
							</KeywordAnnotation>
						</TextAnnotation>
					</AudioVisualSegment>
					<AudioVisualSegment id="track-0.segment-3">
						<mediaTime>
							<mediaRelTimePoint>T00:02:29:0F1000</mediaRelTimePoint>
							<mediaDuration>PT01M28S0N1000F</mediaDuration>
						</mediaTime>
						<TextAnnotation confidence="0.5" relevance="0.5"
							xml:lang="en">
							<KeywordAnnotation>
								<Keyword>swiss</Keyword>
							</KeywordAnnotation>
						</TextAnnotation>
						<TextAnnotation confidence="0.5" relevance="0.4"
							xml:lang="en">
							<KeywordAnnotation>
								<Keyword>Post</Keyword>
								<Keyword>Software</Keyword>
								<Keyword>Source</Keyword>
								<Keyword>Swiss</Keyword>
							</KeywordAnnotation>
						</TextAnnotation>
						<TextAnnotation confidence="0.5" relevance="0.3"
							xml:lang="en">
							<KeywordAnnotation>
								<Keyword>Based</Keyword>
								<Keyword>Employees</Keyword>
								<Keyword>Founded</Keyword>
								<Keyword>Open</Keyword>
								<Keyword>Proprietary</Keyword>
								<Keyword>Since</Keyword>
								<Keyword>certified</Keyword>
								<Keyword>subsidiary</Keyword>
							</KeywordAnnotation>
						</TextAnnotation>
						<TextAnnotation confidence="0.5" relevance="0.0"
							xml:lang="en">
							<KeywordAnnotation>
								<Keyword>CA</Keyword>
								<Keyword>in</Keyword>
								<Keyword>of</Keyword>
								<Keyword>on</Keyword>
							</KeywordAnnotation>
						</TextAnnotation>
						<TextAnnotation confidence="0.0" relevance="0.5"
							xml:lang="en">
							<KeywordAnnotation>
								<Keyword>sngn</Keyword>
							</KeywordAnnotation>
						</TextAnnotation>
						<TextAnnotation confidence="0.0" relevance="0.4"
							xml:lang="en">
							<KeywordAnnotation>
								<Keyword>SwissSign</Keyword>
							</KeywordAnnotation>
						</TextAnnotation>
						<TextAnnotation confidence="0.0" relevance="0.3"
							xml:lang="en">
							<KeywordAnnotation>
								<Keyword>ZertES</Keyword>
							</KeywordAnnotation>
						</TextAnnotation>
						<TextAnnotation confidence="0.0" relevance="0.0"
							xml:lang="en">
							<KeywordAnnotation>
								<Keyword>a</Keyword>
							</KeywordAnnotation>
						</TextAnnotation>
					</AudioVisualSegment>
					<AudioVisualSegment id="track-0.segment-4">
						<mediaTime>
							<mediaRelTimePoint>T00:03:57:0F1000</mediaRelTimePoint>
							<mediaDuration>PT19S0N1000F</mediaDuration>
						</mediaTime>
						<TextAnnotation confidence="0.5" relevance="0.5"
							xml:lang="en">
							<KeywordAnnotation>
								<Keyword>swiss</Keyword>
							</KeywordAnnotation>
						</TextAnnotation>
						<TextAnnotation confidence="0.5" relevance="0.4"
							xml:lang="en">
							<KeywordAnnotation>
								<Keyword>Box</Keyword>
								<Keyword>PDF</Keyword>
								<Keyword>Post</Keyword>
								<Keyword>Products</Keyword>
								<Keyword>SSL</Keyword>
								<Keyword>Swiss</Keyword>
								<Keyword>and</Keyword>
								<Keyword>applications</Keyword>
								<Keyword>authentication</Keyword>
								<Keyword>delivery</Keyword>
								<Keyword>documents</Keyword>
								<Keyword>for</Keyword>
								<Keyword>hardware</Keyword>
								<Keyword>mail</Keyword>
								<Keyword>message</Keyword>
								<Keyword>physical</Keyword>
								<Keyword>plattform</Keyword>
								<Keyword>signature</Keyword>
								<Keyword>transport</Keyword>
							</KeywordAnnotation>
						</TextAnnotation>
						<TextAnnotation confidence="0.5" relevance="0.3"
							xml:lang="en">
							<KeywordAnnotation>
								<Keyword>Personal</Keyword>
							</KeywordAnnotation>
						</TextAnnotation>
						<TextAnnotation confidence="0.5" relevance="0.0"
							xml:lang="en">
							<KeywordAnnotation>
								<Keyword>of</Keyword>
								<Keyword>on</Keyword>
							</KeywordAnnotation>
						</TextAnnotation>
						<TextAnnotation confidence="0.0" relevance="0.5"
							xml:lang="en">
							<KeywordAnnotation>
								<Keyword>srgn</Keyword>
							</KeywordAnnotation>
						</TextAnnotation>
						<TextAnnotation confidence="0.0" relevance="0.4"
							xml:lang="en">
							<KeywordAnnotation>
								<Keyword>Certiticate</Keyword>
								<Keyword>Contidential</Keyword>
								<Keyword>EIDI-V</Keyword>
								<Keyword>EIectr0nic</Keyword>
								<Keyword>I.JDigitaI</Keyword>
								<Keyword>KZIDriverIess</Keyword>
								<Keyword>P0stZertiEkat</Keyword>
								<Keyword>Sewices</Keyword>
								<Keyword>SwissSign</Keyword>
								<Keyword>SwissSigner</Keyword>
								<Keyword>SwissStick</Keyword>
								<Keyword>ZertES</Keyword>
								<Keyword>cenmcates</Keyword>
								<Keyword>certihcates</Keyword>
								<Keyword>lncaMai</Keyword>
							</KeywordAnnotation>
						</TextAnnotation>
						<TextAnnotation confidence="0.0" relevance="0.0"
							xml:lang="en">
							<KeywordAnnotation>
								<Keyword>A</Keyword>
							</KeywordAnnotation>
						</TextAnnotation>
					</AudioVisualSegment>
					<AudioVisualSegment id="track-0.segment-5">
						<mediaTime>
							<mediaRelTimePoint>T00:04:16:0F1000</mediaRelTimePoint>
							<mediaDuration>PT12S0N1000F</mediaDuration>
						</mediaTime>
						<TextAnnotation confidence="0.5" relevance="0.6"
							xml:lang="en">
							<KeywordAnnotation>
								<Keyword>many</Keyword>
							</KeywordAnnotation>
						</TextAnnotation>
						<TextAnnotation confidence="0.5" relevance="0.4"
							xml:lang="en">
							<KeywordAnnotation>
								<Keyword>Characteristics</Keyword>
								<Keyword>Introduction</Keyword>
								<Keyword>Quick</Keyword>
								<Keyword>certificate</Keyword>
							</KeywordAnnotation>
						</TextAnnotation>
						<TextAnnotation confidence="0.5" relevance="0.0"
							xml:lang="en">
							<KeywordAnnotation>
								<Keyword>CA</Keyword>
								<Keyword>to</Keyword>
							</KeywordAnnotation>
						</TextAnnotation>
						<TextAnnotation confidence="0.0" relevance="0.6"
							xml:lang="en">
							<KeywordAnnotation>
								<Keyword>nmmy</Keyword>
							</KeywordAnnotation>
						</TextAnnotation>
						<TextAnnotation confidence="0.0" relevance="0.4"
							xml:lang="en">
							<KeywordAnnotation>
								<Keyword>hierarchies</Keyword>
							</KeywordAnnotation>
						</TextAnnotation>
						<TextAnnotation confidence="0.0" relevance="0.0"
							xml:lang="en">
							<KeywordAnnotation>
								<Keyword>A</Keyword>
								<Keyword>H</Keyword>
								<Keyword>I</Keyword>
								<Keyword>X</Keyword>
								<Keyword>a</Keyword>
								<Keyword>f</Keyword>
								<Keyword>m</Keyword>
							</KeywordAnnotation>
						</TextAnnotation>
					</AudioVisualSegment>
					<AudioVisualSegment id="track-0.segment-6">
						<mediaTime>
							<mediaRelTimePoint>T00:04:28:0F1000</mediaRelTimePoint>
							<mediaDuration>PT01M31S0N1000F</mediaDuration>
						</mediaTime>
						<TextAnnotation confidence="0.5" relevance="0.5"
							xml:lang="en">
							<KeywordAnnotation>
								<Keyword>swiss</Keyword>
							</KeywordAnnotation>
						</TextAnnotation>
						<TextAnnotation confidence="0.5" relevance="0.4"
							xml:lang="en">
							<KeywordAnnotation>
								<Keyword>Box</Keyword>
								<Keyword>Post</Keyword>
								<Keyword>Products</Keyword>
								<Keyword>SSL</Keyword>
								<Keyword>Services</Keyword>
								<Keyword>and</Keyword>
								<Keyword>applications</Keyword>
								<Keyword>authentication</Keyword>
								<Keyword>delivery</Keyword>
								<Keyword>documents</Keyword>
								<Keyword>for</Keyword>
								<Keyword>hardware</Keyword>
								<Keyword>kat</Keyword>
								<Keyword>mail</Keyword>
								<Keyword>message</Keyword>
								<Keyword>physical</Keyword>
								<Keyword>signature</Keyword>
								<Keyword>transport</Keyword>
							</KeywordAnnotation>
						</TextAnnotation>
						<TextAnnotation confidence="0.5" relevance="0.3"
							xml:lang="en">
							<KeywordAnnotation>
								<Keyword>Personal</Keyword>
							</KeywordAnnotation>
						</TextAnnotation>
						<TextAnnotation confidence="0.5" relevance="0.0"
							xml:lang="en">
							<KeywordAnnotation>
								<Keyword>cf</Keyword>
								<Keyword>on</Keyword>
							</KeywordAnnotation>
						</TextAnnotation>
						<TextAnnotation confidence="0.0" relevance="0.5"
							xml:lang="en">
							<KeywordAnnotation>
								<Keyword>srgn</Keyword>
							</KeywordAnnotation>
						</TextAnnotation>
						<TextAnnotation confidence="0.0" relevance="0.4"
							xml:lang="en">
							<KeywordAnnotation>
								<Keyword>Certiticate</Keyword>
								<Keyword>Confidential</Keyword>
								<Keyword>EIDI-V</Keyword>
								<Keyword>EIectr0nic</Keyword>
								<Keyword>JDigitaI</Keyword>
								<Keyword>KXIDriverIess</Keyword>
								<Keyword>P0stZertih</Keyword>
								<Keyword>PDFIA</Keyword>
								<Keyword>SwissSign</Keyword>
								<Keyword>SwissSigner</Keyword>
								<Keyword>SwissStick</Keyword>
								<Keyword>ZertES</Keyword>
								<Keyword>certiticates</Keyword>
								<Keyword>cmmcates</Keyword>
								<Keyword>gswiss</Keyword>
								<Keyword>lncaMai</Keyword>
								<Keyword>plattfcmm</Keyword>
							</KeywordAnnotation>
						</TextAnnotation>
						<TextAnnotation confidence="0.0" relevance="0.0"
							xml:lang="en">
							<KeywordAnnotation>
								<Keyword>J</Keyword>
							</KeywordAnnotation>
						</TextAnnotation>
					</AudioVisualSegment>
					<AudioVisualSegment id="track-0.segment-7">
						<mediaTime>
							<mediaRelTimePoint>T00:05:59:0F1000</mediaRelTimePoint>
							<mediaDuration>PT13S0N1000F</mediaDuration>
						</mediaTime>
						<TextAnnotation confidence="0.5" relevance="0.6"
							xml:lang="en">
							<KeywordAnnotation>
								<Keyword>swiss</Keyword>
								<Keyword>www</Keyword>
							</KeywordAnnotation>
						</TextAnnotation>
						<TextAnnotation confidence="0.5" relevance="0.4"
							xml:lang="en">
							<KeywordAnnotation>
								<Keyword>Characteristics</Keyword>
								<Keyword>Introduction</Keyword>
								<Keyword>Quick</Keyword>
							</KeywordAnnotation>
						</TextAnnotation>
						<TextAnnotation confidence="0.5" relevance="0.0"
							xml:lang="en">
							<KeywordAnnotation>
								<Keyword>CA</Keyword>
								<Keyword>of</Keyword>
								<Keyword>to</Keyword>
							</KeywordAnnotation>
						</TextAnnotation>
						<TextAnnotation confidence="0.0" relevance="0.6"
							xml:lang="en">
							<KeywordAnnotation>
								<Keyword>Slgfl</Keyword>
								<Keyword>nmmy</Keyword>
								<Keyword>qmm</Keyword>
							</KeywordAnnotation>
						</TextAnnotation>
						<TextAnnotation confidence="0.0" relevance="0.4"
							xml:lang="en">
							<KeywordAnnotation>
								<Keyword>X.5O</Keyword>
								<Keyword>certihcate</Keyword>
								<Keyword>hierarchies</Keyword>
							</KeywordAnnotation>
						</TextAnnotation>
						<TextAnnotation confidence="0.0" relevance="0.0"
							xml:lang="en">
							<KeywordAnnotation>
								<Keyword>A</Keyword>
								<Keyword>L</Keyword>
								<Keyword>a</Keyword>
							</KeywordAnnotation>
						</TextAnnotation>
					</AudioVisualSegment>
					<AudioVisualSegment id="track-0.segment-8">
						<mediaTime>
							<mediaRelTimePoint>T00:06:12:0F1000</mediaRelTimePoint>
							<mediaDuration>PT02M21S0N1000F</mediaDuration>
						</mediaTime>
						<TextAnnotation confidence="0.5" relevance="0.5"
							xml:lang="en">
							<KeywordAnnotation>
								<Keyword>swiss</Keyword>
							</KeywordAnnotation>
						</TextAnnotation>
						<TextAnnotation confidence="0.5" relevance="0.4"
							xml:lang="en">
							<KeywordAnnotation>
								<Keyword>Certificate</Keyword>
								<Keyword>Fields</Keyword>
								<Keyword>Information</Keyword>
								<Keyword>Issued</Keyword>
								<Keyword>Purpose</Keyword>
								<Keyword>Secure</Keyword>
								<Keyword>Valid</Keyword>
								<Keyword>container</Keyword>
								<Keyword>for</Keyword>
								<Keyword>key</Keyword>
								<Keyword>limited</Keyword>
								<Keyword>party</Keyword>
								<Keyword>public</Keyword>
								<Keyword>purpose</Keyword>
								<Keyword>subscriber</Keyword>
								<Keyword>third</Keyword>
								<Keyword>time</Keyword>
								<Keyword>trusted</Keyword>
							</KeywordAnnotation>
						</TextAnnotation>
						<TextAnnotation confidence="0.5" relevance="0.0"
							xml:lang="en">
							<KeywordAnnotation>
								<Keyword>by</Keyword>
								<Keyword>of</Keyword>
								<Keyword>to</Keyword>
							</KeywordAnnotation>
						</TextAnnotation>
						<TextAnnotation confidence="0.0" relevance="0.5"
							xml:lang="en">
							<KeywordAnnotation>
								<Keyword>sngn</Keyword>
							</KeywordAnnotation>
						</TextAnnotation>
						<TextAnnotation confidence="0.0" relevance="0.4"
							xml:lang="en">
							<KeywordAnnotation>
								<Keyword>Usable</Keyword>
							</KeywordAnnotation>
						</TextAnnotation>
						<TextAnnotation confidence="0.0" relevance="0.0"
							xml:lang="en">
							<KeywordAnnotation>
								<Keyword>a</Keyword>
								<Keyword>w</Keyword>
							</KeywordAnnotation>
						</TextAnnotation>
					</AudioVisualSegment>
					<AudioVisualSegment id="track-0.segment-9">
						<mediaTime>
							<mediaRelTimePoint>T00:08:33:0F1000</mediaRelTimePoint>
							<mediaDuration>PT22S0N1000F</mediaDuration>
						</mediaTime>
						<TextAnnotation confidence="0.5" relevance="0.5"
							xml:lang="de">
							<KeywordAnnotation>
								<Keyword>Structure</Keyword>
							</KeywordAnnotation>
						</TextAnnotation>
						<TextAnnotation confidence="0.5" relevance="0.4"
							xml:lang="de">
							<KeywordAnnotation>
								<Keyword>Rom</Keyword>
							</KeywordAnnotation>
						</TextAnnotation>
						<TextAnnotation confidence="0.5" relevance="0.0"
							xml:lang="de">
							<KeywordAnnotation>
								<Keyword>CA</Keyword>
								<Keyword>mm</Keyword>
								<Keyword>my</Keyword>
								<Keyword>of</Keyword>
							</KeywordAnnotation>
						</TextAnnotation>
						<TextAnnotation confidence="0.0" relevance="0.5"
							xml:lang="de">
							<KeywordAnnotation>
								<Keyword>PKI</Keyword>
							</KeywordAnnotation>
						</TextAnnotation>
						<TextAnnotation confidence="0.0" relevance="0.4"
							xml:lang="de">
							<KeywordAnnotation>
								<Keyword>Certihcates</Keyword>
								<Keyword>Issuing</Keyword>
							</KeywordAnnotation>
						</TextAnnotation>
						<TextAnnotation confidence="0.0" relevance="0.0"
							xml:lang="de">
							<KeywordAnnotation>
								<Keyword>A</Keyword>
								<Keyword>G</Keyword>
								<Keyword>I</Keyword>
								<Keyword>a</Keyword>
								<Keyword>d</Keyword>
								<Keyword>m</Keyword>
								<Keyword>w</Keyword>
							</KeywordAnnotation>
						</TextAnnotation>
					</AudioVisualSegment>
					<AudioVisualSegment id="track-0.segment-10">
						<mediaTime>
							<mediaRelTimePoint>T00:08:55:0F1000</mediaRelTimePoint>
							<mediaDuration>PT27S0N1000F</mediaDuration>
						</mediaTime>
						<TextAnnotation confidence="0.5" relevance="0.7"
							xml:lang="en">
							<KeywordAnnotation>
								<Keyword>rcA</Keyword>
							</KeywordAnnotation>
						</TextAnnotation>
						<TextAnnotation confidence="0.5" relevance="0.4"
							xml:lang="en">
							<KeywordAnnotation>
								<Keyword>Structure</Keyword>
							</KeywordAnnotation>
						</TextAnnotation>
						<TextAnnotation confidence="0.5" relevance="0.0"
							xml:lang="en">
							<KeywordAnnotation>
								<Keyword>CA</Keyword>
								<Keyword>my</Keyword>
								<Keyword>of</Keyword>
							</KeywordAnnotation>
						</TextAnnotation>
						<TextAnnotation confidence="0.0" relevance="0.6"
							xml:lang="en">
							<KeywordAnnotation>
								<Keyword>PKI</Keyword>
								<Keyword>tructure</Keyword>
							</KeywordAnnotation>
						</TextAnnotation>
						<TextAnnotation confidence="0.0" relevance="0.5"
							xml:lang="en">
							<KeywordAnnotation>
								<Keyword>Issuing</Keyword>
								<Keyword>m.m</Keyword>
							</KeywordAnnotation>
						</TextAnnotation>
						<TextAnnotation confidence="0.0" relevance="0.4"
							xml:lang="en">
							<KeywordAnnotation>
								<Keyword>Certificates</Keyword>
								<Keyword>PKI</Keyword>
							</KeywordAnnotation>
						</TextAnnotation>
						<TextAnnotation confidence="0.0" relevance="0.0"
							xml:lang="en">
							<KeywordAnnotation>
								<Keyword>I</Keyword>
								<Keyword>R</Keyword>
								<Keyword>a</Keyword>
								<Keyword>y</Keyword>
							</KeywordAnnotation>
						</TextAnnotation>
					</AudioVisualSegment>
					<AudioVisualSegment id="track-0.segment-11">
						<mediaTime>
							<mediaRelTimePoint>T00:09:22:0F1000</mediaRelTimePoint>
							<mediaDuration>PT01M03S0N1000F</mediaDuration>
						</mediaTime>
						<TextAnnotation confidence="0.5" relevance="0.4"
							xml:lang="en">
							<KeywordAnnotation>
								<Keyword>Inadequate</Keyword>
								<Keyword>Incorrect</Keyword>
								<Keyword>Issues</Keyword>
								<Keyword>Loss</Keyword>
								<Keyword>Path</Keyword>
								<Keyword>Technical</Keyword>
								<Keyword>key</Keyword>
								<Keyword>keys</Keyword>
								<Keyword>private</Keyword>
								<Keyword>rfc</Keyword>
								<Keyword>sizes</Keyword>
								<Keyword>status</Keyword>
								<Keyword>theft</Keyword>
								<Keyword>validation</Keyword>
							</KeywordAnnotation>
						</TextAnnotation>
						<TextAnnotation confidence="0.5" relevance="0.0"
							xml:lang="en">
							<KeywordAnnotation>
								<Keyword>of</Keyword>
								<Keyword>or</Keyword>
							</KeywordAnnotation>
						</TextAnnotation>
						<TextAnnotation confidence="0.0" relevance="0.6"
							xml:lang="en">
							<KeywordAnnotation>
								<Keyword>m.m</Keyword>
							</KeywordAnnotation>
						</TextAnnotation>
						<TextAnnotation confidence="0.0" relevance="0.4"
							xml:lang="en">
							<KeywordAnnotation>
								<Keyword>alcgorithms</Keyword>
								<Keyword>verification</Keyword>
								<Keyword>verihcation</Keyword>
							</KeywordAnnotation>
						</TextAnnotation>
						<TextAnnotation confidence="0.0" relevance="0.3"
							xml:lang="en">
							<KeywordAnnotation>
								<Keyword>Revocation</Keyword>
							</KeywordAnnotation>
						</TextAnnotation>
						<TextAnnotation confidence="0.0" relevance="0.0"
							xml:lang="en">
							<KeywordAnnotation>
								<Keyword>I</Keyword>
								<Keyword>m</Keyword>
								<Keyword>x</Keyword>
							</KeywordAnnotation>
						</TextAnnotation>
					</AudioVisualSegment>
					<AudioVisualSegment id="track-0.segment-12">
						<mediaTime>
							<mediaRelTimePoint>T00:10:25:0F1000</mediaRelTimePoint>
							<mediaDuration>PT01M23S0N1000F</mediaDuration>
						</mediaTime>
						<TextAnnotation confidence="0.5" relevance="0.5"
							xml:lang="en">
							<KeywordAnnotation>
								<Keyword>Affected</Keyword>
								<Keyword>Customers</Keyword>
								<Keyword>Result</Keyword>
								<Keyword>about</Keyword>
								<Keyword>and</Keyword>
								<Keyword>are</Keyword>
								<Keyword>bad</Keyword>
								<Keyword>being</Keyword>
								<Keyword>change</Keyword>
								<Keyword>customer</Keyword>
								<Keyword>have</Keyword>
								<Keyword>keys</Keyword>
								<Keyword>slow</Keyword>
								<Keyword>still</Keyword>
								<Keyword>their</Keyword>
								<Keyword>today</Keyword>
								<Keyword>used</Keyword>
							</KeywordAnnotation>
						</TextAnnotation>
						<TextAnnotation confidence="0.5" relevance="0.4"
							xml:lang="en">
							<KeywordAnnotation>
								<Keyword>COd</Keyword>
								<Keyword>Code</Keyword>
								<Keyword>can</Keyword>
								<Keyword>entropy</Keyword>
								<Keyword>for</Keyword>
								<Keyword>fully</Keyword>
								<Keyword>generated</Keyword>
								<Keyword>numbers</Keyword>
								<Keyword>pseudo</Keyword>
								<Keyword>random</Keyword>
								<Keyword>vulnerability</Keyword>
							</KeywordAnnotation>
						</TextAnnotation>
						<TextAnnotation confidence="0.5" relevance="0.3"
							xml:lang="en">
							<KeywordAnnotation>
								<Keyword>calculated</Keyword>
							</KeywordAnnotation>
						</TextAnnotation>
						<TextAnnotation confidence="0.5" relevance="0.0"
							xml:lang="en">
							<KeywordAnnotation>
								<Keyword>No</Keyword>
								<Keyword>Si</Keyword>
								<Keyword>be</Keyword>
								<Keyword>to</Keyword>
							</KeywordAnnotation>
						</TextAnnotation>
						<TextAnnotation confidence="0.0" relevance="0.5"
							xml:lang="en">
							<KeywordAnnotation>
								<Keyword>CSPs</Keyword>
								<Keyword>certificates</Keyword>
								<Keyword>informed</Keyword>
								<Keyword>svyi</Keyword>
							</KeywordAnnotation>
						</TextAnnotation>
						<TextAnnotation confidence="0.0" relevance="0.4"
							xml:lang="en">
							<KeywordAnnotation>
								<Keyword>ITlOV</Keyword>
								<Keyword>Openssl</Keyword>
								<Keyword>PRNG</Keyword>
								<Keyword>RNG</Keyword>
								<Keyword>UTIUSGG</Keyword>
								<Keyword>optimizier</Keyword>
								<Keyword>primes</Keyword>
							</KeywordAnnotation>
						</TextAnnotation>
						<TextAnnotation confidence="0.0" relevance="0.0"
							xml:lang="en">
							<KeywordAnnotation>
								<Keyword>I</Keyword>
								<Keyword>M</Keyword>
								<Keyword>h</Keyword>
								<Keyword>s</Keyword>
							</KeywordAnnotation>
						</TextAnnotation>
					</AudioVisualSegment>
					<AudioVisualSegment id="track-0.segment-13">
						<mediaTime>
							<mediaRelTimePoint>T00:11:48:0F1000</mediaRelTimePoint>
							<mediaDuration>PT31S0N1000F</mediaDuration>
						</mediaTime>
						<TextAnnotation confidence="0.5" relevance="0.5"
							xml:lang="en">
							<KeywordAnnotation>
								<Keyword>swiss</Keyword>
							</KeywordAnnotation>
						</TextAnnotation>
						<TextAnnotation confidence="0.5" relevance="0.4"
							xml:lang="en">
							<KeywordAnnotation>
								<Keyword>Certificate</Keyword>
								<Keyword>Issuance</Keyword>
								<Keyword>Process</Keyword>
								<Keyword>Processes</Keyword>
								<Keyword>Roles</Keyword>
							</KeywordAnnotation>
						</TextAnnotation>
						<TextAnnotation confidence="0.5" relevance="0.3"
							xml:lang="en">
							<KeywordAnnotation>
								<Keyword>Dissemination</Keyword>
								<Keyword>Information</Keyword>
							</KeywordAnnotation>
						</TextAnnotation>
						<TextAnnotation confidence="0.5" relevance="0.0"
							xml:lang="en">
							<KeywordAnnotation>
								<Keyword>in</Keyword>
								<Keyword>of</Keyword>
							</KeywordAnnotation>
						</TextAnnotation>
						<TextAnnotation confidence="0.0" relevance="0.5"
							xml:lang="en">
							<KeywordAnnotation>
								<Keyword>sngn</Keyword>
							</KeywordAnnotation>
						</TextAnnotation>
						<TextAnnotation confidence="0.0" relevance="0.4"
							xml:lang="en">
							<KeywordAnnotation>
								<Keyword>CSP</Keyword>
								<Keyword>PKI</Keyword>
								<Keyword>Revocation</Keyword>
							</KeywordAnnotation>
						</TextAnnotation>
						<TextAnnotation confidence="0.0" relevance="0.0"
							xml:lang="en">
							<KeywordAnnotation>
								<Keyword>a</Keyword>
							</KeywordAnnotation>
						</TextAnnotation>
					</AudioVisualSegment>
					<AudioVisualSegment id="track-0.segment-14">
						<mediaTime>
							<mediaRelTimePoint>T00:12:19:0F1000</mediaRelTimePoint>
							<mediaDuration>PT14S0N1000F</mediaDuration>
						</mediaTime>
						<TextAnnotation confidence="0.5" relevance="0.5"
							xml:lang="en">
							<KeywordAnnotation>
								<Keyword>swiss</Keyword>
							</KeywordAnnotation>
						</TextAnnotation>
						<TextAnnotation confidence="0.5" relevance="0.4"
							xml:lang="en">
							<KeywordAnnotation>
								<Keyword>IAu</Keyword>
								<Keyword>Relying</Keyword>
								<Keyword>Roles</Keyword>
							</KeywordAnnotation>
						</TextAnnotation>
						<TextAnnotation confidence="0.5" relevance="0.3"
							xml:lang="en">
							<KeywordAnnotation>
								<Keyword>Receives</Keyword>
								<Keyword>cel</Keyword>
								<Keyword>necessary</Keyword>
								<Keyword>the</Keyword>
							</KeywordAnnotation>
						</TextAnnotation>
						<TextAnnotation confidence="0.5" relevance="0.0"
							xml:lang="en">
							<KeywordAnnotation>
								<Keyword>am</Keyword>
								<Keyword>an</Keyword>
								<Keyword>au</Keyword>
								<Keyword>hg</Keyword>
								<Keyword>il</Keyword>
								<Keyword>in</Keyword>
								<Keyword>my</Keyword>
							</KeywordAnnotation>
						</TextAnnotation>
						<TextAnnotation confidence="0.0" relevance="0.5"
							xml:lang="en">
							<KeywordAnnotation>
								<Keyword>pany</Keyword>
								<Keyword>sngn</Keyword>
							</KeywordAnnotation>
						</TextAnnotation>
						<TextAnnotation confidence="0.0" relevance="0.4"
							xml:lang="en">
							<KeywordAnnotation>
								<Keyword>Authorrty</Keyword>
								<Keyword>Iggrstratron</Keyword>
								<Keyword>PKI</Keyword>
								<Keyword>adthcrization</Keyword>
							</KeywordAnnotation>
						</TextAnnotation>
						<TextAnnotation confidence="0.0" relevance="0.3"
							xml:lang="en">
							<KeywordAnnotation>
								<Keyword>-supp</Keyword>
								<Keyword>Obiains</Keyword>
								<Keyword>Requesis</Keyword>
								<Keyword>certihcate</Keyword>
								<Keyword>certmcate</Keyword>
								<Keyword>tIfIC3tI0I</Keyword>
							</KeywordAnnotation>
						</TextAnnotation>
						<TextAnnotation confidence="0.0" relevance="0.2"
							xml:lang="en">
							<KeywordAnnotation>
								<Keyword>Rgquester</Keyword>
								<Keyword>lsubscriber</Keyword>
							</KeywordAnnotation>
						</TextAnnotation>
						<TextAnnotation confidence="0.0" relevance="0.0"
							xml:lang="en">
							<KeywordAnnotation>
								<Keyword>-</Keyword>
								<Keyword>Q</Keyword>
								<Keyword>a</Keyword>
								<Keyword>e</Keyword>
								<Keyword>j</Keyword>
								<Keyword>n</Keyword>
								<Keyword>y</Keyword>
							</KeywordAnnotation>
						</TextAnnotation>
					</AudioVisualSegment>
					<AudioVisualSegment id="track-0.segment-15">
						<mediaTime>
							<mediaRelTimePoint>T00:12:33:0F1000</mediaRelTimePoint>
							<mediaDuration>PT16S0N1000F</mediaDuration>
						</mediaTime>
						<TextAnnotation confidence="0.5" relevance="0.5"
							xml:lang="en">
							<KeywordAnnotation>
								<Keyword>swiss</Keyword>
							</KeywordAnnotation>
						</TextAnnotation>
						<TextAnnotation confidence="0.5" relevance="0.4"
							xml:lang="en">
							<KeywordAnnotation>
								<Keyword>Relying</Keyword>
								<Keyword>Roles</Keyword>
							</KeywordAnnotation>
						</TextAnnotation>
						<TextAnnotation confidence="0.5" relevance="0.3"
							xml:lang="en">
							<KeywordAnnotation>
								<Keyword>documentation</Keyword>
								<Keyword>gut</Keyword>
								<Keyword>the</Keyword>
							</KeywordAnnotation>
						</TextAnnotation>
						<TextAnnotation confidence="0.5" relevance="0.0"
							xml:lang="en">
							<KeywordAnnotation>
								<Keyword>cc</Keyword>
								<Keyword>gl</Keyword>
								<Keyword>il</Keyword>
								<Keyword>in</Keyword>
							</KeywordAnnotation>
						</TextAnnotation>
						<TextAnnotation confidence="0.0" relevance="0.6"
							xml:lang="en">
							<KeywordAnnotation>
								<Keyword>pany</Keyword>
							</KeywordAnnotation>
						</TextAnnotation>
						<TextAnnotation confidence="0.0" relevance="0.5"
							xml:lang="en">
							<KeywordAnnotation>
								<Keyword>Pany</Keyword>
								<Keyword>Requester</Keyword>
								<Keyword>srgn</Keyword>
							</KeywordAnnotation>
						</TextAnnotation>
						<TextAnnotation confidence="0.0" relevance="0.4"
							xml:lang="en">
							<KeywordAnnotation>
								<Keyword>PKI</Keyword>
								<Keyword>Yh0FWV</Keyword>
							</KeywordAnnotation>
						</TextAnnotation>
						<TextAnnotation confidence="0.0" relevance="0.3"
							xml:lang="en">
							<KeywordAnnotation>
								<Keyword>-Archives</Keyword>
								<Keyword>-Enos</Keyword>
								<Keyword>Aumuuy</Keyword>
								<Keyword>Regasxmum</Keyword>
								<Keyword>authorizaiion</Keyword>
								<Keyword>rihes</Keyword>
								<Keyword>sL.E,QL</Keyword>
							</KeywordAnnotation>
						</TextAnnotation>
						<TextAnnotation confidence="0.0" relevance="0.0"
							xml:lang="en">
							<KeywordAnnotation>
								<Keyword>-</Keyword>
								<Keyword>A</Keyword>
								<Keyword>D</Keyword>
								<Keyword>E</Keyword>
								<Keyword>I</Keyword>
								<Keyword>Q</Keyword>
								<Keyword>V</Keyword>
								<Keyword>W</Keyword>
								<Keyword>a</Keyword>
								<Keyword>f</Keyword>
							</KeywordAnnotation>
						</TextAnnotation>
					</AudioVisualSegment>
					<AudioVisualSegment id="track-0.segment-16">
						<mediaTime>
							<mediaRelTimePoint>T00:12:49:0F1000</mediaRelTimePoint>
							<mediaDuration>PT12S0N1000F</mediaDuration>
						</mediaTime>
						<TextAnnotation confidence="0.5" relevance="0.5"
							xml:lang="en">
							<KeywordAnnotation>
								<Keyword>swiss</Keyword>
							</KeywordAnnotation>
						</TextAnnotation>
						<TextAnnotation confidence="0.5" relevance="0.4"
							xml:lang="en">
							<KeywordAnnotation>
								<Keyword>Relying</Keyword>
								<Keyword>Roles</Keyword>
								<Keyword>Subscriber</Keyword>
							</KeywordAnnotation>
						</TextAnnotation>
						<TextAnnotation confidence="0.5" relevance="0.3"
							xml:lang="en">
							<KeywordAnnotation>
								<Keyword>Authority</Keyword>
							</KeywordAnnotation>
						</TextAnnotation>
						<TextAnnotation confidence="0.5" relevance="0.0"
							xml:lang="en">
							<KeywordAnnotation>
								<Keyword>Mm</Keyword>
								<Keyword>in</Keyword>
							</KeywordAnnotation>
						</TextAnnotation>
						<TextAnnotation confidence="0.0" relevance="0.5"
							xml:lang="en">
							<KeywordAnnotation>
								<Keyword>pany</Keyword>
								<Keyword>sngn</Keyword>
							</KeywordAnnotation>
						</TextAnnotation>
						<TextAnnotation confidence="0.0" relevance="0.4"
							xml:lang="en">
							<KeywordAnnotation>
								<Keyword>Ceriivicuuun</Keyword>
								<Keyword>PKI</Keyword>
								<Keyword>rFm</Keyword>
								<Keyword>wry</Keyword>
							</KeywordAnnotation>
						</TextAnnotation>
						<TextAnnotation confidence="0.0" relevance="0.0"
							xml:lang="en">
							<KeywordAnnotation>
								<Keyword>-</Keyword>
								<Keyword>I</Keyword>
								<Keyword>K-</Keyword>
								<Keyword>M</Keyword>
								<Keyword>Q</Keyword>
								<Keyword>R</Keyword>
								<Keyword>V</Keyword>
								<Keyword>W</Keyword>
								<Keyword>a</Keyword>
								<Keyword>i</Keyword>
								<Keyword>m</Keyword>
								<Keyword>n</Keyword>
								<Keyword>r</Keyword>
								<Keyword>s</Keyword>
								<Keyword>t</Keyword>
							</KeywordAnnotation>
						</TextAnnotation>
					</AudioVisualSegment>
					<AudioVisualSegment id="track-0.segment-17">
						<mediaTime>
							<mediaRelTimePoint>T00:13:01:0F1000</mediaRelTimePoint>
							<mediaDuration>PT51S0N1000F</mediaDuration>
						</mediaTime>
						<TextAnnotation confidence="0.5" relevance="0.5"
							xml:lang="en">
							<KeywordAnnotation>
								<Keyword>swiss</Keyword>
							</KeywordAnnotation>
						</TextAnnotation>
						<TextAnnotation confidence="0.5" relevance="0.4"
							xml:lang="en">
							<KeywordAnnotation>
								<Keyword>Certification</Keyword>
								<Keyword>Registration</Keyword>
								<Keyword>Roles</Keyword>
							</KeywordAnnotation>
						</TextAnnotation>
						<TextAnnotation confidence="0.5" relevance="0.3"
							xml:lang="en">
							<KeywordAnnotation>
								<Keyword>Authority</Keyword>
							</KeywordAnnotation>
						</TextAnnotation>
						<TextAnnotation confidence="0.5" relevance="0.0"
							xml:lang="en">
							<KeywordAnnotation>
								<Keyword>AU</Keyword>
								<Keyword>in</Keyword>
							</KeywordAnnotation>
						</TextAnnotation>
						<TextAnnotation confidence="0.0" relevance="0.5"
							xml:lang="en">
							<KeywordAnnotation>
								<Keyword>srgn</Keyword>
							</KeywordAnnotation>
						</TextAnnotation>
						<TextAnnotation confidence="0.0" relevance="0.4"
							xml:lang="en">
							<KeywordAnnotation>
								<Keyword>-Hasn</Keyword>
								<Keyword>Communwates</Keyword>
								<Keyword>PKI</Keyword>
								<Keyword>Sgtisi</Keyword>
								<Keyword>cIvMRAorCA</Keyword>
								<Keyword>suhsorter</Keyword>
								<Keyword>suuscnner</Keyword>
								<Keyword>wnh</Keyword>
							</KeywordAnnotation>
						</TextAnnotation>
						<TextAnnotation confidence="0.0" relevance="0.0"
							xml:lang="en">
							<KeywordAnnotation>
								<Keyword>-</Keyword>
								<Keyword>D</Keyword>
								<Keyword>L</Keyword>
								<Keyword>Q</Keyword>
								<Keyword>R</Keyword>
								<Keyword>V</Keyword>
								<Keyword>a</Keyword>
								<Keyword>e</Keyword>
								<Keyword>h</Keyword>
								<Keyword>j</Keyword>
								<Keyword>n</Keyword>
								<Keyword>o</Keyword>
								<Keyword>v</Keyword>
							</KeywordAnnotation>
						</TextAnnotation>
					</AudioVisualSegment>
					<AudioVisualSegment id="track-0.segment-18">
						<mediaTime>
							<mediaRelTimePoint>T00:13:52:0F1000</mediaRelTimePoint>
							<mediaDuration>PT45S0N1000F</mediaDuration>
						</mediaTime>
						<TextAnnotation confidence="0.5" relevance="0.5"
							xml:lang="en">
							<KeywordAnnotation>
								<Keyword>swiss</Keyword>
							</KeywordAnnotation>
						</TextAnnotation>
						<TextAnnotation confidence="0.5" relevance="0.4"
							xml:lang="en">
							<KeywordAnnotation>
								<Keyword>Certificate</Keyword>
								<Keyword>Issuance</Keyword>
								<Keyword>Issues</Keyword>
								<Keyword>Supplies</Keyword>
								<Keyword>information</Keyword>
							</KeywordAnnotation>
						</TextAnnotation>
						<TextAnnotation confidence="0.5" relevance="0.3"
							xml:lang="en">
							<KeywordAnnotation>
								<Keyword>Requests</Keyword>
								<Keyword>Subscriber</Keyword>
								<Keyword>information</Keyword>
							</KeywordAnnotation>
						</TextAnnotation>
						<TextAnnotation confidence="0.5" relevance="0.0"
							xml:lang="en">
							<KeywordAnnotation>
								<Keyword>CA</Keyword>
								<Keyword>RA</Keyword>
								<Keyword>of</Keyword>
							</KeywordAnnotation>
						</TextAnnotation>
						<TextAnnotation confidence="0.0" relevance="0.5"
							xml:lang="en">
							<KeywordAnnotation>
								<Keyword>srgn</Keyword>
							</KeywordAnnotation>
						</TextAnnotation>
						<TextAnnotation confidence="0.0" relevance="0.4"
							xml:lang="en">
							<KeywordAnnotation>
								<Keyword>Requester</Keyword>
								<Keyword>cenihcate</Keyword>
								<Keyword>certihcate</Keyword>
							</KeywordAnnotation>
						</TextAnnotation>
						<TextAnnotation confidence="0.0" relevance="0.3"
							xml:lang="en">
							<KeywordAnnotation>
								<Keyword>ADDYOVSS</Keyword>
								<Keyword>Distributes</Keyword>
								<Keyword>Installs</Keyword>
								<Keyword>Providasauthorization</Keyword>
								<Keyword>TGQUEST</Keyword>
								<Keyword>Verihes</Keyword>
								<Keyword>Verities</Keyword>
								<Keyword>authorization</Keyword>
								<Keyword>certiticatc</Keyword>
								<Keyword>certlhcate</Keyword>
							</KeywordAnnotation>
						</TextAnnotation>
						<TextAnnotation confidence="0.0" relevance="0.0"
							xml:lang="en">
							<KeywordAnnotation>
								<Keyword>a</Keyword>
								<Keyword>r</Keyword>
							</KeywordAnnotation>
						</TextAnnotation>
					</AudioVisualSegment>
					<AudioVisualSegment id="track-0.segment-19">
						<mediaTime>
							<mediaRelTimePoint>T00:14:37:0F1000</mediaRelTimePoint>
							<mediaDuration>PT01M33S0N1000F</mediaDuration>
						</mediaTime>
						<TextAnnotation confidence="0.5" relevance="0.5"
							xml:lang="en">
							<KeywordAnnotation>
								<Keyword>swiss</Keyword>
							</KeywordAnnotation>
						</TextAnnotation>
						<TextAnnotation confidence="0.5" relevance="0.4"
							xml:lang="en">
							<KeywordAnnotation>
								<Keyword>Considerations</Keyword>
								<Keyword>Identity</Keyword>
								<Keyword>Process</Keyword>
								<Keyword>Security</Keyword>
								<Keyword>certificate</Keyword>
								<Keyword>data</Keyword>
								<Keyword>domain</Keyword>
								<Keyword>individual</Keyword>
								<Keyword>manages</Keyword>
								<Keyword>names</Keyword>
								<Keyword>organization</Keyword>
								<Keyword>quality</Keyword>
								<Keyword>risks</Keyword>
								<Keyword>the</Keyword>
								<Keyword>use</Keyword>
							</KeywordAnnotation>
						</TextAnnotation>
						<TextAnnotation confidence="0.5" relevance="0.0"
							xml:lang="en">
							<KeywordAnnotation>
								<Keyword>in</Keyword>
								<Keyword>of</Keyword>
							</KeywordAnnotation>
						</TextAnnotation>
						<TextAnnotation confidence="0.0" relevance="0.5"
							xml:lang="en">
							<KeywordAnnotation>
								<Keyword>sngn</Keyword>
							</KeywordAnnotation>
						</TextAnnotation>
						<TextAnnotation confidence="0.0" relevance="0.4"
							xml:lang="en">
							<KeywordAnnotation>
								<Keyword>Authorized</Keyword>
								<Keyword>Autorized</Keyword>
								<Keyword>Substantiate</Keyword>
							</KeywordAnnotation>
						</TextAnnotation>
					</AudioVisualSegment>
					<AudioVisualSegment id="track-0.segment-20">
						<mediaTime>
							<mediaRelTimePoint>T00:16:10:0F1000</mediaRelTimePoint>
							<mediaDuration>PT01M16S0N1000F</mediaDuration>
						</mediaTime>
						<TextAnnotation confidence="0.5" relevance="0.5"
							xml:lang="en">
							<KeywordAnnotation>
								<Keyword>swiss</Keyword>
							</KeywordAnnotation>
						</TextAnnotation>
						<TextAnnotation confidence="0.5" relevance="0.4"
							xml:lang="en">
							<KeywordAnnotation>
								<Keyword>Considerations</Keyword>
								<Keyword>Declare</Keyword>
								<Keyword>Security</Keyword>
								<Keyword>and</Keyword>
								<Keyword>any</Keyword>
								<Keyword>future</Keyword>
								<Keyword>key</Keyword>
								<Keyword>prevent</Keyword>
								<Keyword>private</Keyword>
								<Keyword>the</Keyword>
								<Keyword>use</Keyword>
							</KeywordAnnotation>
						</TextAnnotation>
						<TextAnnotation confidence="0.5" relevance="0.3"
							xml:lang="en">
							<KeywordAnnotation>
								<Keyword>Denial</Keyword>
								<Keyword>Timely</Keyword>
								<Keyword>attacks</Keyword>
								<Keyword>processing</Keyword>
								<Keyword>service</Keyword>
							</KeywordAnnotation>
						</TextAnnotation>
						<TextAnnotation confidence="0.5" relevance="0.0"
							xml:lang="en">
							<KeywordAnnotation>
								<Keyword>of</Keyword>
							</KeywordAnnotation>
						</TextAnnotation>
						<TextAnnotation confidence="0.0" relevance="0.5"
							xml:lang="en">
							<KeywordAnnotation>
								<Keyword>srgn</Keyword>
							</KeywordAnnotation>
						</TextAnnotation>
						<TextAnnotation confidence="0.0" relevance="0.4"
							xml:lang="en">
							<KeywordAnnotation>
								<Keyword>Revocation</Keyword>
								<Keyword>certihcate</Keyword>
								<Keyword>invalid</Keyword>
							</KeywordAnnotation>
						</TextAnnotation>
						<TextAnnotation confidence="0.0" relevance="0.0"
							xml:lang="en">
							<KeywordAnnotation>
								<Keyword>a</Keyword>
							</KeywordAnnotation>
						</TextAnnotation>
					</AudioVisualSegment>
					<AudioVisualSegment id="track-0.segment-21">
						<mediaTime>
							<mediaRelTimePoint>T00:17:26:0F1000</mediaRelTimePoint>
							<mediaDuration>PT52S0N1000F</mediaDuration>
						</mediaTime>
						<TextAnnotation confidence="0.5" relevance="0.5"
							xml:lang="en">
							<KeywordAnnotation>
								<Keyword>swiss</Keyword>
							</KeywordAnnotation>
						</TextAnnotation>
						<TextAnnotation confidence="0.5" relevance="0.4"
							xml:lang="en">
							<KeywordAnnotation>
								<Keyword>Certificate</Keyword>
								<Keyword>Dissemination</Keyword>
								<Keyword>LDAP</Keyword>
								<Keyword>List</Keyword>
								<Keyword>Online</Keyword>
								<Keyword>Protocol</Keyword>
								<Keyword>Status</Keyword>
								<Keyword>and</Keyword>
								<Keyword>considerations</Keyword>
								<Keyword>information</Keyword>
							</KeywordAnnotation>
						</TextAnnotation>
						<TextAnnotation confidence="0.5" relevance="0.3"
							xml:lang="en">
							<KeywordAnnotation>
								<Keyword>Availability</Keyword>
								<Keyword>Security</Keyword>
								<Keyword>requirements</Keyword>
							</KeywordAnnotation>
						</TextAnnotation>
						<TextAnnotation confidence="0.5" relevance="0.0"
							xml:lang="en">
							<KeywordAnnotation>
								<Keyword>CP</Keyword>
								<Keyword>of</Keyword>
							</KeywordAnnotation>
						</TextAnnotation>
						<TextAnnotation confidence="0.0" relevance="0.5"
							xml:lang="en">
							<KeywordAnnotation>
								<Keyword>sngn</Keyword>
							</KeywordAnnotation>
						</TextAnnotation>
						<TextAnnotation confidence="0.0" relevance="0.4"
							xml:lang="en">
							<KeywordAnnotation>
								<Keyword>CPS</Keyword>
								<Keyword>CRL</Keyword>
								<Keyword>Certificates</Keyword>
								<Keyword>OCSP</Keyword>
								<Keyword>Revocation</Keyword>
							</KeywordAnnotation>
						</TextAnnotation>
					</AudioVisualSegment>
					<AudioVisualSegment id="track-0.segment-22">
						<mediaTime>
							<mediaRelTimePoint>T00:18:18:0F1000</mediaRelTimePoint>
							<mediaDuration>PT11S0N1000F</mediaDuration>
						</mediaTime>
						<TextAnnotation confidence="0.5" relevance="0.5"
							xml:lang="en">
							<KeywordAnnotation>
								<Keyword>swiss</Keyword>
							</KeywordAnnotation>
						</TextAnnotation>
						<TextAnnotation confidence="0.5" relevance="0.4"
							xml:lang="en">
							<KeywordAnnotation>
								<Keyword>End</Keyword>
								<Keyword>Managed</Keyword>
								<Keyword>Products</Keyword>
								<Keyword>Solutions</Keyword>
								<Keyword>User</Keyword>
							</KeywordAnnotation>
						</TextAnnotation>
						<TextAnnotation confidence="0.5" relevance="0.0"
							xml:lang="en">
							<KeywordAnnotation>
								<Keyword>of</Keyword>
							</KeywordAnnotation>
						</TextAnnotation>
						<TextAnnotation confidence="0.0" relevance="0.5"
							xml:lang="en">
							<KeywordAnnotation>
								<Keyword>srgn</Keyword>
							</KeywordAnnotation>
						</TextAnnotation>
						<TextAnnotation confidence="0.0" relevance="0.4"
							xml:lang="en">
							<KeywordAnnotation>
								<Keyword>CSP</Keyword>
								<Keyword>PKI</Keyword>
							</KeywordAnnotation>
						</TextAnnotation>
						<TextAnnotation confidence="0.0" relevance="0.0"
							xml:lang="en">
							<KeywordAnnotation>
								<Keyword>a</Keyword>
							</KeywordAnnotation>
						</TextAnnotation>
					</AudioVisualSegment>
					<AudioVisualSegment id="track-0.segment-23">
						<mediaTime>
							<mediaRelTimePoint>T00:18:29:0F1000</mediaRelTimePoint>
							<mediaDuration>PT23S0N1000F</mediaDuration>
						</mediaTime>
						<TextAnnotation confidence="0.5" relevance="0.5"
							xml:lang="de">
							<KeywordAnnotation>
								<Keyword>Swiss</Keyword>
							</KeywordAnnotation>
						</TextAnnotation>
						<TextAnnotation confidence="0.5" relevance="0.3"
							xml:lang="de">
							<KeywordAnnotation>
								<Keyword>Customer</Keyword>
							</KeywordAnnotation>
						</TextAnnotation>
						<TextAnnotation confidence="0.5" relevance="0.2"
							xml:lang="de">
							<KeywordAnnotation>
								<Keyword>Authority</Keyword>
								<Keyword>Subscriber</Keyword>
							</KeywordAnnotation>
						</TextAnnotation>
						<TextAnnotation confidence="0.5" relevance="0.0"
							xml:lang="de">
							<KeywordAnnotation>
								<Keyword>Su</Keyword>
							</KeywordAnnotation>
						</TextAnnotation>
						<TextAnnotation confidence="0.0" relevance="0.5"
							xml:lang="de">
							<KeywordAnnotation>
								<Keyword>Sigh</Keyword>
							</KeywordAnnotation>
						</TextAnnotation>
						<TextAnnotation confidence="0.0" relevance="0.4"
							xml:lang="de">
							<KeywordAnnotation>
								<Keyword>Certificates</Keyword>
								<Keyword>bscriber</Keyword>
							</KeywordAnnotation>
						</TextAnnotation>
						<TextAnnotation confidence="0.0" relevance="0.3"
							xml:lang="de">
							<KeywordAnnotation>
								<Keyword>CSP</Keyword>
								<Keyword>cenaracaeaon</Keyword>
							</KeywordAnnotation>
						</TextAnnotation>
						<TextAnnotation confidence="0.0" relevance="0.2"
							xml:lang="de">
							<KeywordAnnotation>
								<Keyword>Regasnanon</Keyword>
							</KeywordAnnotation>
						</TextAnnotation>
					</AudioVisualSegment>
					<AudioVisualSegment id="track-0.segment-24">
						<mediaTime>
							<mediaRelTimePoint>T00:18:52:0F1000</mediaRelTimePoint>
							<mediaDuration>PT01M08S0N1000F</mediaDuration>
						</mediaTime>
						<TextAnnotation confidence="0.5" relevance="0.5"
							xml:lang="en">
							<KeywordAnnotation>
								<Keyword>Swiss</Keyword>
							</KeywordAnnotation>
						</TextAnnotation>
						<TextAnnotation confidence="0.5" relevance="0.4"
							xml:lang="en">
							<KeywordAnnotation>
								<Keyword>Managed</Keyword>
								<Keyword>solutions</Keyword>
							</KeywordAnnotation>
						</TextAnnotation>
						<TextAnnotation confidence="0.5" relevance="0.3"
							xml:lang="en">
							<KeywordAnnotation>
								<Keyword>Customer</Keyword>
							</KeywordAnnotation>
						</TextAnnotation>
						<TextAnnotation confidence="0.5" relevance="0.2"
							xml:lang="en">
							<KeywordAnnotation>
								<Keyword>Authority</Keyword>
								<Keyword>Subscriber</Keyword>
							</KeywordAnnotation>
						</TextAnnotation>
						<TextAnnotation confidence="0.5" relevance="0.0"
							xml:lang="en">
							<KeywordAnnotation>
								<Keyword>RA</Keyword>
							</KeywordAnnotation>
						</TextAnnotation>
						<TextAnnotation confidence="0.0" relevance="0.5"
							xml:lang="en">
							<KeywordAnnotation>
								<Keyword>Sigh</Keyword>
							</KeywordAnnotation>
						</TextAnnotation>
						<TextAnnotation confidence="0.0" relevance="0.4"
							xml:lang="en">
							<KeywordAnnotation>
								<Keyword>CSP</Keyword>
								<Keyword>PKI</Keyword>
							</KeywordAnnotation>
						</TextAnnotation>
						<TextAnnotation confidence="0.0" relevance="0.3"
							xml:lang="en">
							<KeywordAnnotation>
								<Keyword>Regssnaeaon</Keyword>
								<Keyword>cenaracaeaon</Keyword>
							</KeywordAnnotation>
						</TextAnnotation>
					</AudioVisualSegment>
					<AudioVisualSegment id="track-0.segment-25">
						<mediaTime>
							<mediaRelTimePoint>T00:20:00:0F1000</mediaRelTimePoint>
							<mediaDuration>PT50S0N1000F</mediaDuration>
						</mediaTime>
						<TextAnnotation confidence="0.5" relevance="0.5"
							xml:lang="en">
							<KeywordAnnotation>
								<Keyword>swiss</Keyword>
							</KeywordAnnotation>
						</TextAnnotation>
						<TextAnnotation confidence="0.5" relevance="0.4"
							xml:lang="en">
							<KeywordAnnotation>
								<Keyword>Customer</Keyword>
								<Keyword>Managed</Keyword>
								<Keyword>solutions</Keyword>
							</KeywordAnnotation>
						</TextAnnotation>
						<TextAnnotation confidence="0.5" relevance="0.2"
							xml:lang="en">
							<KeywordAnnotation>
								<Keyword>Authority</Keyword>
								<Keyword>Subscriber</Keyword>
							</KeywordAnnotation>
						</TextAnnotation>
						<TextAnnotation confidence="0.5" relevance="0.0"
							xml:lang="en">
							<KeywordAnnotation>
								<Keyword>CA</Keyword>
							</KeywordAnnotation>
						</TextAnnotation>
						<TextAnnotation confidence="0.0" relevance="0.5"
							xml:lang="en">
							<KeywordAnnotation>
								<Keyword>srgn</Keyword>
							</KeywordAnnotation>
						</TextAnnotation>
						<TextAnnotation confidence="0.0" relevance="0.4"
							xml:lang="en">
							<KeywordAnnotation>
								<Keyword>CSP</Keyword>
								<Keyword>PKI</Keyword>
							</KeywordAnnotation>
						</TextAnnotation>
						<TextAnnotation confidence="0.0" relevance="0.3"
							xml:lang="en">
							<KeywordAnnotation>
								<Keyword>Regssnaeaon</Keyword>
								<Keyword>cenaracaeaon</Keyword>
							</KeywordAnnotation>
						</TextAnnotation>
					</AudioVisualSegment>
					<AudioVisualSegment id="track-0.segment-26">
						<mediaTime>
							<mediaRelTimePoint>T00:20:50:0F1000</mediaRelTimePoint>
							<mediaDuration>PT01M14S0N1000F</mediaDuration>
						</mediaTime>
						<TextAnnotation confidence="0.5" relevance="0.5"
							xml:lang="en">
							<KeywordAnnotation>
								<Keyword>Swiss</Keyword>
							</KeywordAnnotation>
						</TextAnnotation>
						<TextAnnotation confidence="0.5" relevance="0.4"
							xml:lang="en">
							<KeywordAnnotation>
								<Keyword>Considerations</Keyword>
								<Keyword>Managed</Keyword>
								<Keyword>Policies</Keyword>
								<Keyword>Rights</Keyword>
								<Keyword>Security</Keyword>
								<Keyword>agreed</Keyword>
								<Keyword>and</Keyword>
								<Keyword>are</Keyword>
								<Keyword>contractual</Keyword>
								<Keyword>enforce</Keyword>
								<Keyword>managing</Keyword>
								<Keyword>obligations</Keyword>
								<Keyword>requires</Keyword>
							</KeywordAnnotation>
						</TextAnnotation>
						<TextAnnotation confidence="0.0" relevance="0.5"
							xml:lang="en">
							<KeywordAnnotation>
								<Keyword>srgn</Keyword>
							</KeywordAnnotation>
						</TextAnnotation>
						<TextAnnotation confidence="0.0" relevance="0.4"
							xml:lang="en">
							<KeywordAnnotation>
								<Keyword>PKI</Keyword>
								<Keyword>agreeements</Keyword>
								<Keyword>contractually</Keyword>
								<Keyword>liabilities</Keyword>
							</KeywordAnnotation>
						</TextAnnotation>
					</AudioVisualSegment>
					<AudioVisualSegment id="track-0.segment-27">
						<mediaTime>
							<mediaRelTimePoint>T00:22:04:0F1000</mediaRelTimePoint>
							<mediaDuration>PT01M48S0N1000F</mediaDuration>
						</mediaTime>
						<TextAnnotation confidence="0.5" relevance="0.5"
							xml:lang="en">
							<KeywordAnnotation>
								<Keyword>swiss</Keyword>
							</KeywordAnnotation>
						</TextAnnotation>
						<TextAnnotation confidence="0.5" relevance="0.4"
							xml:lang="en">
							<KeywordAnnotation>
								<Keyword>Arguments</Keyword>
								<Keyword>Certification</Keyword>
								<Keyword>Certifications</Keyword>
								<Keyword>Trust</Keyword>
								<Keyword>and</Keyword>
								<Keyword>for</Keyword>
							</KeywordAnnotation>
						</TextAnnotation>
						<TextAnnotation confidence="0.5" relevance="0.3"
							xml:lang="en">
							<KeywordAnnotation>
								<Keyword>Browser</Keyword>
								<Keyword>Requirements</Keyword>
							</KeywordAnnotation>
						</TextAnnotation>
						<TextAnnotation confidence="0.0" relevance="0.5"
							xml:lang="en">
							<KeywordAnnotation>
								<Keyword>sngn</Keyword>
							</KeywordAnnotation>
						</TextAnnotation>
						<TextAnnotation confidence="0.0" relevance="0.4"
							xml:lang="en">
							<KeywordAnnotation>
								<Keyword>Audits</Keyword>
								<Keyword>Cenitication</Keyword>
							</KeywordAnnotation>
						</TextAnnotation>
					</AudioVisualSegment>
					<AudioVisualSegment id="track-0.segment-28">
						<mediaTime>
							<mediaRelTimePoint>T00:23:52:0F1000</mediaRelTimePoint>
							<mediaDuration>PT01M16S0N1000F</mediaDuration>
						</mediaTime>
						<TextAnnotation confidence="0.5" relevance="0.5"
							xml:lang="en">
							<KeywordAnnotation>
								<Keyword>swiss</Keyword>
							</KeywordAnnotation>
						</TextAnnotation>
						<TextAnnotation confidence="0.5" relevance="0.4"
							xml:lang="en">
							<KeywordAnnotation>
								<Keyword>Qualified</Keyword>
								<Keyword>Swiss</Keyword>
								<Keyword>certification</Keyword>
								<Keyword>digital</Keyword>
								<Keyword>for</Keyword>
								<Keyword>law</Keyword>
								<Keyword>require</Keyword>
								<Keyword>signature</Keyword>
							</KeywordAnnotation>
						</TextAnnotation>
						<TextAnnotation confidence="0.5" relevance="0.3"
							xml:lang="en">
							<KeywordAnnotation>
								<Keyword>SSL</Keyword>
								<Keyword>address</Keyword>
								<Keyword>are</Keyword>
								<Keyword>bar</Keyword>
								<Keyword>bills</Keyword>
								<Keyword>compliant</Keyword>
								<Keyword>green</Keyword>
								<Keyword>required</Keyword>
							</KeywordAnnotation>
						</TextAnnotation>
						<TextAnnotation confidence="0.5" relevance="0.0"
							xml:lang="en">
							<KeywordAnnotation>
								<Keyword>EV</Keyword>
							</KeywordAnnotation>
						</TextAnnotation>
						<TextAnnotation confidence="0.0" relevance="0.5"
							xml:lang="en">
							<KeywordAnnotation>
								<Keyword>sngn</Keyword>
							</KeywordAnnotation>
						</TextAnnotation>
						<TextAnnotation confidence="0.0" relevance="0.4"
							xml:lang="en">
							<KeywordAnnotation>
								<Keyword>Certificatesthat</Keyword>
								<Keyword>ZertES</Keyword>
								<Keyword>certificates</Keyword>
							</KeywordAnnotation>
						</TextAnnotation>
						<TextAnnotation confidence="0.0" relevance="0.3"
							xml:lang="en">
							<KeywordAnnotation>
								<Keyword>Archiving</Keyword>
								<Keyword>EIDI-V</Keyword>
								<Keyword>VAT</Keyword>
								<Keyword>certificates</Keyword>
							</KeywordAnnotation>
						</TextAnnotation>
					</AudioVisualSegment>
					<AudioVisualSegment id="track-0.segment-29">
						<mediaTime>
							<mediaRelTimePoint>T00:25:08:0F1000</mediaRelTimePoint>
							<mediaDuration>PT01M53S0N1000F</mediaDuration>
						</mediaTime>
						<TextAnnotation confidence="0.5" relevance="0.5"
							xml:lang="en">
							<KeywordAnnotation>
								<Keyword>Application</Keyword>
								<Keyword>swiss</Keyword>
							</KeywordAnnotation>
						</TextAnnotation>
						<TextAnnotation confidence="0.5" relevance="0.4"
							xml:lang="en">
							<KeywordAnnotation>
								<Keyword>Approval</Keyword>
								<Keyword>Browser</Keyword>
								<Keyword>Root</Keyword>
								<Keyword>Steps</Keyword>
								<Keyword>Trust</Keyword>
								<Keyword>into</Keyword>
								<Keyword>must</Keyword>
								<Keyword>public</Keyword>
								<Keyword>the</Keyword>
								<Keyword>value</Keyword>
							</KeywordAnnotation>
						</TextAnnotation>
						<TextAnnotation confidence="0.5" relevance="0.0"
							xml:lang="en">
							<KeywordAnnotation>
								<Keyword>CA</Keyword>
								<Keyword>be</Keyword>
								<Keyword>gg</Keyword>
								<Keyword>of</Keyword>
							</KeywordAnnotation>
						</TextAnnotation>
						<TextAnnotation confidence="0.0" relevance="0.5"
							xml:lang="en">
							<KeywordAnnotation>
								<Keyword>eplcymen</Keyword>
								<Keyword>h.A</Keyword>
								<Keyword>srgn</Keyword>
							</KeywordAnnotation>
						</TextAnnotation>
						<TextAnnotation confidence="0.0" relevance="0.4"
							xml:lang="en">
							<KeywordAnnotation>
								<Keyword>CSP</Keyword>
								<Keyword>WebTrust</Keyword>
								<Keyword>cenified</Keyword>
							</KeywordAnnotation>
						</TextAnnotation>
						<TextAnnotation confidence="0.0" relevance="0.0"
							xml:lang="en">
							<KeywordAnnotation>
								<Keyword>A</Keyword>
								<Keyword>D-</Keyword>
								<Keyword>K</Keyword>
								<Keyword>Q</Keyword>
								<Keyword>V</Keyword>
								<Keyword>VY</Keyword>
								<Keyword>e</Keyword>
								<Keyword>l</Keyword>
							</KeywordAnnotation>
						</TextAnnotation>
					</AudioVisualSegment>
					<AudioVisualSegment id="track-0.segment-30">
						<mediaTime>
							<mediaRelTimePoint>T00:27:01:0F1000</mediaRelTimePoint>
							<mediaDuration>PT01M15S0N1000F</mediaDuration>
						</mediaTime>
						<TextAnnotation confidence="0.5" relevance="0.5"
							xml:lang="en">
							<KeywordAnnotation>
								<Keyword>swiss</Keyword>
							</KeywordAnnotation>
						</TextAnnotation>
						<TextAnnotation confidence="0.5" relevance="0.4"
							xml:lang="en">
							<KeywordAnnotation>
								<Keyword>Aspects</Keyword>
								<Keyword>Legal</Keyword>
								<Keyword>Switzerland</Keyword>
								<Keyword>digital</Keyword>
								<Keyword>law</Keyword>
								<Keyword>signature</Keyword>
							</KeywordAnnotation>
						</TextAnnotation>
						<TextAnnotation confidence="0.5" relevance="0.3"
							xml:lang="en">
							<KeywordAnnotation>
								<Keyword>Bundesgesetz</Keyword>
							</KeywordAnnotation>
						</TextAnnotation>
						<TextAnnotation confidence="0.5" relevance="0.0"
							xml:lang="en">
							<KeywordAnnotation>
								<Keyword>in</Keyword>
							</KeywordAnnotation>
						</TextAnnotation>
						<TextAnnotation confidence="0.0" relevance="0.5"
							xml:lang="en">
							<KeywordAnnotation>
								<Keyword>srgn</Keyword>
							</KeywordAnnotation>
						</TextAnnotation>
						<TextAnnotation confidence="0.0" relevance="0.4"
							xml:lang="en">
							<KeywordAnnotation>
								<Keyword>EIDI-V</Keyword>
								<Keyword>MehrvvertsteuerNAT</Keyword>
								<Keyword>Vervvaltungsverfahren</Keyword>
								<Keyword>ZertES</Keyword>
								<Keyword>signaturgesetzl</Keyword>
							</KeywordAnnotation>
						</TextAnnotation>
						<TextAnnotation confidence="0.0" relevance="0.3"
							xml:lang="en">
							<KeywordAnnotation>
								<Keyword>GeBUV</Keyword>
								<Keyword>Geschaftsbuchsrverordnung</Keyword>
								<Keyword>VwVG</Keyword>
								<Keyword>uberdas</Keyword>
							</KeywordAnnotation>
						</TextAnnotation>
					</AudioVisualSegment>
					<AudioVisualSegment id="track-0.segment-31">
						<mediaTime>
							<mediaRelTimePoint>T00:28:16:0F1000</mediaRelTimePoint>
							<mediaDuration>PT02M35S0N1000F</mediaDuration>
						</mediaTime>
						<TextAnnotation confidence="0.5" relevance="0.5"
							xml:lang="de">
							<KeywordAnnotation>
								<Keyword>ETSI</Keyword>
								<Keyword>swiss</Keyword>
							</KeywordAnnotation>
						</TextAnnotation>
						<TextAnnotation confidence="0.5" relevance="0.4"
							xml:lang="de">
							<KeywordAnnotation>
								<Keyword>APEC</Keyword>
								<Keyword>Asia</Keyword>
								<Keyword>Framework</Keyword>
								<Keyword>IETF</Keyword>
								<Keyword>ISO</Keyword>
								<Keyword>ITIL</Keyword>
								<Keyword>International</Keyword>
								<Keyword>Laws</Keyword>
								<Keyword>National</Keyword>
								<Keyword>ROW</Keyword>
								<Keyword>RSA</Keyword>
								<Keyword>Standards</Keyword>
								<Keyword>TEL</Keyword>
								<Keyword>and</Keyword>
								<Keyword>countries</Keyword>
								<Keyword>eSTG</Keyword>
								<Keyword>for</Keyword>
								<Keyword>laws</Keyword>
								<Keyword>rfc</Keyword>
								<Keyword>standards</Keyword>
							</KeywordAnnotation>
						</TextAnnotation>
						<TextAnnotation confidence="0.5" relevance="0.0"
							xml:lang="de">
							<KeywordAnnotation>
								<Keyword>EU</Keyword>
							</KeywordAnnotation>
						</TextAnnotation>
						<TextAnnotation confidence="0.0" relevance="0.5"
							xml:lang="de">
							<KeywordAnnotation>
								<Keyword>CWA</Keyword>
								<Keyword>sngn</Keyword>
							</KeywordAnnotation>
						</TextAnnotation>
						<TextAnnotation confidence="0.0" relevance="0.4"
							xml:lang="de">
							<KeywordAnnotation>
								<Keyword>Comunrty</Keyword>
								<Keyword>Economlc</Keyword>
								<Keyword>Eloctronlc</Keyword>
								<Keyword>PKCS</Keyword>
								<Keyword>Padflc</Keyword>
								<Keyword>Slgnatrur</Keyword>
								<Keyword>carwsve</Keyword>
								<Keyword>wsszssxec</Keyword>
							</KeywordAnnotation>
						</TextAnnotation>
						<TextAnnotation confidence="0.0" relevance="0.3"
							xml:lang="de">
							<KeywordAnnotation>
								<Keyword>Ocmmunlty</Keyword>
							</KeywordAnnotation>
						</TextAnnotation>
						<TextAnnotation confidence="0.0" relevance="0.0"
							xml:lang="de">
							<KeywordAnnotation>
								<Keyword>-</Keyword>
								<Keyword>A</Keyword>
								<Keyword>s</Keyword>
							</KeywordAnnotation>
						</TextAnnotation>
					</AudioVisualSegment>
					<AudioVisualSegment id="track-0.segment-32">
						<mediaTime>
							<mediaRelTimePoint>T00:30:51:0F1000</mediaRelTimePoint>
							<mediaDuration>PT01M20S0N1000F</mediaDuration>
						</mediaTime>
						<TextAnnotation confidence="0.5" relevance="0.5"
							xml:lang="en">
							<KeywordAnnotation>
								<Keyword>swiss</Keyword>
							</KeywordAnnotation>
						</TextAnnotation>
						<TextAnnotation confidence="0.5" relevance="0.4"
							xml:lang="en">
							<KeywordAnnotation>
								<Keyword>Audit</Keyword>
								<Keyword>Initial</Keyword>
								<Keyword>audit</Keyword>
								<Keyword>every</Keyword>
							</KeywordAnnotation>
						</TextAnnotation>
						<TextAnnotation confidence="0.5" relevance="0.3"
							xml:lang="en">
							<KeywordAnnotation>
								<Keyword>Annual</Keyword>
								<Keyword>Audit</Keyword>
								<Keyword>Full</Keyword>
								<Keyword>Main</Keyword>
								<Keyword>Preliminary</Keyword>
								<Keyword>Years</Keyword>
								<Keyword>sum</Keyword>
							</KeywordAnnotation>
						</TextAnnotation>
						<TextAnnotation confidence="0.5" relevance="0.0"
							xml:lang="en">
							<KeywordAnnotation>
								<Keyword>Pr</Keyword>
							</KeywordAnnotation>
						</TextAnnotation>
						<TextAnnotation confidence="0.0" relevance="0.5"
							xml:lang="en">
							<KeywordAnnotation>
								<Keyword>sngn</Keyword>
							</KeywordAnnotation>
						</TextAnnotation>
						<TextAnnotation confidence="0.0" relevance="0.4"
							xml:lang="en">
							<KeywordAnnotation>
								<Keyword>Audits</Keyword>
								<Keyword>usr</Keyword>
							</KeywordAnnotation>
						</TextAnnotation>
						<TextAnnotation confidence="0.0" relevance="0.3"
							xml:lang="en">
							<KeywordAnnotation>
								<Keyword>Re-audit</Keyword>
							</KeywordAnnotation>
						</TextAnnotation>
						<TextAnnotation confidence="0.0" relevance="0.0"
							xml:lang="en">
							<KeywordAnnotation>
								<Keyword>T</Keyword>
								<Keyword>V</Keyword>
								<Keyword>d</Keyword>
								<Keyword>f</Keyword>
								<Keyword>j</Keyword>
								<Keyword>m</Keyword>
								<Keyword>n</Keyword>
								<Keyword>v</Keyword>
							</KeywordAnnotation>
						</TextAnnotation>
					</AudioVisualSegment>
					<AudioVisualSegment id="track-0.segment-33">
						<mediaTime>
							<mediaRelTimePoint>T00:32:11:0F1000</mediaRelTimePoint>
							<mediaDuration>PT01M12S0N1000F</mediaDuration>
						</mediaTime>
						<TextAnnotation confidence="0.5" relevance="0.5"
							xml:lang="en">
							<KeywordAnnotation>
								<Keyword>can</Keyword>
								<Keyword>swiss</Keyword>
								<Keyword>you</Keyword>
							</KeywordAnnotation>
						</TextAnnotation>
						<TextAnnotation confidence="0.5" relevance="0.4"
							xml:lang="en">
							<KeywordAnnotation>
								<Keyword>Commercial</Keyword>
								<Keyword>People</Keyword>
								<Keyword>Side</Keyword>
								<Keyword>The</Keyword>
								<Keyword>business</Keyword>
								<Keyword>buy</Keyword>
								<Keyword>costs</Keyword>
								<Keyword>don</Keyword>
								<Keyword>fixed</Keyword>
								<Keyword>have</Keyword>
								<Keyword>high</Keyword>
								<Keyword>people</Keyword>
								<Keyword>solutions</Keyword>
								<Keyword>the</Keyword>
							</KeywordAnnotation>
						</TextAnnotation>
						<TextAnnotation confidence="0.5" relevance="0.0"
							xml:lang="en">
							<KeywordAnnotation>
								<Keyword>do</Keyword>
								<Keyword>of</Keyword>
							</KeywordAnnotation>
						</TextAnnotation>
						<TextAnnotation confidence="0.0" relevance="0.5"
							xml:lang="en">
							<KeywordAnnotation>
								<Keyword>PKI</Keyword>
								<Keyword>srgn</Keyword>
							</KeywordAnnotation>
						</TextAnnotation>
						<TextAnnotation confidence="0.0" relevance="0.4"
							xml:lang="en">
							<KeywordAnnotation>
								<Keyword>CSP</Keyword>
								<Keyword>CSPs</Keyword>
								<Keyword>Iitt</Keyword>
								<Keyword>cenihcates</Keyword>
							</KeywordAnnotation>
						</TextAnnotation>
						<TextAnnotation confidence="0.0" relevance="0.0"
							xml:lang="en">
							<KeywordAnnotation>
								<Keyword>-</Keyword>
								<Keyword>I</Keyword>
								<Keyword>a</Keyword>
								<Keyword>e</Keyword>
								<Keyword>t</Keyword>
							</KeywordAnnotation>
						</TextAnnotation>
					</AudioVisualSegment>
					<AudioVisualSegment id="track-0.segment-34">
						<mediaTime>
							<mediaRelTimePoint>T00:33:23:0F1000</mediaRelTimePoint>
							<mediaDuration>PT02M44S0N1000F</mediaDuration>
						</mediaTime>
						<TextAnnotation confidence="0.5" relevance="0.5"
							xml:lang="en">
							<KeywordAnnotation>
								<Keyword>swiss</Keyword>
							</KeywordAnnotation>
						</TextAnnotation>
						<TextAnnotation confidence="0.5" relevance="0.4"
							xml:lang="en">
							<KeywordAnnotation>
								<Keyword>Approach</Keyword>
								<Keyword>Cryptography</Keyword>
								<Keyword>Globally</Keyword>
								<Keyword>High</Keyword>
								<Keyword>Post</Keyword>
								<Keyword>Solutions</Keyword>
								<Keyword>Technology</Keyword>
								<Keyword>Usability</Keyword>
								<Keyword>Value</Keyword>
								<Keyword>and</Keyword>
								<Keyword>available</Keyword>
								<Keyword>products</Keyword>
							</KeywordAnnotation>
						</TextAnnotation>
						<TextAnnotation confidence="0.5" relevance="0.3"
							xml:lang="en">
							<KeywordAnnotation>
								<Keyword>Based</Keyword>
								<Keyword>Part</Keyword>
								<Keyword>Partner</Keyword>
								<Keyword>Swiss</Keyword>
								<Keyword>Values</Keyword>
								<Keyword>the</Keyword>
							</KeywordAnnotation>
						</TextAnnotation>
						<TextAnnotation confidence="0.5" relevance="0.0"
							xml:lang="en">
							<KeywordAnnotation>
								<Keyword>of</Keyword>
								<Keyword>on</Keyword>
							</KeywordAnnotation>
						</TextAnnotation>
						<TextAnnotation confidence="0.0" relevance="0.5"
							xml:lang="en">
							<KeywordAnnotation>
								<Keyword>sngn</Keyword>
							</KeywordAnnotation>
						</TextAnnotation>
						<TextAnnotation confidence="0.0" relevance="0.4"
							xml:lang="en">
							<KeywordAnnotation>
								<Keyword>Businesspr0cesses</Keyword>
								<Keyword>SwissSign</Keyword>
							</KeywordAnnotation>
						</TextAnnotation>
						<TextAnnotation confidence="0.0" relevance="0.3"
							xml:lang="en">
							<KeywordAnnotation>
								<Keyword>Certitied</Keyword>
							</KeywordAnnotation>
						</TextAnnotation>
						<TextAnnotation confidence="0.0" relevance="0.0"
							xml:lang="en">
							<KeywordAnnotation>
								<Keyword>I</Keyword>
							</KeywordAnnotation>
						</TextAnnotation>
					</AudioVisualSegment>
					<AudioVisualSegment id="track-0.segment-35">
						<mediaTime>
							<mediaRelTimePoint>T00:36:07:0F1000</mediaRelTimePoint>
							<mediaDuration>PT45S0N1000F</mediaDuration>
						</mediaTime>
						<TextAnnotation confidence="0.5" relevance="0.5"
							xml:lang="en">
							<KeywordAnnotation>
								<Keyword>swiss</Keyword>
							</KeywordAnnotation>
						</TextAnnotation>
						<TextAnnotation confidence="0.5" relevance="0.4"
							xml:lang="en">
							<KeywordAnnotation>
								<Keyword>Card</Keyword>
								<Keyword>Challenges</Keyword>
								<Keyword>Current</Keyword>
								<Keyword>Future</Keyword>
								<Keyword>Health</Keyword>
								<Keyword>Insurance</Keyword>
								<Keyword>Standardization</Keyword>
								<Keyword>Strength</Keyword>
								<Keyword>algorithms</Keyword>
								<Keyword>and</Keyword>
								<Keyword>cryptographic</Keyword>
								<Keyword>for</Keyword>
							</KeywordAnnotation>
						</TextAnnotation>
						<TextAnnotation confidence="0.5" relevance="0.0"
							xml:lang="en">
							<KeywordAnnotation>
								<Keyword>of</Keyword>
							</KeywordAnnotation>
						</TextAnnotation>
						<TextAnnotation confidence="0.0" relevance="0.5"
							xml:lang="en">
							<KeywordAnnotation>
								<Keyword>srgn</Keyword>
							</KeywordAnnotation>
						</TextAnnotation>
						<TextAnnotation confidence="0.0" relevance="0.4"
							xml:lang="en">
							<KeywordAnnotation>
								<Keyword>CABf0rum</Keyword>
								<Keyword>CSP</Keyword>
								<Keyword>SuisseID</Keyword>
								<Keyword>certmcates</Keyword>
							</KeywordAnnotation>
						</TextAnnotation>
						<TextAnnotation confidence="0.0" relevance="0.0"
							xml:lang="en">
							<KeywordAnnotation>
								<Keyword>VK</Keyword>
							</KeywordAnnotation>
						</TextAnnotation>
					</AudioVisualSegment>
					<AudioVisualSegment id="track-0.segment-36">
						<mediaTime>
							<mediaRelTimePoint>T00:36:52:0F1000</mediaRelTimePoint>
							<mediaDuration>PT01M35S0N1000F</mediaDuration>
						</mediaTime>
						<TextAnnotation confidence="0.5" relevance="0.5"
							xml:lang="en">
							<KeywordAnnotation>
								<Keyword>swiss</Keyword>
							</KeywordAnnotation>
						</TextAnnotation>
						<TextAnnotation confidence="0.5" relevance="0.4"
							xml:lang="en">
							<KeywordAnnotation>
								<Keyword>Certificate</Keyword>
								<Keyword>Combination</Keyword>
								<Keyword>Deploy</Keyword>
								<Keyword>Marketing</Keyword>
								<Keyword>Pan</Keyword>
								<Keyword>based</Keyword>
								<Keyword>certificate</Keyword>
								<Keyword>economic</Keyword>
								<Keyword>measures</Keyword>
								<Keyword>ongoing</Keyword>
								<Keyword>package</Keyword>
								<Keyword>price</Keyword>
								<Keyword>qualified</Keyword>
								<Keyword>signature</Keyword>
								<Keyword>solutions</Keyword>
								<Keyword>standardization</Keyword>
								<Keyword>still</Keyword>
								<Keyword>stimulus</Keyword>
								<Keyword>the</Keyword>
							</KeywordAnnotation>
						</TextAnnotation>
						<TextAnnotation confidence="0.5" relevance="0.3"
							xml:lang="en">
							<KeywordAnnotation>
								<Keyword>authentication</Keyword>
								<Keyword>certificate</Keyword>
							</KeywordAnnotation>
						</TextAnnotation>
						<TextAnnotation confidence="0.5" relevance="0.0"
							xml:lang="en">
							<KeywordAnnotation>
								<Keyword>ID</Keyword>
								<Keyword>SU</Keyword>
								<Keyword>iS</Keyword>
								<Keyword>of</Keyword>
								<Keyword>rd</Keyword>
							</KeywordAnnotation>
						</TextAnnotation>
						<TextAnnotation confidence="0.0" relevance="0.5"
							xml:lang="en">
							<KeywordAnnotation>
								<Keyword>srgn</Keyword>
							</KeywordAnnotation>
						</TextAnnotation>
						<TextAnnotation confidence="0.0" relevance="0.4"
							xml:lang="en">
							<KeywordAnnotation>
								<Keyword>Subsidize</Keyword>
							</KeywordAnnotation>
						</TextAnnotation>
					</AudioVisualSegment>
					<AudioVisualSegment id="track-0.segment-37">
						<mediaTime>
							<mediaRelTimePoint>T00:38:27:0F1000</mediaRelTimePoint>
							<mediaDuration>PT02M0N1000F</mediaDuration>
						</mediaTime>
						<TextAnnotation confidence="0.5" relevance="0.5"
							xml:lang="en">
							<KeywordAnnotation>
								<Keyword>swiss</Keyword>
							</KeywordAnnotation>
						</TextAnnotation>
						<TextAnnotation confidence="0.5" relevance="0.4"
							xml:lang="en">
							<KeywordAnnotation>
								<Keyword>Card</Keyword>
								<Keyword>Data</Keyword>
								<Keyword>Emergency</Keyword>
								<Keyword>Health</Keyword>
								<Keyword>KVG</Keyword>
								<Keyword>Market</Keyword>
								<Keyword>Option</Keyword>
								<Keyword>Professional</Keyword>
								<Keyword>Roles</Keyword>
								<Keyword>art</Keyword>
								<Keyword>certificate</Keyword>
								<Keyword>chip</Keyword>
								<Keyword>for</Keyword>
								<Keyword>standard</Keyword>
								<Keyword>stored</Keyword>
							</KeywordAnnotation>
						</TextAnnotation>
						<TextAnnotation confidence="0.5" relevance="0.3"
							xml:lang="en">
							<KeywordAnnotation>
								<Keyword>Health</Keyword>
								<Keyword>Insurance</Keyword>
							</KeywordAnnotation>
						</TextAnnotation>
						<TextAnnotation confidence="0.5" relevance="0.0"
							xml:lang="en">
							<KeywordAnnotation>
								<Keyword>WK</Keyword>
								<Keyword>on</Keyword>
							</KeywordAnnotation>
						</TextAnnotation>
						<TextAnnotation confidence="0.0" relevance="0.5"
							xml:lang="en">
							<KeywordAnnotation>
								<Keyword>sngn</Keyword>
							</KeywordAnnotation>
						</TextAnnotation>
						<TextAnnotation confidence="0.0" relevance="0.4"
							xml:lang="en">
							<KeywordAnnotation>
								<Keyword>CVC</Keyword>
								<Keyword>E-Health</Keyword>
								<Keyword>VVK</Keyword>
								<Keyword>certihcates</Keyword>
								<Keyword>certiticates</Keyword>
								<Keyword>eCH-</Keyword>
							</KeywordAnnotation>
						</TextAnnotation>
						<TextAnnotation confidence="0.0" relevance="0.0"
							xml:lang="en">
							<KeywordAnnotation>
								<Keyword>X</Keyword>
								<Keyword>a</Keyword>
							</KeywordAnnotation>
						</TextAnnotation>
					</AudioVisualSegment>
					<AudioVisualSegment id="track-0.segment-38">
						<mediaTime>
							<mediaRelTimePoint>T00:40:27:0F1000</mediaRelTimePoint>
							<mediaDuration>PT33S0N1000F</mediaDuration>
						</mediaTime>
						<TextAnnotation confidence="0.5" relevance="0.5"
							xml:lang="en">
							<KeywordAnnotation>
								<Keyword>swiss</Keyword>
							</KeywordAnnotation>
						</TextAnnotation>
						<TextAnnotation confidence="0.5" relevance="0.4"
							xml:lang="en">
							<KeywordAnnotation>
								<Keyword>Algorithmic</Keyword>
							</KeywordAnnotation>
						</TextAnnotation>
						<TextAnnotation confidence="0.5" relevance="0.3"
							xml:lang="en">
							<KeywordAnnotation>
								<Keyword>RSA</Keyword>
							</KeywordAnnotation>
						</TextAnnotation>
						<TextAnnotation confidence="0.0" relevance="0.5"
							xml:lang="en">
							<KeywordAnnotation>
								<Keyword>sngn</Keyword>
							</KeywordAnnotation>
						</TextAnnotation>
						<TextAnnotation confidence="0.0" relevance="0.4"
							xml:lang="en">
							<KeywordAnnotation>
								<Keyword>BNA</Keyword>
								<Keyword>strenght</Keyword>
							</KeywordAnnotation>
						</TextAnnotation>
						<TextAnnotation confidence="0.0" relevance="0.3"
							xml:lang="en">
							<KeywordAnnotation>
								<Keyword>I1I</Keyword>
								<Keyword>O1O</Keyword>
								<Keyword>sw-x</Keyword>
							</KeywordAnnotation>
						</TextAnnotation>
						<TextAnnotation confidence="0.0" relevance="0.0"
							xml:lang="en">
							<KeywordAnnotation>
								<Keyword>I</Keyword>
								<Keyword>O</Keyword>
							</KeywordAnnotation>
						</TextAnnotation>
					</AudioVisualSegment>
					<AudioVisualSegment id="track-0.segment-39">
						<mediaTime>
							<mediaRelTimePoint>T00:41:00:0F1000</mediaRelTimePoint>
							<mediaDuration>PT01M30S0N1000F</mediaDuration>
						</mediaTime>
						<TextAnnotation confidence="0.5" relevance="0.5"
							xml:lang="en">
							<KeywordAnnotation>
								<Keyword>swiss</Keyword>
							</KeywordAnnotation>
						</TextAnnotation>
						<TextAnnotation confidence="0.5" relevance="0.4"
							xml:lang="en">
							<KeywordAnnotation>
								<Keyword>Impacts</Keyword>
								<Keyword>Microsoft</Keyword>
								<Keyword>RSA</Keyword>
								<Keyword>SSL</Keyword>
								<Keyword>algorithm</Keyword>
								<Keyword>bit</Keyword>
								<Keyword>enough</Keyword>
								<Keyword>for</Keyword>
								<Keyword>good</Keyword>
								<Keyword>hash</Keyword>
								<Keyword>longer</Keyword>
								<Keyword>manages</Keyword>
								<Keyword>must</Keyword>
								<Keyword>qualified</Keyword>
								<Keyword>root</Keyword>
								<Keyword>starting</Keyword>
								<Keyword>the</Keyword>
								<Keyword>usage</Keyword>
							</KeywordAnnotation>
						</TextAnnotation>
						<TextAnnotation confidence="0.5" relevance="0.0"
							xml:lang="en">
							<KeywordAnnotation>
								<Keyword>EV</Keyword>
								<Keyword>be</Keyword>
								<Keyword>is</Keyword>
								<Keyword>no</Keyword>
								<Keyword>of</Keyword>
								<Keyword>on</Keyword>
								<Keyword>to</Keyword>
							</KeywordAnnotation>
						</TextAnnotation>
						<TextAnnotation confidence="0.0" relevance="0.5"
							xml:lang="en">
							<KeywordAnnotation>
								<Keyword>srgn</Keyword>
							</KeywordAnnotation>
						</TextAnnotation>
						<TextAnnotation confidence="0.0" relevance="0.4"
							xml:lang="en">
							<KeywordAnnotation>
								<Keyword>CSP</Keyword>
								<Keyword>CSPs</Keyword>
								<Keyword>SHA-</Keyword>
								<Keyword>certificates</Keyword>
								<Keyword>discontinue</Keyword>
							</KeywordAnnotation>
						</TextAnnotation>
					</AudioVisualSegment>
					<AudioVisualSegment id="track-0.segment-40">
						<mediaTime>
							<mediaRelTimePoint>T00:42:30:0F1000</mediaRelTimePoint>
							<mediaDuration>PT06M22S0N1000F</mediaDuration>
						</mediaTime>
						<TextAnnotation confidence="0.5" relevance="0.4"
							xml:lang="en">
							<KeywordAnnotation>
								<Keyword>Summary</Keyword>
							</KeywordAnnotation>
						</TextAnnotation>
						<TextAnnotation confidence="0.5" relevance="0.3"
							xml:lang="en">
							<KeywordAnnotation>
								<Keyword>Aspects</Keyword>
								<Keyword>Business</Keyword>
								<Keyword>Challenges</Keyword>
								<Keyword>Future</Keyword>
								<Keyword>Legal</Keyword>
								<Keyword>Model</Keyword>
								<Keyword>Processes</Keyword>
								<Keyword>Products</Keyword>
								<Keyword>Standards</Keyword>
								<Keyword>Technology</Keyword>
								<Keyword>and</Keyword>
							</KeywordAnnotation>
						</TextAnnotation>
						<TextAnnotation confidence="0.0" relevance="0.3"
							xml:lang="en">
							<KeywordAnnotation>
								<Keyword>SwissSign</Keyword>
							</KeywordAnnotation>
						</TextAnnotation>
					</AudioVisualSegment>
					<AudioVisualSegment id="track-0.segment-41">
						<mediaTime>
							<mediaRelTimePoint>T00:48:52:0F1000</mediaRelTimePoint>
							<mediaDuration>PT01S3N1000F</mediaDuration>
						</mediaTime>
						<TextAnnotation confidence="0.5" relevance="0.5"
							xml:lang="en">
							<KeywordAnnotation>
								<Keyword>Swiss</Keyword>
							</KeywordAnnotation>
						</TextAnnotation>
						<TextAnnotation confidence="0.5" relevance="0.4"
							xml:lang="en">
							<KeywordAnnotation>
								<Keyword>Summary</Keyword>
							</KeywordAnnotation>
						</TextAnnotation>
						<TextAnnotation confidence="0.5" relevance="0.3"
							xml:lang="en">
							<KeywordAnnotation>
								<Keyword>Aspects</Keyword>
								<Keyword>Business</Keyword>
								<Keyword>Challenges</Keyword>
								<Keyword>Future</Keyword>
								<Keyword>Legal</Keyword>
								<Keyword>Model</Keyword>
								<Keyword>Processes</Keyword>
								<Keyword>Products</Keyword>
								<Keyword>Standards</Keyword>
								<Keyword>Technology</Keyword>
								<Keyword>and</Keyword>
							</KeywordAnnotation>
						</TextAnnotation>
						<TextAnnotation confidence="0.0" relevance="0.5"
							xml:lang="en">
							<KeywordAnnotation>
								<Keyword>srgn</Keyword>
							</KeywordAnnotation>
						</TextAnnotation>
						<TextAnnotation confidence="0.0" relevance="0.4"
							xml:lang="en">
							<KeywordAnnotation>
								<Keyword>SwissSign</Keyword>
							</KeywordAnnotation>
						</TextAnnotation>
					</AudioVisualSegment>
				</TemporalDecomposition>
			</AudioVisual>
		</MultimediaContent>
	</Description>
</Mpeg7>
