<?xml version="1.0" encoding="UTF-8"?>
<Mpeg7 xmlns="urn:mpeg:mpeg7:schema:2001" xmlns:mpeg7="urn:mpeg7:schema:2001"
	xmlns:xsi="http://www.w3.org/2001/XMLSchema-instance/">
	<Description xsi:type="ContentEntityType">
		<MultimediaContent xsi:type="AudioVisualType">
			<AudioVisual id="track-1">
				<MediaLocator>
					<MediaUri>file:tracks/camera.avi</MediaUri>
				</MediaLocator>
				<MediaTime>
					<MediaTimePoint>T00:00:00:0F25</MediaTimePoint>
					<MediaDuration>PT46M17S52N1000F</MediaDuration>
				</MediaTime>
			</AudioVisual>
			<AudioVisual id="track-0">
				<MediaLocator>
					<MediaUri>file:tracks/grabber.avi</MediaUri>
				</MediaLocator>
				<MediaTime>
					<MediaTimePoint>T00:00:00:0F5</MediaTimePoint>
					<MediaDuration>PT46M17S214N1000F</MediaDuration>
				</MediaTime>
				<TemporalDecomposition criteria="temporal"
					gap="false" overlap="false">
					<AudioVisualSegment id="track-0.segment-1">
						<MediaTime>
							<MediaRelTimePoint>T00:00:00:0F1000</MediaRelTimePoint>
							<MediaDuration>PT01M21S0N1000F</MediaDuration>
						</MediaTime>
						<TextAnnotation confidence="0.5" relevance="0.4"
							xml:lang="de">
							<KeywordAnnotation>
								<Keyword>Network</Keyword>
								<Keyword>Security</Keyword>
							</KeywordAnnotation>
						</TextAnnotation>
						<TextAnnotation confidence="0.5" relevance="0.3"
							xml:lang="de">
							<KeywordAnnotation>
								<Keyword>DNS</Keyword>
								<Keyword>Domain</Keyword>
								<Keyword>Exercise</Keyword>
								<Keyword>Name</Keyword>
								<Keyword>Security</Keyword>
								<Keyword>System</Keyword>
							</KeywordAnnotation>
						</TextAnnotation>
						<TextAnnotation confidence="0.5" relevance="0.0"
							xml:lang="de">
							<KeywordAnnotation>
								<Keyword>HS</Keyword>
							</KeywordAnnotation>
						</TextAnnotation>
					</AudioVisualSegment>
					<AudioVisualSegment id="track-0.segment-2">
						<MediaTime>
							<MediaRelTimePoint>T00:01:21:0F1000</MediaRelTimePoint>
							<MediaDuration>PT04M47S0N1000F</MediaDuration>
						</MediaTime>
						<TextAnnotation confidence="0.5" relevance="0.4"
							xml:lang="de">
							<KeywordAnnotation>
								<Keyword>DNS</Keyword>
								<Keyword>Resolving</Keyword>
								<Keyword>overview</Keyword>
								<Keyword>process</Keyword>
							</KeywordAnnotation>
						</TextAnnotation>
						<TextAnnotation confidence="0.5" relevance="0.3"
							xml:lang="de">
							<KeywordAnnotation>
								<Keyword>Ham</Keyword>
								<Keyword>Root</Keyword>
								<Keyword>Server</Keyword>
								<Keyword>ask</Keyword>
							</KeywordAnnotation>
						</TextAnnotation>
						<TextAnnotation confidence="0.5" relevance="0.0"
							xml:lang="de">
							<KeywordAnnotation>
								<Keyword>Rm</Keyword>
								<Keyword>mr</Keyword>
								<Keyword>mu</Keyword>
								<Keyword>sm</Keyword>
								<Keyword>ve</Keyword>
								<Keyword>ww</Keyword>
							</KeywordAnnotation>
						</TextAnnotation>
						<TextAnnotation confidence="0.0" relevance="0.4"
							xml:lang="de">
							<KeywordAnnotation>
								<Keyword>Refresher</Keyword>
							</KeywordAnnotation>
						</TextAnnotation>
						<TextAnnotation confidence="0.0" relevance="0.3"
							xml:lang="de">
							<KeywordAnnotation>
								<Keyword>Rggghgg</Keyword>
								<Keyword>achi</Keyword>
								<Keyword>hLd</Keyword>
								<Keyword>rmsewer</Keyword>
								<Keyword>smm</Keyword>
								<Keyword>vmw.ethLch</Keyword>
								<Keyword>wvm.m1.chA</Keyword>
							</KeywordAnnotation>
						</TextAnnotation>
						<TextAnnotation confidence="0.0" relevance="0.0"
							xml:lang="de">
							<KeywordAnnotation>
								<Keyword>-</Keyword>
								<Keyword>A</Keyword>
								<Keyword>B</Keyword>
								<Keyword>E</Keyword>
								<Keyword>I</Keyword>
								<Keyword>O</Keyword>
								<Keyword>m</Keyword>
								<Keyword>n</Keyword>
								<Keyword>s</Keyword>
							</KeywordAnnotation>
						</TextAnnotation>
					</AudioVisualSegment>
					<AudioVisualSegment id="track-0.segment-3">
						<MediaTime>
							<MediaRelTimePoint>T00:06:08:0F1000</MediaRelTimePoint>
							<MediaDuration>PT01M07S0N1000F</MediaDuration>
						</MediaTime>
						<TextAnnotation confidence="0.5" relevance="0.4"
							xml:lang="de">
							<KeywordAnnotation>
								<Keyword>DNS</Keyword>
								<Keyword>Recursive</Keyword>
								<Keyword>and</Keyword>
								<Keyword>iterative</Keyword>
							</KeywordAnnotation>
						</TextAnnotation>
						<TextAnnotation confidence="0.5" relevance="0.3"
							xml:lang="de">
							<KeywordAnnotation>
								<Keyword>mum</Keyword>
							</KeywordAnnotation>
						</TextAnnotation>
						<TextAnnotation confidence="0.5" relevance="0.0"
							xml:lang="de">
							<KeywordAnnotation>
								<Keyword>OI</Keyword>
								<Keyword>VA</Keyword>
								<Keyword>hA</Keyword>
								<Keyword>mm</Keyword>
								<Keyword>nh</Keyword>
								<Keyword>ro</Keyword>
								<Keyword>um</Keyword>
							</KeywordAnnotation>
						</TextAnnotation>
						<TextAnnotation confidence="0.0" relevance="0.4"
							xml:lang="de">
							<KeywordAnnotation>
								<Keyword>Refresher</Keyword>
								<Keyword>queries</Keyword>
							</KeywordAnnotation>
						</TextAnnotation>
						<TextAnnotation confidence="0.0" relevance="0.3"
							xml:lang="de">
							<KeywordAnnotation>
								<Keyword>Qlwmanuvwurrbl</Keyword>
								<Keyword>Qtrmxlreuvnmmw</Keyword>
								<Keyword>mwxvwmqr</Keyword>
							</KeywordAnnotation>
						</TextAnnotation>
						<TextAnnotation confidence="0.0" relevance="0.0"
							xml:lang="de">
							<KeywordAnnotation>
								<Keyword>-</Keyword>
								<Keyword>A</Keyword>
								<Keyword>I</Keyword>
								<Keyword>O</Keyword>
								<Keyword>Q</Keyword>
								<Keyword>Y</Keyword>
								<Keyword>c</Keyword>
								<Keyword>m</Keyword>
								<Keyword>n</Keyword>
								<Keyword>t</Keyword>
							</KeywordAnnotation>
						</TextAnnotation>
					</AudioVisualSegment>
					<AudioVisualSegment id="track-0.segment-4">
						<MediaTime>
							<MediaRelTimePoint>T00:07:15:0F1000</MediaRelTimePoint>
							<MediaDuration>PT39S0N1000F</MediaDuration>
						</MediaTime>
						<TextAnnotation confidence="0.5" relevance="0.4"
							xml:lang="de">
							<KeywordAnnotation>
								<Keyword>DNS</Keyword>
								<Keyword>ING</Keyword>
								<Keyword>ary</Keyword>
								<Keyword>data</Keyword>
								<Keyword>mimi</Keyword>
								<Keyword>respond</Keyword>
								<Keyword>rna</Keyword>
								<Keyword>roles</Keyword>
								<Keyword>server</Keyword>
								<Keyword>the</Keyword>
							</KeywordAnnotation>
						</TextAnnotation>
						<TextAnnotation confidence="0.5" relevance="0.3"
							xml:lang="de">
							<KeywordAnnotation>
								<Keyword>his</Keyword>
								<Keyword>only</Keyword>
							</KeywordAnnotation>
						</TextAnnotation>
						<TextAnnotation confidence="0.5" relevance="0.0"
							xml:lang="de">
							<KeywordAnnotation>
								<Keyword>DI</Keyword>
								<Keyword>II</Keyword>
								<Keyword>It</Keyword>
								<Keyword>Lt</Keyword>
								<Keyword>bs</Keyword>
								<Keyword>lr</Keyword>
								<Keyword>lu</Keyword>
								<Keyword>mn</Keyword>
								<Keyword>mp</Keyword>
								<Keyword>ou</Keyword>
								<Keyword>pu</Keyword>
								<Keyword>to</Keyword>
								<Keyword>un</Keyword>
							</KeywordAnnotation>
						</TextAnnotation>
						<TextAnnotation confidence="0.0" relevance="0.4"
							xml:lang="de">
							<KeywordAnnotation>
								<Keyword>-IKIIBIW</Keyword>
								<Keyword>Hemel</Keyword>
								<Keyword>IREIIIEIWS</Keyword>
								<Keyword>Iamllq</Keyword>
								<Keyword>Icca</Keyword>
								<Keyword>Irs</Keyword>
								<Keyword>Ishculd</Keyword>
								<Keyword>Onuldlwnub</Keyword>
								<Keyword>Rccoids</Keyword>
								<Keyword>Refresher</Keyword>
								<Keyword>TMSOU</Keyword>
								<Keyword>alamy</Keyword>
								<Keyword>anxor</Keyword>
								<Keyword>cdy</Keyword>
								<Keyword>hucr</Keyword>
								<Keyword>msclw</Keyword>
								<Keyword>muu</Keyword>
								<Keyword>ntet</Keyword>
								<Keyword>tannins</Keyword>
								<Keyword>wuh</Keyword>
							</KeywordAnnotation>
						</TextAnnotation>
						<TextAnnotation confidence="0.0" relevance="0.3"
							xml:lang="de">
							<KeywordAnnotation>
								<Keyword>Avanlablllly</Keyword>
								<Keyword>Bfunjd</Keyword>
								<Keyword>Iblvuuki</Keyword>
								<Keyword>Ixupqnoiesiunuvy</Keyword>
								<Keyword>kyinp</Keyword>
								<Keyword>u-xpuvxl</Keyword>
							</KeywordAnnotation>
						</TextAnnotation>
						<TextAnnotation confidence="0.0" relevance="0.0"
							xml:lang="de">
							<KeywordAnnotation>
								<Keyword>-</Keyword>
								<Keyword>A</Keyword>
								<Keyword>I</Keyword>
								<Keyword>K</Keyword>
								<Keyword>L</Keyword>
								<Keyword>Y</Keyword>
								<Keyword>Z</Keyword>
								<Keyword>a</Keyword>
								<Keyword>b</Keyword>
								<Keyword>c</Keyword>
								<Keyword>d</Keyword>
								<Keyword>f</Keyword>
								<Keyword>k</Keyword>
								<Keyword>l</Keyword>
								<Keyword>q</Keyword>
								<Keyword>r</Keyword>
								<Keyword>u</Keyword>
								<Keyword>v</Keyword>
							</KeywordAnnotation>
						</TextAnnotation>
					</AudioVisualSegment>
					<AudioVisualSegment id="track-0.segment-5">
						<MediaTime>
							<MediaRelTimePoint>T00:07:54:0F1000</MediaRelTimePoint>
							<MediaDuration>PT02M29S0N1000F</MediaDuration>
						</MediaTime>
						<TextAnnotation confidence="0.5" relevance="0.4"
							xml:lang="de">
							<KeywordAnnotation>
								<Keyword>DNS</Keyword>
								<Keyword>Recursive</Keyword>
								<Keyword>and</Keyword>
								<Keyword>iterative</Keyword>
							</KeywordAnnotation>
						</TextAnnotation>
						<TextAnnotation confidence="0.0" relevance="0.5"
							xml:lang="de">
							<KeywordAnnotation>
								<Keyword>mu-</Keyword>
							</KeywordAnnotation>
						</TextAnnotation>
						<TextAnnotation confidence="0.0" relevance="0.4"
							xml:lang="de">
							<KeywordAnnotation>
								<Keyword>Refresher</Keyword>
								<Keyword>queries</Keyword>
							</KeywordAnnotation>
						</TextAnnotation>
						<TextAnnotation confidence="0.0" relevance="0.3"
							xml:lang="de">
							<KeywordAnnotation>
								<Keyword>nrmu</Keyword>
							</KeywordAnnotation>
						</TextAnnotation>
						<TextAnnotation confidence="0.0" relevance="0.0"
							xml:lang="de">
							<KeywordAnnotation>
								<Keyword>I</Keyword>
								<Keyword>M</Keyword>
								<Keyword>V</Keyword>
							</KeywordAnnotation>
						</TextAnnotation>
					</AudioVisualSegment>
					<AudioVisualSegment id="track-0.segment-6">
						<MediaTime>
							<MediaRelTimePoint>T00:10:23:0F1000</MediaRelTimePoint>
							<MediaDuration>PT02M46S0N1000F</MediaDuration>
						</MediaTime>
						<TextAnnotation confidence="0.5" relevance="0.4"
							xml:lang="de">
							<KeywordAnnotation>
								<Keyword>DNS</Keyword>
								<Keyword>Iss</Keyword>
								<Keyword>Ital</Keyword>
								<Keyword>TTL</Keyword>
								<Keyword>aan</Keyword>
								<Keyword>any</Keyword>
								<Keyword>hand</Keyword>
								<Keyword>int</Keyword>
								<Keyword>mink</Keyword>
								<Keyword>query</Keyword>
								<Keyword>roles</Keyword>
								<Keyword>the</Keyword>
							</KeywordAnnotation>
						</TextAnnotation>
						<TextAnnotation confidence="0.5" relevance="0.3"
							xml:lang="de">
							<KeywordAnnotation>
								<Keyword>his</Keyword>
							</KeywordAnnotation>
						</TextAnnotation>
						<TextAnnotation confidence="0.5" relevance="0.0"
							xml:lang="de">
							<KeywordAnnotation>
								<Keyword>IU</Keyword>
								<Keyword>KJ</Keyword>
								<Keyword>Tm</Keyword>
								<Keyword>at</Keyword>
								<Keyword>il</Keyword>
								<Keyword>lA</Keyword>
								<Keyword>ld</Keyword>
								<Keyword>lu</Keyword>
								<Keyword>mm</Keyword>
								<Keyword>na</Keyword>
								<Keyword>no</Keyword>
								<Keyword>pu</Keyword>
								<Keyword>th</Keyword>
								<Keyword>to</Keyword>
								<Keyword>wm</Keyword>
							</KeywordAnnotation>
						</TextAnnotation>
						<TextAnnotation confidence="0.0" relevance="0.4"
							xml:lang="de">
							<KeywordAnnotation>
								<Keyword>IN00-uxuswne</Keyword>
								<Keyword>Ihodd</Keyword>
								<Keyword>Iixxlgw</Keyword>
								<Keyword>Ikwusrw</Keyword>
								<Keyword>Ilogumue</Keyword>
								<Keyword>Isluald</Keyword>
								<Keyword>Refresher</Keyword>
								<Keyword>Typesd</Keyword>
								<Keyword>abou</Keyword>
								<Keyword>auluaauvu</Keyword>
								<Keyword>axpkcd</Keyword>
								<Keyword>mempt</Keyword>
								<Keyword>mradvnlcohp</Keyword>
								<Keyword>msdxe</Keyword>
								<Keyword>mspvmd</Keyword>
								<Keyword>muIdlS</Keyword>
								<Keyword>muh</Keyword>
								<Keyword>n9t</Keyword>
								<Keyword>nnmcr</Keyword>
								<Keyword>nsohn</Keyword>
								<Keyword>qustcs</Keyword>
								<Keyword>quutees</Keyword>
								<Keyword>reqms</Keyword>
								<Keyword>rua</Keyword>
								<Keyword>sewer</Keyword>
							</KeywordAnnotation>
						</TextAnnotation>
						<TextAnnotation confidence="0.0" relevance="0.3"
							xml:lang="de">
							<KeywordAnnotation>
								<Keyword>Avaulabrhty</Keyword>
								<Keyword>Ikupqaertstunuvy</Keyword>
								<Keyword>Imiup</Keyword>
								<Keyword>ltnnmkl</Keyword>
								<Keyword>lx-</Keyword>
								<Keyword>unly</Keyword>
								<Keyword>v.ul</Keyword>
							</KeywordAnnotation>
						</TextAnnotation>
						<TextAnnotation confidence="0.0" relevance="0.0"
							xml:lang="de">
							<KeywordAnnotation>
								<Keyword>H</Keyword>
								<Keyword>I</Keyword>
								<Keyword>Q</Keyword>
								<Keyword>Wd</Keyword>
								<Keyword>i</Keyword>
								<Keyword>l</Keyword>
								<Keyword>m</Keyword>
								<Keyword>p</Keyword>
								<Keyword>qn</Keyword>
								<Keyword>t</Keyword>
								<Keyword>v</Keyword>
							</KeywordAnnotation>
						</TextAnnotation>
					</AudioVisualSegment>
					<AudioVisualSegment id="track-0.segment-7">
						<MediaTime>
							<MediaRelTimePoint>T00:13:09:0F1000</MediaRelTimePoint>
							<MediaDuration>PT03M40S0N1000F</MediaDuration>
						</MediaTime>
						<TextAnnotation confidence="0.5" relevance="0.4"
							xml:lang="en">
							<KeywordAnnotation>
								<Keyword>DNS</Keyword>
								<Keyword>Domains</Keyword>
								<Keyword>delegation</Keyword>
								<Keyword>maintaining</Keyword>
								<Keyword>manages</Keyword>
								<Keyword>node</Keyword>
								<Keyword>server</Keyword>
								<Keyword>transmitted</Keyword>
								<Keyword>zone</Keyword>
								<Keyword>zones</Keyword>
							</KeywordAnnotation>
						</TextAnnotation>
						<TextAnnotation confidence="0.5" relevance="0.3"
							xml:lang="en">
							<KeywordAnnotation>
								<Keyword>BIND</Keyword>
								<Keyword>DNS</Keyword>
								<Keyword>for</Keyword>
								<Keyword>load</Keyword>
								<Keyword>more</Keyword>
								<Keyword>one</Keyword>
								<Keyword>zone</Keyword>
							</KeywordAnnotation>
						</TextAnnotation>
						<TextAnnotation confidence="0.5" relevance="0.0"
							xml:lang="en">
							<KeywordAnnotation>
								<Keyword>An</Keyword>
								<Keyword>By</Keyword>
								<Keyword>Pr</Keyword>
								<Keyword>is</Keyword>
								<Keyword>mm</Keyword>
								<Keyword>or</Keyword>
								<Keyword>to</Keyword>
							</KeywordAnnotation>
						</TextAnnotation>
						<TextAnnotation confidence="0.0" relevance="0.4"
							xml:lang="en">
							<KeywordAnnotation>
								<Keyword>Refresher</Keyword>
								<Keyword>ansmuxaonxenrny</Keyword>
							</KeywordAnnotation>
						</TextAnnotation>
						<TextAnnotation confidence="0.0" relevance="0.3"
							xml:lang="en">
							<KeywordAnnotation>
								<Keyword>authoritative</Keyword>
								<Keyword>delggayionrthg</Keyword>
								<Keyword>hles</Keyword>
								<Keyword>regpqnsibility</Keyword>
								<Keyword>sewers</Keyword>
							</KeywordAnnotation>
						</TextAnnotation>
						<TextAnnotation confidence="0.0" relevance="0.0"
							xml:lang="en">
							<KeywordAnnotation>
								<Keyword>-</Keyword>
								<Keyword>I</Keyword>
								<Keyword>X</Keyword>
								<Keyword>a</Keyword>
								<Keyword>n</Keyword>
								<Keyword>r</Keyword>
							</KeywordAnnotation>
						</TextAnnotation>
					</AudioVisualSegment>
					<AudioVisualSegment id="track-0.segment-8">
						<MediaTime>
							<MediaRelTimePoint>T00:16:49:0F1000</MediaRelTimePoint>
							<MediaDuration>PT28S0N1000F</MediaDuration>
						</MediaTime>
						<TextAnnotation confidence="0.5" relevance="0.4"
							xml:lang="de">
							<KeywordAnnotation>
								<Keyword>DNS</Keyword>
								<Keyword>Security</Keyword>
								<Keyword>concerns</Keyword>
							</KeywordAnnotation>
						</TextAnnotation>
						<TextAnnotation confidence="0.5" relevance="0.3"
							xml:lang="de">
							<KeywordAnnotation>
								<Keyword>Root</Keyword>
								<Keyword>resolver</Keyword>
							</KeywordAnnotation>
						</TextAnnotation>
						<TextAnnotation confidence="0.5" relevance="0.0"
							xml:lang="de">
							<KeywordAnnotation>
								<Keyword>Em</Keyword>
							</KeywordAnnotation>
						</TextAnnotation>
						<TextAnnotation confidence="0.0" relevance="0.4"
							xml:lang="de">
							<KeywordAnnotation>
								<Keyword>Refresher</Keyword>
							</KeywordAnnotation>
						</TextAnnotation>
						<TextAnnotation confidence="0.0" relevance="0.3"
							xml:lang="de">
							<KeywordAnnotation>
								<Keyword>Recurs</Keyword>
								<Keyword>Scrvcr</Keyword>
								<Keyword>stub</Keyword>
							</KeywordAnnotation>
						</TextAnnotation>
						<TextAnnotation confidence="0.0" relevance="0.2"
							xml:lang="de">
							<KeywordAnnotation>
								<Keyword>A..LL</Keyword>
								<Keyword>Caching</Keyword>
								<Keyword>Forwud</Keyword>
								<Keyword>sewer</Keyword>
							</KeywordAnnotation>
						</TextAnnotation>
						<TextAnnotation confidence="0.0" relevance="0.0"
							xml:lang="de">
							<KeywordAnnotation>
								<Keyword>-</Keyword>
								<Keyword>A</Keyword>
								<Keyword>I</Keyword>
								<Keyword>S</Keyword>
								<Keyword>Z</Keyword>
								<Keyword>j</Keyword>
								<Keyword>l</Keyword>
								<Keyword>r</Keyword>
								<Keyword>v</Keyword>
								<Keyword>w</Keyword>
							</KeywordAnnotation>
						</TextAnnotation>
					</AudioVisualSegment>
					<AudioVisualSegment id="track-0.segment-9">
						<MediaTime>
							<MediaRelTimePoint>T00:17:17:0F1000</MediaRelTimePoint>
							<MediaDuration>PT02M13S0N1000F</MediaDuration>
						</MediaTime>
						<TextAnnotation confidence="0.5" relevance="0.4"
							xml:lang="en">
							<KeywordAnnotation>
								<Keyword>BGP</Keyword>
								<Keyword>DNS</Keyword>
								<Keyword>Explain</Keyword>
								<Keyword>Horn</Keyword>
								<Keyword>More</Keyword>
								<Keyword>RFC</Keyword>
								<Keyword>Service</Keyword>
								<Keyword>Specify</Keyword>
								<Keyword>Task</Keyword>
								<Keyword>The</Keyword>
								<Keyword>Vulnerabilities</Keyword>
								<Keyword>again</Keyword>
								<Keyword>against</Keyword>
								<Keyword>and</Keyword>
								<Keyword>are</Keyword>
								<Keyword>but</Keyword>
								<Keyword>classes</Keyword>
								<Keyword>conventional</Keyword>
								<Keyword>distinct</Keyword>
								<Keyword>distributed</Keyword>
								<Keyword>domain</Keyword>
								<Keyword>few</Keyword>
								<Keyword>instances</Keyword>
								<Keyword>level</Keyword>
								<Keyword>main</Keyword>
								<Keyword>measures</Keyword>
								<Keyword>multiple</Keyword>
								<Keyword>opera</Keyword>
								<Keyword>protocol</Keyword>
								<Keyword>root</Keyword>
								<Keyword>servers</Keyword>
								<Keyword>specific</Keyword>
								<Keyword>tHis</Keyword>
								<Keyword>taken</Keyword>
								<Keyword>the</Keyword>
								<Keyword>threat</Keyword>
								<Keyword>threats</Keyword>
								<Keyword>top</Keyword>
								<Keyword>via</Keyword>
								<Keyword>what</Keyword>
								<Keyword>which</Keyword>
								<Keyword>wiki</Keyword>
							</KeywordAnnotation>
						</TextAnnotation>
						<TextAnnotation confidence="0.5" relevance="0.3"
							xml:lang="en">
							<KeywordAnnotation>
								<Keyword>and</Keyword>
								<Keyword>are</Keyword>
								<Keyword>for</Keyword>
								<Keyword>important</Keyword>
								<Keyword>powerful</Keyword>
								<Keyword>service</Keyword>
								<Keyword>very</Keyword>
							</KeywordAnnotation>
						</TextAnnotation>
						<TextAnnotation confidence="0.5" relevance="0.0"
							xml:lang="en">
							<KeywordAnnotation>
								<Keyword>DN</Keyword>
								<Keyword>gf</Keyword>
								<Keyword>he</Keyword>
								<Keyword>is</Keyword>
								<Keyword>mo</Keyword>
								<Keyword>of</Keyword>
								<Keyword>on</Keyword>
								<Keyword>or</Keyword>
								<Keyword>re</Keyword>
								<Keyword>to</Keyword>
							</KeywordAnnotation>
						</TextAnnotation>
						<TextAnnotation confidence="0.0" relevance="0.4"
							xml:lang="en">
							<KeywordAnnotation>
								<Keyword>-related</Keyword>
								<Keyword>Answen</Keyword>
								<Keyword>Backb0nc</Keyword>
								<Keyword>Countcrmcasures</Keyword>
								<Keyword>DD0S</Keyword>
								<Keyword>Dmial</Keyword>
								<Keyword>Intemet</Keyword>
								<Keyword>acks</Keyword>
								<Keyword>announccmcms</Keyword>
								<Keyword>anycas</Keyword>
								<Keyword>auacks</Keyword>
								<Keyword>btw</Keyword>
								<Keyword>cdunt</Keyword>
								<Keyword>cn.wikipdia.0rg</Keyword>
								<Keyword>ggaipst</Keyword>
								<Keyword>infnmuticn</Keyword>
								<Keyword>ionaI</Keyword>
								<Keyword>iryjswyces</Keyword>
								<Keyword>mst</Keyword>
								<Keyword>muxing</Keyword>
								<Keyword>narnc</Keyword>
								<Keyword>overprovkioning</Keyword>
								<Keyword>peculiarities</Keyword>
								<Keyword>pfmgrggcneml</Keyword>
								<Keyword>pyoblens</Keyword>
								<Keyword>scrvcr</Keyword>
								<Keyword>servas</Keyword>
								<Keyword>thrgat</Keyword>
								<Keyword>thruts</Keyword>
								<Keyword>yvfnich</Keyword>
							</KeywordAnnotation>
						</TextAnnotation>
						<TextAnnotation confidence="0.0" relevance="0.3"
							xml:lang="en">
							<KeywordAnnotation>
								<Keyword>Nevenhales</Keyword>
								<Keyword>QNS</Keyword>
								<Keyword>ihara</Keyword>
								<Keyword>sever</Keyword>
							</KeywordAnnotation>
						</TextAnnotation>
						<TextAnnotation confidence="0.0" relevance="0.0"
							xml:lang="en">
							<KeywordAnnotation>
								<Keyword>A</Keyword>
								<Keyword>P</Keyword>
								<Keyword>a</Keyword>
								<Keyword>l</Keyword>
								<Keyword>v</Keyword>
							</KeywordAnnotation>
						</TextAnnotation>
					</AudioVisualSegment>
					<AudioVisualSegment id="track-0.segment-10">
						<MediaTime>
							<MediaRelTimePoint>T00:19:30:0F1000</MediaRelTimePoint>
							<MediaDuration>PT36S0N1000F</MediaDuration>
						</MediaTime>
						<TextAnnotation confidence="0.5" relevance="0.4"
							xml:lang="de">
							<KeywordAnnotation>
								<Keyword>DNS</Keyword>
								<Keyword>Task</Keyword>
								<Keyword>Vulnerabilities</Keyword>
							</KeywordAnnotation>
						</TextAnnotation>
						<TextAnnotation confidence="0.5" relevance="0.2"
							xml:lang="de">
							<KeywordAnnotation>
								<Keyword>EYE</Keyword>
							</KeywordAnnotation>
						</TextAnnotation>
						<TextAnnotation confidence="0.0" relevance="0.3"
							xml:lang="de">
							<KeywordAnnotation>
								<Keyword>Biigznd</Keyword>
							</KeywordAnnotation>
						</TextAnnotation>
						<TextAnnotation confidence="0.0" relevance="0.2"
							xml:lang="de">
							<KeywordAnnotation>
								<Keyword>iff</Keyword>
							</KeywordAnnotation>
						</TextAnnotation>
						<TextAnnotation confidence="0.0" relevance="0.0"
							xml:lang="de">
							<KeywordAnnotation>
								<Keyword>E</Keyword>
								<Keyword>F</Keyword>
								<Keyword>c</Keyword>
								<Keyword>i</Keyword>
							</KeywordAnnotation>
						</TextAnnotation>
					</AudioVisualSegment>
					<AudioVisualSegment id="track-0.segment-11">
						<MediaTime>
							<MediaRelTimePoint>T00:20:06:0F1000</MediaRelTimePoint>
							<MediaDuration>PT05M07S0N1000F</MediaDuration>
						</MediaTime>
						<TextAnnotation confidence="0.5" relevance="0.4"
							xml:lang="en">
							<KeywordAnnotation>
								<Keyword>DNS</Keyword>
								<Keyword>IDs</Keyword>
								<Keyword>TCP</Keyword>
								<Keyword>Task</Keyword>
								<Keyword>This</Keyword>
								<Keyword>Vulnerabilities</Keyword>
								<Keyword>against</Keyword>
								<Keyword>applications</Keyword>
								<Keyword>attack</Keyword>
								<Keyword>can</Keyword>
								<Keyword>functionality</Keyword>
								<Keyword>general</Keyword>
								<Keyword>legitimate</Keyword>
								<Keyword>original</Keyword>
								<Keyword>processed</Keyword>
								<Keyword>que</Keyword>
								<Keyword>sequence</Keyword>
								<Keyword>session</Keyword>
								<Keyword>sessions</Keyword>
								<Keyword>technique</Keyword>
								<Keyword>the</Keyword>
								<Keyword>used</Keyword>
							</KeywordAnnotation>
						</TextAnnotation>
						<TextAnnotation confidence="0.5" relevance="0.3"
							xml:lang="en">
							<KeywordAnnotation>
								<Keyword>Answer</Keyword>
								<Keyword>IDs</Keyword>
								<Keyword>Look</Keyword>
								<Keyword>This</Keyword>
								<Keyword>What</Keyword>
								<Keyword>allow</Keyword>
								<Keyword>and</Keyword>
								<Keyword>breaks</Keyword>
								<Keyword>imo</Keyword>
								<Keyword>integrity</Keyword>
								<Keyword>related</Keyword>
								<Keyword>session</Keyword>
								<Keyword>system</Keyword>
								<Keyword>tHe</Keyword>
								<Keyword>thc</Keyword>
								<Keyword>the</Keyword>
								<Keyword>vulnerable</Keyword>
							</KeywordAnnotation>
						</TextAnnotation>
						<TextAnnotation confidence="0.5" relevance="0.0"
							xml:lang="en">
							<KeywordAnnotation>
								<Keyword>an</Keyword>
								<Keyword>as</Keyword>
								<Keyword>be</Keyword>
								<Keyword>in</Keyword>
								<Keyword>is</Keyword>
								<Keyword>of</Keyword>
								<Keyword>or</Keyword>
								<Keyword>to</Keyword>
								<Keyword>up</Keyword>
								<Keyword>vu</Keyword>
							</KeywordAnnotation>
						</TextAnnotation>
						<TextAnnotation confidence="0.0" relevance="0.4"
							xml:lang="en">
							<KeywordAnnotation>
								<Keyword>-lTI</Keyword>
								<Keyword>aHIc</Keyword>
								<Keyword>and-rcg</Keyword>
								<Keyword>follcwhg</Keyword>
								<Keyword>gcncric</Keyword>
								<Keyword>infomxation</Keyword>
								<Keyword>inibrmation</Keyword>
								<Keyword>inplication</Keyword>
								<Keyword>predictable</Keyword>
								<Keyword>rdcd</Keyword>
								<Keyword>sesion</Keyword>
								<Keyword>ti0n</Keyword>
							</KeywordAnnotation>
						</TextAnnotation>
						<TextAnnotation confidence="0.0" relevance="0.3"
							xml:lang="en">
							<KeywordAnnotation>
								<Keyword>CVE</Keyword>
								<Keyword>O07-</Keyword>
								<Keyword>Pmdictablc</Keyword>
								<Keyword>ahswer</Keyword>
								<Keyword>attackcfs</Keyword>
								<Keyword>auacker</Keyword>
								<Keyword>insenpackm</Keyword>
								<Keyword>messqcs</Keyword>
								<Keyword>nerabiIity</Keyword>
								<Keyword>ofthe</Keyword>
								<Keyword>thg</Keyword>
							</KeywordAnnotation>
						</TextAnnotation>
						<TextAnnotation confidence="0.0" relevance="0.0"
							xml:lang="en">
							<KeywordAnnotation>
								<Keyword>P</Keyword>
								<Keyword>b</Keyword>
							</KeywordAnnotation>
						</TextAnnotation>
					</AudioVisualSegment>
					<AudioVisualSegment id="track-0.segment-12">
						<MediaTime>
							<MediaRelTimePoint>T00:25:13:0F1000</MediaRelTimePoint>
							<MediaDuration>PT03M25S0N1000F</MediaDuration>
						</MediaTime>
						<TextAnnotation confidence="0.5" relevance="0.4"
							xml:lang="en">
							<KeywordAnnotation>
								<Keyword>DNS</Keyword>
								<Keyword>Establishing</Keyword>
								<Keyword>HTTPS</Keyword>
								<Keyword>Lhc</Keyword>
								<Keyword>Task</Keyword>
								<Keyword>Vulnerabilities</Keyword>
								<Keyword>about</Keyword>
								<Keyword>above</Keyword>
								<Keyword>absence</Keyword>
								<Keyword>action</Keyword>
								<Keyword>against</Keyword>
								<Keyword>air</Keyword>
								<Keyword>and</Keyword>
								<Keyword>continued</Keyword>
								<Keyword>customer</Keyword>
								<Keyword>dom</Keyword>
								<Keyword>highly</Keyword>
								<Keyword>jus</Keyword>
								<Keyword>non</Keyword>
								<Keyword>protect</Keyword>
								<Keyword>que</Keyword>
								<Keyword>service</Keyword>
								<Keyword>such</Keyword>
								<Keyword>the</Keyword>
								<Keyword>trivial</Keyword>
								<Keyword>understanding</Keyword>
								<Keyword>user</Keyword>
								<Keyword>uses</Keyword>
								<Keyword>when</Keyword>
								<Keyword>without</Keyword>
							</KeywordAnnotation>
						</TextAnnotation>
						<TextAnnotation confidence="0.5" relevance="0.3"
							xml:lang="en">
							<KeywordAnnotation>
								<Keyword>Answer</Keyword>
								<Keyword>How</Keyword>
								<Keyword>Look</Keyword>
								<Keyword>above</Keyword>
								<Keyword>and</Keyword>
								<Keyword>information</Keyword>
								<Keyword>must</Keyword>
								<Keyword>related</Keyword>
								<Keyword>thc</Keyword>
								<Keyword>the</Keyword>
								<Keyword>user</Keyword>
								<Keyword>vulnerability</Keyword>
								<Keyword>work</Keyword>
							</KeywordAnnotation>
						</TextAnnotation>
						<TextAnnotation confidence="0.5" relevance="0.0"
							xml:lang="en">
							<KeywordAnnotation>
								<Keyword>In</Keyword>
								<Keyword>bc</Keyword>
								<Keyword>hc</Keyword>
								<Keyword>he</Keyword>
								<Keyword>if</Keyword>
								<Keyword>is</Keyword>
								<Keyword>of</Keyword>
								<Keyword>or</Keyword>
								<Keyword>ss</Keyword>
								<Keyword>to</Keyword>
								<Keyword>up</Keyword>
							</KeywordAnnotation>
						</TextAnnotation>
						<TextAnnotation confidence="0.0" relevance="0.4"
							xml:lang="en">
							<KeywordAnnotation>
								<Keyword>-awareness</Keyword>
								<Keyword>accessing</Keyword>
								<Keyword>atiacks</Keyword>
								<Keyword>browser-alms</Keyword>
								<Keyword>deted</Keyword>
								<Keyword>mcamra</Keyword>
								<Keyword>nullified</Keyword>
								<Keyword>ofwhat</Keyword>
								<Keyword>pmaczivc</Keyword>
								<Keyword>tion</Keyword>
								<Keyword>w,bank.com</Keyword>
								<Keyword>wondering</Keyword>
								<Keyword>yvww.bank.c0m</Keyword>
							</KeywordAnnotation>
						</TextAnnotation>
						<TextAnnotation confidence="0.0" relevance="0.3"
							xml:lang="en">
							<KeywordAnnotation>
								<Keyword>CVE</Keyword>
								<Keyword>L3er.4waren</Keyword>
								<Keyword>ahswer</Keyword>
								<Keyword>aware</Keyword>
								<Keyword>crdcr</Keyword>
								<Keyword>followhg</Keyword>
								<Keyword>makc</Keyword>
								<Keyword>mmsurc</Keyword>
								<Keyword>pank</Keyword>
								<Keyword>qoqlq</Keyword>
							</KeywordAnnotation>
						</TextAnnotation>
						<TextAnnotation confidence="0.0" relevance="0.0"
							xml:lang="en">
							<KeywordAnnotation>
								<Keyword>-</Keyword>
								<Keyword>a</Keyword>
								<Keyword>b</Keyword>
								<Keyword>wv</Keyword>
							</KeywordAnnotation>
						</TextAnnotation>
					</AudioVisualSegment>
					<AudioVisualSegment id="track-0.segment-13">
						<MediaTime>
							<MediaRelTimePoint>T00:28:38:0F1000</MediaRelTimePoint>
							<MediaDuration>PT42S0N1000F</MediaDuration>
						</MediaTime>
						<TextAnnotation confidence="0.5" relevance="0.4"
							xml:lang="en">
							<KeywordAnnotation>
								<Keyword>DNS</Keyword>
								<Keyword>Servers</Keyword>
								<Keyword>Task</Keyword>
							</KeywordAnnotation>
						</TextAnnotation>
						<TextAnnotation confidence="0.5" relevance="0.3"
							xml:lang="en">
							<KeywordAnnotation>
								<Keyword>Answer</Keyword>
								<Keyword>DNS</Keyword>
								<Keyword>Geneva</Keyword>
								<Keyword>Tools</Keyword>
								<Keyword>addresses</Keyword>
								<Keyword>and</Keyword>
								<Keyword>are</Keyword>
								<Keyword>dig</Keyword>
								<Keyword>for</Keyword>
								<Keyword>like</Keyword>
								<Keyword>the</Keyword>
								<Keyword>very</Keyword>
							</KeywordAnnotation>
						</TextAnnotation>
						<TextAnnotation confidence="0.5" relevance="0.0"
							xml:lang="en">
							<KeywordAnnotation>
								<Keyword>IP</Keyword>
								<Keyword>at</Keyword>
								<Keyword>of</Keyword>
								<Keyword>to</Keyword>
							</KeywordAnnotation>
						</TextAnnotation>
						<TextAnnotation confidence="0.0" relevance="0.4"
							xml:lang="en">
							<KeywordAnnotation>
								<Keyword>Deccnstructed</Keyword>
							</KeywordAnnotation>
						</TextAnnotation>
						<TextAnnotation confidence="0.0" relevance="0.3"
							xml:lang="en">
							<KeywordAnnotation>
								<Keyword>Bpgenks</Keyword>
								<Keyword>Jse</Keyword>
								<Keyword>Qnalyzjhg</Keyword>
								<Keyword>Universty</Keyword>
								<Keyword>conhgurhtiois</Keyword>
								<Keyword>fpdns</Keyword>
								<Keyword>gervers</Keyword>
								<Keyword>hame</Keyword>
								<Keyword>iqsptify</Keyword>
								<Keyword>sewers</Keyword>
								<Keyword>usefql</Keyword>
								<Keyword>whpisj</Keyword>
								<Keyword>yhois</Keyword>
							</KeywordAnnotation>
						</TextAnnotation>
						<TextAnnotation confidence="0.0" relevance="0.0"
							xml:lang="en">
							<KeywordAnnotation>
								<Keyword>a</Keyword>
								<Keyword>l</Keyword>
							</KeywordAnnotation>
						</TextAnnotation>
					</AudioVisualSegment>
					<AudioVisualSegment id="track-0.segment-14">
						<MediaTime>
							<MediaRelTimePoint>T00:29:20:0F1000</MediaRelTimePoint>
							<MediaDuration>PT02M35S0N1000F</MediaDuration>
						</MediaTime>
						<TextAnnotation confidence="0.5" relevance="0.4"
							xml:lang="en">
							<KeywordAnnotation>
								<Keyword>ANSWER</Keyword>
								<Keyword>DNS</Keyword>
								<Keyword>Indications</Keyword>
								<Keyword>Servers</Keyword>
								<Keyword>State</Keyword>
								<Keyword>Task</Keyword>
								<Keyword>The</Keyword>
								<Keyword>address</Keyword>
								<Keyword>and</Keyword>
								<Keyword>answer</Keyword>
								<Keyword>are</Keyword>
								<Keyword>available</Keyword>
								<Keyword>below</Keyword>
								<Keyword>displayed</Keyword>
								<Keyword>dns</Keyword>
								<Keyword>domain</Keyword>
								<Keyword>flags</Keyword>
								<Keyword>for</Keyword>
								<Keyword>gives</Keyword>
								<Keyword>name</Keyword>
								<Keyword>net</Keyword>
								<Keyword>recursion</Keyword>
								<Keyword>recursive</Keyword>
								<Keyword>thc</Keyword>
								<Keyword>the</Keyword>
								<Keyword>this</Keyword>
								<Keyword>whether</Keyword>
							</KeywordAnnotation>
						</TextAnnotation>
						<TextAnnotation confidence="0.5" relevance="0.3"
							xml:lang="en">
							<KeywordAnnotation>
								<Keyword>Answer</Keyword>
								<Keyword>DNS</Keyword>
								<Keyword>This</Keyword>
								<Keyword>nameserver</Keyword>
								<Keyword>server</Keyword>
								<Keyword>the</Keyword>
							</KeywordAnnotation>
						</TextAnnotation>
						<TextAnnotation confidence="0.5" relevance="0.0"
							xml:lang="en">
							<KeywordAnnotation>
								<Keyword>IP</Keyword>
								<Keyword>by</Keyword>
								<Keyword>cf</Keyword>
								<Keyword>hn</Keyword>
								<Keyword>is</Keyword>
								<Keyword>ra</Keyword>
								<Keyword>to</Keyword>
								<Keyword>us</Keyword>
							</KeywordAnnotation>
						</TextAnnotation>
						<TextAnnotation confidence="0.0" relevance="0.4"
							xml:lang="en">
							<KeywordAnnotation>
								<Keyword>Deconstructed</Keyword>
								<Keyword>Hcld</Keyword>
								<Keyword>IPaddrcss</Keyword>
								<Keyword>acccpu</Keyword>
								<Keyword>accepts</Keyword>
								<Keyword>bIuewin.ch</Keyword>
								<Keyword>cgl</Keyword>
								<Keyword>dns93.unige.ch</Keyword>
								<Keyword>ihe</Keyword>
								<Keyword>infonzmation</Keyword>
								<Keyword>qucrics</Keyword>
								<Keyword>querie</Keyword>
								<Keyword>rccursivc</Keyword>
								<Keyword>recursively</Keyword>
								<Keyword>rsolved</Keyword>
								<Keyword>sccrion</Keyword>
								<Keyword>serv</Keyword>
								<Keyword>wmMAte</Keyword>
								<Keyword>wwwxechnicalinfonct</Keyword>
							</KeywordAnnotation>
						</TextAnnotation>
						<TextAnnotation confidence="0.0" relevance="0.3"
							xml:lang="en">
							<KeywordAnnotation>
								<Keyword>Querying</Keyword>
							</KeywordAnnotation>
						</TextAnnotation>
						<TextAnnotation confidence="0.0" relevance="0.0"
							xml:lang="en">
							<KeywordAnnotation>
								<Keyword>b</Keyword>
								<Keyword>l</Keyword>
								<Keyword>n</Keyword>
								<Keyword>r</Keyword>
							</KeywordAnnotation>
						</TextAnnotation>
					</AudioVisualSegment>
					<AudioVisualSegment id="track-0.segment-15">
						<MediaTime>
							<MediaRelTimePoint>T00:31:55:0F1000</MediaRelTimePoint>
							<MediaDuration>PT58S0N1000F</MediaDuration>
						</MediaTime>
						<TextAnnotation confidence="0.5" relevance="0.4"
							xml:lang="en">
							<KeywordAnnotation>
								<Keyword>DNS</Keyword>
								<Keyword>Others</Keyword>
								<Keyword>bypassing</Keyword>
								<Keyword>corporate</Keyword>
								<Keyword>for</Keyword>
								<Keyword>may</Keyword>
								<Keyword>networks</Keyword>
								<Keyword>restrictions</Keyword>
								<Keyword>use</Keyword>
							</KeywordAnnotation>
						</TextAnnotation>
						<TextAnnotation confidence="0.5" relevance="0.0"
							xml:lang="en">
							<KeywordAnnotation>
								<Keyword>IU</Keyword>
								<Keyword>in</Keyword>
							</KeywordAnnotation>
						</TextAnnotation>
						<TextAnnotation confidence="0.0" relevance="0.4"
							xml:lang="en">
							<KeywordAnnotation>
								<Keyword>MFi</Keyword>
								<Keyword>hotspots</Keyword>
							</KeywordAnnotation>
						</TextAnnotation>
						<TextAnnotation confidence="0.0" relevance="0.3"
							xml:lang="en">
							<KeywordAnnotation>
								<Keyword>KHQ</Keyword>
							</KeywordAnnotation>
						</TextAnnotation>
						<TextAnnotation confidence="0.0" relevance="0.0"
							xml:lang="en">
							<KeywordAnnotation>
								<Keyword>J</Keyword>
								<Keyword>Y</Keyword>
								<Keyword>i</Keyword>
								<Keyword>r</Keyword>
							</KeywordAnnotation>
						</TextAnnotation>
					</AudioVisualSegment>
					<AudioVisualSegment id="track-0.segment-16">
						<MediaTime>
							<MediaRelTimePoint>T00:32:53:0F1000</MediaRelTimePoint>
							<MediaDuration>PT03M36S0N1000F</MediaDuration>
						</MediaTime>
						<TextAnnotation confidence="0.5" relevance="0.4"
							xml:lang="en">
							<KeywordAnnotation>
								<Keyword>DNS</Keyword>
								<Keyword>How</Keyword>
								<Keyword>TIS</Keyword>
								<Keyword>Tcp</Keyword>
								<Keyword>The</Keyword>
								<Keyword>administrator</Keyword>
								<Keyword>client</Keyword>
								<Keyword>data</Keyword>
								<Keyword>dns</Keyword>
								<Keyword>does</Keyword>
								<Keyword>has</Keyword>
								<Keyword>local</Keyword>
								<Keyword>out</Keyword>
								<Keyword>probably</Keyword>
								<Keyword>ring</Keyword>
								<Keyword>server</Keyword>
								<Keyword>that</Keyword>
								<Keyword>the</Keyword>
								<Keyword>work</Keyword>
							</KeywordAnnotation>
						</TextAnnotation>
						<TextAnnotation confidence="0.5" relevance="0.3"
							xml:lang="en">
							<KeywordAnnotation>
								<Keyword>DNS</Keyword>
								<Keyword>The</Keyword>
								<Keyword>address</Keyword>
								<Keyword>and</Keyword>
								<Keyword>answer</Keyword>
								<Keyword>back</Keyword>
								<Keyword>client</Keyword>
								<Keyword>data</Keyword>
								<Keyword>encodes</Keyword>
								<Keyword>from</Keyword>
								<Keyword>local</Keyword>
								<Keyword>onto</Keyword>
								<Keyword>semen</Keyword>
								<Keyword>sent</Keyword>
								<Keyword>server</Keyword>
								<Keyword>that</Keyword>
								<Keyword>the</Keyword>
								<Keyword>will</Keyword>
							</KeywordAnnotation>
						</TextAnnotation>
						<TextAnnotation confidence="0.5" relevance="0.0"
							xml:lang="en">
							<KeywordAnnotation>
								<Keyword>an</Keyword>
								<Keyword>in</Keyword>
								<Keyword>is</Keyword>
								<Keyword>it</Keyword>
								<Keyword>lg</Keyword>
								<Keyword>li</Keyword>
								<Keyword>rS</Keyword>
								<Keyword>to</Keyword>
							</KeywordAnnotation>
						</TextAnnotation>
						<TextAnnotation confidence="0.0" relevance="0.4"
							xml:lang="en">
							<KeywordAnnotation>
								<Keyword>Erewalls</Keyword>
								<Keyword>QUBSEODZI</Keyword>
								<Keyword>abqut</Keyword>
								<Keyword>cncod</Keyword>
								<Keyword>fgrgo</Keyword>
								<Keyword>g6nEg</Keyword>
								<Keyword>icp</Keyword>
								<Keyword>iyhen</Keyword>
								<Keyword>over-dns</Keyword>
								<Keyword>sends</Keyword>
								<Keyword>tcp-qver</Keyword>
							</KeywordAnnotation>
						</TextAnnotation>
						<TextAnnotation confidence="0.0" relevance="0.3"
							xml:lang="en">
							<KeywordAnnotation>
								<Keyword>CBDUOI</Keyword>
								<Keyword>STISWGI</Keyword>
								<Keyword>clionfs</Keyword>
								<Keyword>decodes</Keyword>
								<Keyword>forwards</Keyword>
								<Keyword>over-dns</Keyword>
								<Keyword>servefs</Keyword>
								<Keyword>tcpover-dns</Keyword>
							</KeywordAnnotation>
						</TextAnnotation>
						<TextAnnotation confidence="0.0" relevance="0.0"
							xml:lang="en">
							<KeywordAnnotation>
								<Keyword>A</Keyword>
								<Keyword>L</Keyword>
								<Keyword>V</Keyword>
								<Keyword>i</Keyword>
								<Keyword>l</Keyword>
							</KeywordAnnotation>
						</TextAnnotation>
					</AudioVisualSegment>
					<AudioVisualSegment id="track-0.segment-17">
						<MediaTime>
							<MediaRelTimePoint>T00:36:29:0F1000</MediaRelTimePoint>
							<MediaDuration>PT04M10S0N1000F</MediaDuration>
						</MediaTime>
						<TextAnnotation confidence="0.5" relevance="0.4"
							xml:lang="en">
							<KeywordAnnotation>
								<Keyword>Ingredients</Keyword>
								<Keyword>target</Keyword>
							</KeywordAnnotation>
						</TextAnnotation>
						<TextAnnotation confidence="0.5" relevance="0.3"
							xml:lang="en">
							<KeywordAnnotation>
								<Keyword>DNS</Keyword>
								<Keyword>ISP</Keyword>
								<Keyword>JRE</Keyword>
								<Keyword>OWN</Keyword>
								<Keyword>TCP</Keyword>
								<Keyword>bor</Keyword>
								<Keyword>client</Keyword>
								<Keyword>does</Keyword>
								<Keyword>for</Keyword>
								<Keyword>home</Keyword>
								<Keyword>listening</Keyword>
								<Keyword>machine</Keyword>
								<Keyword>mess</Keyword>
								<Keyword>not</Keyword>
								<Keyword>requires</Keyword>
								<Keyword>running</Keyword>
								<Keyword>server</Keyword>
								<Keyword>that</Keyword>
								<Keyword>the</Keyword>
								<Keyword>usually</Keyword>
								<Keyword>with</Keyword>
								<Keyword>your</Keyword>
							</KeywordAnnotation>
						</TextAnnotation>
						<TextAnnotation confidence="0.5" relevance="0.0"
							xml:lang="en">
							<KeywordAnnotation>
								<Keyword>An</Keyword>
								<Keyword>PC</Keyword>
								<Keyword>at</Keyword>
								<Keyword>on</Keyword>
							</KeywordAnnotation>
						</TextAnnotation>
						<TextAnnotation confidence="0.0" relevance="0.4"
							xml:lang="en">
							<KeywordAnnotation>
								<Keyword>pinging</Keyword>
								<Keyword>rlqme</Keyword>
							</KeywordAnnotation>
						</TextAnnotation>
						<TextAnnotation confidence="0.0" relevance="0.3"
							xml:lang="en">
							<KeywordAnnotation>
								<Keyword>Iunscuuy</Keyword>
								<Keyword>Sewer</Keyword>
								<Keyword>TCP-over-DNS</Keyword>
								<Keyword>cver</Keyword>
								<Keyword>domah</Keyword>
								<Keyword>dyndns.com</Keyword>
								<Keyword>lntemet</Keyword>
								<Keyword>ngurswe</Keyword>
								<Keyword>schware</Keyword>
								<Keyword>tcp-over-dns</Keyword>
								<Keyword>vnfskl</Keyword>
							</KeywordAnnotation>
						</TextAnnotation>
						<TextAnnotation confidence="0.0" relevance="0.0"
							xml:lang="en">
							<KeywordAnnotation>
								<Keyword>A</Keyword>
								<Keyword>B</Keyword>
								<Keyword>R</Keyword>
								<Keyword>W</Keyword>
								<Keyword>a</Keyword>
								<Keyword>d</Keyword>
								<Keyword>k</Keyword>
								<Keyword>m</Keyword>
							</KeywordAnnotation>
						</TextAnnotation>
					</AudioVisualSegment>
					<AudioVisualSegment id="track-0.segment-18">
						<MediaTime>
							<MediaRelTimePoint>T00:40:39:0F1000</MediaRelTimePoint>
							<MediaDuration>PT02M57S0N1000F</MediaDuration>
						</MediaTime>
						<TextAnnotation confidence="0.5" relevance="0.4"
							xml:lang="en">
							<KeywordAnnotation>
								<Keyword>Finishing</Keyword>
								<Keyword>destination</Keyword>
								<Keyword>recipe</Keyword>
								<Keyword>the</Keyword>
							</KeywordAnnotation>
						</TextAnnotation>
						<TextAnnotation confidence="0.5" relevance="0.3"
							xml:lang="en">
							<KeywordAnnotation>
								<Keyword>Black</Keyword>
								<Keyword>DNS</Keyword>
								<Keyword>Dan</Keyword>
								<Keyword>Does</Keyword>
								<Keyword>Further</Keyword>
								<Keyword>Hat</Keyword>
								<Keyword>Ops</Keyword>
								<Keyword>Proxy</Keyword>
								<Keyword>SSH</Keyword>
								<Keyword>The</Keyword>
								<Keyword>VPN</Keyword>
								<Keyword>Yes</Keyword>
								<Keyword>because</Keyword>
								<Keyword>can</Keyword>
								<Keyword>character</Keyword>
								<Keyword>destination</Keyword>
								<Keyword>has</Keyword>
								<Keyword>help</Keyword>
								<Keyword>home</Keyword>
								<Keyword>include</Keyword>
								<Keyword>machine</Keyword>
								<Keyword>need</Keyword>
								<Keyword>query</Keyword>
								<Keyword>quite</Keyword>
								<Keyword>reading</Keyword>
								<Keyword>related</Keyword>
								<Keyword>replies</Keyword>
								<Keyword>restrictions</Keyword>
								<Keyword>server</Keyword>
								<Keyword>set</Keyword>
								<Keyword>slow</Keyword>
								<Keyword>the</Keyword>
								<Keyword>tunnel</Keyword>
								<Keyword>will</Keyword>
								<Keyword>work</Keyword>
								<Keyword>you</Keyword>
								<Keyword>your</Keyword>
							</KeywordAnnotation>
						</TextAnnotation>
						<TextAnnotation confidence="0.5" relevance="0.0"
							xml:lang="en">
							<KeywordAnnotation>
								<Keyword>be</Keyword>
								<Keyword>it</Keyword>
								<Keyword>of</Keyword>
								<Keyword>on</Keyword>
								<Keyword>to</Keyword>
							</KeywordAnnotation>
						</TextAnnotation>
						<TextAnnotation confidence="0.0" relevance="0.3"
							xml:lang="en">
							<KeywordAnnotation>
								<Keyword>Karninsky</Keyword>
								<Keyword>Tcp-over-dns</Keyword>
								<Keyword>VNC</Keyword>
								<Keyword>sewer</Keyword>
								<Keyword>traftic</Keyword>
							</KeywordAnnotation>
						</TextAnnotation>
						<TextAnnotation confidence="0.0" relevance="0.0"
							xml:lang="en">
							<KeywordAnnotation>
								<Keyword>A</Keyword>
								<Keyword>I</Keyword>
								<Keyword>a</Keyword>
							</KeywordAnnotation>
						</TextAnnotation>
					</AudioVisualSegment>
					<AudioVisualSegment id="track-0.segment-19">
						<MediaTime>
							<MediaRelTimePoint>T00:43:36:0F1000</MediaRelTimePoint>
							<MediaDuration>PT02M40S0N1000F</MediaDuration>
						</MediaTime>
						<TextAnnotation confidence="0.5" relevance="0.4"
							xml:lang="en">
							<KeywordAnnotation>
								<Keyword>Questions</Keyword>
							</KeywordAnnotation>
						</TextAnnotation>
						<TextAnnotation confidence="0.0" relevance="0.0"
							xml:lang="en">
							<KeywordAnnotation>
								<Keyword>r</Keyword>
							</KeywordAnnotation>
						</TextAnnotation>
					</AudioVisualSegment>
					<AudioVisualSegment id="track-0.segment-20">
						<MediaTime>
							<MediaRelTimePoint>T00:46:16:0F1000</MediaRelTimePoint>
							<MediaDuration>PT01S214N1000F</MediaDuration>
						</MediaTime>
						<TextAnnotation confidence="0.5" relevance="0.4"
							xml:lang="en">
							<KeywordAnnotation>
								<Keyword>Questions</Keyword>
							</KeywordAnnotation>
						</TextAnnotation>
						<TextAnnotation confidence="0.0" relevance="0.0"
							xml:lang="en">
							<KeywordAnnotation>
								<Keyword>P</Keyword>
								<Keyword>r</Keyword>
							</KeywordAnnotation>
						</TextAnnotation>
					</AudioVisualSegment>
				</TemporalDecomposition>
			</AudioVisual>
		</MultimediaContent>
	</Description>
</Mpeg7>
