<?xml version="1.0" encoding="UTF-8"?>
<Mpeg7 xmlns="urn:mpeg:mpeg7:schema:2001" xmlns:mpeg7="urn:mpeg7:schema:2001"
	xmlns:xsi="http://www.w3.org/2001/XMLSchema-instance/">
	<Description xsi:type="ContentEntityType">
		<MultimediaContent xsi:type="AudioVisualType">
			<AudioVisual id="track-1">
				<MediaLocator>
					<MediaUri>file:tracks/20090911_zisc_talk08.mov</MediaUri>
				</MediaLocator>
				<MediaTime>
					<MediaTimePoint>T00:00:00:0F1</MediaTimePoint>
					<MediaDuration>PT59M15S571N1000F</MediaDuration>
				</MediaTime>
				<TemporalDecomposition criteria="temporal"
					gap="false" overlap="false">
					<AudioVisualSegment id="track-1.segment-1">
						<MediaTime>
							<MediaRelTimePoint>T00:00:00:0F1000</MediaRelTimePoint>
							<MediaDuration>PT50S0N1000F</MediaDuration>
						</MediaTime>
						<TextAnnotation confidence="0.5" relevance="0.5"
							xml:lang="en">
							<KeywordAnnotation>
								<Keyword>Cloud</Keyword>
								<Keyword>Computing</Keyword>
								<Keyword>Perspective</Keyword>
								<Keyword>Security</Keyword>
								<Keyword>and</Keyword>
							</KeywordAnnotation>
						</TextAnnotation>
						<TextAnnotation confidence="0.5" relevance="0.3"
							xml:lang="en">
							<KeywordAnnotation>
								<Keyword>Cloud</Keyword>
								<Keyword>Computing</Keyword>
								<Keyword>Engineering</Keyword>
								<Keyword>GmbH</Keyword>
								<Keyword>Google</Keyword>
								<Keyword>Manager</Keyword>
								<Keyword>Peter</Keyword>
								<Keyword>Switzerland</Keyword>
								<Keyword>for</Keyword>
								<Keyword>getting</Keyword>
								<Keyword>hear</Keyword>
								<Keyword>here</Keyword>
								<Keyword>this</Keyword>
							</KeywordAnnotation>
						</TextAnnotation>
						<TextAnnotation confidence="0.5" relevance="0.2"
							xml:lang="en">
							<KeywordAnnotation>
								<Keyword>Security</Keyword>
								<Keyword>Sept</Keyword>
								<Keyword>Thanks</Keyword>
							</KeywordAnnotation>
						</TextAnnotation>
						<TextAnnotation confidence="0.5" relevance="0.0"
							xml:lang="en">
							<KeywordAnnotation>
								<Keyword>PS</Keyword>
								<Keyword>in</Keyword>
								<Keyword>nd</Keyword>
								<Keyword>to</Keyword>
							</KeywordAnnotation>
						</TextAnnotation>
						<TextAnnotation confidence="0.0" relevance="0.5"
							xml:lang="en">
							<KeywordAnnotation>
								<Keyword>Googl</Keyword>
							</KeywordAnnotation>
						</TextAnnotation>
						<TextAnnotation confidence="0.0" relevance="0.3"
							xml:lang="en">
							<KeywordAnnotation>
								<Keyword>Dickman</Keyword>
							</KeywordAnnotation>
						</TextAnnotation>
						<TextAnnotation confidence="0.0" relevance="0.2"
							xml:lang="en">
							<KeywordAnnotation>
								<Keyword>Envirbrim</Keyword>
								<Keyword>QTH</Keyword>
								<Keyword>Virtualized</Keyword>
								<Keyword>Worgshpp</Keyword>
								<Keyword>ZISC</Keyword>
								<Keyword>Zurich</Keyword>
								<Keyword>nts</Keyword>
							</KeywordAnnotation>
						</TextAnnotation>
						<TextAnnotation confidence="0.0" relevance="0.0"
							xml:lang="en">
							<KeywordAnnotation>
								<Keyword>-</Keyword>
								<Keyword>a</Keyword>
								<Keyword>e</Keyword>
								<Keyword>y</Keyword>
							</KeywordAnnotation>
						</TextAnnotation>
					</AudioVisualSegment>
					<AudioVisualSegment id="track-1.segment-2">
						<MediaTime>
							<MediaRelTimePoint>T00:00:50:0F1000</MediaRelTimePoint>
							<MediaDuration>PT50S0N1000F</MediaDuration>
						</MediaTime>
						<TextAnnotation confidence="0.5" relevance="0.5"
							xml:lang="en">
							<KeywordAnnotation>
								<Keyword>Cloud</Keyword>
								<Keyword>Computing</Keyword>
								<Keyword>Perspective</Keyword>
								<Keyword>Security</Keyword>
								<Keyword>and</Keyword>
							</KeywordAnnotation>
						</TextAnnotation>
						<TextAnnotation confidence="0.5" relevance="0.3"
							xml:lang="en">
							<KeywordAnnotation>
								<Keyword>Engineering</Keyword>
								<Keyword>GmbH</Keyword>
								<Keyword>Google</Keyword>
								<Keyword>Manager</Keyword>
								<Keyword>Peter</Keyword>
								<Keyword>Switzerland</Keyword>
								<Keyword>Thanks</Keyword>
								<Keyword>and</Keyword>
								<Keyword>for</Keyword>
								<Keyword>getting</Keyword>
								<Keyword>hear</Keyword>
								<Keyword>here</Keyword>
								<Keyword>this</Keyword>
							</KeywordAnnotation>
						</TextAnnotation>
						<TextAnnotation confidence="0.5" relevance="0.2"
							xml:lang="en">
							<KeywordAnnotation>
								<Keyword>Sept</Keyword>
							</KeywordAnnotation>
						</TextAnnotation>
						<TextAnnotation confidence="0.5" relevance="0.0"
							xml:lang="en">
							<KeywordAnnotation>
								<Keyword>PS</Keyword>
								<Keyword>an</Keyword>
								<Keyword>to</Keyword>
							</KeywordAnnotation>
						</TextAnnotation>
						<TextAnnotation confidence="0.0" relevance="0.5"
							xml:lang="en">
							<KeywordAnnotation>
								<Keyword>Go0gl</Keyword>
							</KeywordAnnotation>
						</TextAnnotation>
						<TextAnnotation confidence="0.0" relevance="0.3"
							xml:lang="en">
							<KeywordAnnotation>
								<Keyword>Dickman</Keyword>
								<Keyword>cmu</Keyword>
								<Keyword>compuung</Keyword>
							</KeywordAnnotation>
						</TextAnnotation>
						<TextAnnotation confidence="0.0" relevance="0.2"
							xml:lang="en">
							<KeywordAnnotation>
								<Keyword>QTH</Keyword>
								<Keyword>Worgshop</Keyword>
								<Keyword>ZISC</Keyword>
								<Keyword>Zurich</Keyword>
								<Keyword>nns</Keyword>
								<Keyword>secumy</Keyword>
								<Keyword>snvarbdm</Keyword>
								<Keyword>vmuauzec</Keyword>
							</KeywordAnnotation>
						</TextAnnotation>
						<TextAnnotation confidence="0.0" relevance="0.0"
							xml:lang="en">
							<KeywordAnnotation>
								<Keyword>-</Keyword>
								<Keyword>a</Keyword>
								<Keyword>e</Keyword>
								<Keyword>y</Keyword>
							</KeywordAnnotation>
						</TextAnnotation>
					</AudioVisualSegment>
					<AudioVisualSegment id="track-1.segment-3">
						<MediaTime>
							<MediaRelTimePoint>T00:01:40:0F1000</MediaRelTimePoint>
							<MediaDuration>PT29S0N1000F</MediaDuration>
						</MediaTime>
						<TextAnnotation confidence="0.5" relevance="0.5"
							xml:lang="en">
							<KeywordAnnotation>
								<Keyword>Cloud</Keyword>
								<Keyword>Computing</Keyword>
								<Keyword>Perspective</Keyword>
								<Keyword>Security</Keyword>
								<Keyword>and</Keyword>
							</KeywordAnnotation>
						</TextAnnotation>
						<TextAnnotation confidence="0.5" relevance="0.3"
							xml:lang="en">
							<KeywordAnnotation>
								<Keyword>Cloud</Keyword>
								<Keyword>Computing</Keyword>
								<Keyword>Engineering</Keyword>
								<Keyword>GmbH</Keyword>
								<Keyword>Google</Keyword>
								<Keyword>Manager</Keyword>
								<Keyword>Peter</Keyword>
								<Keyword>Switzerland</Keyword>
								<Keyword>for</Keyword>
								<Keyword>getting</Keyword>
								<Keyword>hear</Keyword>
								<Keyword>here</Keyword>
								<Keyword>this</Keyword>
							</KeywordAnnotation>
						</TextAnnotation>
						<TextAnnotation confidence="0.5" relevance="0.2"
							xml:lang="en">
							<KeywordAnnotation>
								<Keyword>Security</Keyword>
								<Keyword>Sept</Keyword>
								<Keyword>Thanks</Keyword>
							</KeywordAnnotation>
						</TextAnnotation>
						<TextAnnotation confidence="0.5" relevance="0.0"
							xml:lang="en">
							<KeywordAnnotation>
								<Keyword>PS</Keyword>
								<Keyword>TH</Keyword>
								<Keyword>in</Keyword>
								<Keyword>nd</Keyword>
								<Keyword>to</Keyword>
							</KeywordAnnotation>
						</TextAnnotation>
						<TextAnnotation confidence="0.0" relevance="0.5"
							xml:lang="en">
							<KeywordAnnotation>
								<Keyword>Googl</Keyword>
							</KeywordAnnotation>
						</TextAnnotation>
						<TextAnnotation confidence="0.0" relevance="0.3"
							xml:lang="en">
							<KeywordAnnotation>
								<Keyword>Dickman</Keyword>
							</KeywordAnnotation>
						</TextAnnotation>
						<TextAnnotation confidence="0.0" relevance="0.2"
							xml:lang="en">
							<KeywordAnnotation>
								<Keyword>Envirbrim</Keyword>
								<Keyword>Virtualized</Keyword>
								<Keyword>Worgshop</Keyword>
								<Keyword>ZISC</Keyword>
								<Keyword>Zurich</Keyword>
								<Keyword>nts</Keyword>
							</KeywordAnnotation>
						</TextAnnotation>
						<TextAnnotation confidence="0.0" relevance="0.0"
							xml:lang="en">
							<KeywordAnnotation>
								<Keyword>-</Keyword>
								<Keyword>a</Keyword>
								<Keyword>e</Keyword>
								<Keyword>y</Keyword>
							</KeywordAnnotation>
						</TextAnnotation>
					</AudioVisualSegment>
					<AudioVisualSegment id="track-1.segment-4">
						<MediaTime>
							<MediaRelTimePoint>T00:02:09:0F1000</MediaRelTimePoint>
							<MediaDuration>PT57S0N1000F</MediaDuration>
						</MediaTime>
						<TextAnnotation confidence="0.5" relevance="0.4"
							xml:lang="en">
							<KeywordAnnotation>
								<Keyword>BUT</Keyword>
								<Keyword>Cloud</Keyword>
								<Keyword>Clouds</Keyword>
								<Keyword>More</Keyword>
								<Keyword>Weak</Keyword>
								<Keyword>advantages</Keyword>
								<Keyword>and</Keyword>
								<Keyword>are</Keyword>
								<Keyword>bullet</Keyword>
								<Keyword>clouds</Keyword>
								<Keyword>defence</Keyword>
								<Keyword>depth</Keyword>
								<Keyword>designed</Keyword>
								<Keyword>elsewhere</Keyword>
								<Keyword>enhanced</Keyword>
								<Keyword>focus</Keyword>
								<Keyword>from</Keyword>
								<Keyword>functionality</Keyword>
								<Keyword>have</Keyword>
								<Keyword>higher</Keyword>
								<Keyword>point</Keyword>
								<Keyword>provides</Keyword>
								<Keyword>quality</Keyword>
								<Keyword>security</Keyword>
								<Keyword>shared</Keyword>
								<Keyword>silver</Keyword>
								<Keyword>solutions</Keyword>
								<Keyword>some</Keyword>
								<Keyword>start</Keyword>
								<Keyword>the</Keyword>
								<Keyword>there</Keyword>
								<Keyword>used</Keyword>
								<Keyword>user</Keyword>
								<Keyword>work</Keyword>
							</KeywordAnnotation>
						</TextAnnotation>
						<TextAnnotation confidence="0.5" relevance="0.3"
							xml:lang="en">
							<KeywordAnnotation>
								<Keyword>but</Keyword>
								<Keyword>isn</Keyword>
								<Keyword>won</Keyword>
							</KeywordAnnotation>
						</TextAnnotation>
						<TextAnnotation confidence="0.5" relevance="0.0"
							xml:lang="en">
							<KeywordAnnotation>
								<Keyword>in</Keyword>
								<Keyword>no</Keyword>
								<Keyword>to</Keyword>
							</KeywordAnnotation>
						</TextAnnotation>
						<TextAnnotation confidence="0.0" relevance="0.5"
							xml:lang="en">
							<KeywordAnnotation>
								<Keyword>Summanyu</Keyword>
							</KeywordAnnotation>
						</TextAnnotation>
						<TextAnnotation confidence="0.0" relevance="0.4"
							xml:lang="en">
							<KeywordAnnotation>
								<Keyword>Virtualisation</Keyword>
								<Keyword>anti-DDOS</Keyword>
								<Keyword>anti-malware</Keyword>
								<Keyword>benehtsu</Keyword>
								<Keyword>demands</Keyword>
								<Keyword>sgcurity</Keyword>
								<Keyword>unavoidable</Keyword>
								<Keyword>unsafely</Keyword>
								<Keyword>usecurity</Keyword>
							</KeywordAnnotation>
						</TextAnnotation>
						<TextAnnotation confidence="0.0" relevance="0.3"
							xml:lang="en">
							<KeywordAnnotation>
								<Keyword>panacea</Keyword>
							</KeywordAnnotation>
						</TextAnnotation>
						<TextAnnotation confidence="0.0" relevance="0.0"
							xml:lang="en">
							<KeywordAnnotation>
								<Keyword>a</Keyword>
								<Keyword>s</Keyword>
								<Keyword>t</Keyword>
							</KeywordAnnotation>
						</TextAnnotation>
					</AudioVisualSegment>
					<AudioVisualSegment id="track-1.segment-5">
						<MediaTime>
							<MediaRelTimePoint>T00:03:06:0F1000</MediaRelTimePoint>
							<MediaDuration>PT32S0N1000F</MediaDuration>
						</MediaTime>
						<TextAnnotation confidence="0.5" relevance="0.5"
							xml:lang="en">
							<KeywordAnnotation>
								<Keyword>Summary</Keyword>
							</KeywordAnnotation>
						</TextAnnotation>
						<TextAnnotation confidence="0.5" relevance="0.4"
							xml:lang="en">
							<KeywordAnnotation>
								<Keyword>BUT</Keyword>
								<Keyword>Cloud</Keyword>
								<Keyword>Clouds</Keyword>
								<Keyword>More</Keyword>
								<Keyword>Weak</Keyword>
								<Keyword>advantages</Keyword>
								<Keyword>and</Keyword>
								<Keyword>are</Keyword>
								<Keyword>benefits</Keyword>
								<Keyword>bullet</Keyword>
								<Keyword>clouds</Keyword>
								<Keyword>defence</Keyword>
								<Keyword>depth</Keyword>
								<Keyword>designed</Keyword>
								<Keyword>elsewhere</Keyword>
								<Keyword>enhanced</Keyword>
								<Keyword>focus</Keyword>
								<Keyword>from</Keyword>
								<Keyword>functionality</Keyword>
								<Keyword>have</Keyword>
								<Keyword>higher</Keyword>
								<Keyword>point</Keyword>
								<Keyword>provides</Keyword>
								<Keyword>quality</Keyword>
								<Keyword>security</Keyword>
								<Keyword>shared</Keyword>
								<Keyword>silver</Keyword>
								<Keyword>solutions</Keyword>
								<Keyword>soma</Keyword>
								<Keyword>start</Keyword>
								<Keyword>the</Keyword>
								<Keyword>there</Keyword>
								<Keyword>used</Keyword>
								<Keyword>user</Keyword>
								<Keyword>work</Keyword>
							</KeywordAnnotation>
						</TextAnnotation>
						<TextAnnotation confidence="0.5" relevance="0.3"
							xml:lang="en">
							<KeywordAnnotation>
								<Keyword>but</Keyword>
								<Keyword>isn</Keyword>
								<Keyword>won</Keyword>
							</KeywordAnnotation>
						</TextAnnotation>
						<TextAnnotation confidence="0.5" relevance="0.0"
							xml:lang="en">
							<KeywordAnnotation>
								<Keyword>in</Keyword>
								<Keyword>no</Keyword>
								<Keyword>to</Keyword>
							</KeywordAnnotation>
						</TextAnnotation>
						<TextAnnotation confidence="0.0" relevance="0.4"
							xml:lang="en">
							<KeywordAnnotation>
								<Keyword>anti-DDOS</Keyword>
								<Keyword>anti-malware</Keyword>
								<Keyword>demands</Keyword>
								<Keyword>panacea</Keyword>
								<Keyword>unavoidable</Keyword>
								<Keyword>unsafely</Keyword>
							</KeywordAnnotation>
						</TextAnnotation>
						<TextAnnotation confidence="0.0" relevance="0.3"
							xml:lang="en">
							<KeywordAnnotation>
								<Keyword>Virtualisation</Keyword>
							</KeywordAnnotation>
						</TextAnnotation>
						<TextAnnotation confidence="0.0" relevance="0.0"
							xml:lang="en">
							<KeywordAnnotation>
								<Keyword>a</Keyword>
								<Keyword>s</Keyword>
								<Keyword>t</Keyword>
							</KeywordAnnotation>
						</TextAnnotation>
					</AudioVisualSegment>
					<AudioVisualSegment id="track-1.segment-6">
						<MediaTime>
							<MediaRelTimePoint>T00:03:38:0F1000</MediaRelTimePoint>
							<MediaDuration>PT25S0N1000F</MediaDuration>
						</MediaTime>
						<TextAnnotation confidence="0.5" relevance="0.5"
							xml:lang="de">
							<KeywordAnnotation>
								<Keyword>Services</Keyword>
							</KeywordAnnotation>
						</TextAnnotation>
						<TextAnnotation confidence="0.5" relevance="0.4"
							xml:lang="de">
							<KeywordAnnotation>
								<Keyword>Amazon</Keyword>
								<Keyword>Cloud</Keyword>
								<Keyword>Computing</Keyword>
								<Keyword>Google</Keyword>
								<Keyword>Hardware</Keyword>
								<Keyword>Platform</Keyword>
								<Keyword>Service</Keyword>
								<Keyword>Software</Keyword>
								<Keyword>Web</Keyword>
								<Keyword>allows</Keyword>
								<Keyword>browser</Keyword>
								<Keyword>create</Keyword>
								<Keyword>erg</Keyword>
								<Keyword>ing</Keyword>
								<Keyword>network</Keyword>
								<Keyword>running</Keyword>
								<Keyword>service</Keyword>
								<Keyword>storage</Keyword>
								<Keyword>the</Keyword>
								<Keyword>user</Keyword>
								<Keyword>via</Keyword>
							</KeywordAnnotation>
						</TextAnnotation>
						<TextAnnotation confidence="0.5" relevance="0.3"
							xml:lang="de">
							<KeywordAnnotation>
								<Keyword>Service</Keyword>
								<Keyword>Software</Keyword>
							</KeywordAnnotation>
						</TextAnnotation>
						<TextAnnotation confidence="0.5" relevance="0.0"
							xml:lang="de">
							<KeywordAnnotation>
								<Keyword>Pm</Keyword>
								<Keyword>as</Keyword>
								<Keyword>eg</Keyword>
								<Keyword>to</Keyword>
							</KeywordAnnotation>
						</TextAnnotation>
						<TextAnnotation confidence="0.0" relevance="0.5"
							xml:lang="de">
							<KeywordAnnotation>
								<Keyword>Apps</Keyword>
							</KeywordAnnotation>
						</TextAnnotation>
						<TextAnnotation confidence="0.0" relevance="0.4"
							xml:lang="de">
							<KeywordAnnotation>
								<Keyword>F0f</Keyword>
								<Keyword>SWG</Keyword>
								<Keyword>andlntemetservices</Keyword>
								<Keyword>applicayions</Keyword>
								<Keyword>applicgtions</Keyword>
								<Keyword>database,ne</Keyword>
								<Keyword>gerved</Keyword>
								<Keyword>gervio</Keyword>
								<Keyword>infrastrucfure</Keyword>
								<Keyword>n0-rI</Keyword>
								<Keyword>netwonfk</Keyword>
								<Keyword>ofgen</Keyword>
								<Keyword>runnin</Keyword>
								<Keyword>tha</Keyword>
								<Keyword>yourgwn</Keyword>
								<Keyword>youto</Keyword>
							</KeywordAnnotation>
						</TextAnnotation>
						<TextAnnotation confidence="0.0" relevance="0.0"
							xml:lang="de">
							<KeywordAnnotation>
								<Keyword>-Q</Keyword>
								<Keyword>Q</Keyword>
								<Keyword>V</Keyword>
								<Keyword>a</Keyword>
								<Keyword>m</Keyword>
							</KeywordAnnotation>
						</TextAnnotation>
					</AudioVisualSegment>
					<AudioVisualSegment id="track-1.segment-7">
						<MediaTime>
							<MediaRelTimePoint>T00:04:03:0F1000</MediaRelTimePoint>
							<MediaDuration>PT11S0N1000F</MediaDuration>
						</MediaTime>
						<TextAnnotation confidence="0.5" relevance="0.4"
							xml:lang="en">
							<KeywordAnnotation>
								<Keyword>Amazon</Keyword>
								<Keyword>Cloud</Keyword>
								<Keyword>Computing</Keyword>
								<Keyword>Google</Keyword>
								<Keyword>Hardware</Keyword>
								<Keyword>Platform</Keyword>
								<Keyword>Service</Keyword>
								<Keyword>Services</Keyword>
								<Keyword>Web</Keyword>
								<Keyword>applications</Keyword>
								<Keyword>browser</Keyword>
								<Keyword>create</Keyword>
								<Keyword>network</Keyword>
								<Keyword>running</Keyword>
								<Keyword>the</Keyword>
								<Keyword>user</Keyword>
								<Keyword>via</Keyword>
							</KeywordAnnotation>
						</TextAnnotation>
						<TextAnnotation confidence="0.5" relevance="0.3"
							xml:lang="en">
							<KeywordAnnotation>
								<Keyword>Service</Keyword>
							</KeywordAnnotation>
						</TextAnnotation>
						<TextAnnotation confidence="0.5" relevance="0.0"
							xml:lang="en">
							<KeywordAnnotation>
								<Keyword>as</Keyword>
								<Keyword>to</Keyword>
								<Keyword>ut</Keyword>
								<Keyword>wS</Keyword>
							</KeywordAnnotation>
						</TextAnnotation>
						<TextAnnotation confidence="0.0" relevance="0.4"
							xml:lang="en">
							<KeywordAnnotation>
								<Keyword>Apps</Keyword>
								<Keyword>Develcpmentstackthat</Keyword>
								<Keyword>FOFGQ-00m</Keyword>
								<Keyword>Hardwarastorage</Keyword>
								<Keyword>Sofgyvare</Keyword>
								<Keyword>andlntemetsarvices</Keyword>
								<Keyword>anetworkrservioe</Keyword>
								<Keyword>appiicagions</Keyword>
								<Keyword>database,netw0-rking</Keyword>
								<Keyword>e.g</Keyword>
								<Keyword>ejg</Keyword>
								<Keyword>gerved</Keyword>
								<Keyword>infrastrucfure</Keyword>
								<Keyword>ofgen</Keyword>
								<Keyword>runnin</Keyword>
								<Keyword>servic</Keyword>
								<Keyword>yourown</Keyword>
							</KeywordAnnotation>
						</TextAnnotation>
						<TextAnnotation confidence="0.0" relevance="0.3"
							xml:lang="en">
							<KeywordAnnotation>
								<Keyword>Sotlware</Keyword>
							</KeywordAnnotation>
						</TextAnnotation>
						<TextAnnotation confidence="0.0" relevance="0.0"
							xml:lang="en">
							<KeywordAnnotation>
								<Keyword>-Q</Keyword>
								<Keyword>a</Keyword>
								<Keyword>y</Keyword>
							</KeywordAnnotation>
						</TextAnnotation>
					</AudioVisualSegment>
					<AudioVisualSegment id="track-1.segment-8">
						<MediaTime>
							<MediaRelTimePoint>T00:04:14:0F1000</MediaRelTimePoint>
							<MediaDuration>PT47S0N1000F</MediaDuration>
						</MediaTime>
						<TextAnnotation confidence="0.5" relevance="0.5"
							xml:lang="en">
							<KeywordAnnotation>
								<Keyword>Motivation</Keyword>
								<Keyword>round</Keyword>
							</KeywordAnnotation>
						</TextAnnotation>
						<TextAnnotation confidence="0.5" relevance="0.4"
							xml:lang="en">
							<KeywordAnnotation>
								<Keyword>always</Keyword>
								<Keyword>been</Keyword>
								<Keyword>have</Keyword>
								<Keyword>perspective</Keyword>
								<Keyword>power</Keyword>
								<Keyword>utilities</Keyword>
							</KeywordAnnotation>
						</TextAnnotation>
						<TextAnnotation confidence="0.5" relevance="0.3"
							xml:lang="en">
							<KeywordAnnotation>
								<Keyword>From</Keyword>
								<Keyword>UBS</Keyword>
								<Keyword>and</Keyword>
								<Keyword>banking</Keyword>
								<Keyword>data</Keyword>
								<Keyword>from</Keyword>
								<Keyword>hold</Keyword>
								<Keyword>lives</Keyword>
								<Keyword>organisations</Keyword>
								<Keyword>our</Keyword>
								<Keyword>out</Keyword>
								<Keyword>somewhere</Keyword>
								<Keyword>there</Keyword>
								<Keyword>those</Keyword>
								<Keyword>trust</Keyword>
								<Keyword>user</Keyword>
							</KeywordAnnotation>
						</TextAnnotation>
						<TextAnnotation confidence="0.5" relevance="0.0"
							xml:lang="en">
							<KeywordAnnotation>
								<Keyword>QI</Keyword>
								<Keyword>fl</Keyword>
								<Keyword>if</Keyword>
								<Keyword>it</Keyword>
								<Keyword>me</Keyword>
								<Keyword>ml</Keyword>
								<Keyword>to</Keyword>
								<Keyword>we</Keyword>
							</KeywordAnnotation>
						</TextAnnotation>
						<TextAnnotation confidence="0.0" relevance="0.5"
							xml:lang="en">
							<KeywordAnnotation>
								<Keyword>Backg</Keyword>
								<Keyword>Qnmggu</Keyword>
								<Keyword>cuouus</Keyword>
								<Keyword>unavoidable</Keyword>
							</KeywordAnnotation>
						</TextAnnotation>
						<TextAnnotation confidence="0.0" relevance="0.4"
							xml:lang="en">
							<KeywordAnnotation>
								<Keyword>EKZ</Keyword>
								<Keyword>PICGSG</Keyword>
								<Keyword>Salesforce</Keyword>
							</KeywordAnnotation>
						</TextAnnotation>
						<TextAnnotation confidence="0.0" relevance="0.3"
							xml:lang="en">
							<KeywordAnnotation>
								<Keyword>Amaz</Keyword>
								<Keyword>Billag</Keyword>
								<Keyword>licences</Keyword>
							</KeywordAnnotation>
						</TextAnnotation>
						<TextAnnotation confidence="0.0" relevance="0.0"
							xml:lang="en">
							<KeywordAnnotation>
								<Keyword>-</Keyword>
								<Keyword>A</Keyword>
								<Keyword>I</Keyword>
								<Keyword>T</Keyword>
								<Keyword>a</Keyword>
								<Keyword>e-</Keyword>
								<Keyword>m</Keyword>
								<Keyword>n</Keyword>
							</KeywordAnnotation>
						</TextAnnotation>
					</AudioVisualSegment>
					<AudioVisualSegment id="track-1.segment-9">
						<MediaTime>
							<MediaRelTimePoint>T00:05:01:0F1000</MediaRelTimePoint>
							<MediaDuration>PT39S0N1000F</MediaDuration>
						</MediaTime>
						<TextAnnotation confidence="0.5" relevance="0.5"
							xml:lang="en">
							<KeywordAnnotation>
								<Keyword>Background</Keyword>
								<Keyword>Motivation</Keyword>
							</KeywordAnnotation>
						</TextAnnotation>
						<TextAnnotation confidence="0.5" relevance="0.4"
							xml:lang="en">
							<KeywordAnnotation>
								<Keyword>been</Keyword>
							</KeywordAnnotation>
						</TextAnnotation>
						<TextAnnotation confidence="0.5" relevance="0.3"
							xml:lang="en">
							<KeywordAnnotation>
								<Keyword>From</Keyword>
								<Keyword>UBS</Keyword>
								<Keyword>always</Keyword>
								<Keyword>and</Keyword>
								<Keyword>banking</Keyword>
								<Keyword>data</Keyword>
								<Keyword>from</Keyword>
								<Keyword>have</Keyword>
								<Keyword>hold</Keyword>
								<Keyword>lives</Keyword>
								<Keyword>organisations</Keyword>
								<Keyword>our</Keyword>
								<Keyword>out</Keyword>
								<Keyword>perspective</Keyword>
								<Keyword>power</Keyword>
								<Keyword>somewhere</Keyword>
								<Keyword>there</Keyword>
								<Keyword>those</Keyword>
								<Keyword>trust</Keyword>
								<Keyword>user</Keyword>
								<Keyword>utilities</Keyword>
							</KeywordAnnotation>
						</TextAnnotation>
						<TextAnnotation confidence="0.5" relevance="0.0"
							xml:lang="en">
							<KeywordAnnotation>
								<Keyword>it</Keyword>
								<Keyword>li</Keyword>
								<Keyword>me</Keyword>
								<Keyword>ml</Keyword>
								<Keyword>to</Keyword>
								<Keyword>we</Keyword>
							</KeywordAnnotation>
						</TextAnnotation>
						<TextAnnotation confidence="0.0" relevance="0.5"
							xml:lang="en">
							<KeywordAnnotation>
								<Keyword>-...-</Keyword>
								<Keyword>Qnmggu</Keyword>
								<Keyword>cuouus</Keyword>
								<Keyword>unavoidable</Keyword>
							</KeywordAnnotation>
						</TextAnnotation>
						<TextAnnotation confidence="0.0" relevance="0.4"
							xml:lang="en">
							<KeywordAnnotation>
								<Keyword>PICGSG</Keyword>
								<Keyword>Salesforce</Keyword>
							</KeywordAnnotation>
						</TextAnnotation>
						<TextAnnotation confidence="0.0" relevance="0.3"
							xml:lang="en">
							<KeywordAnnotation>
								<Keyword>Amaz</Keyword>
								<Keyword>Billag</Keyword>
								<Keyword>EKZ</Keyword>
								<Keyword>licences</Keyword>
							</KeywordAnnotation>
						</TextAnnotation>
						<TextAnnotation confidence="0.0" relevance="0.0"
							xml:lang="en">
							<KeywordAnnotation>
								<Keyword>A</Keyword>
								<Keyword>I</Keyword>
								<Keyword>T</Keyword>
								<Keyword>a</Keyword>
								<Keyword>e-</Keyword>
								<Keyword>m</Keyword>
								<Keyword>n</Keyword>
							</KeywordAnnotation>
						</TextAnnotation>
					</AudioVisualSegment>
					<AudioVisualSegment id="track-1.segment-10">
						<MediaTime>
							<MediaRelTimePoint>T00:05:40:0F1000</MediaRelTimePoint>
							<MediaDuration>PT29S0N1000F</MediaDuration>
						</MediaTime>
						<TextAnnotation confidence="0.5" relevance="0.5"
							xml:lang="en">
							<KeywordAnnotation>
								<Keyword>Complications</Keyword>
								<Keyword>Internet</Keyword>
								<Keyword>Issues</Keyword>
								<Keyword>New</Keyword>
								<Keyword>already</Keyword>
								<Keyword>bank</Keyword>
								<Keyword>bit</Keyword>
								<Keyword>different</Keyword>
								<Keyword>phone</Keyword>
								<Keyword>suppliers</Keyword>
								<Keyword>they</Keyword>
							</KeywordAnnotation>
						</TextAnnotation>
						<TextAnnotation confidence="0.5" relevance="0.4"
							xml:lang="en">
							<KeywordAnnotation>
								<Keyword>Companies</Keyword>
								<Keyword>The</Keyword>
								<Keyword>accurate</Keyword>
								<Keyword>and</Keyword>
								<Keyword>are</Keyword>
								<Keyword>available</Keyword>
								<Keyword>being</Keyword>
								<Keyword>but</Keyword>
								<Keyword>cloud</Keyword>
								<Keyword>companies</Keyword>
								<Keyword>connection</Keyword>
								<Keyword>data</Keyword>
								<Keyword>depend</Keyword>
								<Keyword>failure</Keyword>
								<Keyword>holding</Keyword>
								<Keyword>just</Keyword>
								<Keyword>locally</Keyword>
								<Keyword>make</Keyword>
								<Keyword>models</Keyword>
								<Keyword>modes</Keyword>
								<Keyword>not</Keyword>
								<Keyword>now</Keyword>
								<Keyword>other</Keyword>
								<Keyword>out</Keyword>
								<Keyword>readable</Keyword>
								<Keyword>records</Keyword>
								<Keyword>safe</Keyword>
								<Keyword>the</Keyword>
								<Keyword>their</Keyword>
								<Keyword>there</Keyword>
								<Keyword>used</Keyword>
								<Keyword>utilities</Keyword>
								<Keyword>well</Keyword>
							</KeywordAnnotation>
						</TextAnnotation>
						<TextAnnotation confidence="0.5" relevance="0.0"
							xml:lang="en">
							<KeywordAnnotation>
								<Keyword>as</Keyword>
								<Keyword>be</Keyword>
								<Keyword>by</Keyword>
								<Keyword>is</Keyword>
								<Keyword>it</Keyword>
								<Keyword>on</Keyword>
								<Keyword>to</Keyword>
								<Keyword>us</Keyword>
								<Keyword>we</Keyword>
							</KeywordAnnotation>
						</TextAnnotation>
						<TextAnnotation confidence="0.0" relevance="0.4"
							xml:lang="en">
							<KeywordAnnotation>
								<Keyword>Ithreat</Keyword>
								<Keyword>d0esn</Keyword>
								<Keyword>didn</Keyword>
								<Keyword>mutable</Keyword>
								<Keyword>oursl</Keyword>
							</KeywordAnnotation>
						</TextAnnotation>
						<TextAnnotation confidence="0.0" relevance="0.0"
							xml:lang="en">
							<KeywordAnnotation>
								<Keyword>a</Keyword>
								<Keyword>t</Keyword>
							</KeywordAnnotation>
						</TextAnnotation>
					</AudioVisualSegment>
					<AudioVisualSegment id="track-1.segment-11">
						<MediaTime>
							<MediaRelTimePoint>T00:06:09:0F1000</MediaRelTimePoint>
							<MediaDuration>PT26S0N1000F</MediaDuration>
						</MediaTime>
						<TextAnnotation confidence="0.5" relevance="0.5"
							xml:lang="en">
							<KeywordAnnotation>
								<Keyword>Complications</Keyword>
								<Keyword>Internet</Keyword>
								<Keyword>Issues</Keyword>
								<Keyword>New</Keyword>
								<Keyword>already</Keyword>
								<Keyword>bank</Keyword>
								<Keyword>bit</Keyword>
								<Keyword>different</Keyword>
								<Keyword>phone</Keyword>
								<Keyword>suppliers</Keyword>
								<Keyword>they</Keyword>
							</KeywordAnnotation>
						</TextAnnotation>
						<TextAnnotation confidence="0.5" relevance="0.4"
							xml:lang="en">
							<KeywordAnnotation>
								<Keyword>Companies</Keyword>
								<Keyword>The</Keyword>
								<Keyword>accurate</Keyword>
								<Keyword>and</Keyword>
								<Keyword>are</Keyword>
								<Keyword>available</Keyword>
								<Keyword>being</Keyword>
								<Keyword>but</Keyword>
								<Keyword>cloud</Keyword>
								<Keyword>companies</Keyword>
								<Keyword>connection</Keyword>
								<Keyword>data</Keyword>
								<Keyword>depend</Keyword>
								<Keyword>failure</Keyword>
								<Keyword>holding</Keyword>
								<Keyword>just</Keyword>
								<Keyword>locally</Keyword>
								<Keyword>make</Keyword>
								<Keyword>models</Keyword>
								<Keyword>modes</Keyword>
								<Keyword>not</Keyword>
								<Keyword>now</Keyword>
								<Keyword>other</Keyword>
								<Keyword>out</Keyword>
								<Keyword>readable</Keyword>
								<Keyword>records</Keyword>
								<Keyword>safe</Keyword>
								<Keyword>the</Keyword>
								<Keyword>their</Keyword>
								<Keyword>there</Keyword>
								<Keyword>used</Keyword>
								<Keyword>utilities</Keyword>
								<Keyword>well</Keyword>
							</KeywordAnnotation>
						</TextAnnotation>
						<TextAnnotation confidence="0.5" relevance="0.0"
							xml:lang="en">
							<KeywordAnnotation>
								<Keyword>as</Keyword>
								<Keyword>be</Keyword>
								<Keyword>by</Keyword>
								<Keyword>is</Keyword>
								<Keyword>it</Keyword>
								<Keyword>on</Keyword>
								<Keyword>to</Keyword>
								<Keyword>us</Keyword>
								<Keyword>we</Keyword>
							</KeywordAnnotation>
						</TextAnnotation>
						<TextAnnotation confidence="0.0" relevance="0.4"
							xml:lang="en">
							<KeywordAnnotation>
								<Keyword>d0esn</Keyword>
								<Keyword>didn</Keyword>
								<Keyword>lthreat</Keyword>
								<Keyword>mutable</Keyword>
								<Keyword>ours</Keyword>
							</KeywordAnnotation>
						</TextAnnotation>
						<TextAnnotation confidence="0.0" relevance="0.0"
							xml:lang="en">
							<KeywordAnnotation>
								<Keyword>a</Keyword>
								<Keyword>t</Keyword>
							</KeywordAnnotation>
						</TextAnnotation>
					</AudioVisualSegment>
					<AudioVisualSegment id="track-1.segment-12">
						<MediaTime>
							<MediaRelTimePoint>T00:06:35:0F1000</MediaRelTimePoint>
							<MediaDuration>PT21S0N1000F</MediaDuration>
						</MediaTime>
						<TextAnnotation confidence="0.5" relevance="0.5"
							xml:lang="en">
							<KeywordAnnotation>
								<Keyword>Complications</Keyword>
								<Keyword>Internet</Keyword>
								<Keyword>Issues</Keyword>
								<Keyword>New</Keyword>
								<Keyword>already</Keyword>
								<Keyword>bank</Keyword>
								<Keyword>bit</Keyword>
								<Keyword>different</Keyword>
								<Keyword>phone</Keyword>
								<Keyword>suppliers</Keyword>
								<Keyword>they</Keyword>
							</KeywordAnnotation>
						</TextAnnotation>
						<TextAnnotation confidence="0.5" relevance="0.4"
							xml:lang="en">
							<KeywordAnnotation>
								<Keyword>Companies</Keyword>
								<Keyword>The</Keyword>
								<Keyword>accurate</Keyword>
								<Keyword>and</Keyword>
								<Keyword>are</Keyword>
								<Keyword>available</Keyword>
								<Keyword>being</Keyword>
								<Keyword>but</Keyword>
								<Keyword>cloud</Keyword>
								<Keyword>companies</Keyword>
								<Keyword>connection</Keyword>
								<Keyword>data</Keyword>
								<Keyword>depend</Keyword>
								<Keyword>failure</Keyword>
								<Keyword>holding</Keyword>
								<Keyword>just</Keyword>
								<Keyword>locally</Keyword>
								<Keyword>make</Keyword>
								<Keyword>models</Keyword>
								<Keyword>modes</Keyword>
								<Keyword>not</Keyword>
								<Keyword>now</Keyword>
								<Keyword>other</Keyword>
								<Keyword>out</Keyword>
								<Keyword>readable</Keyword>
								<Keyword>records</Keyword>
								<Keyword>safe</Keyword>
								<Keyword>the</Keyword>
								<Keyword>their</Keyword>
								<Keyword>there</Keyword>
								<Keyword>used</Keyword>
								<Keyword>utilities</Keyword>
								<Keyword>well</Keyword>
							</KeywordAnnotation>
						</TextAnnotation>
						<TextAnnotation confidence="0.5" relevance="0.0"
							xml:lang="en">
							<KeywordAnnotation>
								<Keyword>as</Keyword>
								<Keyword>be</Keyword>
								<Keyword>by</Keyword>
								<Keyword>is</Keyword>
								<Keyword>it</Keyword>
								<Keyword>on</Keyword>
								<Keyword>to</Keyword>
								<Keyword>us</Keyword>
								<Keyword>we</Keyword>
							</KeywordAnnotation>
						</TextAnnotation>
						<TextAnnotation confidence="0.0" relevance="0.4"
							xml:lang="en">
							<KeywordAnnotation>
								<Keyword>Ithreat</Keyword>
								<Keyword>d0esn</Keyword>
								<Keyword>didn</Keyword>
								<Keyword>mutable</Keyword>
								<Keyword>ours</Keyword>
							</KeywordAnnotation>
						</TextAnnotation>
						<TextAnnotation confidence="0.0" relevance="0.0"
							xml:lang="en">
							<KeywordAnnotation>
								<Keyword>a</Keyword>
								<Keyword>t</Keyword>
							</KeywordAnnotation>
						</TextAnnotation>
					</AudioVisualSegment>
					<AudioVisualSegment id="track-1.segment-13">
						<MediaTime>
							<MediaRelTimePoint>T00:06:56:0F1000</MediaRelTimePoint>
							<MediaDuration>PT13S0N1000F</MediaDuration>
						</MediaTime>
						<TextAnnotation confidence="0.5" relevance="0.5"
							xml:lang="en">
							<KeywordAnnotation>
								<Keyword>Complications</Keyword>
								<Keyword>Internet</Keyword>
								<Keyword>Issues</Keyword>
								<Keyword>New</Keyword>
								<Keyword>already</Keyword>
								<Keyword>bank</Keyword>
								<Keyword>bit</Keyword>
								<Keyword>different</Keyword>
								<Keyword>phone</Keyword>
								<Keyword>suppliers</Keyword>
								<Keyword>they</Keyword>
							</KeywordAnnotation>
						</TextAnnotation>
						<TextAnnotation confidence="0.5" relevance="0.4"
							xml:lang="en">
							<KeywordAnnotation>
								<Keyword>Companies</Keyword>
								<Keyword>The</Keyword>
								<Keyword>accurate</Keyword>
								<Keyword>and</Keyword>
								<Keyword>are</Keyword>
								<Keyword>available</Keyword>
								<Keyword>being</Keyword>
								<Keyword>but</Keyword>
								<Keyword>cloud</Keyword>
								<Keyword>companies</Keyword>
								<Keyword>connection</Keyword>
								<Keyword>data</Keyword>
								<Keyword>depend</Keyword>
								<Keyword>failure</Keyword>
								<Keyword>holding</Keyword>
								<Keyword>just</Keyword>
								<Keyword>locally</Keyword>
								<Keyword>make</Keyword>
								<Keyword>militias</Keyword>
								<Keyword>models</Keyword>
								<Keyword>modes</Keyword>
								<Keyword>not</Keyword>
								<Keyword>now</Keyword>
								<Keyword>other</Keyword>
								<Keyword>out</Keyword>
								<Keyword>readable</Keyword>
								<Keyword>records</Keyword>
								<Keyword>safe</Keyword>
								<Keyword>the</Keyword>
								<Keyword>their</Keyword>
								<Keyword>there</Keyword>
								<Keyword>used</Keyword>
								<Keyword>well</Keyword>
							</KeywordAnnotation>
						</TextAnnotation>
						<TextAnnotation confidence="0.5" relevance="0.0"
							xml:lang="en">
							<KeywordAnnotation>
								<Keyword>as</Keyword>
								<Keyword>be</Keyword>
								<Keyword>by</Keyword>
								<Keyword>is</Keyword>
								<Keyword>it</Keyword>
								<Keyword>on</Keyword>
								<Keyword>to</Keyword>
								<Keyword>us</Keyword>
								<Keyword>we</Keyword>
							</KeywordAnnotation>
						</TextAnnotation>
						<TextAnnotation confidence="0.0" relevance="0.4"
							xml:lang="en">
							<KeywordAnnotation>
								<Keyword>Ithreat</Keyword>
								<Keyword>d0esn</Keyword>
								<Keyword>didn</Keyword>
								<Keyword>mutable</Keyword>
								<Keyword>ours</Keyword>
							</KeywordAnnotation>
						</TextAnnotation>
						<TextAnnotation confidence="0.0" relevance="0.0"
							xml:lang="en">
							<KeywordAnnotation>
								<Keyword>a</Keyword>
								<Keyword>t</Keyword>
							</KeywordAnnotation>
						</TextAnnotation>
					</AudioVisualSegment>
					<AudioVisualSegment id="track-1.segment-14">
						<MediaTime>
							<MediaRelTimePoint>T00:07:09:0F1000</MediaRelTimePoint>
							<MediaDuration>PT58S0N1000F</MediaDuration>
						</MediaTime>
						<TextAnnotation confidence="0.5" relevance="0.5"
							xml:lang="en">
							<KeywordAnnotation>
								<Keyword>Complications</Keyword>
								<Keyword>Internet</Keyword>
								<Keyword>Issues</Keyword>
								<Keyword>New</Keyword>
								<Keyword>already</Keyword>
								<Keyword>bank</Keyword>
								<Keyword>bit</Keyword>
								<Keyword>different</Keyword>
								<Keyword>phone</Keyword>
								<Keyword>suppliers</Keyword>
								<Keyword>they</Keyword>
							</KeywordAnnotation>
						</TextAnnotation>
						<TextAnnotation confidence="0.5" relevance="0.4"
							xml:lang="en">
							<KeywordAnnotation>
								<Keyword>Companies</Keyword>
								<Keyword>The</Keyword>
								<Keyword>accurate</Keyword>
								<Keyword>and</Keyword>
								<Keyword>are</Keyword>
								<Keyword>available</Keyword>
								<Keyword>being</Keyword>
								<Keyword>but</Keyword>
								<Keyword>cloud</Keyword>
								<Keyword>companies</Keyword>
								<Keyword>connection</Keyword>
								<Keyword>data</Keyword>
								<Keyword>depend</Keyword>
								<Keyword>failure</Keyword>
								<Keyword>holding</Keyword>
								<Keyword>just</Keyword>
								<Keyword>locally</Keyword>
								<Keyword>make</Keyword>
								<Keyword>models</Keyword>
								<Keyword>modes</Keyword>
								<Keyword>not</Keyword>
								<Keyword>now</Keyword>
								<Keyword>other</Keyword>
								<Keyword>out</Keyword>
								<Keyword>readable</Keyword>
								<Keyword>records</Keyword>
								<Keyword>safe</Keyword>
								<Keyword>the</Keyword>
								<Keyword>their</Keyword>
								<Keyword>there</Keyword>
								<Keyword>used</Keyword>
								<Keyword>utilities</Keyword>
								<Keyword>well</Keyword>
							</KeywordAnnotation>
						</TextAnnotation>
						<TextAnnotation confidence="0.5" relevance="0.0"
							xml:lang="en">
							<KeywordAnnotation>
								<Keyword>as</Keyword>
								<Keyword>be</Keyword>
								<Keyword>by</Keyword>
								<Keyword>is</Keyword>
								<Keyword>it</Keyword>
								<Keyword>on</Keyword>
								<Keyword>to</Keyword>
								<Keyword>us</Keyword>
								<Keyword>we</Keyword>
							</KeywordAnnotation>
						</TextAnnotation>
						<TextAnnotation confidence="0.0" relevance="0.4"
							xml:lang="en">
							<KeywordAnnotation>
								<Keyword>Ithreat</Keyword>
								<Keyword>d0esn</Keyword>
								<Keyword>didn</Keyword>
								<Keyword>mutable</Keyword>
								<Keyword>ours</Keyword>
							</KeywordAnnotation>
						</TextAnnotation>
						<TextAnnotation confidence="0.0" relevance="0.0"
							xml:lang="en">
							<KeywordAnnotation>
								<Keyword>a</Keyword>
								<Keyword>t</Keyword>
							</KeywordAnnotation>
						</TextAnnotation>
					</AudioVisualSegment>
					<AudioVisualSegment id="track-1.segment-15">
						<MediaTime>
							<MediaRelTimePoint>T00:08:07:0F1000</MediaRelTimePoint>
							<MediaDuration>PT32S0N1000F</MediaDuration>
						</MediaTime>
						<TextAnnotation confidence="0.5" relevance="0.5"
							xml:lang="en">
							<KeywordAnnotation>
								<Keyword>For</Keyword>
								<Keyword>example</Keyword>
							</KeywordAnnotation>
						</TextAnnotation>
						<TextAnnotation confidence="0.5" relevance="0.4"
							xml:lang="en">
							<KeywordAnnotation>
								<Keyword>For</Keyword>
								<Keyword>Internat</Keyword>
								<Keyword>access</Keyword>
								<Keyword>data</Keyword>
								<Keyword>disaster</Keyword>
								<Keyword>ensure</Keyword>
								<Keyword>forgetting</Keyword>
								<Keyword>get</Keyword>
								<Keyword>loss</Keyword>
								<Keyword>needing</Keyword>
								<Keyword>problems</Keyword>
								<Keyword>recovery</Keyword>
								<Keyword>with</Keyword>
								<Keyword>your</Keyword>
							</KeywordAnnotation>
						</TextAnnotation>
						<TextAnnotation confidence="0.5" relevance="0.0"
							xml:lang="en">
							<KeywordAnnotation>
								<Keyword>to</Keyword>
								<Keyword>tr</Keyword>
							</KeywordAnnotation>
						</TextAnnotation>
						<TextAnnotation confidence="0.0" relevance="0.4"
							xml:lang="en">
							<KeywordAnnotation>
								<Keyword>Trade-off</Keyword>
								<Keyword>back-up</Keyword>
							</KeywordAnnotation>
						</TextAnnotation>
						<TextAnnotation confidence="0.0" relevance="0.0"
							xml:lang="en">
							<KeywordAnnotation>
								<Keyword>I</Keyword>
								<Keyword>t</Keyword>
							</KeywordAnnotation>
						</TextAnnotation>
					</AudioVisualSegment>
					<AudioVisualSegment id="track-1.segment-16">
						<MediaTime>
							<MediaRelTimePoint>T00:08:39:0F1000</MediaRelTimePoint>
							<MediaDuration>PT53S0N1000F</MediaDuration>
						</MediaTime>
						<TextAnnotation confidence="0.5" relevance="0.5"
							xml:lang="en">
							<KeywordAnnotation>
								<Keyword>For</Keyword>
								<Keyword>example</Keyword>
							</KeywordAnnotation>
						</TextAnnotation>
						<TextAnnotation confidence="0.5" relevance="0.4"
							xml:lang="en">
							<KeywordAnnotation>
								<Keyword>For</Keyword>
								<Keyword>Internet</Keyword>
								<Keyword>access</Keyword>
								<Keyword>data</Keyword>
								<Keyword>disaster</Keyword>
								<Keyword>ensure</Keyword>
								<Keyword>forgetting</Keyword>
								<Keyword>get</Keyword>
								<Keyword>loss</Keyword>
								<Keyword>needing</Keyword>
								<Keyword>problems</Keyword>
								<Keyword>recovery</Keyword>
								<Keyword>with</Keyword>
								<Keyword>your</Keyword>
							</KeywordAnnotation>
						</TextAnnotation>
						<TextAnnotation confidence="0.5" relevance="0.0"
							xml:lang="en">
							<KeywordAnnotation>
								<Keyword>ir</Keyword>
								<Keyword>to</Keyword>
							</KeywordAnnotation>
						</TextAnnotation>
						<TextAnnotation confidence="0.0" relevance="0.4"
							xml:lang="en">
							<KeywordAnnotation>
								<Keyword>Trade-off</Keyword>
								<Keyword>back-up</Keyword>
							</KeywordAnnotation>
						</TextAnnotation>
						<TextAnnotation confidence="0.0" relevance="0.0"
							xml:lang="en">
							<KeywordAnnotation>
								<Keyword>I</Keyword>
								<Keyword>M</Keyword>
							</KeywordAnnotation>
						</TextAnnotation>
					</AudioVisualSegment>
					<AudioVisualSegment id="track-1.segment-17">
						<MediaTime>
							<MediaRelTimePoint>T00:09:32:0F1000</MediaRelTimePoint>
							<MediaDuration>PT25S0N1000F</MediaDuration>
						</MediaTime>
						<TextAnnotation confidence="0.5" relevance="0.5"
							xml:lang="en">
							<KeywordAnnotation>
								<Keyword>and</Keyword>
							</KeywordAnnotation>
						</TextAnnotation>
						<TextAnnotation confidence="0.5" relevance="0.4"
							xml:lang="en">
							<KeywordAnnotation>
								<Keyword>centres</Keyword>
								<Keyword>data</Keyword>
								<Keyword>machines</Keyword>
								<Keyword>organisations</Keyword>
								<Keyword>other</Keyword>
								<Keyword>planning</Keyword>
								<Keyword>purchasing</Keyword>
								<Keyword>running</Keyword>
								<Keyword>sharing</Keyword>
								<Keyword>the</Keyword>
								<Keyword>with</Keyword>
							</KeywordAnnotation>
						</TextAnnotation>
						<TextAnnotation confidence="0.5" relevance="0.3"
							xml:lang="en">
							<KeywordAnnotation>
								<Keyword>This</Keyword>
								<Keyword>aircraft</Keyword>
								<Keyword>can</Keyword>
								<Keyword>car</Keyword>
								<Keyword>control</Keyword>
								<Keyword>driver</Keyword>
								<Keyword>has</Keyword>
								<Keyword>have</Keyword>
								<Keyword>passenger</Keyword>
								<Keyword>sense</Keyword>
								<Keyword>the</Keyword>
								<Keyword>tram</Keyword>
								<Keyword>trust</Keyword>
								<Keyword>you</Keyword>
							</KeywordAnnotation>
						</TextAnnotation>
						<TextAnnotation confidence="0.5" relevance="0.0"
							xml:lang="en">
							<KeywordAnnotation>
								<Keyword>as</Keyword>
								<Keyword>be</Keyword>
								<Keyword>of</Keyword>
								<Keyword>to</Keyword>
							</KeywordAnnotation>
						</TextAnnotation>
						<TextAnnotation confidence="0.0" relevance="0.4"
							xml:lang="en">
							<KeywordAnnotation>
								<Keyword>Trade-off</Keyword>
								<Keyword>securely</Keyword>
							</KeywordAnnotation>
						</TextAnnotation>
						<TextAnnotation confidence="0.0" relevance="0.3"
							xml:lang="en">
							<KeywordAnnotation>
								<Keyword>scary</Keyword>
								<Keyword>shifted</Keyword>
							</KeywordAnnotation>
						</TextAnnotation>
						<TextAnnotation confidence="0.0" relevance="0.0"
							xml:lang="en">
							<KeywordAnnotation>
								<Keyword>I</Keyword>
							</KeywordAnnotation>
						</TextAnnotation>
					</AudioVisualSegment>
					<AudioVisualSegment id="track-1.segment-18">
						<MediaTime>
							<MediaRelTimePoint>T00:09:57:0F1000</MediaRelTimePoint>
							<MediaDuration>PT12S0N1000F</MediaDuration>
						</MediaTime>
						<TextAnnotation confidence="0.5" relevance="0.5"
							xml:lang="en">
							<KeywordAnnotation>
								<Keyword>and</Keyword>
							</KeywordAnnotation>
						</TextAnnotation>
						<TextAnnotation confidence="0.5" relevance="0.4"
							xml:lang="en">
							<KeywordAnnotation>
								<Keyword>centres</Keyword>
								<Keyword>data</Keyword>
								<Keyword>machines</Keyword>
								<Keyword>organisations</Keyword>
								<Keyword>other</Keyword>
								<Keyword>planning</Keyword>
								<Keyword>purchasing</Keyword>
								<Keyword>running</Keyword>
								<Keyword>sharing</Keyword>
								<Keyword>the</Keyword>
								<Keyword>with</Keyword>
							</KeywordAnnotation>
						</TextAnnotation>
						<TextAnnotation confidence="0.5" relevance="0.3"
							xml:lang="en">
							<KeywordAnnotation>
								<Keyword>This</Keyword>
								<Keyword>aircraft</Keyword>
								<Keyword>can</Keyword>
								<Keyword>car</Keyword>
								<Keyword>control</Keyword>
								<Keyword>driver</Keyword>
								<Keyword>has</Keyword>
								<Keyword>have</Keyword>
								<Keyword>passenger</Keyword>
								<Keyword>sense</Keyword>
								<Keyword>the</Keyword>
								<Keyword>tram</Keyword>
								<Keyword>trust</Keyword>
								<Keyword>you</Keyword>
							</KeywordAnnotation>
						</TextAnnotation>
						<TextAnnotation confidence="0.5" relevance="0.0"
							xml:lang="en">
							<KeywordAnnotation>
								<Keyword>as</Keyword>
								<Keyword>be</Keyword>
								<Keyword>of</Keyword>
								<Keyword>to</Keyword>
							</KeywordAnnotation>
						</TextAnnotation>
						<TextAnnotation confidence="0.0" relevance="0.4"
							xml:lang="en">
							<KeywordAnnotation>
								<Keyword>Trade-off</Keyword>
								<Keyword>securely</Keyword>
							</KeywordAnnotation>
						</TextAnnotation>
						<TextAnnotation confidence="0.0" relevance="0.3"
							xml:lang="en">
							<KeywordAnnotation>
								<Keyword>scary</Keyword>
								<Keyword>shifted</Keyword>
							</KeywordAnnotation>
						</TextAnnotation>
					</AudioVisualSegment>
					<AudioVisualSegment id="track-1.segment-19">
						<MediaTime>
							<MediaRelTimePoint>T00:10:09:0F1000</MediaRelTimePoint>
							<MediaDuration>PT43S0N1000F</MediaDuration>
						</MediaTime>
						<TextAnnotation confidence="0.5" relevance="0.5"
							xml:lang="en">
							<KeywordAnnotation>
								<Keyword>Basic</Keyword>
								<Keyword>Exchange</Keyword>
								<Keyword>Idea</Keyword>
								<Keyword>all</Keyword>
								<Keyword>this</Keyword>
							</KeywordAnnotation>
						</TextAnnotation>
						<TextAnnotation confidence="0.5" relevance="0.2"
							xml:lang="en">
							<KeywordAnnotation>
								<Keyword>Hardware</Keyword>
							</KeywordAnnotation>
						</TextAnnotation>
						<TextAnnotation confidence="0.5" relevance="0.0"
							xml:lang="en">
							<KeywordAnnotation>
								<Keyword>Ti</Keyword>
								<Keyword>mw</Keyword>
								<Keyword>up</Keyword>
							</KeywordAnnotation>
						</TextAnnotation>
						<TextAnnotation confidence="0.0" relevance="0.4"
							xml:lang="en">
							<KeywordAnnotation>
								<Keyword>gums</Keyword>
								<Keyword>masmnme</Keyword>
								<Keyword>secumy</Keyword>
							</KeywordAnnotation>
						</TextAnnotation>
						<TextAnnotation confidence="0.0" relevance="0.0"
							xml:lang="en">
							<KeywordAnnotation>
								<Keyword>-</Keyword>
								<Keyword>I</Keyword>
								<Keyword>J</Keyword>
								<Keyword>K</Keyword>
								<Keyword>P</Keyword>
								<Keyword>T</Keyword>
								<Keyword>a</Keyword>
							</KeywordAnnotation>
						</TextAnnotation>
					</AudioVisualSegment>
					<AudioVisualSegment id="track-1.segment-20">
						<MediaTime>
							<MediaRelTimePoint>T00:10:52:0F1000</MediaRelTimePoint>
							<MediaDuration>PT39S0N1000F</MediaDuration>
						</MediaTime>
						<TextAnnotation confidence="0.5" relevance="0.5"
							xml:lang="en">
							<KeywordAnnotation>
								<Keyword>For</Keyword>
								<Keyword>IaU</Keyword>
								<Keyword>systems</Keyword>
								<Keyword>this</Keyword>
								<Keyword>update</Keyword>
							</KeywordAnnotation>
						</TextAnnotation>
						<TextAnnotation confidence="0.5" relevance="0.4"
							xml:lang="en">
							<KeywordAnnotation>
								<Keyword>Custom</Keyword>
								<Keyword>Hardened</Keyword>
								<Keyword>Linux</Keyword>
								<Keyword>ans</Keyword>
								<Keyword>built</Keyword>
								<Keyword>custom</Keyword>
								<Keyword>hardware</Keyword>
								<Keyword>identical</Keyword>
								<Keyword>stack</Keyword>
							</KeywordAnnotation>
						</TextAnnotation>
						<TextAnnotation confidence="0.5" relevance="0.3"
							xml:lang="en">
							<KeywordAnnotation>
								<Keyword>from</Keyword>
								<Keyword>other</Keyword>
								<Keyword>similar</Keyword>
								<Keyword>something</Keyword>
								<Keyword>vendors</Keyword>
							</KeywordAnnotation>
						</TextAnnotation>
						<TextAnnotation confidence="0.5" relevance="0.0"
							xml:lang="en">
							<KeywordAnnotation>
								<Keyword>Up</Keyword>
								<Keyword>ms</Keyword>
								<Keyword>mu</Keyword>
								<Keyword>of</Keyword>
								<Keyword>or</Keyword>
								<Keyword>wn</Keyword>
							</KeywordAnnotation>
						</TextAnnotation>
						<TextAnnotation confidence="0.0" relevance="0.5"
							xml:lang="en">
							<KeywordAnnotation>
								<Keyword>Daia</Keyword>
								<Keyword>Umicrm</Keyword>
								<Keyword>dalaoeruers</Keyword>
								<Keyword>rephcaied</Keyword>
							</KeywordAnnotation>
						</TextAnnotation>
						<TextAnnotation confidence="0.0" relevance="0.4"
							xml:lang="en">
							<KeywordAnnotation>
								<Keyword>Cusgom</Keyword>
								<Keyword>homogenous</Keyword>
								<Keyword>hqgsgnds</Keyword>
								<Keyword>syst</Keyword>
								<Keyword>ystems</Keyword>
							</KeywordAnnotation>
						</TextAnnotation>
						<TextAnnotation confidence="0.0" relevance="0.0"
							xml:lang="en">
							<KeywordAnnotation>
								<Keyword>I</Keyword>
								<Keyword>N</Keyword>
								<Keyword>Y</Keyword>
								<Keyword>s</Keyword>
								<Keyword>w</Keyword>
							</KeywordAnnotation>
						</TextAnnotation>
					</AudioVisualSegment>
					<AudioVisualSegment id="track-1.segment-21">
						<MediaTime>
							<MediaRelTimePoint>T00:11:31:0F1000</MediaRelTimePoint>
							<MediaDuration>PT49S0N1000F</MediaDuration>
						</MediaTime>
						<TextAnnotation confidence="0.5" relevance="0.5"
							xml:lang="en">
							<KeywordAnnotation>
								<Keyword>Dale</Keyword>
								<Keyword>For</Keyword>
								<Keyword>Qur</Keyword>
								<Keyword>across</Keyword>
								<Keyword>redundancy</Keyword>
								<Keyword>this</Keyword>
							</KeywordAnnotation>
						</TextAnnotation>
						<TextAnnotation confidence="0.5" relevance="0.4"
							xml:lang="en">
							<KeywordAnnotation>
								<Keyword>Custom</Keyword>
								<Keyword>Hardened</Keyword>
								<Keyword>Linux</Keyword>
								<Keyword>all</Keyword>
								<Keyword>built</Keyword>
								<Keyword>custom</Keyword>
								<Keyword>ens</Keyword>
								<Keyword>identical</Keyword>
								<Keyword>stack</Keyword>
								<Keyword>systems</Keyword>
								<Keyword>update</Keyword>
							</KeywordAnnotation>
						</TextAnnotation>
						<TextAnnotation confidence="0.5" relevance="0.3"
							xml:lang="en">
							<KeywordAnnotation>
								<Keyword>from</Keyword>
								<Keyword>other</Keyword>
								<Keyword>similar</Keyword>
								<Keyword>something</Keyword>
								<Keyword>vendors</Keyword>
							</KeywordAnnotation>
						</TextAnnotation>
						<TextAnnotation confidence="0.5" relevance="0.0"
							xml:lang="en">
							<KeywordAnnotation>
								<Keyword>ha</Keyword>
								<Keyword>ms</Keyword>
								<Keyword>of</Keyword>
								<Keyword>oi</Keyword>
								<Keyword>or</Keyword>
							</KeywordAnnotation>
						</TextAnnotation>
						<TextAnnotation confidence="0.0" relevance="0.5"
							xml:lang="en">
							<KeywordAnnotation>
								<Keyword>Dozens</Keyword>
								<Keyword>dalacenlers</Keyword>
								<Keyword>sewevs</Keyword>
								<Keyword>sharrng</Keyword>
							</KeywordAnnotation>
						</TextAnnotation>
						<TextAnnotation confidence="0.0" relevance="0.4"
							xml:lang="en">
							<KeywordAnnotation>
								<Keyword>Cusgom</Keyword>
								<Keyword>Qystems</Keyword>
								<Keyword>Umform</Keyword>
								<Keyword>dwarc</Keyword>
								<Keyword>homogenous</Keyword>
								<Keyword>hqgsgnds</Keyword>
								<Keyword>syst</Keyword>
							</KeywordAnnotation>
						</TextAnnotation>
						<TextAnnotation confidence="0.0" relevance="0.0"
							xml:lang="en">
							<KeywordAnnotation>
								<Keyword>I</Keyword>
								<Keyword>X</Keyword>
								<Keyword>s</Keyword>
								<Keyword>w</Keyword>
							</KeywordAnnotation>
						</TextAnnotation>
					</AudioVisualSegment>
					<AudioVisualSegment id="track-1.segment-22">
						<MediaTime>
							<MediaRelTimePoint>T00:12:20:0F1000</MediaRelTimePoint>
							<MediaDuration>PT30S0N1000F</MediaDuration>
						</MediaTime>
						<TextAnnotation confidence="0.5" relevance="0.5"
							xml:lang="en">
							<KeywordAnnotation>
								<Keyword>For</Keyword>
								<Keyword>systems</Keyword>
								<Keyword>this</Keyword>
								<Keyword>update</Keyword>
							</KeywordAnnotation>
						</TextAnnotation>
						<TextAnnotation confidence="0.5" relevance="0.4"
							xml:lang="en">
							<KeywordAnnotation>
								<Keyword>Custom</Keyword>
								<Keyword>Hardened</Keyword>
								<Keyword>Linux</Keyword>
								<Keyword>built</Keyword>
								<Keyword>custom</Keyword>
								<Keyword>identical</Keyword>
								<Keyword>stack</Keyword>
							</KeywordAnnotation>
						</TextAnnotation>
						<TextAnnotation confidence="0.5" relevance="0.3"
							xml:lang="en">
							<KeywordAnnotation>
								<Keyword>from</Keyword>
								<Keyword>other</Keyword>
								<Keyword>similar</Keyword>
								<Keyword>something</Keyword>
								<Keyword>vendors</Keyword>
							</KeywordAnnotation>
						</TextAnnotation>
						<TextAnnotation confidence="0.5" relevance="0.0"
							xml:lang="en">
							<KeywordAnnotation>
								<Keyword>en</Keyword>
								<Keyword>ha</Keyword>
								<Keyword>ms</Keyword>
								<Keyword>mu</Keyword>
								<Keyword>of</Keyword>
								<Keyword>or</Keyword>
								<Keyword>vn</Keyword>
							</KeywordAnnotation>
						</TextAnnotation>
						<TextAnnotation confidence="0.0" relevance="0.5"
							xml:lang="en">
							<KeywordAnnotation>
								<Keyword>IzI</Keyword>
								<Keyword>Umlmm</Keyword>
								<Keyword>dalacanlers</Keyword>
								<Keyword>repmzaled</Keyword>
							</KeywordAnnotation>
						</TextAnnotation>
						<TextAnnotation confidence="0.0" relevance="0.4"
							xml:lang="en">
							<KeywordAnnotation>
								<Keyword>Cusgom</Keyword>
								<Keyword>dware</Keyword>
								<Keyword>gystems</Keyword>
								<Keyword>homogenous</Keyword>
								<Keyword>hqgsgnds</Keyword>
								<Keyword>syst</Keyword>
							</KeywordAnnotation>
						</TextAnnotation>
						<TextAnnotation confidence="0.0" relevance="0.0"
							xml:lang="en">
							<KeywordAnnotation>
								<Keyword>I</Keyword>
								<Keyword>a</Keyword>
								<Keyword>p</Keyword>
								<Keyword>s</Keyword>
								<Keyword>w</Keyword>
							</KeywordAnnotation>
						</TextAnnotation>
					</AudioVisualSegment>
					<AudioVisualSegment id="track-1.segment-23">
						<MediaTime>
							<MediaRelTimePoint>T00:12:50:0F1000</MediaRelTimePoint>
							<MediaDuration>PT29S0N1000F</MediaDuration>
						</MediaTime>
						<TextAnnotation confidence="0.5" relevance="0.5"
							xml:lang="en">
							<KeywordAnnotation>
								<Keyword>Cloud</Keyword>
								<Keyword>The</Keyword>
								<Keyword>data</Keyword>
								<Keyword>having</Keyword>
							</KeywordAnnotation>
						</TextAnnotation>
						<TextAnnotation confidence="0.5" relevance="0.4"
							xml:lang="en">
							<KeywordAnnotation>
								<Keyword>Better</Keyword>
								<Keyword>Cloud</Keyword>
								<Keyword>Easier</Keyword>
								<Keyword>Users</Keyword>
							</KeywordAnnotation>
						</TextAnnotation>
						<TextAnnotation confidence="0.5" relevance="0.3"
							xml:lang="en">
							<KeywordAnnotation>
								<Keyword>everywhere</Keyword>
								<Keyword>growth</Keyword>
							</KeywordAnnotation>
						</TextAnnotation>
						<TextAnnotation confidence="0.5" relevance="0.0"
							xml:lang="en">
							<KeywordAnnotation>
								<Keyword>To</Keyword>
								<Keyword>in</Keyword>
							</KeywordAnnotation>
						</TextAnnotation>
						<TextAnnotation confidence="0.0" relevance="0.5"
							xml:lang="en">
							<KeywordAnnotation>
								<Keyword>apps</Keyword>
							</KeywordAnnotation>
						</TextAnnotation>
						<TextAnnotation confidence="0.0" relevance="0.4"
							xml:lang="en">
							<KeywordAnnotation>
								<Keyword>Benehts</Keyword>
								<Keyword>Cheaper</Keyword>
							</KeywordAnnotation>
						</TextAnnotation>
						<TextAnnotation confidence="0.0" relevance="0.3"
							xml:lang="en">
							<KeywordAnnotation>
								<Keyword>AIwgy</Keyword>
								<Keyword>Aon,AIways</Keyword>
								<Keyword>AvaiIab</Keyword>
								<Keyword>Littieqrnodelayforl</Keyword>
								<Keyword>Nchardwareto</Keyword>
								<Keyword>Scglaplgjexible</Keyword>
								<Keyword>ScqIabIa,high</Keyword>
								<Keyword>avail</Keyword>
								<Keyword>ble</Keyword>
								<Keyword>globalplatforms</Keyword>
								<Keyword>manage</Keyword>
								<Keyword>performanc</Keyword>
							</KeywordAnnotation>
						</TextAnnotation>
						<TextAnnotation confidence="0.0" relevance="0.0"
							xml:lang="en">
							<KeywordAnnotation>
								<Keyword>e</Keyword>
								<Keyword>f</Keyword>
							</KeywordAnnotation>
						</TextAnnotation>
					</AudioVisualSegment>
					<AudioVisualSegment id="track-1.segment-24">
						<MediaTime>
							<MediaRelTimePoint>T00:13:19:0F1000</MediaRelTimePoint>
							<MediaDuration>PT25S0N1000F</MediaDuration>
						</MediaTime>
						<TextAnnotation confidence="0.5" relevance="0.5"
							xml:lang="en">
							<KeywordAnnotation>
								<Keyword>Cloud</Keyword>
								<Keyword>The</Keyword>
								<Keyword>data</Keyword>
								<Keyword>having</Keyword>
							</KeywordAnnotation>
						</TextAnnotation>
						<TextAnnotation confidence="0.5" relevance="0.4"
							xml:lang="en">
							<KeywordAnnotation>
								<Keyword>Better</Keyword>
								<Keyword>Cloud</Keyword>
								<Keyword>Easier</Keyword>
								<Keyword>Users</Keyword>
							</KeywordAnnotation>
						</TextAnnotation>
						<TextAnnotation confidence="0.5" relevance="0.3"
							xml:lang="en">
							<KeywordAnnotation>
								<Keyword>growth</Keyword>
							</KeywordAnnotation>
						</TextAnnotation>
						<TextAnnotation confidence="0.5" relevance="0.0"
							xml:lang="en">
							<KeywordAnnotation>
								<Keyword>No</Keyword>
								<Keyword>To</Keyword>
								<Keyword>in</Keyword>
								<Keyword>of</Keyword>
							</KeywordAnnotation>
						</TextAnnotation>
						<TextAnnotation confidence="0.0" relevance="0.5"
							xml:lang="en">
							<KeywordAnnotation>
								<Keyword>apps</Keyword>
							</KeywordAnnotation>
						</TextAnnotation>
						<TextAnnotation confidence="0.0" relevance="0.4"
							xml:lang="en">
							<KeywordAnnotation>
								<Keyword>Benefnts</Keyword>
								<Keyword>Cheaper</Keyword>
							</KeywordAnnotation>
						</TextAnnotation>
						<TextAnnotation confidence="0.0" relevance="0.3"
							xml:lang="en">
							<KeywordAnnotation>
								<Keyword>AIwgy</Keyword>
								<Keyword>Aon,AIways</Keyword>
								<Keyword>Availabye</Keyword>
								<Keyword>Litiieqrnodelayforl</Keyword>
								<Keyword>Scglaplgqexible</Keyword>
								<Keyword>Scqlablqhigh</Keyword>
								<Keyword>YWh</Keyword>
								<Keyword>avail</Keyword>
								<Keyword>ble</Keyword>
								<Keyword>globalplatforms</Keyword>
								<Keyword>hardwareto</Keyword>
								<Keyword>manage</Keyword>
								<Keyword>performanc</Keyword>
							</KeywordAnnotation>
						</TextAnnotation>
						<TextAnnotation confidence="0.0" relevance="0.0"
							xml:lang="en">
							<KeywordAnnotation>
								<Keyword>-</Keyword>
								<Keyword>I</Keyword>
								<Keyword>v</Keyword>
							</KeywordAnnotation>
						</TextAnnotation>
					</AudioVisualSegment>
					<AudioVisualSegment id="track-1.segment-25">
						<MediaTime>
							<MediaRelTimePoint>T00:13:44:0F1000</MediaRelTimePoint>
							<MediaDuration>PT37S0N1000F</MediaDuration>
						</MediaTime>
						<TextAnnotation confidence="0.5" relevance="0.5"
							xml:lang="en">
							<KeywordAnnotation>
								<Keyword>Cloud</Keyword>
								<Keyword>The</Keyword>
								<Keyword>data</Keyword>
								<Keyword>having</Keyword>
							</KeywordAnnotation>
						</TextAnnotation>
						<TextAnnotation confidence="0.5" relevance="0.4"
							xml:lang="en">
							<KeywordAnnotation>
								<Keyword>Better</Keyword>
								<Keyword>Cloud</Keyword>
								<Keyword>Easier</Keyword>
								<Keyword>Users</Keyword>
							</KeywordAnnotation>
						</TextAnnotation>
						<TextAnnotation confidence="0.5" relevance="0.3"
							xml:lang="en">
							<KeywordAnnotation>
								<Keyword>ayr</Keyword>
								<Keyword>everywhere</Keyword>
								<Keyword>growth</Keyword>
							</KeywordAnnotation>
						</TextAnnotation>
						<TextAnnotation confidence="0.5" relevance="0.0"
							xml:lang="en">
							<KeywordAnnotation>
								<Keyword>No</Keyword>
								<Keyword>To</Keyword>
								<Keyword>in</Keyword>
								<Keyword>qr</Keyword>
							</KeywordAnnotation>
						</TextAnnotation>
						<TextAnnotation confidence="0.0" relevance="0.5"
							xml:lang="en">
							<KeywordAnnotation>
								<Keyword>apps</Keyword>
							</KeywordAnnotation>
						</TextAnnotation>
						<TextAnnotation confidence="0.0" relevance="0.4"
							xml:lang="en">
							<KeywordAnnotation>
								<Keyword>Benefrts</Keyword>
								<Keyword>Cheaper</Keyword>
							</KeywordAnnotation>
						</TextAnnotation>
						<TextAnnotation confidence="0.0" relevance="0.3"
							xml:lang="en">
							<KeywordAnnotation>
								<Keyword>AIwgy</Keyword>
								<Keyword>Aon,AIways</Keyword>
								<Keyword>Avauabge</Keyword>
								<Keyword>IapIg,t</Keyword>
								<Keyword>avail</Keyword>
								<Keyword>ble</Keyword>
								<Keyword>exibIe</Keyword>
								<Keyword>globalplatforms</Keyword>
								<Keyword>hardwareto</Keyword>
								<Keyword>manage</Keyword>
								<Keyword>performano</Keyword>
								<Keyword>scqnauqnsgn</Keyword>
								<Keyword>u.am</Keyword>
							</KeywordAnnotation>
						</TextAnnotation>
						<TextAnnotation confidence="0.0" relevance="0.0"
							xml:lang="en">
							<KeywordAnnotation>
								<Keyword>U</Keyword>
								<Keyword>c</Keyword>
								<Keyword>f</Keyword>
							</KeywordAnnotation>
						</TextAnnotation>
					</AudioVisualSegment>
					<AudioVisualSegment id="track-1.segment-26">
						<MediaTime>
							<MediaRelTimePoint>T00:14:21:0F1000</MediaRelTimePoint>
							<MediaDuration>PT26S0N1000F</MediaDuration>
						</MediaTime>
						<TextAnnotation confidence="0.5" relevance="0.5"
							xml:lang="en">
							<KeywordAnnotation>
								<Keyword>Issues</Keyword>
								<Keyword>Security</Keyword>
							</KeywordAnnotation>
						</TextAnnotation>
						<TextAnnotation confidence="0.5" relevance="0.4"
							xml:lang="en">
							<KeywordAnnotation>
								<Keyword>Authentication</Keyword>
								<Keyword>Defending</Keyword>
								<Keyword>SSL</Keyword>
								<Keyword>Securing</Keyword>
								<Keyword>against</Keyword>
								<Keyword>and</Keyword>
								<Keyword>available</Keyword>
								<Keyword>customers</Keyword>
								<Keyword>data</Keyword>
								<Keyword>deployed</Keyword>
								<Keyword>just</Keyword>
								<Keyword>not</Keyword>
								<Keyword>old</Keyword>
								<Keyword>patches</Keyword>
								<Keyword>problem</Keyword>
								<Keyword>staff</Keyword>
								<Keyword>suppliers</Keyword>
								<Keyword>techniques</Keyword>
								<Keyword>technology</Keyword>
								<Keyword>transit</Keyword>
								<Keyword>upgrades</Keyword>
								<Keyword>using</Keyword>
								<Keyword>widely</Keyword>
							</KeywordAnnotation>
						</TextAnnotation>
						<TextAnnotation confidence="0.5" relevance="0.3"
							xml:lang="en">
							<KeywordAnnotation>
								<Keyword>Managing</Keyword>
								<Keyword>and</Keyword>
								<Keyword>application</Keyword>
								<Keyword>configuration</Keyword>
								<Keyword>issues</Keyword>
								<Keyword>your</Keyword>
							</KeywordAnnotation>
						</TextAnnotation>
						<TextAnnotation confidence="0.5" relevance="0.0"
							xml:lang="en">
							<KeywordAnnotation>
								<Keyword>OS</Keyword>
								<Keyword>Tl</Keyword>
								<Keyword>an</Keyword>
								<Keyword>eg</Keyword>
								<Keyword>in</Keyword>
								<Keyword>of</Keyword>
							</KeywordAnnotation>
						</TextAnnotation>
						<TextAnnotation confidence="0.0" relevance="0.5"
							xml:lang="en">
							<KeywordAnnotation>
								<Keyword>Unchanging</Keyword>
							</KeywordAnnotation>
						</TextAnnotation>
						<TextAnnotation confidence="0.0" relevance="0.4"
							xml:lang="en">
							<KeywordAnnotation>
								<Keyword>Openld</Keyword>
								<Keyword>attacker</Keyword>
								<Keyword>e.g</Keyword>
								<Keyword>in-house</Keyword>
								<Keyword>nsw</Keyword>
							</KeywordAnnotation>
						</TextAnnotation>
						<TextAnnotation confidence="0.0" relevance="0.3"
							xml:lang="en">
							<KeywordAnnotation>
								<Keyword>CCOU</Keyword>
								<Keyword>I8Q</Keyword>
								<Keyword>IVp8SSWOI</Keyword>
								<Keyword>fT13I</Keyword>
							</KeywordAnnotation>
						</TextAnnotation>
						<TextAnnotation confidence="0.0" relevance="0.0"
							xml:lang="en">
							<KeywordAnnotation>
								<Keyword>I</Keyword>
								<Keyword>a</Keyword>
								<Keyword>d</Keyword>
								<Keyword>l</Keyword>
								<Keyword>t</Keyword>
							</KeywordAnnotation>
						</TextAnnotation>
					</AudioVisualSegment>
					<AudioVisualSegment id="track-1.segment-27">
						<MediaTime>
							<MediaRelTimePoint>T00:14:47:0F1000</MediaRelTimePoint>
							<MediaDuration>PT12S0N1000F</MediaDuration>
						</MediaTime>
						<TextAnnotation confidence="0.5" relevance="0.5"
							xml:lang="en">
							<KeywordAnnotation>
								<Keyword>Issues</Keyword>
								<Keyword>Security</Keyword>
							</KeywordAnnotation>
						</TextAnnotation>
						<TextAnnotation confidence="0.5" relevance="0.4"
							xml:lang="en">
							<KeywordAnnotation>
								<Keyword>Authentication</Keyword>
								<Keyword>Defending</Keyword>
								<Keyword>SSL</Keyword>
								<Keyword>Securing</Keyword>
								<Keyword>against</Keyword>
								<Keyword>and</Keyword>
								<Keyword>available</Keyword>
								<Keyword>customers</Keyword>
								<Keyword>data</Keyword>
								<Keyword>deployed</Keyword>
								<Keyword>just</Keyword>
								<Keyword>new</Keyword>
								<Keyword>not</Keyword>
								<Keyword>old</Keyword>
								<Keyword>patches</Keyword>
								<Keyword>problem</Keyword>
								<Keyword>staff</Keyword>
								<Keyword>suppliers</Keyword>
								<Keyword>techniques</Keyword>
								<Keyword>technology</Keyword>
								<Keyword>transit</Keyword>
								<Keyword>upgrades</Keyword>
								<Keyword>using</Keyword>
								<Keyword>widely</Keyword>
							</KeywordAnnotation>
						</TextAnnotation>
						<TextAnnotation confidence="0.5" relevance="0.3"
							xml:lang="en">
							<KeywordAnnotation>
								<Keyword>Managing</Keyword>
								<Keyword>and</Keyword>
								<Keyword>application</Keyword>
								<Keyword>configuration</Keyword>
								<Keyword>issues</Keyword>
								<Keyword>your</Keyword>
							</KeywordAnnotation>
						</TextAnnotation>
						<TextAnnotation confidence="0.5" relevance="0.0"
							xml:lang="en">
							<KeywordAnnotation>
								<Keyword>OS</Keyword>
								<Keyword>an</Keyword>
								<Keyword>ht</Keyword>
								<Keyword>in</Keyword>
								<Keyword>of</Keyword>
							</KeywordAnnotation>
						</TextAnnotation>
						<TextAnnotation confidence="0.0" relevance="0.5"
							xml:lang="en">
							<KeywordAnnotation>
								<Keyword>Unchanging</Keyword>
							</KeywordAnnotation>
						</TextAnnotation>
						<TextAnnotation confidence="0.0" relevance="0.4"
							xml:lang="en">
							<KeywordAnnotation>
								<Keyword>Openld</Keyword>
								<Keyword>attacker</Keyword>
								<Keyword>e.g</Keyword>
								<Keyword>in-house</Keyword>
							</KeywordAnnotation>
						</TextAnnotation>
						<TextAnnotation confidence="0.0" relevance="0.3"
							xml:lang="en">
							<KeywordAnnotation>
								<Keyword>SCCOUFIT</Keyword>
								<Keyword>mahag</Keyword>
								<Keyword>p8SSW0fd</Keyword>
							</KeywordAnnotation>
						</TextAnnotation>
						<TextAnnotation confidence="0.0" relevance="0.0"
							xml:lang="en">
							<KeywordAnnotation>
								<Keyword>a</Keyword>
								<Keyword>m</Keyword>
							</KeywordAnnotation>
						</TextAnnotation>
					</AudioVisualSegment>
					<AudioVisualSegment id="track-1.segment-28">
						<MediaTime>
							<MediaRelTimePoint>T00:14:59:0F1000</MediaRelTimePoint>
							<MediaDuration>PT01M14S0N1000F</MediaDuration>
						</MediaTime>
						<TextAnnotation confidence="0.5" relevance="0.5"
							xml:lang="en">
							<KeywordAnnotation>
								<Keyword>access</Keyword>
								<Keyword>advanced</Keyword>
								<Keyword>and</Keyword>
								<Keyword>applications</Keyword>
								<Keyword>control</Keyword>
								<Keyword>had</Keyword>
								<Keyword>hard</Keyword>
								<Keyword>house</Keyword>
								<Keyword>keep</Keyword>
								<Keyword>mae</Keyword>
								<Keyword>man</Keyword>
								<Keyword>mar</Keyword>
								<Keyword>men</Keyword>
								<Keyword>persona</Keyword>
								<Keyword>same</Keyword>
								<Keyword>say</Keyword>
								<Keyword>technology</Keyword>
								<Keyword>the</Keyword>
								<Keyword>users</Keyword>
							</KeywordAnnotation>
						</TextAnnotation>
						<TextAnnotation confidence="0.5" relevance="0.4"
							xml:lang="en">
							<KeywordAnnotation>
								<Keyword>SUI</Keyword>
								<Keyword>USS</Keyword>
								<Keyword>claim</Keyword>
								<Keyword>devices</Keyword>
								<Keyword>home</Keyword>
								<Keyword>more</Keyword>
								<Keyword>productive</Keyword>
								<Keyword>technology</Keyword>
								<Keyword>that</Keyword>
								<Keyword>they</Keyword>
								<Keyword>use</Keyword>
								<Keyword>work</Keyword>
								<Keyword>would</Keyword>
							</KeywordAnnotation>
						</TextAnnotation>
						<TextAnnotation confidence="0.5" relevance="0.0"
							xml:lang="en">
							<KeywordAnnotation>
								<Keyword>In</Keyword>
								<Keyword>YO</Keyword>
								<Keyword>as</Keyword>
								<Keyword>at</Keyword>
								<Keyword>be</Keyword>
								<Keyword>cn</Keyword>
								<Keyword>it</Keyword>
								<Keyword>mm</Keyword>
								<Keyword>rc</Keyword>
								<Keyword>to</Keyword>
								<Keyword>up</Keyword>
								<Keyword>uv</Keyword>
							</KeywordAnnotation>
						</TextAnnotation>
						<TextAnnotation confidence="0.0" relevance="0.5"
							xml:lang="en">
							<KeywordAnnotation>
								<Keyword>empwym</Keyword>
								<Keyword>ifthey</Keyword>
								<Keyword>mnnorogy</Keyword>
							</KeywordAnnotation>
						</TextAnnotation>
						<TextAnnotation confidence="0.0" relevance="0.4"
							xml:lang="en">
							<KeywordAnnotation>
								<Keyword>C0I</Keyword>
								<Keyword>IFUV</Keyword>
								<Keyword>IGBSY</Keyword>
								<Keyword>LII</Keyword>
								<Keyword>l9d</Keyword>
								<Keyword>lCti0I</Keyword>
							</KeywordAnnotation>
						</TextAnnotation>
						<TextAnnotation confidence="0.0" relevance="0.3"
							xml:lang="en">
							<KeywordAnnotation>
								<Keyword>Ymmo</Keyword>
								<Keyword>nRas</Keyword>
							</KeywordAnnotation>
						</TextAnnotation>
						<TextAnnotation confidence="0.0" relevance="0.0"
							xml:lang="en">
							<KeywordAnnotation>
								<Keyword>A</Keyword>
								<Keyword>I</Keyword>
								<Keyword>T</Keyword>
								<Keyword>W</Keyword>
								<Keyword>s</Keyword>
							</KeywordAnnotation>
						</TextAnnotation>
					</AudioVisualSegment>
					<AudioVisualSegment id="track-1.segment-29">
						<MediaTime>
							<MediaRelTimePoint>T00:16:13:0F1000</MediaRelTimePoint>
							<MediaDuration>PT24S0N1000F</MediaDuration>
						</MediaTime>
						<TextAnnotation confidence="0.5" relevance="0.5"
							xml:lang="en">
							<KeywordAnnotation>
								<Keyword>access</Keyword>
								<Keyword>and</Keyword>
								<Keyword>applications</Keyword>
								<Keyword>control</Keyword>
								<Keyword>employers</Keyword>
								<Keyword>erm</Keyword>
								<Keyword>had</Keyword>
								<Keyword>hard</Keyword>
								<Keyword>house</Keyword>
								<Keyword>keep</Keyword>
								<Keyword>men</Keyword>
								<Keyword>more</Keyword>
								<Keyword>persona</Keyword>
								<Keyword>same</Keyword>
								<Keyword>say</Keyword>
								<Keyword>technology</Keyword>
								<Keyword>the</Keyword>
								<Keyword>users</Keyword>
							</KeywordAnnotation>
						</TextAnnotation>
						<TextAnnotation confidence="0.5" relevance="0.4"
							xml:lang="en">
							<KeywordAnnotation>
								<Keyword>claim</Keyword>
								<Keyword>consumer</Keyword>
								<Keyword>devices</Keyword>
								<Keyword>home</Keyword>
								<Keyword>least</Keyword>
								<Keyword>more</Keyword>
								<Keyword>one</Keyword>
								<Keyword>productive</Keyword>
								<Keyword>technology</Keyword>
								<Keyword>that</Keyword>
								<Keyword>they</Keyword>
								<Keyword>use</Keyword>
								<Keyword>work</Keyword>
								<Keyword>would</Keyword>
							</KeywordAnnotation>
						</TextAnnotation>
						<TextAnnotation confidence="0.5" relevance="0.0"
							xml:lang="en">
							<KeywordAnnotation>
								<Keyword>IV</Keyword>
								<Keyword>YO</Keyword>
								<Keyword>as</Keyword>
								<Keyword>at</Keyword>
								<Keyword>be</Keyword>
								<Keyword>it</Keyword>
								<Keyword>ln</Keyword>
								<Keyword>me</Keyword>
								<Keyword>mm</Keyword>
								<Keyword>to</Keyword>
								<Keyword>up</Keyword>
							</KeywordAnnotation>
						</TextAnnotation>
						<TextAnnotation confidence="0.0" relevance="0.5"
							xml:lang="en">
							<KeywordAnnotation>
								<Keyword>auvanm</Keyword>
								<Keyword>ifthey</Keyword>
								<Keyword>mnnorogy</Keyword>
							</KeywordAnnotation>
						</TextAnnotation>
						<TextAnnotation confidence="0.0" relevance="0.4"
							xml:lang="en">
							<KeywordAnnotation>
								<Keyword>unsanctioned</Keyword>
							</KeywordAnnotation>
						</TextAnnotation>
						<TextAnnotation confidence="0.0" relevance="0.3"
							xml:lang="en">
							<KeywordAnnotation>
								<Keyword>Scnaomvulnoowmnnssou</Keyword>
							</KeywordAnnotation>
						</TextAnnotation>
						<TextAnnotation confidence="0.0" relevance="0.0"
							xml:lang="en">
							<KeywordAnnotation>
								<Keyword>A</Keyword>
								<Keyword>W</Keyword>
								<Keyword>nv</Keyword>
								<Keyword>s</Keyword>
								<Keyword>v</Keyword>
							</KeywordAnnotation>
						</TextAnnotation>
					</AudioVisualSegment>
					<AudioVisualSegment id="track-1.segment-30">
						<MediaTime>
							<MediaRelTimePoint>T00:16:37:0F1000</MediaRelTimePoint>
							<MediaDuration>PT01M46S0N1000F</MediaDuration>
						</MediaTime>
						<TextAnnotation confidence="0.5" relevance="0.5"
							xml:lang="en">
							<KeywordAnnotation>
								<Keyword>Security</Keyword>
								<Keyword>Tough</Keyword>
								<Keyword>Why</Keyword>
								<Keyword>after</Keyword>
								<Keyword>applications</Keyword>
								<Keyword>available</Keyword>
								<Keyword>each</Keyword>
								<Keyword>patch</Keyword>
								<Keyword>was</Keyword>
							</KeywordAnnotation>
						</TextAnnotation>
						<TextAnnotation confidence="0.5" relevance="0.4"
							xml:lang="en">
							<KeywordAnnotation>
								<Keyword>Multiple</Keyword>
								<Keyword>Patches</Keyword>
								<Keyword>Upgrades</Keyword>
								<Keyword>and</Keyword>
								<Keyword>operating</Keyword>
								<Keyword>systems</Keyword>
								<Keyword>versions</Keyword>
							</KeywordAnnotation>
						</TextAnnotation>
						<TextAnnotation confidence="0.5" relevance="0.3"
							xml:lang="en">
							<KeywordAnnotation>
								<Keyword>You</Keyword>
								<Keyword>are</Keyword>
								<Keyword>current</Keyword>
								<Keyword>deploying</Keyword>
								<Keyword>hackers</Keyword>
								<Keyword>next</Keyword>
								<Keyword>patch</Keyword>
								<Keyword>the</Keyword>
								<Keyword>vulnerability</Keyword>
							</KeywordAnnotation>
						</TextAnnotation>
						<TextAnnotation confidence="0.5" relevance="0.0"
							xml:lang="en">
							<KeywordAnnotation>
								<Keyword>So</Keyword>
								<Keyword>at</Keyword>
								<Keyword>is</Keyword>
								<Keyword>it</Keyword>
								<Keyword>on</Keyword>
								<Keyword>to</Keyword>
								<Keyword>we</Keyword>
							</KeywordAnnotation>
						</TextAnnotation>
						<TextAnnotation confidence="0.0" relevance="0.5"
							xml:lang="en">
							<KeywordAnnotation>
								<Keyword>In-House</Keyword>
								<Keyword>Multlpm</Keyword>
								<Keyword>diff</Keyword>
								<Keyword>rsnt</Keyword>
							</KeywordAnnotation>
						</TextAnnotation>
						<TextAnnotation confidence="0.0" relevance="0.3"
							xml:lang="en">
							<KeywordAnnotation>
								<Keyword>exploiting</Keyword>
							</KeywordAnnotation>
						</TextAnnotation>
						<TextAnnotation confidence="0.0" relevance="0.0"
							xml:lang="en">
							<KeywordAnnotation>
								<Keyword>A</Keyword>
								<Keyword>M</Keyword>
							</KeywordAnnotation>
						</TextAnnotation>
					</AudioVisualSegment>
					<AudioVisualSegment id="track-1.segment-31">
						<MediaTime>
							<MediaRelTimePoint>T00:18:23:0F1000</MediaRelTimePoint>
							<MediaDuration>PT32S0N1000F</MediaDuration>
						</MediaTime>
						<TextAnnotation confidence="0.5" relevance="0.5"
							xml:lang="en">
							<KeywordAnnotation>
								<Keyword>ACM</Keyword>
								<Keyword>Analysis</Keyword>
								<Keyword>CCS</Keyword>
								<Keyword>Proceedings</Keyword>
								<Keyword>Security</Keyword>
								<Keyword>Tough</Keyword>
								<Keyword>Why</Keyword>
								<Keyword>accounts</Keyword>
								<Keyword>and</Keyword>
								<Keyword>bank</Keyword>
								<Keyword>http</Keyword>
								<Keyword>the</Keyword>
							</KeywordAnnotation>
						</TextAnnotation>
						<TextAnnotation confidence="0.5" relevance="0.4"
							xml:lang="en">
							<KeywordAnnotation>
								<Keyword>Infections</Keyword>
								<Keyword>Over</Keyword>
								<Keyword>Researchers</Keyword>
								<Keyword>Scale</Keyword>
								<Keyword>Sophistication</Keyword>
								<Keyword>aBd</Keyword>
								<Keyword>and</Keyword>
								<Keyword>attackers</Keyword>
								<Keyword>bad</Keyword>
								<Keyword>bots</Keyword>
								<Keyword>buy</Keyword>
								<Keyword>capture</Keyword>
								<Keyword>cards</Keyword>
								<Keyword>collected</Keyword>
								<Keyword>computers</Keyword>
								<Keyword>credit</Keyword>
								<Keyword>explained</Keyword>
								<Keyword>guys</Keyword>
								<Keyword>have</Keyword>
								<Keyword>including</Keyword>
								<Keyword>list</Keyword>
								<Keyword>more</Keyword>
								<Keyword>observed</Keyword>
								<Keyword>pre</Keyword>
								<Keyword>price</Keyword>
								<Keyword>ten</Keyword>
								<Keyword>than</Keyword>
								<Keyword>that</Keyword>
								<Keyword>the</Keyword>
								<Keyword>them</Keyword>
								<Keyword>they</Keyword>
								<Keyword>yesterday</Keyword>
							</KeywordAnnotation>
						</TextAnnotation>
						<TextAnnotation confidence="0.5" relevance="0.0"
							xml:lang="en">
							<KeywordAnnotation>
								<Keyword>As</Keyword>
								<Keyword>GB</Keyword>
								<Keyword>My</Keyword>
								<Keyword>al</Keyword>
								<Keyword>at</Keyword>
								<Keyword>gy</Keyword>
								<Keyword>is</Keyword>
								<Keyword>of</Keyword>
							</KeywordAnnotation>
						</TextAnnotation>
						<TextAnnotation confidence="0.0" relevance="0.5"
							xml:lang="en">
							<KeywordAnnotation>
								<Keyword>Bgtpgtlig</Keyword>
								<Keyword>Botnct</Keyword>
								<Keyword>Botnetz</Keyword>
								<Keyword>Igoo</Keyword>
								<Keyword>Takeover</Keyword>
								<Keyword>Ypyy</Keyword>
								<Keyword>aMgr</Keyword>
								<Keyword>are-</Keyword>
								<Keyword>eonIinesecurityblogspot.comI2009I08ImaIv</Keyword>
								<Keyword>iht1nI</Keyword>
								<Keyword>in-House</Keyword>
								<Keyword>tatistics-upda</Keyword>
								<Keyword>upqaior</Keyword>
							</KeywordAnnotation>
						</TextAnnotation>
						<TextAnnotation confidence="0.0" relevance="0.4"
							xml:lang="en">
							<KeywordAnnotation>
								<Keyword>LOTS</Keyword>
								<Keyword>Torplg</Keyword>
								<Keyword>bgtpetrtor</Keyword>
								<Keyword>corded</Keyword>
								<Keyword>daia</Keyword>
								<Keyword>didn</Keyword>
								<Keyword>more-</Keyword>
								<Keyword>ovq</Keyword>
								<Keyword>poriod</Keyword>
								<Keyword>qays</Keyword>
								<Keyword>t0ne-Gyoss</Keyword>
								<Keyword>thb</Keyword>
								<Keyword>tho</Keyword>
								<Keyword>toqk</Keyword>
							</KeywordAnnotation>
						</TextAnnotation>
						<TextAnnotation confidence="0.0" relevance="0.0"
							xml:lang="en">
							<KeywordAnnotation>
								<Keyword>Q</Keyword>
								<Keyword>S</Keyword>
								<Keyword>a</Keyword>
								<Keyword>r</Keyword>
								<Keyword>t</Keyword>
							</KeywordAnnotation>
						</TextAnnotation>
					</AudioVisualSegment>
					<AudioVisualSegment id="track-1.segment-32">
						<MediaTime>
							<MediaRelTimePoint>T00:18:55:0F1000</MediaRelTimePoint>
							<MediaDuration>PT04M39S0N1000F</MediaDuration>
						</MediaTime>
						<TextAnnotation confidence="0.5" relevance="0.5"
							xml:lang="en">
							<KeywordAnnotation>
								<Keyword>Changing</Keyword>
								<Keyword>Issues</Keyword>
								<Keyword>Security</Keyword>
							</KeywordAnnotation>
						</TextAnnotation>
						<TextAnnotation confidence="0.5" relevance="0.4"
							xml:lang="en">
							<KeywordAnnotation>
								<Keyword>Access</Keyword>
								<Keyword>Cloud</Keyword>
								<Keyword>Other</Keyword>
								<Keyword>Platform</Keyword>
								<Keyword>Reliance</Keyword>
								<Keyword>Shared</Keyword>
								<Keyword>Their</Keyword>
								<Keyword>Your</Keyword>
								<Keyword>applications</Keyword>
								<Keyword>behind</Keyword>
								<Keyword>build</Keyword>
								<Keyword>can</Keyword>
								<Keyword>cloud</Keyword>
								<Keyword>competent</Keyword>
								<Keyword>data</Keyword>
								<Keyword>firewalls</Keyword>
								<Keyword>have</Keyword>
								<Keyword>help</Keyword>
								<Keyword>platform</Keyword>
								<Keyword>provider</Keyword>
								<Keyword>run</Keyword>
								<Keyword>same</Keyword>
								<Keyword>staff</Keyword>
								<Keyword>such</Keyword>
								<Keyword>systems</Keyword>
								<Keyword>that</Keyword>
								<Keyword>the</Keyword>
								<Keyword>their</Keyword>
								<Keyword>them</Keyword>
								<Keyword>those</Keyword>
								<Keyword>through</Keyword>
								<Keyword>trust</Keyword>
								<Keyword>you</Keyword>
								<Keyword>your</Keyword>
							</KeywordAnnotation>
						</TextAnnotation>
						<TextAnnotation confidence="0.5" relevance="0.0"
							xml:lang="en">
							<KeywordAnnotation>
								<Keyword>as</Keyword>
								<Keyword>be</Keyword>
								<Keyword>in</Keyword>
								<Keyword>is</Keyword>
								<Keyword>on</Keyword>
								<Keyword>so</Keyword>
								<Keyword>to</Keyword>
							</KeywordAnnotation>
						</TextAnnotation>
						<TextAnnotation confidence="0.0" relevance="0.4"
							xml:lang="en">
							<KeywordAnnotation>
								<Keyword>SAS-</Keyword>
								<Keyword>audits</Keyword>
							</KeywordAnnotation>
						</TextAnnotation>
					</AudioVisualSegment>
					<AudioVisualSegment id="track-1.segment-33">
						<MediaTime>
							<MediaRelTimePoint>T00:23:34:0F1000</MediaRelTimePoint>
							<MediaDuration>PT35M41S571N1000F</MediaDuration>
						</MediaTime>
						<TextAnnotation confidence="0.5" relevance="0.5"
							xml:lang="en">
							<KeywordAnnotation>
								<Keyword>coming</Keyword>
								<Keyword>guys</Keyword>
								<Keyword>just</Keyword>
								<Keyword>keep</Keyword>
								<Keyword>need</Keyword>
								<Keyword>them</Keyword>
								<Keyword>works</Keyword>
							</KeywordAnnotation>
						</TextAnnotation>
						<TextAnnotation confidence="0.5" relevance="0.4"
							xml:lang="en">
							<KeywordAnnotation>
								<Keyword>ALL</Keyword>
								<Keyword>And</Keyword>
								<Keyword>But</Keyword>
								<Keyword>Choose</Keyword>
								<Keyword>Cloud</Keyword>
								<Keyword>Computing</Keyword>
								<Keyword>There</Keyword>
								<Keyword>and</Keyword>
								<Keyword>are</Keyword>
								<Keyword>aspects</Keyword>
								<Keyword>bad</Keyword>
								<Keyword>because</Keyword>
								<Keyword>check</Keyword>
								<Keyword>depending</Keyword>
								<Keyword>deployed</Keyword>
								<Keyword>develop</Keyword>
								<Keyword>different</Keyword>
								<Keyword>don</Keyword>
								<Keyword>first</Keyword>
								<Keyword>form</Keyword>
								<Keyword>going</Keyword>
								<Keyword>has</Keyword>
								<Keyword>issue</Keyword>
								<Keyword>just</Keyword>
								<Keyword>make</Keyword>
								<Keyword>many</Keyword>
								<Keyword>new</Keyword>
								<Keyword>now</Keyword>
								<Keyword>other</Keyword>
								<Keyword>relevant</Keyword>
								<Keyword>right</Keyword>
								<Keyword>security</Keyword>
								<Keyword>sure</Keyword>
								<Keyword>techniques</Keyword>
								<Keyword>the</Keyword>
								<Keyword>they</Keyword>
								<Keyword>too</Keyword>
								<Keyword>tools</Keyword>
								<Keyword>useful</Keyword>
								<Keyword>was</Keyword>
								<Keyword>when</Keyword>
								<Keyword>your</Keyword>
							</KeywordAnnotation>
						</TextAnnotation>
						<TextAnnotation confidence="0.5" relevance="0.0"
							xml:lang="en">
							<KeywordAnnotation>
								<Keyword>as</Keyword>
								<Keyword>in</Keyword>
								<Keyword>it</Keyword>
								<Keyword>on</Keyword>
								<Keyword>re</Keyword>
								<Keyword>to</Keyword>
								<Keyword>we</Keyword>
							</KeywordAnnotation>
						</TextAnnotation>
						<TextAnnotation confidence="0.0" relevance="0.5"
							xml:lang="en">
							<KeywordAnnotation>
								<Keyword>Virtualisation</Keyword>
							</KeywordAnnotation>
						</TextAnnotation>
						<TextAnnotation confidence="0.0" relevance="0.4"
							xml:lang="en">
							<KeywordAnnotation>
								<Keyword>forget</Keyword>
								<Keyword>specihc</Keyword>
								<Keyword>toolbox</Keyword>
								<Keyword>virtualisation</Keyword>
							</KeywordAnnotation>
						</TextAnnotation>
						<TextAnnotation confidence="0.0" relevance="0.0"
							xml:lang="en">
							<KeywordAnnotation>
								<Keyword>O</Keyword>
								<Keyword>s</Keyword>
								<Keyword>t</Keyword>
							</KeywordAnnotation>
						</TextAnnotation>
					</AudioVisualSegment>
				</TemporalDecomposition>
			</AudioVisual>
		</MultimediaContent>
	</Description>
</Mpeg7>
