<?xml version="1.0" encoding="UTF-8"?>
<metadata xmlns="http://www.opencastproject.org/xsd/1.0/dublincore/" xmlns:xsi="http://www.w3.org/2001/XMLSchema-instance" xmlns:dcterms="http://purl.org/dc/terms/">
        <!-- Series Dublin Core -->
        <dcterms:title>User Innovation</dcterms:title>
	<dcterms:identifier>351-0555-00L-2009W</dcterms:identifier>
        <dcterms:abstract>The course introduces the students to the long-standing tradition of actively involving users of technology and other knowledge-intensive products in the development and production process, and through own cases they develop an entrepreneurial understanding of product development under distributed, user-centered, or open innovation strategies.</dcterms:abstract>
        <dcterms:description>This course on user innovation extends courses on knowledge management and innovation as well as marketing. The students are introduced to the long-standing tradition of actively involving users of technology and other knowledge-intensive products in the development and production process, and through own cases they develop an entrepreneurial understanding of product development under distributed, user-centered, or open innovation strategies. Theoretical underpinnings taught in the course include models of innovation, the structuration of technology, and an introduction to entrepreneurship.</dcterms:description>

        <dcterms:created xsi:type="dcterms:W3CDTF">2009-09-22</dcterms:created>
        <dcterms:creator>Haefliger, Stefan</dcterms:creator>
        <dcterms:contributor>Department of Management, Technology and Economics</dcterms:contributor>
        <dcterms:language>eng</dcterms:language>
            </metadata>
