<?xml version="1.0" encoding="UTF-8"?>
<mediapackage>
	<media>
		<track id="track-1" type="presentation/engage">
			<url>tracks/movie.flv</url>
			<mimetype>video/x-flv</mimetype>
			<checksum type="md5">7b3c7e8cc2cba2f5b7af4fd4224f3005</checksum>
			<tags>
				<tag>engage</tag>
			</tags>
		</track>
	</media>
	<metadata>
		<catalog id="catalog-2" type="metadata/dublincore">
			<mimetype>text/xml</mimetype>
			<checksum type="md5">7069d7cc755e78cde3245ff020bcd969</checksum>
			<url>metadata/dublincore-e-Meyer_20091020.xml</url>
		</catalog>
		<catalog id="catalog-1" ref="series:252-0021-00L-2009W" type="metadata/dublincore">
			<mimetype>text/xml</mimetype>
			<checksum type="md5">d09f9e76da9242861d61c4924cf4f9ee</checksum>
			<url>metadata/dublincore-s-00004_Meyer.xml</url>
		</catalog>
		<catalog id="catalog-3" type="segments/slides">
			<mimetype>text/xml</mimetype>
			<checksum type="md5">d41d8cd98f00b204e9800998ecf8427e</checksum>
			<url>metadata/mpeg-72281380861326970549.xml</url>
		</catalog>
	</metadata>
</mediapackage>
