<?xml version="1.0" encoding="UTF-8"?>
<metadata xmlns="http://www.opencastproject.org/xsd/1.0/dublincore/"
	xmlns:dcterms="http://purl.org/dc/terms/" xmlns:xsi="http://www.w3.org/2001/XMLSchema-instance">
	<dcterms:creator>Celati, Giovanni</dcterms:creator>
	<dcterms:contributor>Department of Humanities, Social and Political
		Sciences</dcterms:contributor>
	<dcterms:type>Moving Image/Lecture Recording</dcterms:type>
	<dcterms:extent xsi:type="dcterms:ISO8601">PT1H32M6.080S</dcterms:extent>
	<dcterms:isPartOf>851-0131-05L-2009W</dcterms:isPartOf>
	<dcterms:license>http://www.multimedia.ethz.ch/docs/disclaimer/index</dcterms:license>
	<dcterms:created xsi:type="dcterms:W3CDTF">2009-09-22</dcterms:created>
	<dcterms:abstract xml:lang="de">The course introduces the
		students to the long-standing tradition of actively involving users of
		technology and other knowledge-intensive products in the development
		and production process, and through own cases they develop an
		entrepreneurial understanding of product development under
		distributed, user-centered, or open innovation strategies.</dcterms:abstract>
	<dcterms:abstract xml:lang="en">The course introduces the
		students to the long-standing tradition of actively involving users of
		technology and other knowledge-intensive products in the development
		and production process, and through own cases they develop an
		entrepreneurial understanding of product development under
		distributed, user-centered, or open innovation strategies.</dcterms:abstract>
	<dcterms:subject xml:lang="de">General History and Culture</dcterms:subject>
	<dcterms:subject xml:lang="en">General History and Culture</dcterms:subject>
	<dcterms:language>ita</dcterms:language>
	<dcterms:rightsHolder>ETH Zurich, Zurich, Switzerland</dcterms:rightsHolder>
	<dcterms:publisher>ETH Zurich, ITS-MMS</dcterms:publisher>

	<dcterms:spatial>HG E1.2</dcterms:spatial>
	<dcterms:identifier>2d0a10ab-acf1-40fc-a1ff-8b2d986d44aa</dcterms:identifier>
	<dcterms:title xml:lang="de">De Sanctis: La tradizione dei
		poemi cavallerreschi italiani da Pulci ad Ariosto</dcterms:title>
	<dcterms:title xml:lang="en">De Sanctis: the Tradition of
		Italian Chivalric Poems from Pulci to Ariosto.</dcterms:title>
</metadata>
