<?xml version="1.0" encoding="UTF-8"?>
<metadata xmlns="http://www.opencastproject.org/xsd/1.0/dublincore/"
	xmlns:dcterms="http://purl.org/dc/terms/" xmlns:xsi="http://www.w3.org/2001/XMLSchema-instance">
	<dcterms:creator>Plattner, Bernhard</dcterms:creator>
	<dcterms:creator>Dübendorfer, Thomas Peter</dcterms:creator>
	<dcterms:creator>Frei, Stefan</dcterms:creator>
	<dcterms:contributor>Department of Information Technology and
		Electrical Engineering</dcterms:contributor>
	<dcterms:license xml:lang="de">http://www.multimedia.ethz.ch/docs/haftungsausschluss/index</dcterms:license>
	<dcterms:license xml:lang="en">http://www.multimedia.ethz.ch/docs/disclaimer/index</dcterms:license>
	<dcterms:created xsi:type="dcterms:W3CDTF">2009-09-22</dcterms:created>
	<dcterms:abstract>This lecture discusses fundamental concepts and
		technologies in the area of network security. Several case studies
		illustrate the dark side of the Internet and explain how to protect
		against such threats. A hands-on computer lab that accompanies the
		lecture gives a deep dive on firewalls, penetration testing and
		intrusion detection.</dcterms:abstract>
	<dcterms:description>Risk management and the vulnerability lifecycle of
		software and networked services are discussed. Threats like denial of
		service, spam, worms, and viruses are studied in-depth. Fundamental
		security related concepts like identity, availability, authentication
		and secure channels are introduced. State of the art technologies like
		secure shell, network and transport layer security, intrusion
		detection and prevention systems, cross-site scripting, secure
		implementation techniques and more for securing the Internet and web
		applications are presented. Several case studies illustrate the dark
		side of the Internet and explain how to protect against current
		threats. A hands-on computer lab that accompanies the lecture gives a
		deep dive on firewalls, penetration testing and intrusion detection.
		This lecture is intended for students with an interest in securing
		Internet services and networked devices. Students are assumed to have
		knowledge in networking as taught in the Communication Networks
		lecture. This lecture and the oral exam are held in English.</dcterms:description>
	<dcterms:language>eng</dcterms:language>
	<dcterms:rightsHolder xml:lang="de">ETH Zürich, Schweiz</dcterms:rightsHolder>
	<dcterms:rightsHolder xml:lang="en">ETH Zurich,
		Switzerland</dcterms:rightsHolder>
	<dcterms:publisher xml:lang="de">ETH Zürich, ID-MMS;
		Schweiz</dcterms:publisher>
	<dcterms:publisher xml:lang="en">ETH Zurich, ITS-MMS;
		Switzerland</dcterms:publisher>
	<dcterms:identifier>227-0577-00L-2009W</dcterms:identifier>
	<dcterms:title>Network Security</dcterms:title>
</metadata>
