<?xml version="1.0" encoding="UTF-8"?>
<mediapackage>
	<media>
		<track id="track-1" type="presentation/engage">
			<url>tracks/movie.flv</url>
			<mimetype>video/x-flv</mimetype>
			<checksum type="md5">7b3c7e8cc2cba2f5b7af4fd4224f3005</checksum>
			<tags>
				<tag>engage</tag>
			</tags>
		</track>
	</media>
	<metadata>
		<catalog id="catalog-2" type="metadata/dublincore">
			<mimetype>text/xml</mimetype>
			<checksum type="md5">96f683fbd42f1aae932a7edba7782a32</checksum>
			<url>metadata/dublincore-e-CCES_04.xml</url>
		</catalog>
		<catalog id="catalog-1" ref="series:74c13b81-caba-44f1-b2fa-46692e0ca1f3"
			type="metadata/dublincore">
			<mimetype>text/xml</mimetype>
			<checksum type="md5">1c560fabc86b4c8389a9d533e8611e48</checksum>
			<url>metadata/dublincore-s-00014_CCES.xml</url>
		</catalog>
		<catalog id="catalog-3" type="segments/slides">
			<mimetype>text/xml</mimetype>
			<checksum type="md5">d41d8cd98f00b204e9800998ecf8427e</checksum>
			<url>metadata/mpeg-76227172764021163003.xml</url>
		</catalog>
	</metadata>
</mediapackage>
