<?xml version="1.0" encoding="UTF-8"?>
<mediapackage>
	<media>
		<track id="track-1" type="presentation/engage">
			<url>tracks/movie.flv</url>
			<mimetype>video/x-flv</mimetype>
			<checksum type="md5">7b3c7e8cc2cba2f5b7af4fd4224f3005</checksum>
			<tags>
				<tag>engage</tag>
			</tags>
		</track>
	</media>
	<metadata>
		<catalog id="catalog-1" type="metadata/dublincore">
			<mimetype>text/xml</mimetype>
			<checksum type="md5">58f8e687fadeedb9ed1a60a318f5222c</checksum>
			<url>metadata/dublincore1757012720183718775.xml</url>
		</catalog>
		<catalog id="catalog-3" type="metadata/dublincore" ref="series:227-0577-00L-2009W">
			<mimetype>text/xml</mimetype>
			<checksum type="md5">aeadc772316d787b447b70e95765358a</checksum>
			<url>metadata/dublincore-s-plattner.xml</url>
		</catalog>
		<catalog id="catalog-2" type="segments/slides">
			<mimetype>text/xml</mimetype>
			<checksum type="md5">93c1a550d67a694d522421738ede2899</checksum>
			<url>metadata/mpeg-7438648337360619376.xml</url>
		</catalog>
	</metadata>
</mediapackage>
