<?xml version="1.0" encoding="UTF-8"?>
<Mpeg7 xmlns="urn:mpeg:mpeg7:schema:2001" xmlns:mpeg7="urn:mpeg7:schema:2001" xmlns:xsi="http://www.w3.org/2001/XMLSchema-instance/">
    <Description xsi:type="ContentEntityType">
        <MultimediaContent xsi:type="AudioVisualType">
            <AudioVisual id="track-1">
                <mediaLocator>
                    <mediaUri>file:tracks/20090918_E1_2_Bernauer_SD.mov</mediaUri>
                </mediaLocator>
                <mediaTime>
                    <mediaTimePoint>T00:00:00:0F24</mediaTimePoint>
                    <mediaDuration>PT01H37M13S774N1000F</mediaDuration>
                </mediaTime>
                <TemporalDecomposition criteria="temporal" gap="false" overlap="false">
                    <AudioVisualSegment id="track-1.segment-1">
                        <mediaTime>
                            <mediaRelTimePoint>T00:00:00:0F1000</mediaRelTimePoint>
                            <mediaDuration>PT01M35S0N1000F</mediaDuration>
                        </mediaTime>
                    </AudioVisualSegment>
                    <AudioVisualSegment id="track-1.segment-2">
                        <mediaTime>
                            <mediaRelTimePoint>T00:01:35:0F1000</mediaRelTimePoint>
                            <mediaDuration>PT01M02S0N1000F</mediaDuration>
                        </mediaTime>
                    </AudioVisualSegment>
                    <AudioVisualSegment id="track-1.segment-3">
                        <mediaTime>
                            <mediaRelTimePoint>T00:02:37:0F1000</mediaRelTimePoint>
                            <mediaDuration>PT01M04S0N1000F</mediaDuration>
                        </mediaTime>
                    </AudioVisualSegment>
                    <AudioVisualSegment id="track-1.segment-4">
                        <mediaTime>
                            <mediaRelTimePoint>T00:03:41:0F1000</mediaRelTimePoint>
                            <mediaDuration>PT01M04S0N1000F</mediaDuration>
                        </mediaTime>
                    </AudioVisualSegment>
                    <AudioVisualSegment id="track-1.segment-5">
                        <mediaTime>
                            <mediaRelTimePoint>T00:04:45:0F1000</mediaRelTimePoint>
                            <mediaDuration>PT01M12S0N1000F</mediaDuration>
                        </mediaTime>
                    </AudioVisualSegment>
                    <AudioVisualSegment id="track-1.segment-6">
                        <mediaTime>
                            <mediaRelTimePoint>T00:05:57:0F1000</mediaRelTimePoint>
                            <mediaDuration>PT57S0N1000F</mediaDuration>
                        </mediaTime>
                    </AudioVisualSegment>
                    <AudioVisualSegment id="track-1.segment-7">
                        <mediaTime>
                            <mediaRelTimePoint>T00:06:54:0F1000</mediaRelTimePoint>
                            <mediaDuration>PT26S0N1000F</mediaDuration>
                        </mediaTime>
                    </AudioVisualSegment>
                    <AudioVisualSegment id="track-1.segment-8">
                        <mediaTime>
                            <mediaRelTimePoint>T00:07:20:0F1000</mediaRelTimePoint>
                            <mediaDuration>PT29S0N1000F</mediaDuration>
                        </mediaTime>
                    </AudioVisualSegment>
                    <AudioVisualSegment id="track-1.segment-9">
                        <mediaTime>
                            <mediaRelTimePoint>T00:07:49:0F1000</mediaRelTimePoint>
                            <mediaDuration>PT40S0N1000F</mediaDuration>
                        </mediaTime>
                    </AudioVisualSegment>
                    <AudioVisualSegment id="track-1.segment-10">
                        <mediaTime>
                            <mediaRelTimePoint>T00:08:29:0F1000</mediaRelTimePoint>
                            <mediaDuration>PT42S0N1000F</mediaDuration>
                        </mediaTime>
                    </AudioVisualSegment>
                    <AudioVisualSegment id="track-1.segment-11">
                        <mediaTime>
                            <mediaRelTimePoint>T00:09:11:0F1000</mediaRelTimePoint>
                            <mediaDuration>PT01M30S0N1000F</mediaDuration>
                        </mediaTime>
                    </AudioVisualSegment>
                    <AudioVisualSegment id="track-1.segment-12">
                        <mediaTime>
                            <mediaRelTimePoint>T00:10:41:0F1000</mediaRelTimePoint>
                            <mediaDuration>PT45S0N1000F</mediaDuration>
                        </mediaTime>
                    </AudioVisualSegment>
                    <AudioVisualSegment id="track-1.segment-13">
                        <mediaTime>
                            <mediaRelTimePoint>T00:11:26:0F1000</mediaRelTimePoint>
                            <mediaDuration>PT37S0N1000F</mediaDuration>
                        </mediaTime>
                    </AudioVisualSegment>
                    <AudioVisualSegment id="track-1.segment-14">
                        <mediaTime>
                            <mediaRelTimePoint>T00:12:03:0F1000</mediaRelTimePoint>
                            <mediaDuration>PT29S0N1000F</mediaDuration>
                        </mediaTime>
                    </AudioVisualSegment>
                    <AudioVisualSegment id="track-1.segment-15">
                        <mediaTime>
                            <mediaRelTimePoint>T00:12:32:0F1000</mediaRelTimePoint>
                            <mediaDuration>PT32S0N1000F</mediaDuration>
                        </mediaTime>
                    </AudioVisualSegment>
                    <AudioVisualSegment id="track-1.segment-16">
                        <mediaTime>
                            <mediaRelTimePoint>T00:13:04:0F1000</mediaRelTimePoint>
                            <mediaDuration>PT29S0N1000F</mediaDuration>
                        </mediaTime>
                    </AudioVisualSegment>
                    <AudioVisualSegment id="track-1.segment-17">
                        <mediaTime>
                            <mediaRelTimePoint>T00:13:33:0F1000</mediaRelTimePoint>
                            <mediaDuration>PT02M37S0N1000F</mediaDuration>
                        </mediaTime>
                        <TextAnnotation confidence="0.5" relevance="0.0" xml:lang="de">
                            <KeywordAnnotation>
                                <Keyword>rl</Keyword>
                            </KeywordAnnotation>
                        </TextAnnotation>
                        <TextAnnotation confidence="0.0" relevance="0.0" xml:lang="de">
                            <KeywordAnnotation>
                                <Keyword>A</Keyword>
                                <Keyword>F</Keyword>
                                <Keyword>P</Keyword>
                                <Keyword>Q</Keyword>
                                <Keyword>Z</Keyword>
                                <Keyword>i</Keyword>
                                <Keyword>r</Keyword>
                                <Keyword>t</Keyword>
                            </KeywordAnnotation>
                        </TextAnnotation>
                    </AudioVisualSegment>
                    <AudioVisualSegment id="track-1.segment-18">
                        <mediaTime>
                            <mediaRelTimePoint>T00:16:10:0F1000</mediaRelTimePoint>
                            <mediaDuration>PT20S0N1000F</mediaDuration>
                        </mediaTime>
                    </AudioVisualSegment>
                    <AudioVisualSegment id="track-1.segment-19">
                        <mediaTime>
                            <mediaRelTimePoint>T00:16:30:0F1000</mediaRelTimePoint>
                            <mediaDuration>PT20S0N1000F</mediaDuration>
                        </mediaTime>
                    </AudioVisualSegment>
                    <AudioVisualSegment id="track-1.segment-20">
                        <mediaTime>
                            <mediaRelTimePoint>T00:16:50:0F1000</mediaRelTimePoint>
                            <mediaDuration>PT19S0N1000F</mediaDuration>
                        </mediaTime>
                    </AudioVisualSegment>
                    <AudioVisualSegment id="track-1.segment-21">
                        <mediaTime>
                            <mediaRelTimePoint>T00:17:09:0F1000</mediaRelTimePoint>
                            <mediaDuration>PT48S0N1000F</mediaDuration>
                        </mediaTime>
                        <TextAnnotation confidence="0.5" relevance="0.0" xml:lang="de">
                            <KeywordAnnotation>
                                <Keyword>QM</Keyword>
                            </KeywordAnnotation>
                        </TextAnnotation>
                        <TextAnnotation confidence="0.0" relevance="0.0" xml:lang="de">
                            <KeywordAnnotation>
                                <Keyword>I</Keyword>
                                <Keyword>M</Keyword>
                            </KeywordAnnotation>
                        </TextAnnotation>
                    </AudioVisualSegment>
                    <AudioVisualSegment id="track-1.segment-22">
                        <mediaTime>
                            <mediaRelTimePoint>T00:17:57:0F1000</mediaRelTimePoint>
                            <mediaDuration>PT15S0N1000F</mediaDuration>
                        </mediaTime>
                    </AudioVisualSegment>
                    <AudioVisualSegment id="track-1.segment-23">
                        <mediaTime>
                            <mediaRelTimePoint>T00:18:12:0F1000</mediaRelTimePoint>
                            <mediaDuration>PT24S0N1000F</mediaDuration>
                        </mediaTime>
                        <TextAnnotation confidence="0.5" relevance="0.0" xml:lang="en">
                            <KeywordAnnotation>
                                <Keyword>LA</Keyword>
                                <Keyword>TL</Keyword>
                            </KeywordAnnotation>
                        </TextAnnotation>
                        <TextAnnotation confidence="0.0" relevance="0.0" xml:lang="en">
                            <KeywordAnnotation>
                                <Keyword>E</Keyword>
                                <Keyword>Q</Keyword>
                                <Keyword>a</Keyword>
                            </KeywordAnnotation>
                        </TextAnnotation>
                    </AudioVisualSegment>
                    <AudioVisualSegment id="track-1.segment-24">
                        <mediaTime>
                            <mediaRelTimePoint>T00:18:36:0F1000</mediaRelTimePoint>
                            <mediaDuration>PT15S0N1000F</mediaDuration>
                        </mediaTime>
                        <TextAnnotation confidence="0.5" relevance="0.0" xml:lang="de">
                            <KeywordAnnotation>
                                <Keyword>rY</Keyword>
                            </KeywordAnnotation>
                        </TextAnnotation>
                        <TextAnnotation confidence="0.0" relevance="0.3" xml:lang="de">
                            <KeywordAnnotation>
                                <Keyword>-i.-</Keyword>
                                <Keyword>JiH</Keyword>
                            </KeywordAnnotation>
                        </TextAnnotation>
                        <TextAnnotation confidence="0.0" relevance="0.0" xml:lang="de">
                            <KeywordAnnotation>
                                <Keyword>I</Keyword>
                                <Keyword>Y</Keyword>
                            </KeywordAnnotation>
                        </TextAnnotation>
                    </AudioVisualSegment>
                    <AudioVisualSegment id="track-1.segment-25">
                        <mediaTime>
                            <mediaRelTimePoint>T00:18:51:0F1000</mediaRelTimePoint>
                            <mediaDuration>PT40S0N1000F</mediaDuration>
                        </mediaTime>
                        <TextAnnotation confidence="0.5" relevance="0.0" xml:lang="en">
                            <KeywordAnnotation>
                                <Keyword>IT</Keyword>
                            </KeywordAnnotation>
                        </TextAnnotation>
                        <TextAnnotation confidence="0.0" relevance="0.0" xml:lang="en">
                            <KeywordAnnotation>
                                <Keyword>A</Keyword>
                                <Keyword>Y</Keyword>
                            </KeywordAnnotation>
                        </TextAnnotation>
                    </AudioVisualSegment>
                    <AudioVisualSegment id="track-1.segment-26">
                        <mediaTime>
                            <mediaRelTimePoint>T00:19:31:0F1000</mediaRelTimePoint>
                            <mediaDuration>PT23S0N1000F</mediaDuration>
                        </mediaTime>
                    </AudioVisualSegment>
                    <AudioVisualSegment id="track-1.segment-27">
                        <mediaTime>
                            <mediaRelTimePoint>T00:19:54:0F1000</mediaRelTimePoint>
                            <mediaDuration>PT01M37S0N1000F</mediaDuration>
                        </mediaTime>
                    </AudioVisualSegment>
                    <AudioVisualSegment id="track-1.segment-28">
                        <mediaTime>
                            <mediaRelTimePoint>T00:21:31:0F1000</mediaRelTimePoint>
                            <mediaDuration>PT03M12S0N1000F</mediaDuration>
                        </mediaTime>
                    </AudioVisualSegment>
                    <AudioVisualSegment id="track-1.segment-29">
                        <mediaTime>
                            <mediaRelTimePoint>T00:24:43:0F1000</mediaRelTimePoint>
                            <mediaDuration>PT01M19S0N1000F</mediaDuration>
                        </mediaTime>
                    </AudioVisualSegment>
                    <AudioVisualSegment id="track-1.segment-30">
                        <mediaTime>
                            <mediaRelTimePoint>T00:26:02:0F1000</mediaRelTimePoint>
                            <mediaDuration>PT01M08S0N1000F</mediaDuration>
                        </mediaTime>
                    </AudioVisualSegment>
                    <AudioVisualSegment id="track-1.segment-31">
                        <mediaTime>
                            <mediaRelTimePoint>T00:27:10:0F1000</mediaRelTimePoint>
                            <mediaDuration>PT14S0N1000F</mediaDuration>
                        </mediaTime>
                    </AudioVisualSegment>
                    <AudioVisualSegment id="track-1.segment-32">
                        <mediaTime>
                            <mediaRelTimePoint>T00:27:24:0F1000</mediaRelTimePoint>
                            <mediaDuration>PT43S0N1000F</mediaDuration>
                        </mediaTime>
                    </AudioVisualSegment>
                    <AudioVisualSegment id="track-1.segment-33">
                        <mediaTime>
                            <mediaRelTimePoint>T00:28:07:0F1000</mediaRelTimePoint>
                            <mediaDuration>PT16S0N1000F</mediaDuration>
                        </mediaTime>
                    </AudioVisualSegment>
                    <AudioVisualSegment id="track-1.segment-34">
                        <mediaTime>
                            <mediaRelTimePoint>T00:28:23:0F1000</mediaRelTimePoint>
                            <mediaDuration>PT17S0N1000F</mediaDuration>
                        </mediaTime>
                    </AudioVisualSegment>
                    <AudioVisualSegment id="track-1.segment-35">
                        <mediaTime>
                            <mediaRelTimePoint>T00:28:40:0F1000</mediaRelTimePoint>
                            <mediaDuration>PT26S0N1000F</mediaDuration>
                        </mediaTime>
                    </AudioVisualSegment>
                    <AudioVisualSegment id="track-1.segment-36">
                        <mediaTime>
                            <mediaRelTimePoint>T00:29:06:0F1000</mediaRelTimePoint>
                            <mediaDuration>PT42S0N1000F</mediaDuration>
                        </mediaTime>
                    </AudioVisualSegment>
                    <AudioVisualSegment id="track-1.segment-37">
                        <mediaTime>
                            <mediaRelTimePoint>T00:29:48:0F1000</mediaRelTimePoint>
                            <mediaDuration>PT04M46S0N1000F</mediaDuration>
                        </mediaTime>
                    </AudioVisualSegment>
                    <AudioVisualSegment id="track-1.segment-38">
                        <mediaTime>
                            <mediaRelTimePoint>T00:34:34:0F1000</mediaRelTimePoint>
                            <mediaDuration>PT04M05S0N1000F</mediaDuration>
                        </mediaTime>
                    </AudioVisualSegment>
                    <AudioVisualSegment id="track-1.segment-39">
                        <mediaTime>
                            <mediaRelTimePoint>T00:38:39:0F1000</mediaRelTimePoint>
                            <mediaDuration>PT52S0N1000F</mediaDuration>
                        </mediaTime>
                    </AudioVisualSegment>
                    <AudioVisualSegment id="track-1.segment-40">
                        <mediaTime>
                            <mediaRelTimePoint>T00:39:31:0F1000</mediaRelTimePoint>
                            <mediaDuration>PT52S0N1000F</mediaDuration>
                        </mediaTime>
                    </AudioVisualSegment>
                    <AudioVisualSegment id="track-1.segment-41">
                        <mediaTime>
                            <mediaRelTimePoint>T00:40:23:0F1000</mediaRelTimePoint>
                            <mediaDuration>PT05M12S0N1000F</mediaDuration>
                        </mediaTime>
                    </AudioVisualSegment>
                    <AudioVisualSegment id="track-1.segment-42">
                        <mediaTime>
                            <mediaRelTimePoint>T00:45:35:0F1000</mediaRelTimePoint>
                            <mediaDuration>PT01M21S0N1000F</mediaDuration>
                        </mediaTime>
                    </AudioVisualSegment>
                    <AudioVisualSegment id="track-1.segment-43">
                        <mediaTime>
                            <mediaRelTimePoint>T00:46:56:0F1000</mediaRelTimePoint>
                            <mediaDuration>PT12S0N1000F</mediaDuration>
                        </mediaTime>
                    </AudioVisualSegment>
                    <AudioVisualSegment id="track-1.segment-44">
                        <mediaTime>
                            <mediaRelTimePoint>T00:47:08:0F1000</mediaRelTimePoint>
                            <mediaDuration>PT36S0N1000F</mediaDuration>
                        </mediaTime>
                    </AudioVisualSegment>
                    <AudioVisualSegment id="track-1.segment-45">
                        <mediaTime>
                            <mediaRelTimePoint>T00:47:44:0F1000</mediaRelTimePoint>
                            <mediaDuration>PT24S0N1000F</mediaDuration>
                        </mediaTime>
                    </AudioVisualSegment>
                    <AudioVisualSegment id="track-1.segment-46">
                        <mediaTime>
                            <mediaRelTimePoint>T00:48:08:0F1000</mediaRelTimePoint>
                            <mediaDuration>PT02M09S0N1000F</mediaDuration>
                        </mediaTime>
                    </AudioVisualSegment>
                    <AudioVisualSegment id="track-1.segment-47">
                        <mediaTime>
                            <mediaRelTimePoint>T00:50:17:0F1000</mediaRelTimePoint>
                            <mediaDuration>PT01M15S0N1000F</mediaDuration>
                        </mediaTime>
                    </AudioVisualSegment>
                    <AudioVisualSegment id="track-1.segment-48">
                        <mediaTime>
                            <mediaRelTimePoint>T00:51:32:0F1000</mediaRelTimePoint>
                            <mediaDuration>PT18S0N1000F</mediaDuration>
                        </mediaTime>
                    </AudioVisualSegment>
                    <AudioVisualSegment id="track-1.segment-49">
                        <mediaTime>
                            <mediaRelTimePoint>T00:51:50:0F1000</mediaRelTimePoint>
                            <mediaDuration>PT51S0N1000F</mediaDuration>
                        </mediaTime>
                    </AudioVisualSegment>
                    <AudioVisualSegment id="track-1.segment-50">
                        <mediaTime>
                            <mediaRelTimePoint>T00:52:41:0F1000</mediaRelTimePoint>
                            <mediaDuration>PT42S0N1000F</mediaDuration>
                        </mediaTime>
                    </AudioVisualSegment>
                    <AudioVisualSegment id="track-1.segment-51">
                        <mediaTime>
                            <mediaRelTimePoint>T00:53:23:0F1000</mediaRelTimePoint>
                            <mediaDuration>PT46S0N1000F</mediaDuration>
                        </mediaTime>
                    </AudioVisualSegment>
                    <AudioVisualSegment id="track-1.segment-52">
                        <mediaTime>
                            <mediaRelTimePoint>T00:54:09:0F1000</mediaRelTimePoint>
                            <mediaDuration>PT01M48S0N1000F</mediaDuration>
                        </mediaTime>
                    </AudioVisualSegment>
                    <AudioVisualSegment id="track-1.segment-53">
                        <mediaTime>
                            <mediaRelTimePoint>T00:55:57:0F1000</mediaRelTimePoint>
                            <mediaDuration>PT02M19S0N1000F</mediaDuration>
                        </mediaTime>
                    </AudioVisualSegment>
                    <AudioVisualSegment id="track-1.segment-54">
                        <mediaTime>
                            <mediaRelTimePoint>T00:58:16:0F1000</mediaRelTimePoint>
                            <mediaDuration>PT23S0N1000F</mediaDuration>
                        </mediaTime>
                    </AudioVisualSegment>
                    <AudioVisualSegment id="track-1.segment-55">
                        <mediaTime>
                            <mediaRelTimePoint>T00:58:39:0F1000</mediaRelTimePoint>
                            <mediaDuration>PT02M02S0N1000F</mediaDuration>
                        </mediaTime>
                    </AudioVisualSegment>
                    <AudioVisualSegment id="track-1.segment-56">
                        <mediaTime>
                            <mediaRelTimePoint>T01:00:41:0F1000</mediaRelTimePoint>
                            <mediaDuration>PT30S0N1000F</mediaDuration>
                        </mediaTime>
                    </AudioVisualSegment>
                    <AudioVisualSegment id="track-1.segment-57">
                        <mediaTime>
                            <mediaRelTimePoint>T01:01:11:0F1000</mediaRelTimePoint>
                            <mediaDuration>PT01M09S0N1000F</mediaDuration>
                        </mediaTime>
                    </AudioVisualSegment>
                    <AudioVisualSegment id="track-1.segment-58">
                        <mediaTime>
                            <mediaRelTimePoint>T01:02:20:0F1000</mediaRelTimePoint>
                            <mediaDuration>PT53S0N1000F</mediaDuration>
                        </mediaTime>
                    </AudioVisualSegment>
                    <AudioVisualSegment id="track-1.segment-59">
                        <mediaTime>
                            <mediaRelTimePoint>T01:03:13:0F1000</mediaRelTimePoint>
                            <mediaDuration>PT54S0N1000F</mediaDuration>
                        </mediaTime>
                    </AudioVisualSegment>
                    <AudioVisualSegment id="track-1.segment-60">
                        <mediaTime>
                            <mediaRelTimePoint>T01:04:07:0F1000</mediaRelTimePoint>
                            <mediaDuration>PT13S0N1000F</mediaDuration>
                        </mediaTime>
                    </AudioVisualSegment>
                    <AudioVisualSegment id="track-1.segment-61">
                        <mediaTime>
                            <mediaRelTimePoint>T01:04:20:0F1000</mediaRelTimePoint>
                            <mediaDuration>PT26S0N1000F</mediaDuration>
                        </mediaTime>
                    </AudioVisualSegment>
                    <AudioVisualSegment id="track-1.segment-62">
                        <mediaTime>
                            <mediaRelTimePoint>T01:04:46:0F1000</mediaRelTimePoint>
                            <mediaDuration>PT12S0N1000F</mediaDuration>
                        </mediaTime>
                    </AudioVisualSegment>
                    <AudioVisualSegment id="track-1.segment-63">
                        <mediaTime>
                            <mediaRelTimePoint>T01:04:58:0F1000</mediaRelTimePoint>
                            <mediaDuration>PT01M32S0N1000F</mediaDuration>
                        </mediaTime>
                    </AudioVisualSegment>
                    <AudioVisualSegment id="track-1.segment-64">
                        <mediaTime>
                            <mediaRelTimePoint>T01:06:30:0F1000</mediaRelTimePoint>
                            <mediaDuration>PT01M48S0N1000F</mediaDuration>
                        </mediaTime>
                    </AudioVisualSegment>
                    <AudioVisualSegment id="track-1.segment-65">
                        <mediaTime>
                            <mediaRelTimePoint>T01:08:18:0F1000</mediaRelTimePoint>
                            <mediaDuration>PT02M25S0N1000F</mediaDuration>
                        </mediaTime>
                    </AudioVisualSegment>
                    <AudioVisualSegment id="track-1.segment-66">
                        <mediaTime>
                            <mediaRelTimePoint>T01:10:43:0F1000</mediaRelTimePoint>
                            <mediaDuration>PT01M54S0N1000F</mediaDuration>
                        </mediaTime>
                    </AudioVisualSegment>
                    <AudioVisualSegment id="track-1.segment-67">
                        <mediaTime>
                            <mediaRelTimePoint>T01:12:37:0F1000</mediaRelTimePoint>
                            <mediaDuration>PT02M37S0N1000F</mediaDuration>
                        </mediaTime>
                    </AudioVisualSegment>
                    <AudioVisualSegment id="track-1.segment-68">
                        <mediaTime>
                            <mediaRelTimePoint>T01:15:14:0F1000</mediaRelTimePoint>
                            <mediaDuration>PT02M28S0N1000F</mediaDuration>
                        </mediaTime>
                    </AudioVisualSegment>
                    <AudioVisualSegment id="track-1.segment-69">
                        <mediaTime>
                            <mediaRelTimePoint>T01:17:42:0F1000</mediaRelTimePoint>
                            <mediaDuration>PT35S0N1000F</mediaDuration>
                        </mediaTime>
                    </AudioVisualSegment>
                    <AudioVisualSegment id="track-1.segment-70">
                        <mediaTime>
                            <mediaRelTimePoint>T01:18:17:0F1000</mediaRelTimePoint>
                            <mediaDuration>PT26S0N1000F</mediaDuration>
                        </mediaTime>
                    </AudioVisualSegment>
                    <AudioVisualSegment id="track-1.segment-71">
                        <mediaTime>
                            <mediaRelTimePoint>T01:18:43:0F1000</mediaRelTimePoint>
                            <mediaDuration>PT32S0N1000F</mediaDuration>
                        </mediaTime>
                    </AudioVisualSegment>
                    <AudioVisualSegment id="track-1.segment-72">
                        <mediaTime>
                            <mediaRelTimePoint>T01:19:15:0F1000</mediaRelTimePoint>
                            <mediaDuration>PT33S0N1000F</mediaDuration>
                        </mediaTime>
                    </AudioVisualSegment>
                    <AudioVisualSegment id="track-1.segment-73">
                        <mediaTime>
                            <mediaRelTimePoint>T01:19:48:0F1000</mediaRelTimePoint>
                            <mediaDuration>PT01M02S0N1000F</mediaDuration>
                        </mediaTime>
                    </AudioVisualSegment>
                    <AudioVisualSegment id="track-1.segment-74">
                        <mediaTime>
                            <mediaRelTimePoint>T01:20:50:0F1000</mediaRelTimePoint>
                            <mediaDuration>PT25S0N1000F</mediaDuration>
                        </mediaTime>
                    </AudioVisualSegment>
                    <AudioVisualSegment id="track-1.segment-75">
                        <mediaTime>
                            <mediaRelTimePoint>T01:21:15:0F1000</mediaRelTimePoint>
                            <mediaDuration>PT21S0N1000F</mediaDuration>
                        </mediaTime>
                    </AudioVisualSegment>
                    <AudioVisualSegment id="track-1.segment-76">
                        <mediaTime>
                            <mediaRelTimePoint>T01:21:36:0F1000</mediaRelTimePoint>
                            <mediaDuration>PT01M53S0N1000F</mediaDuration>
                        </mediaTime>
                    </AudioVisualSegment>
                    <AudioVisualSegment id="track-1.segment-77">
                        <mediaTime>
                            <mediaRelTimePoint>T01:23:29:0F1000</mediaRelTimePoint>
                            <mediaDuration>PT35S0N1000F</mediaDuration>
                        </mediaTime>
                    </AudioVisualSegment>
                    <AudioVisualSegment id="track-1.segment-78">
                        <mediaTime>
                            <mediaRelTimePoint>T01:24:04:0F1000</mediaRelTimePoint>
                            <mediaDuration>PT54S0N1000F</mediaDuration>
                        </mediaTime>
                    </AudioVisualSegment>
                    <AudioVisualSegment id="track-1.segment-79">
                        <mediaTime>
                            <mediaRelTimePoint>T01:24:58:0F1000</mediaRelTimePoint>
                            <mediaDuration>PT02M14S0N1000F</mediaDuration>
                        </mediaTime>
                    </AudioVisualSegment>
                    <AudioVisualSegment id="track-1.segment-80">
                        <mediaTime>
                            <mediaRelTimePoint>T01:27:12:0F1000</mediaRelTimePoint>
                            <mediaDuration>PT01M01S0N1000F</mediaDuration>
                        </mediaTime>
                    </AudioVisualSegment>
                    <AudioVisualSegment id="track-1.segment-81">
                        <mediaTime>
                            <mediaRelTimePoint>T01:28:13:0F1000</mediaRelTimePoint>
                            <mediaDuration>PT36S0N1000F</mediaDuration>
                        </mediaTime>
                    </AudioVisualSegment>
                    <AudioVisualSegment id="track-1.segment-82">
                        <mediaTime>
                            <mediaRelTimePoint>T01:28:49:0F1000</mediaRelTimePoint>
                            <mediaDuration>PT17S0N1000F</mediaDuration>
                        </mediaTime>
                    </AudioVisualSegment>
                    <AudioVisualSegment id="track-1.segment-83">
                        <mediaTime>
                            <mediaRelTimePoint>T01:29:06:0F1000</mediaRelTimePoint>
                            <mediaDuration>PT56S0N1000F</mediaDuration>
                        </mediaTime>
                    </AudioVisualSegment>
                    <AudioVisualSegment id="track-1.segment-84">
                        <mediaTime>
                            <mediaRelTimePoint>T01:30:02:0F1000</mediaRelTimePoint>
                            <mediaDuration>PT14S0N1000F</mediaDuration>
                        </mediaTime>
                    </AudioVisualSegment>
                    <AudioVisualSegment id="track-1.segment-85">
                        <mediaTime>
                            <mediaRelTimePoint>T01:30:16:0F1000</mediaRelTimePoint>
                            <mediaDuration>PT34S0N1000F</mediaDuration>
                        </mediaTime>
                    </AudioVisualSegment>
                    <AudioVisualSegment id="track-1.segment-86">
                        <mediaTime>
                            <mediaRelTimePoint>T01:30:50:0F1000</mediaRelTimePoint>
                            <mediaDuration>PT17S0N1000F</mediaDuration>
                        </mediaTime>
                    </AudioVisualSegment>
                    <AudioVisualSegment id="track-1.segment-87">
                        <mediaTime>
                            <mediaRelTimePoint>T01:31:07:0F1000</mediaRelTimePoint>
                            <mediaDuration>PT27S0N1000F</mediaDuration>
                        </mediaTime>
                    </AudioVisualSegment>
                    <AudioVisualSegment id="track-1.segment-88">
                        <mediaTime>
                            <mediaRelTimePoint>T01:31:34:0F1000</mediaRelTimePoint>
                            <mediaDuration>PT15S0N1000F</mediaDuration>
                        </mediaTime>
                    </AudioVisualSegment>
                    <AudioVisualSegment id="track-1.segment-89">
                        <mediaTime>
                            <mediaRelTimePoint>T01:31:49:0F1000</mediaRelTimePoint>
                            <mediaDuration>PT41S0N1000F</mediaDuration>
                        </mediaTime>
                    </AudioVisualSegment>
                    <AudioVisualSegment id="track-1.segment-90">
                        <mediaTime>
                            <mediaRelTimePoint>T01:32:30:0F1000</mediaRelTimePoint>
                            <mediaDuration>PT02M55S0N1000F</mediaDuration>
                        </mediaTime>
                    </AudioVisualSegment>
                    <AudioVisualSegment id="track-1.segment-91">
                        <mediaTime>
                            <mediaRelTimePoint>T01:35:25:0F1000</mediaRelTimePoint>
                            <mediaDuration>PT01M48S0N1000F</mediaDuration>
                        </mediaTime>
                    </AudioVisualSegment>
                    <AudioVisualSegment id="track-1.segment-92">
                        <mediaTime>
                            <mediaRelTimePoint>T01:37:13:0F1000</mediaRelTimePoint>
                            <mediaDuration>PT774N1000F</mediaDuration>
                        </mediaTime>
                    </AudioVisualSegment>
                </TemporalDecomposition>
            </AudioVisual>
        </MultimediaContent>
    </Description>
</Mpeg7>
