<?xml version="1.0" encoding="UTF-8"?>
<mediapackage>
	<media>
		<track id="track-1" type="presentation/engage">
			<url>tracks/movie.flv</url>
			<mimetype>video/x-flv</mimetype>
			<checksum type="md5">7b3c7e8cc2cba2f5b7af4fd4224f3005</checksum>
			<tags>
				<tag>engage</tag>
			</tags>
		</track>
	</media>
	<metadata>
		<catalog id="catalog-2" type="metadata/dublincore">
			<mimetype>text/xml</mimetype>
			<checksum type="md5">4c54ded99893b28e0407006815324301</checksum>
			<url>metadata/dublincore-e-Heinimann_20091023.xml</url>
		</catalog>
		<catalog id="catalog-1" ref="series:701-0005-00L-2009W" type="metadata/dublincore">
			<mimetype>text/xml</mimetype>
			<checksum type="md5">99c225f8a631d1173cba2c98f840640e</checksum>
			<url>metadata/dublincore-s-00006_Heinimann.xml</url>
		</catalog>
		<catalog id="catalog-3" type="segments/slides">
			<mimetype>text/xml</mimetype>
			<checksum type="md5">d41d8cd98f00b204e9800998ecf8427e</checksum>
			<url>metadata/mpeg-71059878928972979334.xml</url>
		</catalog>
	</metadata>
</mediapackage>
