<?xml version="1.0" encoding="UTF-8"?>
<metadata xmlns="http://www.opencastproject.org/xsd/1.0/dublincore/"
	xmlns:dcterms="http://purl.org/dc/terms/" xmlns:xsi="http://www.w3.org/2001/XMLSchema-instance">
	<dcterms:creator>Zurich Information Security Center</dcterms:creator>
	<dcterms:license xml:lang="de">http://www.multimedia.ethz.ch/docs/haftungsausschluss/index</dcterms:license>
	<dcterms:license xml:lang="en">http://www.multimedia.ethz.ch/docs/disclaimer/index</dcterms:license>
	<dcterms:created xsi:type="dcterms:W3CDTF">2009-09-10</dcterms:created>
	<dcterms:abstract>Virtualization offers great promise in many areas,
		including energy and management savings, and as an enabling technology
		for cloud computing. However, it also creates new concerns (and
		includes old ones) about security and reliability. Virtual
		environments are prone to the same attacks as physical computing
		platforms, plus new ones introduced by the increased software and
		hardware complexity needed to implement and manage virtualization, and
		by modified user perceptions.
		On the other hand, virtualization itself can be used as a security tool,
		using its capabilities to provide functionality that is much harder or
		impossible to achieve in traditional computing environments, such as
		non-intrusive observation and control of virtual machines.
		The 2009 ZISC VirtSec workshop will bring together practitioners and
		researchers from both the virtualization and security communities to
		present and discuss issues and technologies related to security for
		virtualization, virtualization for security, cloud computing security,
		and other topics.</dcterms:abstract>
	<dcterms:language>eng</dcterms:language>
	<dcterms:rightsHolder xml:lang="de">ETH Zürich, Schweiz</dcterms:rightsHolder>
	<dcterms:rightsHolder xml:lang="en">ETH Zurich,
		Switzerland</dcterms:rightsHolder>
	<dcterms:publisher xml:lang="de">ETH Zürich, ID-MMS;
		Schweiz</dcterms:publisher>
	<dcterms:publisher xml:lang="en">ETH Zurich, ITS-MMS;
		Switzerland</dcterms:publisher>
	<dcterms:identifier>1cd38174-d51f-4222-8b50-f6116aaf9919</dcterms:identifier>
	<dcterms:title>ZISC Workshop on Security in Virtualized Environments
		and Cloud Computing</dcterms:title>
</metadata>
