<?xml version="1.0" encoding="UTF-8"?>
<component name="org.opencastproject.template.endpoint.TemplateRestService" immediate="true">
  <implementation class="org.opencastproject.template.endpoint.TemplateRestService" />
  <property name="service.description" value="Template REST Endpoint" />
  <property name="service.exported.interfaces" value="org.opencastproject.template.endpoint.TemplateRestService" />
  <property name="service.exported.configs" value="org.apache.cxf.rs" />
  <property name="org.apache.cxf.rs.httpservice.context" value="/template/rest" />
  <service>
    <provide interface="org.opencastproject.template.endpoint.TemplateRestService" />
  </service>
  <reference name="service-impl" interface="org.opencastproject.template.api.TemplateService"
    cardinality="1..1" policy="static" bind="setService" />
</component>
