<?xml version="1.0" encoding="UTF-8"?>
<metadata xmlns="http://www.opencastproject.org/xsd/1.0/dublincore/"
	xmlns:dcterms="http://purl.org/dc/terms/" xmlns:xsi="http://www.w3.org/2001/XMLSchema-instance">
	<dcterms:creator>Heinimann, Hans Rudolf</dcterms:creator>
	<dcterms:creator>Frischknecht, Peter Mark</dcterms:creator>
	<dcterms:creator>Schmied, Barbara Theresia</dcterms:creator>
	<dcterms:contributor>Departement Umweltwissenschaften</dcterms:contributor>
	<dcterms:license xml:lang="de">http://www.multimedia.ethz.ch/docs/haftungsausschluss/index</dcterms:license>
	<dcterms:license xml:lang="en">http://www.multimedia.ethz.ch/docs/disclaimer/index</dcterms:license>
	<dcterms:created xsi:type="dcterms:Period">start=2009-09-18;
		end=2009-12-18; scheme=W3C-DTF;</dcterms:created>
	<dcterms:description>In der Vorlesung "Problemlösen im Rahmen von
		Projekten" werden folgende Inhalte behandelt:
		- Dimensionen einer Problemlösestrategie (Logik, Prozesse, Sache)
		- Problemlöse-, Entwurfs- und Entwicklungsstrategien
		- Managementkonzeptionen am Beispiel Projektmanagement
		- Modelle der Prozessgestaltung und -steuerung
		- Kooperation im Rahmen von Gruppen und Teams (Projektleitung,
		Teammoderation, Groupewarekonzepte, interaktive elektronische
		Kommunikationskonzepte)

		Im theoretischen Teil des Seminars "E in den Umgang mit Umweltsystemen"
		geht es um die Schwerpunkte:
		- Techniken und Methoden zur Bearbeitung von naturwissenschaftlichen,
		juristischen, akteurbezogenen sowie sozio-ökonomischen Aspekten von
		komplexen umweltrelevanten Problemstellungen.
		- Techniken der Ziel- und Massnahmenfindung sowie der Bewertung.
		- Kommunikationstrainig in den Bereichen mündlich präsentieren,
		Berichte schreiben, Gruppen moderieren (Wahl eines Moduls).

		Die Bearbeitung eines konkreten Falles soll:
		- Das theoretische Wissen an einem aktuellen "Fall" mit Unterstützung
		von Expertinnen und Experten anwenden
		- Neben der Situationsanalyse auch die Planung und Bewertung konkreter
		Massnahmen umfassen.
		- Die Teamarbeit fördern und die Umsetzung der Kenntnisse der
		Gruppenleitung ermöglichen.
		- Die gewonnenen Erkenntnisse Kolleginnen und Kollegen sowie den am
		Fall beteiligten Akteuren in Form von schriftlichen Berichten, Postern
		und Vorträgen präsentieren.</dcterms:description>
	<dcterms:language>deu</dcterms:language>
	<dcterms:rightsHolder xml:lang="de">ETH Zürich, Schweiz</dcterms:rightsHolder>
	<dcterms:rightsHolder xml:lang="en">ETH Zurich,
		Switzerland</dcterms:rightsHolder>
	<dcterms:publisher xml:lang="de">ETH Zürich, ID-MMS;
		Schweiz</dcterms:publisher>
	<dcterms:publisher xml:lang="en">ETH Zurich, ITS-MMS;
		Switzerland</dcterms:publisher>
	<dcterms:identifier>701-0005-00L-2009W</dcterms:identifier>
	<dcterms:title>Technik der Problemlösung</dcterms:title>
	<dcterms:title xml:lang="en">Introduction to the Handling of
		Complex Environmental Systems</dcterms:title>
</metadata>
