<?xml version="1.0" encoding="UTF-8"?>
<Mpeg7 xmlns="urn:mpeg:mpeg7:schema:2001" xmlns:mpeg7="urn:mpeg7:schema:2001"
	xmlns:xsi="http://www.w3.org/2001/XMLSchema-instance/">
	<Description xsi:type="ContentEntityType">
		<MultimediaContent xsi:type="AudioVisualType">
			<AudioVisual id="track-1">
				<mediaLocator>
					<mediaUri>file:tracks/20091112_Klimawandel_Part_04.mov</mediaUri>
				</mediaLocator>
				<mediaTime>
					<mediaTimePoint>T00:00:00:0F25</mediaTimePoint>
					<mediaDuration>PT37M41S560N1000F</mediaDuration>
				</mediaTime>
				<TemporalDecomposition criteria="temporal"
					gap="false" overlap="false">
					<AudioVisualSegment id="track-1.segment-1">
						<mediaTime>
							<mediaRelTimePoint>T00:00:00:0F1000</mediaRelTimePoint>
							<mediaDuration>PT18S0N1000F</mediaDuration>
						</mediaTime>
						<TextAnnotation confidence="0.5" relevance="0.0"
							xml:lang="de">
							<KeywordAnnotation>
								<Keyword>bD</Keyword>
								<Keyword>nw</Keyword>
							</KeywordAnnotation>
						</TextAnnotation>
						<TextAnnotation confidence="0.0" relevance="0.4"
							xml:lang="de">
							<KeywordAnnotation>
								<Keyword>Z-E</Keyword>
								<Keyword>fjg</Keyword>
							</KeywordAnnotation>
						</TextAnnotation>
						<TextAnnotation confidence="0.0" relevance="0.0"
							xml:lang="de">
							<KeywordAnnotation>
								<Keyword>-</Keyword>
								<Keyword>H</Keyword>
								<Keyword>J</Keyword>
								<Keyword>L</Keyword>
								<Keyword>M</Keyword>
								<Keyword>T</Keyword>
								<Keyword>e</Keyword>
								<Keyword>i</Keyword>
								<Keyword>k</Keyword>
								<Keyword>r</Keyword>
								<Keyword>t</Keyword>
								<Keyword>v</Keyword>
							</KeywordAnnotation>
						</TextAnnotation>
					</AudioVisualSegment>
					<AudioVisualSegment id="track-1.segment-2">
						<mediaTime>
							<mediaRelTimePoint>T00:00:18:0F1000</mediaRelTimePoint>
							<mediaDuration>PT01M34S0N1000F</mediaDuration>
						</mediaTime>
						<TextAnnotation confidence="0.5" relevance="0.0"
							xml:lang="de">
							<KeywordAnnotation>
								<Keyword>TL</Keyword>
								<Keyword>gg</Keyword>
								<Keyword>ki</Keyword>
							</KeywordAnnotation>
						</TextAnnotation>
						<TextAnnotation confidence="0.0" relevance="0.0"
							xml:lang="de">
							<KeywordAnnotation>
								<Keyword>E</Keyword>
								<Keyword>L</Keyword>
								<Keyword>x</Keyword>
							</KeywordAnnotation>
						</TextAnnotation>
					</AudioVisualSegment>
					<AudioVisualSegment id="track-1.segment-3">
						<mediaTime>
							<mediaRelTimePoint>T00:01:52:0F1000</mediaRelTimePoint>
							<mediaDuration>PT57S0N1000F</mediaDuration>
						</mediaTime>
						<TextAnnotation confidence="0.5" relevance="0.3"
							xml:lang="de">
							<KeywordAnnotation>
								<Keyword>FEI</Keyword>
							</KeywordAnnotation>
						</TextAnnotation>
						<TextAnnotation confidence="0.5" relevance="0.0"
							xml:lang="de">
							<KeywordAnnotation>
								<Keyword>IK</Keyword>
								<Keyword>af</Keyword>
							</KeywordAnnotation>
						</TextAnnotation>
						<TextAnnotation confidence="0.0" relevance="0.3"
							xml:lang="de">
							<KeywordAnnotation>
								<Keyword>teh</Keyword>
							</KeywordAnnotation>
						</TextAnnotation>
						<TextAnnotation confidence="0.0" relevance="0.0"
							xml:lang="de">
							<KeywordAnnotation>
								<Keyword>-</Keyword>
								<Keyword>A</Keyword>
								<Keyword>I</Keyword>
								<Keyword>J</Keyword>
								<Keyword>L</Keyword>
								<Keyword>V</Keyword>
								<Keyword>Vf</Keyword>
								<Keyword>Y</Keyword>
								<Keyword>a</Keyword>
								<Keyword>g</Keyword>
								<Keyword>i</Keyword>
								<Keyword>n</Keyword>
								<Keyword>q</Keyword>
								<Keyword>r</Keyword>
								<Keyword>s</Keyword>
							</KeywordAnnotation>
						</TextAnnotation>
					</AudioVisualSegment>
					<AudioVisualSegment id="track-1.segment-4">
						<mediaTime>
							<mediaRelTimePoint>T00:02:49:0F1000</mediaRelTimePoint>
							<mediaDuration>PT28S0N1000F</mediaDuration>
						</mediaTime>
						<TextAnnotation confidence="0.5" relevance="0.2"
							xml:lang="de">
							<KeywordAnnotation>
								<Keyword>David</Keyword>
								<Keyword>ETH</Keyword>
								<Keyword>Moderation</Keyword>
								<Keyword>Netzwerk</Keyword>
								<Keyword>Obu</Keyword>
								<Keyword>Thomas</Keyword>
								<Keyword>fur</Keyword>
							</KeywordAnnotation>
						</TextAnnotation>
						<TextAnnotation confidence="0.5" relevance="0.0"
							xml:lang="de">
							<KeywordAnnotation>
								<Keyword>AM</Keyword>
							</KeywordAnnotation>
						</TextAnnotation>
						<TextAnnotation confidence="0.0" relevance="0.3"
							xml:lang="de">
							<KeywordAnnotation>
								<Keyword>Streiff</Keyword>
							</KeywordAnnotation>
						</TextAnnotation>
						<TextAnnotation confidence="0.0" relevance="0.2"
							xml:lang="de">
							<KeywordAnnotation>
								<Keyword>Bivsw</Keyword>
								<Keyword>Bresch</Keyword>
								<Keyword>Cr0up</Keyword>
								<Keyword>Grtlndcr</Keyword>
								<Keyword>Zirich</Keyword>
							</KeywordAnnotation>
						</TextAnnotation>
						<TextAnnotation confidence="0.0" relevance="0.0"
							xml:lang="de">
							<KeywordAnnotation>
								<Keyword>-</Keyword>
								<Keyword>I</Keyword>
								<Keyword>K</Keyword>
								<Keyword>e</Keyword>
								<Keyword>k</Keyword>
							</KeywordAnnotation>
						</TextAnnotation>
					</AudioVisualSegment>
					<AudioVisualSegment id="track-1.segment-5">
						<mediaTime>
							<mediaRelTimePoint>T00:03:17:0F1000</mediaRelTimePoint>
							<mediaDuration>PT47S0N1000F</mediaDuration>
						</mediaTime>
						<TextAnnotation confidence="0.5" relevance="0.0"
							xml:lang="de">
							<KeywordAnnotation>
								<Keyword>LC</Keyword>
							</KeywordAnnotation>
						</TextAnnotation>
						<TextAnnotation confidence="0.0" relevance="0.4"
							xml:lang="de">
							<KeywordAnnotation>
								<Keyword>IWK</Keyword>
							</KeywordAnnotation>
						</TextAnnotation>
						<TextAnnotation confidence="0.0" relevance="0.0"
							xml:lang="de">
							<KeywordAnnotation>
								<Keyword>A</Keyword>
								<Keyword>B</Keyword>
								<Keyword>H</Keyword>
								<Keyword>I</Keyword>
								<Keyword>L</Keyword>
								<Keyword>M</Keyword>
								<Keyword>Q</Keyword>
								<Keyword>Y</Keyword>
								<Keyword>l</Keyword>
							</KeywordAnnotation>
						</TextAnnotation>
					</AudioVisualSegment>
					<AudioVisualSegment id="track-1.segment-6">
						<mediaTime>
							<mediaRelTimePoint>T00:04:04:0F1000</mediaRelTimePoint>
							<mediaDuration>PT02M32S0N1000F</mediaDuration>
						</mediaTime>
						<TextAnnotation confidence="0.5" relevance="0.0"
							xml:lang="de">
							<KeywordAnnotation>
								<Keyword>In</Keyword>
								<Keyword>Ya</Keyword>
							</KeywordAnnotation>
						</TextAnnotation>
						<TextAnnotation confidence="0.0" relevance="0.0"
							xml:lang="de">
							<KeywordAnnotation>
								<Keyword>I</Keyword>
								<Keyword>lQ</Keyword>
							</KeywordAnnotation>
						</TextAnnotation>
					</AudioVisualSegment>
					<AudioVisualSegment id="track-1.segment-7">
						<mediaTime>
							<mediaRelTimePoint>T00:06:36:0F1000</mediaRelTimePoint>
							<mediaDuration>PT21S0N1000F</mediaDuration>
						</mediaTime>
						<TextAnnotation confidence="0.5" relevance="0.0"
							xml:lang="de">
							<KeywordAnnotation>
								<Keyword>QL</Keyword>
								<Keyword>RJ</Keyword>
							</KeywordAnnotation>
						</TextAnnotation>
						<TextAnnotation confidence="0.0" relevance="0.0"
							xml:lang="de">
							<KeywordAnnotation>
								<Keyword>E</Keyword>
								<Keyword>I</Keyword>
								<Keyword>M</Keyword>
								<Keyword>V</Keyword>
								<Keyword>W</Keyword>
							</KeywordAnnotation>
						</TextAnnotation>
					</AudioVisualSegment>
					<AudioVisualSegment id="track-1.segment-8">
						<mediaTime>
							<mediaRelTimePoint>T00:06:57:0F1000</mediaRelTimePoint>
							<mediaDuration>PT18S0N1000F</mediaDuration>
						</mediaTime>
						<TextAnnotation confidence="0.0" relevance="0.0"
							xml:lang="en">
							<KeywordAnnotation>
								<Keyword>U</Keyword>
							</KeywordAnnotation>
						</TextAnnotation>
					</AudioVisualSegment>
					<AudioVisualSegment id="track-1.segment-9">
						<mediaTime>
							<mediaRelTimePoint>T00:07:15:0F1000</mediaRelTimePoint>
							<mediaDuration>PT24S0N1000F</mediaDuration>
						</mediaTime>
						<TextAnnotation confidence="0.5" relevance="0.0"
							xml:lang="de">
							<KeywordAnnotation>
								<Keyword>Kb</Keyword>
								<Keyword>LG</Keyword>
							</KeywordAnnotation>
						</TextAnnotation>
						<TextAnnotation confidence="0.0" relevance="0.0"
							xml:lang="de">
							<KeywordAnnotation>
								<Keyword>D</Keyword>
								<Keyword>I</Keyword>
								<Keyword>M</Keyword>
								<Keyword>f</Keyword>
								<Keyword>j</Keyword>
								<Keyword>z</Keyword>
							</KeywordAnnotation>
						</TextAnnotation>
					</AudioVisualSegment>
					<AudioVisualSegment id="track-1.segment-10">
						<mediaTime>
							<mediaRelTimePoint>T00:07:39:0F1000</mediaRelTimePoint>
							<mediaDuration>PT38S0N1000F</mediaDuration>
						</mediaTime>
						<TextAnnotation confidence="0.5" relevance="0.0"
							xml:lang="de">
							<KeywordAnnotation>
								<Keyword>Ii</Keyword>
								<Keyword>LZ</Keyword>
							</KeywordAnnotation>
						</TextAnnotation>
						<TextAnnotation confidence="0.0" relevance="0.0"
							xml:lang="de">
							<KeywordAnnotation>
								<Keyword>I</Keyword>
								<Keyword>W</Keyword>
							</KeywordAnnotation>
						</TextAnnotation>
					</AudioVisualSegment>
					<AudioVisualSegment id="track-1.segment-11">
						<mediaTime>
							<mediaRelTimePoint>T00:08:17:0F1000</mediaRelTimePoint>
							<mediaDuration>PT19S0N1000F</mediaDuration>
						</mediaTime>
						<TextAnnotation confidence="0.5" relevance="0.0"
							xml:lang="de">
							<KeywordAnnotation>
								<Keyword>IV</Keyword>
							</KeywordAnnotation>
						</TextAnnotation>
						<TextAnnotation confidence="0.0" relevance="0.0"
							xml:lang="de">
							<KeywordAnnotation>
								<Keyword>A</Keyword>
								<Keyword>F</Keyword>
								<Keyword>L</Keyword>
								<Keyword>X-</Keyword>
								<Keyword>i</Keyword>
								<Keyword>s</Keyword>
								<Keyword>v</Keyword>
							</KeywordAnnotation>
						</TextAnnotation>
					</AudioVisualSegment>
					<AudioVisualSegment id="track-1.segment-12">
						<mediaTime>
							<mediaRelTimePoint>T00:08:36:0F1000</mediaRelTimePoint>
							<mediaDuration>PT25S0N1000F</mediaDuration>
						</mediaTime>
						<TextAnnotation confidence="0.5" relevance="0.0"
							xml:lang="de">
							<KeywordAnnotation>
								<Keyword>LS</Keyword>
								<Keyword>Lf</Keyword>
							</KeywordAnnotation>
						</TextAnnotation>
						<TextAnnotation confidence="0.0" relevance="0.4"
							xml:lang="de">
							<KeywordAnnotation>
								<Keyword>Ana--</Keyword>
							</KeywordAnnotation>
						</TextAnnotation>
						<TextAnnotation confidence="0.0" relevance="0.3"
							xml:lang="de">
							<KeywordAnnotation>
								<Keyword>JHKd</Keyword>
							</KeywordAnnotation>
						</TextAnnotation>
						<TextAnnotation confidence="0.0" relevance="0.0"
							xml:lang="de">
							<KeywordAnnotation>
								<Keyword>L</Keyword>
								<Keyword>S</Keyword>
								<Keyword>T</Keyword>
								<Keyword>n</Keyword>
								<Keyword>s</Keyword>
								<Keyword>t</Keyword>
							</KeywordAnnotation>
						</TextAnnotation>
					</AudioVisualSegment>
					<AudioVisualSegment id="track-1.segment-13">
						<mediaTime>
							<mediaRelTimePoint>T00:09:01:0F1000</mediaRelTimePoint>
							<mediaDuration>PT18S0N1000F</mediaDuration>
						</mediaTime>
						<TextAnnotation confidence="0.0" relevance="0.0"
							xml:lang="en">
							<KeywordAnnotation>
								<Keyword>E</Keyword>
								<Keyword>I</Keyword>
								<Keyword>q</Keyword>
							</KeywordAnnotation>
						</TextAnnotation>
					</AudioVisualSegment>
					<AudioVisualSegment id="track-1.segment-14">
						<mediaTime>
							<mediaRelTimePoint>T00:09:19:0F1000</mediaRelTimePoint>
							<mediaDuration>PT23S0N1000F</mediaDuration>
						</mediaTime>
						<TextAnnotation confidence="0.5" relevance="0.2"
							xml:lang="de">
							<KeywordAnnotation>
								<Keyword>sgi</Keyword>
							</KeywordAnnotation>
						</TextAnnotation>
						<TextAnnotation confidence="0.0" relevance="0.0"
							xml:lang="de">
							<KeywordAnnotation>
								<Keyword>i</Keyword>
							</KeywordAnnotation>
						</TextAnnotation>
					</AudioVisualSegment>
					<AudioVisualSegment id="track-1.segment-15">
						<mediaTime>
							<mediaRelTimePoint>T00:09:42:0F1000</mediaRelTimePoint>
							<mediaDuration>PT12S0N1000F</mediaDuration>
						</mediaTime>
						<TextAnnotation confidence="0.0" relevance="0.0"
							xml:lang="en">
							<KeywordAnnotation>
								<Keyword>E</Keyword>
							</KeywordAnnotation>
						</TextAnnotation>
					</AudioVisualSegment>
					<AudioVisualSegment id="track-1.segment-16">
						<mediaTime>
							<mediaRelTimePoint>T00:09:54:0F1000</mediaRelTimePoint>
							<mediaDuration>PT34S0N1000F</mediaDuration>
						</mediaTime>
						<TextAnnotation confidence="0.0" relevance="0.0"
							xml:lang="en">
							<KeywordAnnotation>
								<Keyword>E</Keyword>
								<Keyword>V</Keyword>
								<Keyword>f</Keyword>
								<Keyword>r</Keyword>
							</KeywordAnnotation>
						</TextAnnotation>
					</AudioVisualSegment>
					<AudioVisualSegment id="track-1.segment-17">
						<mediaTime>
							<mediaRelTimePoint>T00:10:28:0F1000</mediaRelTimePoint>
							<mediaDuration>PT16S0N1000F</mediaDuration>
						</mediaTime>
						<TextAnnotation confidence="0.5" relevance="0.0"
							xml:lang="en">
							<KeywordAnnotation>
								<Keyword>la</Keyword>
							</KeywordAnnotation>
						</TextAnnotation>
						<TextAnnotation confidence="0.0" relevance="0.0"
							xml:lang="en">
							<KeywordAnnotation>
								<Keyword>A</Keyword>
								<Keyword>I</Keyword>
								<Keyword>L</Keyword>
							</KeywordAnnotation>
						</TextAnnotation>
					</AudioVisualSegment>
					<AudioVisualSegment id="track-1.segment-18">
						<mediaTime>
							<mediaRelTimePoint>T00:10:44:0F1000</mediaRelTimePoint>
							<mediaDuration>PT37S0N1000F</mediaDuration>
						</mediaTime>
					</AudioVisualSegment>
					<AudioVisualSegment id="track-1.segment-19">
						<mediaTime>
							<mediaRelTimePoint>T00:11:21:0F1000</mediaRelTimePoint>
							<mediaDuration>PT17S0N1000F</mediaDuration>
						</mediaTime>
						<TextAnnotation confidence="0.5" relevance="0.1"
							xml:lang="en">
							<KeywordAnnotation>
								<Keyword>ill</Keyword>
							</KeywordAnnotation>
						</TextAnnotation>
						<TextAnnotation confidence="0.0" relevance="0.0"
							xml:lang="en">
							<KeywordAnnotation>
								<Keyword>-</Keyword>
								<Keyword>I</Keyword>
							</KeywordAnnotation>
						</TextAnnotation>
					</AudioVisualSegment>
					<AudioVisualSegment id="track-1.segment-20">
						<mediaTime>
							<mediaRelTimePoint>T00:11:38:0F1000</mediaRelTimePoint>
							<mediaDuration>PT36S0N1000F</mediaDuration>
						</mediaTime>
						<TextAnnotation confidence="0.0" relevance="0.0"
							xml:lang="en">
							<KeywordAnnotation>
								<Keyword>I</Keyword>
							</KeywordAnnotation>
						</TextAnnotation>
					</AudioVisualSegment>
					<AudioVisualSegment id="track-1.segment-21">
						<mediaTime>
							<mediaRelTimePoint>T00:12:14:0F1000</mediaRelTimePoint>
							<mediaDuration>PT32S0N1000F</mediaDuration>
						</mediaTime>
					</AudioVisualSegment>
					<AudioVisualSegment id="track-1.segment-22">
						<mediaTime>
							<mediaRelTimePoint>T00:12:46:0F1000</mediaRelTimePoint>
							<mediaDuration>PT20S0N1000F</mediaDuration>
						</mediaTime>
						<TextAnnotation confidence="0.5" relevance="0.3"
							xml:lang="de">
							<KeywordAnnotation>
								<Keyword>far</Keyword>
							</KeywordAnnotation>
						</TextAnnotation>
						<TextAnnotation confidence="0.5" relevance="0.0"
							xml:lang="de">
							<KeywordAnnotation>
								<Keyword>LZ</Keyword>
								<Keyword>ee</Keyword>
								<Keyword>sl</Keyword>
							</KeywordAnnotation>
						</TextAnnotation>
						<TextAnnotation confidence="0.0" relevance="0.0"
							xml:lang="de">
							<KeywordAnnotation>
								<Keyword>-</Keyword>
								<Keyword>A</Keyword>
								<Keyword>I</Keyword>
								<Keyword>J</Keyword>
								<Keyword>T</Keyword>
								<Keyword>f</Keyword>
								<Keyword>g</Keyword>
								<Keyword>x</Keyword>
							</KeywordAnnotation>
						</TextAnnotation>
					</AudioVisualSegment>
					<AudioVisualSegment id="track-1.segment-23">
						<mediaTime>
							<mediaRelTimePoint>T00:13:06:0F1000</mediaRelTimePoint>
							<mediaDuration>PT28S0N1000F</mediaDuration>
						</mediaTime>
						<TextAnnotation confidence="0.5" relevance="0.0"
							xml:lang="de">
							<KeywordAnnotation>
								<Keyword>Ti</Keyword>
								<Keyword>tn</Keyword>
							</KeywordAnnotation>
						</TextAnnotation>
						<TextAnnotation confidence="0.0" relevance="0.0"
							xml:lang="de">
							<KeywordAnnotation>
								<Keyword>F</Keyword>
								<Keyword>Q</Keyword>
								<Keyword>VY</Keyword>
								<Keyword>X</Keyword>
								<Keyword>r</Keyword>
							</KeywordAnnotation>
						</TextAnnotation>
					</AudioVisualSegment>
					<AudioVisualSegment id="track-1.segment-24">
						<mediaTime>
							<mediaRelTimePoint>T00:13:34:0F1000</mediaRelTimePoint>
							<mediaDuration>PT12S0N1000F</mediaDuration>
						</mediaTime>
						<TextAnnotation confidence="0.5" relevance="0.0"
							xml:lang="de">
							<KeywordAnnotation>
								<Keyword>ii</Keyword>
								<Keyword>ll</Keyword>
							</KeywordAnnotation>
						</TextAnnotation>
						<TextAnnotation confidence="0.0" relevance="0.0"
							xml:lang="de">
							<KeywordAnnotation>
								<Keyword>M</Keyword>
								<Keyword>n</Keyword>
							</KeywordAnnotation>
						</TextAnnotation>
					</AudioVisualSegment>
					<AudioVisualSegment id="track-1.segment-25">
						<mediaTime>
							<mediaRelTimePoint>T00:13:46:0F1000</mediaRelTimePoint>
							<mediaDuration>PT01M07S0N1000F</mediaDuration>
						</mediaTime>
						<TextAnnotation confidence="0.5" relevance="0.4"
							xml:lang="de">
							<KeywordAnnotation>
								<Keyword>MAI</Keyword>
							</KeywordAnnotation>
						</TextAnnotation>
						<TextAnnotation confidence="0.5" relevance="0.0"
							xml:lang="de">
							<KeywordAnnotation>
								<Keyword>LH</Keyword>
								<Keyword>jr</Keyword>
								<Keyword>lY</Keyword>
							</KeywordAnnotation>
						</TextAnnotation>
						<TextAnnotation confidence="0.0" relevance="0.3"
							xml:lang="de">
							<KeywordAnnotation>
								<Keyword>HIDYYQ</Keyword>
							</KeywordAnnotation>
						</TextAnnotation>
						<TextAnnotation confidence="0.0" relevance="0.0"
							xml:lang="de">
							<KeywordAnnotation>
								<Keyword>F</Keyword>
								<Keyword>I</Keyword>
								<Keyword>J</Keyword>
								<Keyword>N</Keyword>
								<Keyword>Q</Keyword>
								<Keyword>Y</Keyword>
								<Keyword>f</Keyword>
								<Keyword>i</Keyword>
								<Keyword>l</Keyword>
								<Keyword>v</Keyword>
							</KeywordAnnotation>
						</TextAnnotation>
					</AudioVisualSegment>
					<AudioVisualSegment id="track-1.segment-26">
						<mediaTime>
							<mediaRelTimePoint>T00:14:53:0F1000</mediaRelTimePoint>
							<mediaDuration>PT01M23S0N1000F</mediaDuration>
						</mediaTime>
						<TextAnnotation confidence="0.0" relevance="0.0"
							xml:lang="en">
							<KeywordAnnotation>
								<Keyword>i</Keyword>
							</KeywordAnnotation>
						</TextAnnotation>
					</AudioVisualSegment>
					<AudioVisualSegment id="track-1.segment-27">
						<mediaTime>
							<mediaRelTimePoint>T00:16:16:0F1000</mediaRelTimePoint>
							<mediaDuration>PT20S0N1000F</mediaDuration>
						</mediaTime>
						<TextAnnotation confidence="0.5" relevance="0.0"
							xml:lang="de">
							<KeywordAnnotation>
								<Keyword>FX</Keyword>
								<Keyword>Li</Keyword>
								<Keyword>gi</Keyword>
								<Keyword>si</Keyword>
								<Keyword>wr</Keyword>
							</KeywordAnnotation>
						</TextAnnotation>
						<TextAnnotation confidence="0.0" relevance="0.0"
							xml:lang="de">
							<KeywordAnnotation>
								<Keyword>-</Keyword>
								<Keyword>A</Keyword>
								<Keyword>I</Keyword>
								<Keyword>M</Keyword>
								<Keyword>T</Keyword>
								<Keyword>V</Keyword>
								<Keyword>Y</Keyword>
								<Keyword>f</Keyword>
								<Keyword>i</Keyword>
								<Keyword>l</Keyword>
								<Keyword>q</Keyword>
								<Keyword>v</Keyword>
							</KeywordAnnotation>
						</TextAnnotation>
					</AudioVisualSegment>
					<AudioVisualSegment id="track-1.segment-28">
						<mediaTime>
							<mediaRelTimePoint>T00:16:36:0F1000</mediaRelTimePoint>
							<mediaDuration>PT23S0N1000F</mediaDuration>
						</mediaTime>
						<TextAnnotation confidence="0.0" relevance="0.0"
							xml:lang="en">
							<KeywordAnnotation>
								<Keyword>J</Keyword>
								<Keyword>Z</Keyword>
							</KeywordAnnotation>
						</TextAnnotation>
					</AudioVisualSegment>
					<AudioVisualSegment id="track-1.segment-29">
						<mediaTime>
							<mediaRelTimePoint>T00:16:59:0F1000</mediaRelTimePoint>
							<mediaDuration>PT18S0N1000F</mediaDuration>
						</mediaTime>
						<TextAnnotation confidence="0.0" relevance="0.0"
							xml:lang="en">
							<KeywordAnnotation>
								<Keyword>-</Keyword>
								<Keyword>W</Keyword>
							</KeywordAnnotation>
						</TextAnnotation>
					</AudioVisualSegment>
					<AudioVisualSegment id="track-1.segment-30">
						<mediaTime>
							<mediaRelTimePoint>T00:17:17:0F1000</mediaRelTimePoint>
							<mediaDuration>PT25S0N1000F</mediaDuration>
						</mediaTime>
						<TextAnnotation confidence="0.5" relevance="0.0"
							xml:lang="de">
							<KeywordAnnotation>
								<Keyword>gv</Keyword>
							</KeywordAnnotation>
						</TextAnnotation>
						<TextAnnotation confidence="0.0" relevance="0.3"
							xml:lang="de">
							<KeywordAnnotation>
								<Keyword>l,i</Keyword>
							</KeywordAnnotation>
						</TextAnnotation>
						<TextAnnotation confidence="0.0" relevance="0.0"
							xml:lang="de">
							<KeywordAnnotation>
								<Keyword>A</Keyword>
								<Keyword>I</Keyword>
								<Keyword>L</Keyword>
								<Keyword>Q</Keyword>
								<Keyword>Q-</Keyword>
								<Keyword>Y</Keyword>
								<Keyword>i</Keyword>
							</KeywordAnnotation>
						</TextAnnotation>
					</AudioVisualSegment>
					<AudioVisualSegment id="track-1.segment-31">
						<mediaTime>
							<mediaRelTimePoint>T00:17:42:0F1000</mediaRelTimePoint>
							<mediaDuration>PT43S0N1000F</mediaDuration>
						</mediaTime>
						<TextAnnotation confidence="0.5" relevance="0.3"
							xml:lang="de">
							<KeywordAnnotation>
								<Keyword>ELK</Keyword>
							</KeywordAnnotation>
						</TextAnnotation>
						<TextAnnotation confidence="0.5" relevance="0.0"
							xml:lang="de">
							<KeywordAnnotation>
								<Keyword>Bf</Keyword>
								<Keyword>ll</Keyword>
							</KeywordAnnotation>
						</TextAnnotation>
					</AudioVisualSegment>
					<AudioVisualSegment id="track-1.segment-32">
						<mediaTime>
							<mediaRelTimePoint>T00:18:25:0F1000</mediaRelTimePoint>
							<mediaDuration>PT50S0N1000F</mediaDuration>
						</mediaTime>
						<TextAnnotation confidence="0.5" relevance="0.3"
							xml:lang="de">
							<KeywordAnnotation>
								<Keyword>SILK</Keyword>
								<Keyword>ulI</Keyword>
							</KeywordAnnotation>
						</TextAnnotation>
						<TextAnnotation confidence="0.0" relevance="0.2"
							xml:lang="de">
							<KeywordAnnotation>
								<Keyword>MAA</Keyword>
							</KeywordAnnotation>
						</TextAnnotation>
						<TextAnnotation confidence="0.0" relevance="0.0"
							xml:lang="de">
							<KeywordAnnotation>
								<Keyword>-I</Keyword>
								<Keyword>I</Keyword>
								<Keyword>Y</Keyword>
								<Keyword>m</Keyword>
								<Keyword>r</Keyword>
							</KeywordAnnotation>
						</TextAnnotation>
					</AudioVisualSegment>
					<AudioVisualSegment id="track-1.segment-33">
						<mediaTime>
							<mediaRelTimePoint>T00:19:15:0F1000</mediaRelTimePoint>
							<mediaDuration>PT22S0N1000F</mediaDuration>
						</mediaTime>
						<TextAnnotation confidence="0.5" relevance="0.0"
							xml:lang="de">
							<KeywordAnnotation>
								<Keyword>Fg</Keyword>
								<Keyword>rn</Keyword>
							</KeywordAnnotation>
						</TextAnnotation>
						<TextAnnotation confidence="0.0" relevance="0.3"
							xml:lang="de">
							<KeywordAnnotation>
								<Keyword>F.-</Keyword>
							</KeywordAnnotation>
						</TextAnnotation>
						<TextAnnotation confidence="0.0" relevance="0.0"
							xml:lang="de">
							<KeywordAnnotation>
								<Keyword>H</Keyword>
								<Keyword>Q</Keyword>
								<Keyword>W</Keyword>
								<Keyword>Y</Keyword>
								<Keyword>g</Keyword>
								<Keyword>r</Keyword>
								<Keyword>v</Keyword>
							</KeywordAnnotation>
						</TextAnnotation>
					</AudioVisualSegment>
					<AudioVisualSegment id="track-1.segment-34">
						<mediaTime>
							<mediaRelTimePoint>T00:19:37:0F1000</mediaRelTimePoint>
							<mediaDuration>PT47S0N1000F</mediaDuration>
						</mediaTime>
						<TextAnnotation confidence="0.5" relevance="0.0"
							xml:lang="de">
							<KeywordAnnotation>
								<Keyword>KE</Keyword>
							</KeywordAnnotation>
						</TextAnnotation>
					</AudioVisualSegment>
					<AudioVisualSegment id="track-1.segment-35">
						<mediaTime>
							<mediaRelTimePoint>T00:20:24:0F1000</mediaRelTimePoint>
							<mediaDuration>PT03M12S0N1000F</mediaDuration>
						</mediaTime>
						<TextAnnotation confidence="0.0" relevance="0.0"
							xml:lang="en">
							<KeywordAnnotation>
								<Keyword>-</Keyword>
								<Keyword>E</Keyword>
								<Keyword>I</Keyword>
								<Keyword>Y</Keyword>
								<Keyword>n</Keyword>
								<Keyword>r</Keyword>
							</KeywordAnnotation>
						</TextAnnotation>
					</AudioVisualSegment>
					<AudioVisualSegment id="track-1.segment-36">
						<mediaTime>
							<mediaRelTimePoint>T00:23:36:0F1000</mediaRelTimePoint>
							<mediaDuration>PT01M39S0N1000F</mediaDuration>
						</mediaTime>
						<TextAnnotation confidence="0.0" relevance="0.0"
							xml:lang="en">
							<KeywordAnnotation>
								<Keyword>M</Keyword>
								<Keyword>T</Keyword>
							</KeywordAnnotation>
						</TextAnnotation>
					</AudioVisualSegment>
					<AudioVisualSegment id="track-1.segment-37">
						<mediaTime>
							<mediaRelTimePoint>T00:25:15:0F1000</mediaRelTimePoint>
							<mediaDuration>PT01M25S0N1000F</mediaDuration>
						</mediaTime>
						<TextAnnotation confidence="0.5" relevance="0.0"
							xml:lang="de">
							<KeywordAnnotation>
								<Keyword>IC</Keyword>
								<Keyword>UH</Keyword>
							</KeywordAnnotation>
						</TextAnnotation>
						<TextAnnotation confidence="0.0" relevance="0.0"
							xml:lang="de">
							<KeywordAnnotation>
								<Keyword>-</Keyword>
								<Keyword>A</Keyword>
								<Keyword>E</Keyword>
								<Keyword>F</Keyword>
								<Keyword>Q</Keyword>
								<Keyword>i</Keyword>
								<Keyword>r</Keyword>
							</KeywordAnnotation>
						</TextAnnotation>
					</AudioVisualSegment>
					<AudioVisualSegment id="track-1.segment-38">
						<mediaTime>
							<mediaRelTimePoint>T00:26:40:0F1000</mediaRelTimePoint>
							<mediaDuration>PT01M10S0N1000F</mediaDuration>
						</mediaTime>
						<TextAnnotation confidence="0.5" relevance="0.0"
							xml:lang="de">
							<KeywordAnnotation>
								<Keyword>AB</Keyword>
								<Keyword>RO</Keyword>
								<Keyword>gg</Keyword>
								<Keyword>gu</Keyword>
								<Keyword>ms</Keyword>
							</KeywordAnnotation>
						</TextAnnotation>
						<TextAnnotation confidence="0.0" relevance="0.4"
							xml:lang="de">
							<KeywordAnnotation>
								<Keyword>ql-</Keyword>
							</KeywordAnnotation>
						</TextAnnotation>
						<TextAnnotation confidence="0.0" relevance="0.0"
							xml:lang="de">
							<KeywordAnnotation>
								<Keyword>--</Keyword>
								<Keyword>C</Keyword>
								<Keyword>H</Keyword>
								<Keyword>I</Keyword>
								<Keyword>J</Keyword>
								<Keyword>K</Keyword>
								<Keyword>O</Keyword>
								<Keyword>Q</Keyword>
								<Keyword>V</Keyword>
								<Keyword>W</Keyword>
								<Keyword>X</Keyword>
								<Keyword>Z</Keyword>
								<Keyword>gx</Keyword>
								<Keyword>i</Keyword>
								<Keyword>k</Keyword>
								<Keyword>n</Keyword>
								<Keyword>qw</Keyword>
								<Keyword>r</Keyword>
								<Keyword>t</Keyword>
								<Keyword>w-</Keyword>
							</KeywordAnnotation>
						</TextAnnotation>
					</AudioVisualSegment>
					<AudioVisualSegment id="track-1.segment-39">
						<mediaTime>
							<mediaRelTimePoint>T00:27:50:0F1000</mediaRelTimePoint>
							<mediaDuration>PT51S0N1000F</mediaDuration>
						</mediaTime>
						<TextAnnotation confidence="0.0" relevance="0.0"
							xml:lang="en">
							<KeywordAnnotation>
								<Keyword>Y</Keyword>
								<Keyword>h</Keyword>
							</KeywordAnnotation>
						</TextAnnotation>
					</AudioVisualSegment>
					<AudioVisualSegment id="track-1.segment-40">
						<mediaTime>
							<mediaRelTimePoint>T00:28:41:0F1000</mediaRelTimePoint>
							<mediaDuration>PT01M24S0N1000F</mediaDuration>
						</mediaTime>
						<TextAnnotation confidence="0.5" relevance="0.0"
							xml:lang="de">
							<KeywordAnnotation>
								<Keyword>EJ</Keyword>
								<Keyword>IL</Keyword>
								<Keyword>Vx</Keyword>
								<Keyword>iF</Keyword>
								<Keyword>lM</Keyword>
							</KeywordAnnotation>
						</TextAnnotation>
						<TextAnnotation confidence="0.0" relevance="0.0"
							xml:lang="de">
							<KeywordAnnotation>
								<Keyword>-</Keyword>
								<Keyword>--</Keyword>
								<Keyword>A</Keyword>
								<Keyword>F</Keyword>
								<Keyword>H</Keyword>
								<Keyword>I</Keyword>
								<Keyword>J</Keyword>
								<Keyword>K</Keyword>
								<Keyword>L</Keyword>
								<Keyword>M</Keyword>
								<Keyword>O</Keyword>
								<Keyword>P</Keyword>
								<Keyword>e</Keyword>
								<Keyword>f</Keyword>
								<Keyword>i</Keyword>
								<Keyword>l</Keyword>
								<Keyword>r</Keyword>
								<Keyword>wx</Keyword>
								<Keyword>x</Keyword>
							</KeywordAnnotation>
						</TextAnnotation>
					</AudioVisualSegment>
					<AudioVisualSegment id="track-1.segment-41">
						<mediaTime>
							<mediaRelTimePoint>T00:30:05:0F1000</mediaRelTimePoint>
							<mediaDuration>PT41S0N1000F</mediaDuration>
						</mediaTime>
						<TextAnnotation confidence="0.5" relevance="0.0"
							xml:lang="de">
							<KeywordAnnotation>
								<Keyword>IE</Keyword>
							</KeywordAnnotation>
						</TextAnnotation>
						<TextAnnotation confidence="0.0" relevance="0.0"
							xml:lang="de">
							<KeywordAnnotation>
								<Keyword>A</Keyword>
								<Keyword>L</Keyword>
								<Keyword>X</Keyword>
								<Keyword>kx</Keyword>
							</KeywordAnnotation>
						</TextAnnotation>
					</AudioVisualSegment>
					<AudioVisualSegment id="track-1.segment-42">
						<mediaTime>
							<mediaRelTimePoint>T00:30:46:0F1000</mediaRelTimePoint>
							<mediaDuration>PT01M13S0N1000F</mediaDuration>
						</mediaTime>
						<TextAnnotation confidence="0.5" relevance="0.0"
							xml:lang="de">
							<KeywordAnnotation>
								<Keyword>IA</Keyword>
								<Keyword>fi</Keyword>
								<Keyword>xl</Keyword>
							</KeywordAnnotation>
						</TextAnnotation>
						<TextAnnotation confidence="0.0" relevance="0.3"
							xml:lang="de">
							<KeywordAnnotation>
								<Keyword>i.Qw</Keyword>
							</KeywordAnnotation>
						</TextAnnotation>
						<TextAnnotation confidence="0.0" relevance="0.0"
							xml:lang="de">
							<KeywordAnnotation>
								<Keyword>A</Keyword>
								<Keyword>D</Keyword>
								<Keyword>L</Keyword>
								<Keyword>a</Keyword>
								<Keyword>i</Keyword>
								<Keyword>l</Keyword>
								<Keyword>p</Keyword>
								<Keyword>s</Keyword>
								<Keyword>x</Keyword>
							</KeywordAnnotation>
						</TextAnnotation>
					</AudioVisualSegment>
					<AudioVisualSegment id="track-1.segment-43">
						<mediaTime>
							<mediaRelTimePoint>T00:31:59:0F1000</mediaRelTimePoint>
							<mediaDuration>PT25S0N1000F</mediaDuration>
						</mediaTime>
						<TextAnnotation confidence="0.5" relevance="0.0"
							xml:lang="de">
							<KeywordAnnotation>
								<Keyword>St</Keyword>
								<Keyword>YE</Keyword>
								<Keyword>fx</Keyword>
							</KeywordAnnotation>
						</TextAnnotation>
						<TextAnnotation confidence="0.0" relevance="0.4"
							xml:lang="de">
							<KeywordAnnotation>
								<Keyword>iim</Keyword>
							</KeywordAnnotation>
						</TextAnnotation>
						<TextAnnotation confidence="0.0" relevance="0.3"
							xml:lang="de">
							<KeywordAnnotation>
								<Keyword>msi</Keyword>
							</KeywordAnnotation>
						</TextAnnotation>
						<TextAnnotation confidence="0.0" relevance="0.2"
							xml:lang="de">
							<KeywordAnnotation>
								<Keyword>LaYb</Keyword>
							</KeywordAnnotation>
						</TextAnnotation>
						<TextAnnotation confidence="0.0" relevance="0.0"
							xml:lang="de">
							<KeywordAnnotation>
								<Keyword>-</Keyword>
								<Keyword>A</Keyword>
								<Keyword>F</Keyword>
								<Keyword>L</Keyword>
							</KeywordAnnotation>
						</TextAnnotation>
					</AudioVisualSegment>
					<AudioVisualSegment id="track-1.segment-44">
						<mediaTime>
							<mediaRelTimePoint>T00:32:24:0F1000</mediaRelTimePoint>
							<mediaDuration>PT01M20S0N1000F</mediaDuration>
						</mediaTime>
						<TextAnnotation confidence="0.5" relevance="0.0"
							xml:lang="de">
							<KeywordAnnotation>
								<Keyword>Cr</Keyword>
							</KeywordAnnotation>
						</TextAnnotation>
						<TextAnnotation confidence="0.0" relevance="0.0"
							xml:lang="de">
							<KeywordAnnotation>
								<Keyword>H</Keyword>
								<Keyword>I</Keyword>
							</KeywordAnnotation>
						</TextAnnotation>
					</AudioVisualSegment>
					<AudioVisualSegment id="track-1.segment-45">
						<mediaTime>
							<mediaRelTimePoint>T00:33:44:0F1000</mediaRelTimePoint>
							<mediaDuration>PT23S0N1000F</mediaDuration>
						</mediaTime>
						<TextAnnotation confidence="0.5" relevance="0.0"
							xml:lang="de">
							<KeywordAnnotation>
								<Keyword>QL</Keyword>
							</KeywordAnnotation>
						</TextAnnotation>
						<TextAnnotation confidence="0.0" relevance="0.0"
							xml:lang="de">
							<KeywordAnnotation>
								<Keyword>C</Keyword>
								<Keyword>i</Keyword>
							</KeywordAnnotation>
						</TextAnnotation>
					</AudioVisualSegment>
					<AudioVisualSegment id="track-1.segment-46">
						<mediaTime>
							<mediaRelTimePoint>T00:34:07:0F1000</mediaRelTimePoint>
							<mediaDuration>PT01M09S0N1000F</mediaDuration>
						</mediaTime>
						<TextAnnotation confidence="0.5" relevance="0.0"
							xml:lang="en">
							<KeywordAnnotation>
								<Keyword>Ei</Keyword>
								<Keyword>Td</Keyword>
								<Keyword>aw</Keyword>
								<Keyword>wi</Keyword>
							</KeywordAnnotation>
						</TextAnnotation>
						<TextAnnotation confidence="0.0" relevance="0.4"
							xml:lang="en">
							<KeywordAnnotation>
								<Keyword>-W-A</Keyword>
								<Keyword>fl-</Keyword>
							</KeywordAnnotation>
						</TextAnnotation>
						<TextAnnotation confidence="0.0" relevance="0.0"
							xml:lang="en">
							<KeywordAnnotation>
								<Keyword>-A</Keyword>
								<Keyword>E</Keyword>
								<Keyword>F</Keyword>
								<Keyword>I</Keyword>
								<Keyword>J</Keyword>
								<Keyword>M</Keyword>
								<Keyword>Q</Keyword>
								<Keyword>V</Keyword>
								<Keyword>Y-</Keyword>
								<Keyword>Z</Keyword>
								<Keyword>h</Keyword>
								<Keyword>m</Keyword>
							</KeywordAnnotation>
						</TextAnnotation>
					</AudioVisualSegment>
					<AudioVisualSegment id="track-1.segment-47">
						<mediaTime>
							<mediaRelTimePoint>T00:35:16:0F1000</mediaRelTimePoint>
							<mediaDuration>PT17S0N1000F</mediaDuration>
						</mediaTime>
						<TextAnnotation confidence="0.5" relevance="0.0"
							xml:lang="de">
							<KeywordAnnotation>
								<Keyword>EO</Keyword>
								<Keyword>KT</Keyword>
								<Keyword>LA</Keyword>
								<Keyword>SU</Keyword>
								<Keyword>nT</Keyword>
								<Keyword>vv</Keyword>
								<Keyword>wr</Keyword>
							</KeywordAnnotation>
						</TextAnnotation>
						<TextAnnotation confidence="0.0" relevance="0.5"
							xml:lang="de">
							<KeywordAnnotation>
								<Keyword>TPS</Keyword>
								<Keyword>lWL.Z</Keyword>
							</KeywordAnnotation>
						</TextAnnotation>
						<TextAnnotation confidence="0.0" relevance="0.4"
							xml:lang="de">
							<KeywordAnnotation>
								<Keyword>ii-</Keyword>
							</KeywordAnnotation>
						</TextAnnotation>
						<TextAnnotation confidence="0.0" relevance="0.0"
							xml:lang="de">
							<KeywordAnnotation>
								<Keyword>-</Keyword>
								<Keyword>A</Keyword>
								<Keyword>F</Keyword>
								<Keyword>H</Keyword>
								<Keyword>I</Keyword>
								<Keyword>R</Keyword>
								<Keyword>T</Keyword>
								<Keyword>V</Keyword>
								<Keyword>X</Keyword>
								<Keyword>c</Keyword>
								<Keyword>d</Keyword>
								<Keyword>e</Keyword>
								<Keyword>f</Keyword>
								<Keyword>g</Keyword>
								<Keyword>i</Keyword>
								<Keyword>r</Keyword>
								<Keyword>x</Keyword>
							</KeywordAnnotation>
						</TextAnnotation>
					</AudioVisualSegment>
					<AudioVisualSegment id="track-1.segment-48">
						<mediaTime>
							<mediaRelTimePoint>T00:35:33:0F1000</mediaRelTimePoint>
							<mediaDuration>PT41S0N1000F</mediaDuration>
						</mediaTime>
						<TextAnnotation confidence="0.0" relevance="0.2"
							xml:lang="en">
							<KeywordAnnotation>
								<Keyword>ills</Keyword>
							</KeywordAnnotation>
						</TextAnnotation>
						<TextAnnotation confidence="0.0" relevance="0.0"
							xml:lang="en">
							<KeywordAnnotation>
								<Keyword>A</Keyword>
								<Keyword>FJ</Keyword>
								<Keyword>I</Keyword>
								<Keyword>L</Keyword>
							</KeywordAnnotation>
						</TextAnnotation>
					</AudioVisualSegment>
					<AudioVisualSegment id="track-1.segment-49">
						<mediaTime>
							<mediaRelTimePoint>T00:36:14:0F1000</mediaRelTimePoint>
							<mediaDuration>PT18S0N1000F</mediaDuration>
						</mediaTime>
						<TextAnnotation confidence="0.5" relevance="0.4"
							xml:lang="de">
							<KeywordAnnotation>
								<Keyword>FAR</Keyword>
							</KeywordAnnotation>
						</TextAnnotation>
						<TextAnnotation confidence="0.5" relevance="0.0"
							xml:lang="de">
							<KeywordAnnotation>
								<Keyword>DE</Keyword>
								<Keyword>EY</Keyword>
								<Keyword>QA</Keyword>
								<Keyword>gi</Keyword>
							</KeywordAnnotation>
						</TextAnnotation>
						<TextAnnotation confidence="0.0" relevance="0.4"
							xml:lang="de">
							<KeywordAnnotation>
								<Keyword>-Ri</Keyword>
							</KeywordAnnotation>
						</TextAnnotation>
						<TextAnnotation confidence="0.0" relevance="0.0"
							xml:lang="de">
							<KeywordAnnotation>
								<Keyword>-</Keyword>
								<Keyword>A</Keyword>
								<Keyword>H</Keyword>
								<Keyword>L</Keyword>
								<Keyword>M</Keyword>
								<Keyword>Q</Keyword>
								<Keyword>S</Keyword>
								<Keyword>V</Keyword>
								<Keyword>Y</Keyword>
								<Keyword>Z</Keyword>
								<Keyword>g</Keyword>
								<Keyword>h</Keyword>
								<Keyword>i</Keyword>
								<Keyword>l</Keyword>
								<Keyword>s</Keyword>
							</KeywordAnnotation>
						</TextAnnotation>
					</AudioVisualSegment>
					<AudioVisualSegment id="track-1.segment-50">
						<mediaTime>
							<mediaRelTimePoint>T00:36:32:0F1000</mediaRelTimePoint>
							<mediaDuration>PT20S0N1000F</mediaDuration>
						</mediaTime>
						<TextAnnotation confidence="0.5" relevance="0.0"
							xml:lang="de">
							<KeywordAnnotation>
								<Keyword>Ha</Keyword>
							</KeywordAnnotation>
						</TextAnnotation>
						<TextAnnotation confidence="0.0" relevance="0.3"
							xml:lang="de">
							<KeywordAnnotation>
								<Keyword>RIQ</Keyword>
							</KeywordAnnotation>
						</TextAnnotation>
						<TextAnnotation confidence="0.0" relevance="0.0"
							xml:lang="de">
							<KeywordAnnotation>
								<Keyword>M</Keyword>
								<Keyword>i</Keyword>
								<Keyword>l</Keyword>
								<Keyword>w</Keyword>
							</KeywordAnnotation>
						</TextAnnotation>
					</AudioVisualSegment>
					<AudioVisualSegment id="track-1.segment-51">
						<mediaTime>
							<mediaRelTimePoint>T00:36:52:0F1000</mediaRelTimePoint>
							<mediaDuration>PT19S0N1000F</mediaDuration>
						</mediaTime>
						<TextAnnotation confidence="0.5" relevance="0.5"
							xml:lang="de">
							<KeywordAnnotation>
								<Keyword>Kim</Keyword>
							</KeywordAnnotation>
						</TextAnnotation>
						<TextAnnotation confidence="0.5" relevance="0.4"
							xml:lang="de">
							<KeywordAnnotation>
								<Keyword>ZAP</Keyword>
							</KeywordAnnotation>
						</TextAnnotation>
						<TextAnnotation confidence="0.5" relevance="0.0"
							xml:lang="de">
							<KeywordAnnotation>
								<Keyword>Lg</Keyword>
								<Keyword>TY</Keyword>
								<Keyword>ew</Keyword>
							</KeywordAnnotation>
						</TextAnnotation>
						<TextAnnotation confidence="0.0" relevance="0.4"
							xml:lang="de">
							<KeywordAnnotation>
								<Keyword>-JV</Keyword>
								<Keyword>aaw-</Keyword>
								<Keyword>sx-</Keyword>
							</KeywordAnnotation>
						</TextAnnotation>
						<TextAnnotation confidence="0.0" relevance="0.0"
							xml:lang="de">
							<KeywordAnnotation>
								<Keyword>-</Keyword>
								<Keyword>E</Keyword>
								<Keyword>F</Keyword>
								<Keyword>I</Keyword>
								<Keyword>I-</Keyword>
								<Keyword>L</Keyword>
								<Keyword>S</Keyword>
								<Keyword>T</Keyword>
								<Keyword>Y</Keyword>
								<Keyword>a</Keyword>
								<Keyword>f</Keyword>
								<Keyword>h</Keyword>
								<Keyword>i</Keyword>
								<Keyword>j</Keyword>
								<Keyword>k</Keyword>
								<Keyword>r</Keyword>
								<Keyword>s-</Keyword>
								<Keyword>u</Keyword>
								<Keyword>v</Keyword>
								<Keyword>y</Keyword>
							</KeywordAnnotation>
						</TextAnnotation>
					</AudioVisualSegment>
					<AudioVisualSegment id="track-1.segment-52">
						<mediaTime>
							<mediaRelTimePoint>T00:37:11:0F1000</mediaRelTimePoint>
							<mediaDuration>PT30S0N1000F</mediaDuration>
						</mediaTime>
						<TextAnnotation confidence="0.5" relevance="0.0"
							xml:lang="de">
							<KeywordAnnotation>
								<Keyword>ta</Keyword>
							</KeywordAnnotation>
						</TextAnnotation>
						<TextAnnotation confidence="0.0" relevance="0.0"
							xml:lang="de">
							<KeywordAnnotation>
								<Keyword>A</Keyword>
							</KeywordAnnotation>
						</TextAnnotation>
					</AudioVisualSegment>
					<AudioVisualSegment id="track-1.segment-53">
						<mediaTime>
							<mediaRelTimePoint>T00:37:41:0F1000</mediaRelTimePoint>
							<mediaDuration>PT560N1000F</mediaDuration>
						</mediaTime>
						<TextAnnotation confidence="0.5" relevance="0.0"
							xml:lang="de">
							<KeywordAnnotation>
								<Keyword>HU</Keyword>
								<Keyword>KJ</Keyword>
								<Keyword>LT</Keyword>
								<Keyword>YU</Keyword>
								<Keyword>hl</Keyword>
								<Keyword>la</Keyword>
								<Keyword>ri</Keyword>
							</KeywordAnnotation>
						</TextAnnotation>
						<TextAnnotation confidence="0.0" relevance="0.0"
							xml:lang="de">
							<KeywordAnnotation>
								<Keyword>-</Keyword>
								<Keyword>A</Keyword>
								<Keyword>E</Keyword>
								<Keyword>F</Keyword>
								<Keyword>I</Keyword>
								<Keyword>K</Keyword>
								<Keyword>P</Keyword>
								<Keyword>T</Keyword>
								<Keyword>r-</Keyword>
								<Keyword>x</Keyword>
							</KeywordAnnotation>
						</TextAnnotation>
					</AudioVisualSegment>
				</TemporalDecomposition>
			</AudioVisual>
		</MultimediaContent>
	</Description>
</Mpeg7>
