<?xml version="1.0" encoding="UTF-8"?>
<mediapackage duration="3498920" id="10.3930/ETHZ/AV-573786a4-6832-4c7b-927b-c0447bb24b1d">
<media>
<track id="track-1" type="engage/presenter">
    <url>http://downloads.opencastproject.org/media/car.flv</url>
    <mimetype>video/x-flv</mimetype>
    <checksum type="md5">7b3c7e8cc2cba2f5b7af4fd4224f3005</checksum>
</track>
<mimetype>video/quicktime</mimetype>
<checksum type="md5">e0b4effe63d5c821421f327169609f58</checksum>
<url>tracks/20090919_g2_quantencomputing.mov</url>
<Duration>3498920</Duration>
<Audio id="stream-2">
<Encoder type="PCM"/>
<Channels>2</Channels>
<BitDepth>16</BitDepth>
<BitRate>1536000.0</BitRate>
</Audio>
<Video id="stream-1">
<Encoder type="Digital Video"/>
<Size>720x576</Size>
<BitRate>9159803.0</BitRate>
<FrameRate>25.0</FrameRate>
</Video>
</media>
<metadata>
<catalog id="catalog-2" type="metadata/dublincore">
<mimetype>text/xml</mimetype>
<checksum type="md5">0764b431e9b4768aa7451bb1ffc6958a</checksum>
<url>metadata/dublincore-e-quantencomputing.xml</url>
</catalog>
<catalog id="catalog-1" ref="series:AlumniHeadquarter" type="metadata/dublincore">
<mimetype>text/xml</mimetype>
<checksum type="md5">5275afc0931095c550618baf390024f1</checksum>
<url>metadata/dublincore7717872125288145728.xml</url>
</catalog>
<catalog id="catalog-3" type="metadata/mpeg-7">
<mimetype>text/xml</mimetype>
<checksum type="md5">d41d8cd98f00b204e9800998ecf8427e</checksum>
<url>metadata/mpeg-72882699944285057048.xml</url>
</catalog>
</metadata>
<attachments>
    <attachment id="attachment-1" type="engage/cover">
        <url>http://downloads.opencastproject.org/media/engage-cover.jpg</url>
        <mimetype>image/jpeg</mimetype>
    </attachment>
    <attachment id="attachment-2" type="feed/cover">
        <url>http://downloads.opencastproject.org/media/feed-cover.jpg</url>
        <mimetype>image/jpeg</mimetype>
    </attachment>
</attachments>
</mediapackage>
