<?xml version="1.0" encoding="UTF-8"?>
<mediapackage>
	<media>
		<track id="track-1" type="presentation/engage">
			<url>tracks/movie.flv</url>
			<mimetype>video/x-flv</mimetype>
			<checksum type="md5">7b3c7e8cc2cba2f5b7af4fd4224f3005</checksum>
			<tags>
				<tag>engage</tag>
			</tags>
		</track>
	</media>
	<metadata>
		<catalog id="catalog-2" type="metadata/dublincore">
			<mimetype>text/xml</mimetype>
			<checksum type="md5">791048998b97a7b224bf8c1275722e81</checksum>
			<url>metadata/dublincore-e-EMPA_20090505_Sornette.xml</url>
		</catalog>
		<catalog id="catalog-1" ref="series:EMPA-0001-00X" type="metadata/dublincore">
			<mimetype>text/xml</mimetype>
			<checksum type="md5">bf6b8f4ecdd93a8d9196f4f25d35596d</checksum>
			<url>metadata/dublincore-s-EMPA-0001-00X.xml</url>
		</catalog>
		<catalog id="catalog-3" type="segments/slides">
			<mimetype>text/xml</mimetype>
			<checksum type="md5">d41d8cd98f00b204e9800998ecf8427e</checksum>
			<url>metadata/mpeg-72963022912229683856.xml</url>
		</catalog>
	</metadata>
</mediapackage>
