<?xml version="1.0" encoding="UTF-8"?>
<mediapackage duration="5842040" id="10.3930/ETHZ/AV-71834479-d764-41e8-aab5-6e93fd964f4d">
<media>
<track id="track-1" type="engage/presenter">
    <url>http://downloads.opencastproject.org/media/car.flv</url>
    <mimetype>video/x-flv</mimetype>
    <checksum type="md5">7b3c7e8cc2cba2f5b7af4fd4224f3005</checksum>
</track>
<mimetype>video/msvideo</mimetype>
<checksum type="md5">946c6d31991ab5a5d728442d5d7f1208</checksum>
<url>tracks/camera.avi</url>
<Duration>5842040</Duration>
<Audio id="stream-2">
<Encoder type="MPEG Audio"/>
<Channels>2</Channels>
<BitDepth>16</BitDepth>
<BitRate>128000.0</BitRate>
</Audio>
<Video id="stream-1">
<Encoder type="MPEG-4 Visual"/>
<Size>768x576</Size>
<ScanType type="Progressive"/>
<BitRate>2599489.0</BitRate>
<FrameRate>25.0</FrameRate>
</Video>
<mimetype>video/msvideo</mimetype>
<checksum type="md5">de62d7bc5bb2059815aa1d21c718aa5f</checksum>
<url>tracks/grabber.avi</url>
<Duration>5841800</Duration>
<Audio id="stream-2">
<Encoder type="MPEG Audio"/>
<Channels>2</Channels>
<BitDepth>16</BitDepth>
<BitRate>128000.0</BitRate>
</Audio>
<Video id="stream-1">
<Encoder type="MPEG-4 Visual"/>
<Size>1024x768</Size>
<ScanType type="Progressive"/>
<BitRate>278788.0</BitRate>
<FrameRate>5.0</FrameRate>
</Video>
</media>
<metadata>
<catalog id="catalog-2" ref="series:401-4781-59L-2009W" type="metadata/dublincore">
<mimetype>text/xml</mimetype>
<checksum type="md5">09565df02bccfe2d0f7acb59c9b9177c</checksum>
<url>metadata/dublincore758543772262715396.xml</url>
</catalog>
<catalog id="catalog-1" type="metadata/dublincore">
<mimetype>text/xml</mimetype>
<checksum type="md5">0dcc27f4503f9f9b2601b6b48a4f9178</checksum>
<url>metadata/dublincore8904605682370305834.xml</url>
</catalog>
<catalog id="catalog-3" type="metadata/mpeg-7">
<mimetype>text/xml</mimetype>
<checksum type="md5">d41d8cd98f00b204e9800998ecf8427e</checksum>
<url>metadata/mpeg-78062148583976331709.xml</url>
</catalog>
</metadata>
<attachments>
    <attachment id="attachment-1" type="engage/cover">
        <url>http://downloads.opencastproject.org/media/engage-cover.jpg</url>
        <mimetype>image/jpeg</mimetype>
    </attachment>
    <attachment id="attachment-2" type="feed/cover">
        <url>http://downloads.opencastproject.org/media/feed-cover.jpg</url>
        <mimetype>image/jpeg</mimetype>
    </attachment>
</attachments>
</mediapackage>
