<?xml version="1.0" encoding="UTF-8"?>
<mediapackage>
	<media>
		<track id="track-1" type="presentation/engage">
			<url>tracks/movie.flv</url>
			<mimetype>video/x-flv</mimetype>
			<checksum type="md5">7b3c7e8cc2cba2f5b7af4fd4224f3005</checksum>
			<tags>
				<tag>engage</tag>
			</tags>
		</track>
	</media>
	<metadata>
		<catalog id="catalog-2" ref="series:251-0317-00L" type="metadata/dublincore">
			<mimetype>text/xml</mimetype>
			<checksum type="md5">efa80abb3df8372344d671c805ba337c</checksum>
			<url>metadata/dublincore4845507684002326584.xml</url>
		</catalog>
		<catalog id="catalog-1" type="metadata/dublincore">
			<mimetype>text/xml</mimetype>
			<checksum type="md5">4b73c59fdb183539706720c1e4f2d390</checksum>
			<url>metadata/dublincore8542035952899122761.xml</url>
		</catalog>
		<catalog id="catalog-3" type="segments/slides">
			<mimetype>text/xml</mimetype>
			<checksum type="md5">d41d8cd98f00b204e9800998ecf8427e</checksum>
			<url>metadata/mpeg-74738540013888670349.xml</url>
		</catalog>
	</metadata>
</mediapackage>
