<?xml version="1.0" encoding="UTF-8"?>
<mediapackage duration="4919500">
	<media>
		<track id="track-1" type="engage/presenter">
			<url>tracks/movie.flv</url>
			<mimetype>video/x-flv</mimetype>
			<checksum type="md5">7b3c7e8cc2cba2f5b7af4fd4224f3005</checksum>
			<tags>
				<tag>engage</tag>
			</tags>
		</track>
	</media>
	<metadata>
		<catalog id="catalog-2" type="metadata/dublincore">
			<mimetype>text/xml</mimetype>
			<checksum type="md5">f12f6707b519e71dc5e6b0146ffa27b3</checksum>
			<url>metadata/dublincore-e-Heinimann_20091106.xml</url>
		</catalog>
		<catalog id="catalog-1" ref="series:701-0005-00L-2009W" type="metadata/dublincore">
			<mimetype>text/xml</mimetype>
			<checksum type="md5">99c225f8a631d1173cba2c98f840640e</checksum>
			<url>metadata/dublincore-s-00006_Heinimann.xml</url>
		</catalog>
		<catalog id="catalog-3" type="metadata/mpeg-7">
			<mimetype>text/xml</mimetype>
			<checksum type="md5">d41d8cd98f00b204e9800998ecf8427e</checksum>
			<url>metadata/mpeg-75216321112829864287.xml</url>
		</catalog>
	</metadata>
	<attachments>
		<attachment id="cover" type="cover/source" ref="track:track-1">
			<url>attachments/cover.jpg</url>
			<mimetype>image/jpeg</mimetype>
			<checksum type="md5">fb5107e56b6762adee0c604348e5dcce</checksum>
			<tags>
				<tag>engage</tag>
			</tags>
		</attachment>
	</attachments>
</mediapackage>
