<?xml version="1.0" encoding="UTF-8"?>
<Mpeg7 xmlns="urn:mpeg:mpeg7:schema:2001" xmlns:mpeg7="urn:mpeg7:schema:2001" xmlns:xsi="http://www.w3.org/2001/XMLSchema-instance/">
    <Description xsi:type="ContentEntityType">
        <MultimediaContent xsi:type="AudioVisualType">
            <AudioVisual id="track-1">
                <mediaLocator>
                    <mediaUri>file:tracks/20091112_Klimawandel_Part_06.mov</mediaUri>
                </mediaLocator>
                <mediaTime>
                    <mediaTimePoint>T00:00:00:0F25</mediaTimePoint>
                    <mediaDuration>PT28M30S120N1000F</mediaDuration>
                </mediaTime>
                <TemporalDecomposition criteria="temporal" gap="false" overlap="false">
                    <AudioVisualSegment id="track-1.segment-1">
                        <mediaTime>
                            <mediaRelTimePoint>T00:00:00:0F1000</mediaRelTimePoint>
                            <mediaDuration>PT31S0N1000F</mediaDuration>
                        </mediaTime>
                        <TextAnnotation confidence="0.0" relevance="0.0" xml:lang="en">
                            <KeywordAnnotation>
                                <Keyword>D</Keyword>
                                <Keyword>E</Keyword>
                                <Keyword>X</Keyword>
                                <Keyword>Y</Keyword>
                            </KeywordAnnotation>
                        </TextAnnotation>
                    </AudioVisualSegment>
                    <AudioVisualSegment id="track-1.segment-2">
                        <mediaTime>
                            <mediaRelTimePoint>T00:00:31:0F1000</mediaRelTimePoint>
                            <mediaDuration>PT26S0N1000F</mediaDuration>
                        </mediaTime>
                        <TextAnnotation confidence="0.0" relevance="0.0" xml:lang="en">
                            <KeywordAnnotation>
                                <Keyword>D</Keyword>
                            </KeywordAnnotation>
                        </TextAnnotation>
                    </AudioVisualSegment>
                    <AudioVisualSegment id="track-1.segment-3">
                        <mediaTime>
                            <mediaRelTimePoint>T00:00:57:0F1000</mediaRelTimePoint>
                            <mediaDuration>PT19S0N1000F</mediaDuration>
                        </mediaTime>
                        <TextAnnotation confidence="0.0" relevance="0.0" xml:lang="en">
                            <KeywordAnnotation>
                                <Keyword>C</Keyword>
                                <Keyword>I</Keyword>
                            </KeywordAnnotation>
                        </TextAnnotation>
                    </AudioVisualSegment>
                    <AudioVisualSegment id="track-1.segment-4">
                        <mediaTime>
                            <mediaRelTimePoint>T00:01:16:0F1000</mediaRelTimePoint>
                            <mediaDuration>PT01M10S0N1000F</mediaDuration>
                        </mediaTime>
                        <TextAnnotation confidence="0.5" relevance="0.0" xml:lang="de">
                            <KeywordAnnotation>
                                <Keyword>iM</Keyword>
                            </KeywordAnnotation>
                        </TextAnnotation>
                        <TextAnnotation confidence="0.0" relevance="0.0" xml:lang="de">
                            <KeywordAnnotation>
                                <Keyword>E</Keyword>
                                <Keyword>I</Keyword>
                                <Keyword>W</Keyword>
                                <Keyword>i</Keyword>
                            </KeywordAnnotation>
                        </TextAnnotation>
                    </AudioVisualSegment>
                    <AudioVisualSegment id="track-1.segment-5">
                        <mediaTime>
                            <mediaRelTimePoint>T00:02:26:0F1000</mediaRelTimePoint>
                            <mediaDuration>PT30S0N1000F</mediaDuration>
                        </mediaTime>
                        <TextAnnotation confidence="0.5" relevance="0.4" xml:lang="de">
                            <KeywordAnnotation>
                                <Keyword>Fragen</Keyword>
                                <Keyword>Wichtige</Keyword>
                                <Keyword>fur</Keyword>
                            </KeywordAnnotation>
                        </TextAnnotation>
                        <TextAnnotation confidence="0.5" relevance="0.3" xml:lang="de">
                            <KeywordAnnotation>
                                <Keyword>Anpassung</Keyword>
                                <Keyword>Emissionen</Keyword>
                                <Keyword>Firmen</Keyword>
                                <Keyword>Konsequenzen</Keyword>
                                <Keyword>Kosten</Keyword>
                                <Keyword>Lichte</Keyword>
                                <Keyword>Schweiz</Keyword>
                                <Keyword>Schweizer</Keyword>
                                <Keyword>Was</Keyword>
                                <Keyword>Welche</Keyword>
                                <Keyword>Wieviel</Keyword>
                                <Keyword>der</Keyword>
                                <Keyword>des</Keyword>
                                <Keyword>ergeben</Keyword>
                                <Keyword>ist</Keyword>
                                <Keyword>reduziert</Keyword>
                                <Keyword>sich</Keyword>
                                <Keyword>welchen</Keyword>
                                <Keyword>werden</Keyword>
                            </KeywordAnnotation>
                        </TextAnnotation>
                        <TextAnnotation confidence="0.5" relevance="0.0" xml:lang="de">
                            <KeywordAnnotation>
                                <Keyword>im</Keyword>
                                <Keyword>in</Keyword>
                                <Keyword>vs</Keyword>
                                <Keyword>zu</Keyword>
                            </KeywordAnnotation>
                        </TextAnnotation>
                        <TextAnnotation confidence="0.0" relevance="0.4" xml:lang="de">
                            <KeywordAnnotation>
                                <Keyword>Uberblick</Keyword>
                            </KeywordAnnotation>
                        </TextAnnotation>
                        <TextAnnotation confidence="0.0" relevance="0.3" xml:lang="de">
                            <KeywordAnnotation>
                                <Keyword>Emissionsreduktion</Keyword>
                                <Keyword>Zielst</Keyword>
                                <Keyword>ckonomisch</Keyword>
                                <Keyword>konnen</Keyword>
                                <Keyword>sinnvoller</Keyword>
                            </KeywordAnnotation>
                        </TextAnnotation>
                        <TextAnnotation confidence="0.0" relevance="0.0" xml:lang="de">
                            <KeywordAnnotation>
                                <Keyword>-</Keyword>
                            </KeywordAnnotation>
                        </TextAnnotation>
                    </AudioVisualSegment>
                    <AudioVisualSegment id="track-1.segment-6">
                        <mediaTime>
                            <mediaRelTimePoint>T00:02:56:0F1000</mediaRelTimePoint>
                            <mediaDuration>PT41S0N1000F</mediaDuration>
                        </mediaTime>
                        <TextAnnotation confidence="0.0" relevance="0.0" xml:lang="en">
                            <KeywordAnnotation>
                                <Keyword>A</Keyword>
                                <Keyword>E</Keyword>
                                <Keyword>Y</Keyword>
                                <Keyword>j</Keyword>
                            </KeywordAnnotation>
                        </TextAnnotation>
                    </AudioVisualSegment>
                    <AudioVisualSegment id="track-1.segment-7">
                        <mediaTime>
                            <mediaRelTimePoint>T00:03:37:0F1000</mediaRelTimePoint>
                            <mediaDuration>PT02M44S0N1000F</mediaDuration>
                        </mediaTime>
                        <TextAnnotation confidence="0.5" relevance="0.4" xml:lang="de">
                            <KeywordAnnotation>
                                <Keyword>Anpassung</Keyword>
                                <Keyword>Sch</Keyword>
                                <Keyword>als</Keyword>
                                <Keyword>den</Keyword>
                                <Keyword>sung</Keyword>
                                <Keyword>und</Keyword>
                            </KeywordAnnotation>
                        </TextAnnotation>
                        <TextAnnotation confidence="0.5" relevance="0.3" xml:lang="de">
                            <KeywordAnnotation>
                                <Keyword>Anpassung</Keyword>
                                <Keyword>pig</Keyword>
                            </KeywordAnnotation>
                        </TextAnnotation>
                        <TextAnnotation confidence="0.5" relevance="0.0" xml:lang="de">
                            <KeywordAnnotation>
                                <Keyword>In</Keyword>
                                <Keyword>aL</Keyword>
                                <Keyword>ei</Keyword>
                                <Keyword>fg</Keyword>
                                <Keyword>ig</Keyword>
                                <Keyword>mn</Keyword>
                                <Keyword>mp</Keyword>
                                <Keyword>my</Keyword>
                                <Keyword>ns</Keyword>
                                <Keyword>ok</Keyword>
                            </KeywordAnnotation>
                        </TextAnnotation>
                        <TextAnnotation confidence="0.0" relevance="0.5" xml:lang="de">
                            <KeywordAnnotation>
                                <Keyword>Anmsuw</Keyword>
                                <Keyword>Rahmenbedihgungen</Keyword>
                                <Keyword>me-</Keyword>
                                <Keyword>momsnm</Keyword>
                                <Keyword>mso</Keyword>
                                <Keyword>onigsr,HeutiicherRaduI</Keyword>
                                <Keyword>poIiUsghg</Keyword>
                                <Keyword>scmm</Keyword>
                                <Keyword>ssentioll</Keyword>
                                <Keyword>tion</Keyword>
                            </KeywordAnnotation>
                        </TextAnnotation>
                        <TextAnnotation confidence="0.0" relevance="0.4" xml:lang="de">
                            <KeywordAnnotation>
                                <Keyword>Anpa</Keyword>
                                <Keyword>Emassaon</Keyword>
                                <Keyword>Emissionsreduktion</Keyword>
                                <Keyword>auqy1An</Keyword>
                                <Keyword>dqr</Keyword>
                                <Keyword>globqlerp</Keyword>
                                <Keyword>kostengunstiger</Keyword>
                                <Keyword>lrravorsibilitaxon</Keyword>
                                <Keyword>mmascn</Keyword>
                                <Keyword>mogncn</Keyword>
                                <Keyword>smassaens-</Keyword>
                                <Keyword>tailweisqqduzieriinri</Keyword>
                                <Keyword>tjutgungverschiqdonqr</Keyword>
                                <Keyword>ues</Keyword>
                                <Keyword>vien</Keyword>
                                <Keyword>wenmesien</Keyword>
                            </KeywordAnnotation>
                        </TextAnnotation>
                        <TextAnnotation confidence="0.0" relevance="0.3" xml:lang="de">
                            <KeywordAnnotation>
                                <Keyword>Erwgr1gtgSd1Aden</Keyword>
                                <Keyword>Ijalbicyung</Keyword>
                                <Keyword>Ireduktion</Keyword>
                                <Keyword>scnauen</Keyword>
                                <Keyword>staigen</Keyword>
                                <Keyword>unc</Keyword>
                            </KeywordAnnotation>
                        </TextAnnotation>
                        <TextAnnotation confidence="0.0" relevance="0.0" xml:lang="de">
                            <KeywordAnnotation>
                                <Keyword>-</Keyword>
                                <Keyword>A</Keyword>
                                <Keyword>I</Keyword>
                                <Keyword>V</Keyword>
                                <Keyword>a</Keyword>
                                <Keyword>n</Keyword>
                                <Keyword>q</Keyword>
                                <Keyword>s</Keyword>
                                <Keyword>v</Keyword>
                                <Keyword>w</Keyword>
                                <Keyword>x</Keyword>
                            </KeywordAnnotation>
                        </TextAnnotation>
                    </AudioVisualSegment>
                    <AudioVisualSegment id="track-1.segment-8">
                        <mediaTime>
                            <mediaRelTimePoint>T00:06:21:0F1000</mediaRelTimePoint>
                            <mediaDuration>PT02M01S0N1000F</mediaDuration>
                        </mediaTime>
                        <TextAnnotation confidence="0.5" relevance="0.1" xml:lang="de">
                            <KeywordAnnotation>
                                <Keyword>nSa</Keyword>
                            </KeywordAnnotation>
                        </TextAnnotation>
                        <TextAnnotation confidence="0.5" relevance="0.0" xml:lang="de">
                            <KeywordAnnotation>
                                <Keyword>eL</Keyword>
                                <Keyword>ih</Keyword>
                            </KeywordAnnotation>
                        </TextAnnotation>
                        <TextAnnotation confidence="0.0" relevance="0.3" xml:lang="de">
                            <KeywordAnnotation>
                                <Keyword>l.I</Keyword>
                            </KeywordAnnotation>
                        </TextAnnotation>
                        <TextAnnotation confidence="0.0" relevance="0.0" xml:lang="de">
                            <KeywordAnnotation>
                                <Keyword>I</Keyword>
                                <Keyword>J</Keyword>
                                <Keyword>N</Keyword>
                                <Keyword>V</Keyword>
                                <Keyword>i</Keyword>
                            </KeywordAnnotation>
                        </TextAnnotation>
                    </AudioVisualSegment>
                    <AudioVisualSegment id="track-1.segment-9">
                        <mediaTime>
                            <mediaRelTimePoint>T00:08:22:0F1000</mediaRelTimePoint>
                            <mediaDuration>PT29S0N1000F</mediaDuration>
                        </mediaTime>
                        <TextAnnotation confidence="0.0" relevance="0.0" xml:lang="en">
                            <KeywordAnnotation>
                                <Keyword>YJ</Keyword>
                            </KeywordAnnotation>
                        </TextAnnotation>
                    </AudioVisualSegment>
                    <AudioVisualSegment id="track-1.segment-10">
                        <mediaTime>
                            <mediaRelTimePoint>T00:08:51:0F1000</mediaRelTimePoint>
                            <mediaDuration>PT53S0N1000F</mediaDuration>
                        </mediaTime>
                        <TextAnnotation confidence="0.5" relevance="0.4" xml:lang="de">
                            <KeywordAnnotation>
                                <Keyword>Schweizer</Keyword>
                                <Keyword>fur</Keyword>
                                <Keyword>mit</Keyword>
                            </KeywordAnnotation>
                        </TextAnnotation>
                        <TextAnnotation confidence="0.5" relevance="0.3" xml:lang="de">
                            <KeywordAnnotation>
                                <Keyword>Miner</Keyword>
                            </KeywordAnnotation>
                        </TextAnnotation>
                        <TextAnnotation confidence="0.5" relevance="0.0" xml:lang="de">
                            <KeywordAnnotation>
                                <Keyword>Ie</Keyword>
                                <Keyword>MI</Keyword>
                                <Keyword>PH</Keyword>
                                <Keyword>YY</Keyword>
                                <Keyword>bu</Keyword>
                                <Keyword>co</Keyword>
                                <Keyword>un</Keyword>
                            </KeywordAnnotation>
                        </TextAnnotation>
                        <TextAnnotation confidence="0.0" relevance="0.4" xml:lang="de">
                            <KeywordAnnotation>
                                <Keyword>Gebaude</Keyword>
                                <Keyword>Hebeln</Keyword>
                                <Keyword>Mobilitbl</Keyword>
                                <Keyword>Reduktionskostenkurve</Keyword>
                                <Keyword>Rodukttomkouon</Keyword>
                            </KeywordAnnotation>
                        </TextAnnotation>
                        <TextAnnotation confidence="0.0" relevance="0.3" xml:lang="de">
                            <KeywordAnnotation>
                                <Keyword>CHFnCO,e</Keyword>
                                <Keyword>Mmn</Keyword>
                                <Keyword>Revom</Keyword>
                                <Keyword>c0,eu</Keyword>
                                <Keyword>oxisuerender</Keyword>
                                <Keyword>potpqtial</Keyword>
                            </KeywordAnnotation>
                        </TextAnnotation>
                        <TextAnnotation confidence="0.0" relevance="0.0" xml:lang="de">
                            <KeywordAnnotation>
                                <Keyword>-</Keyword>
                                <Keyword>E</Keyword>
                                <Keyword>FW</Keyword>
                                <Keyword>N</Keyword>
                                <Keyword>V</Keyword>
                                <Keyword>W</Keyword>
                                <Keyword>k</Keyword>
                                <Keyword>m</Keyword>
                                <Keyword>s</Keyword>
                                <Keyword>t</Keyword>
                                <Keyword>u</Keyword>
                                <Keyword>x</Keyword>
                            </KeywordAnnotation>
                        </TextAnnotation>
                    </AudioVisualSegment>
                    <AudioVisualSegment id="track-1.segment-11">
                        <mediaTime>
                            <mediaRelTimePoint>T00:09:44:0F1000</mediaRelTimePoint>
                            <mediaDuration>PT47S0N1000F</mediaDuration>
                        </mediaTime>
                        <TextAnnotation confidence="0.5" relevance="0.4" xml:lang="de">
                            <KeywordAnnotation>
                                <Keyword>Personenwagen</Keyword>
                                <Keyword>Schweizer</Keyword>
                                <Keyword>als</Keyword>
                                <Keyword>fur</Keyword>
                                <Keyword>mit</Keyword>
                            </KeywordAnnotation>
                        </TextAnnotation>
                        <TextAnnotation confidence="0.5" relevance="0.3" xml:lang="de">
                            <KeywordAnnotation>
                                <Keyword>red</Keyword>
                            </KeywordAnnotation>
                        </TextAnnotation>
                        <TextAnnotation confidence="0.5" relevance="0.0" xml:lang="de">
                            <KeywordAnnotation>
                                <Keyword>Ie</Keyword>
                                <Keyword>cc</Keyword>
                                <Keyword>cn</Keyword>
                                <Keyword>co</Keyword>
                                <Keyword>rn</Keyword>
                                <Keyword>un</Keyword>
                                <Keyword>zs</Keyword>
                            </KeywordAnnotation>
                        </TextAnnotation>
                        <TextAnnotation confidence="0.0" relevance="0.4" xml:lang="de">
                            <KeywordAnnotation>
                                <Keyword>Gobaudo</Keyword>
                                <Keyword>Hebeln</Keyword>
                                <Keyword>Hybridtarirzouge</Keyword>
                                <Keyword>Mobnlitbt</Keyword>
                                <Keyword>Reduktionskostenkurve</Keyword>
                                <Keyword>Roduktlonskonon</Keyword>
                            </KeywordAnnotation>
                        </TextAnnotation>
                        <TextAnnotation confidence="0.0" relevance="0.3" xml:lang="de">
                            <KeywordAnnotation>
                                <Keyword>CHFncO,e</Keyword>
                                <Keyword>Energlen</Keyword>
                                <Keyword>Gogaudehdzmg</Keyword>
                                <Keyword>Mlner</Keyword>
                                <Keyword>Mnc0,e1J</Keyword>
                                <Keyword>QgyvIq1t</Keyword>
                                <Keyword>Qorsononwagon</Keyword>
                                <Keyword>Revofnexistgronder</Keyword>
                                <Keyword>Veklelnerung</Keyword>
                                <Keyword>Vhm</Keyword>
                                <Keyword>Yyohnqe</Keyword>
                                <Keyword>barer</Keyword>
                                <Keyword>durchEnerglespulampon</Keyword>
                                <Keyword>gqqqgag</Keyword>
                                <Keyword>irsazzyonqluhblmon</Keyword>
                                <Keyword>potgrytial</Keyword>
                                <Keyword>pu1Baj4semeuCr</Keyword>
                            </KeywordAnnotation>
                        </TextAnnotation>
                        <TextAnnotation confidence="0.0" relevance="0.0" xml:lang="de">
                            <KeywordAnnotation>
                                <Keyword>-</Keyword>
                                <Keyword>B</Keyword>
                                <Keyword>E</Keyword>
                                <Keyword>I</Keyword>
                                <Keyword>h</Keyword>
                                <Keyword>k</Keyword>
                                <Keyword>s</Keyword>
                                <Keyword>w</Keyword>
                            </KeywordAnnotation>
                        </TextAnnotation>
                    </AudioVisualSegment>
                    <AudioVisualSegment id="track-1.segment-12">
                        <mediaTime>
                            <mediaRelTimePoint>T00:10:31:0F1000</mediaRelTimePoint>
                            <mediaDuration>PT31S0N1000F</mediaDuration>
                        </mediaTime>
                        <TextAnnotation confidence="0.0" relevance="0.0" xml:lang="en">
                            <KeywordAnnotation>
                                <Keyword>E</Keyword>
                            </KeywordAnnotation>
                        </TextAnnotation>
                    </AudioVisualSegment>
                    <AudioVisualSegment id="track-1.segment-13">
                        <mediaTime>
                            <mediaRelTimePoint>T00:11:02:0F1000</mediaRelTimePoint>
                            <mediaDuration>PT35S0N1000F</mediaDuration>
                        </mediaTime>
                        <TextAnnotation confidence="0.0" relevance="0.0" xml:lang="en">
                            <KeywordAnnotation>
                                <Keyword>V</Keyword>
                                <Keyword>W</Keyword>
                            </KeywordAnnotation>
                        </TextAnnotation>
                    </AudioVisualSegment>
                    <AudioVisualSegment id="track-1.segment-14">
                        <mediaTime>
                            <mediaRelTimePoint>T00:11:37:0F1000</mediaRelTimePoint>
                            <mediaDuration>PT25S0N1000F</mediaDuration>
                        </mediaTime>
                        <TextAnnotation confidence="0.0" relevance="0.0" xml:lang="en">
                            <KeywordAnnotation>
                                <Keyword>L</Keyword>
                            </KeywordAnnotation>
                        </TextAnnotation>
                    </AudioVisualSegment>
                    <AudioVisualSegment id="track-1.segment-15">
                        <mediaTime>
                            <mediaRelTimePoint>T00:12:02:0F1000</mediaRelTimePoint>
                            <mediaDuration>PT45S0N1000F</mediaDuration>
                        </mediaTime>
                        <TextAnnotation confidence="0.0" relevance="0.0" xml:lang="en">
                            <KeywordAnnotation>
                                <Keyword>i</Keyword>
                            </KeywordAnnotation>
                        </TextAnnotation>
                    </AudioVisualSegment>
                    <AudioVisualSegment id="track-1.segment-16">
                        <mediaTime>
                            <mediaRelTimePoint>T00:12:47:0F1000</mediaRelTimePoint>
                            <mediaDuration>PT31S0N1000F</mediaDuration>
                        </mediaTime>
                        <TextAnnotation confidence="0.5" relevance="0.4" xml:lang="de">
                            <KeywordAnnotation>
                                <Keyword>Personenwagen</Keyword>
                                <Keyword>Schweizer</Keyword>
                                <Keyword>als</Keyword>
                                <Keyword>fur</Keyword>
                                <Keyword>mit</Keyword>
                            </KeywordAnnotation>
                        </TextAnnotation>
                        <TextAnnotation confidence="0.5" relevance="0.0" xml:lang="de">
                            <KeywordAnnotation>
                                <Keyword>an</Keyword>
                                <Keyword>au</Keyword>
                                <Keyword>co</Keyword>
                                <Keyword>gy</Keyword>
                                <Keyword>le</Keyword>
                                <Keyword>me</Keyword>
                                <Keyword>mi</Keyword>
                                <Keyword>on</Keyword>
                            </KeywordAnnotation>
                        </TextAnnotation>
                        <TextAnnotation confidence="0.0" relevance="0.4" xml:lang="de">
                            <KeywordAnnotation>
                                <Keyword>Gcbaudc</Keyword>
                                <Keyword>Hebeln</Keyword>
                                <Keyword>Hybndtarirzougo</Keyword>
                                <Keyword>Mobnlitbt</Keyword>
                                <Keyword>Reduktionskostenkurve</Keyword>
                                <Keyword>Roduktlomkostan</Keyword>
                            </KeywordAnnotation>
                        </TextAnnotation>
                        <TextAnnotation confidence="0.0" relevance="0.3" xml:lang="de">
                            <KeywordAnnotation>
                                <Keyword>Bgqofnqxjsuprcndpr</Keyword>
                                <Keyword>CHFItCO,e</Keyword>
                                <Keyword>Energlen</Keyword>
                                <Keyword>Goyjuqohdzmg</Keyword>
                                <Keyword>Mlner</Keyword>
                                <Keyword>Mzc0,e1J</Keyword>
                                <Keyword>Qerspqqnwqgpgc</Keyword>
                                <Keyword>Qrsapjonqlonblrpen</Keyword>
                                <Keyword>Vuklelnerung</Keyword>
                                <Keyword>barer</Keyword>
                                <Keyword>durchEnerglasparIampen</Keyword>
                                <Keyword>lq1t</Keyword>
                                <Keyword>potpqtial</Keyword>
                                <Keyword>pufBajIscmeu</Keyword>
                                <Keyword>redG</Keyword>
                                <Keyword>yohnqebgqqqgaq</Keyword>
                            </KeywordAnnotation>
                        </TextAnnotation>
                        <TextAnnotation confidence="0.0" relevance="0.0" xml:lang="de">
                            <KeywordAnnotation>
                                <Keyword>-</Keyword>
                                <Keyword>E</Keyword>
                                <Keyword>M</Keyword>
                                <Keyword>Q</Keyword>
                                <Keyword>k</Keyword>
                                <Keyword>m</Keyword>
                                <Keyword>r-</Keyword>
                                <Keyword>s</Keyword>
                            </KeywordAnnotation>
                        </TextAnnotation>
                    </AudioVisualSegment>
                    <AudioVisualSegment id="track-1.segment-17">
                        <mediaTime>
                            <mediaRelTimePoint>T00:13:18:0F1000</mediaRelTimePoint>
                            <mediaDuration>PT01M17S0N1000F</mediaDuration>
                        </mediaTime>
                        <TextAnnotation confidence="0.5" relevance="0.4" xml:lang="de">
                            <KeywordAnnotation>
                                <Keyword>Hebel</Keyword>
                                <Keyword>Technologien</Keyword>
                                <Keyword>verbessern</Keyword>
                                <Keyword>zur</Keyword>
                            </KeywordAnnotation>
                        </TextAnnotation>
                        <TextAnnotation confidence="0.0" relevance="0.4" xml:lang="de">
                            <KeywordAnnotation>
                                <Keyword>Emissionsreduktion</Keyword>
                            </KeywordAnnotation>
                        </TextAnnotation>
                        <TextAnnotation confidence="0.0" relevance="0.3" xml:lang="de">
                            <KeywordAnnotation>
                                <Keyword>Elektrizitit</Keyword>
                            </KeywordAnnotation>
                        </TextAnnotation>
                        <TextAnnotation confidence="0.0" relevance="0.0" xml:lang="de">
                            <KeywordAnnotation>
                                <Keyword>X</Keyword>
                                <Keyword>i</Keyword>
                            </KeywordAnnotation>
                        </TextAnnotation>
                    </AudioVisualSegment>
                    <AudioVisualSegment id="track-1.segment-18">
                        <mediaTime>
                            <mediaRelTimePoint>T00:14:35:0F1000</mediaRelTimePoint>
                            <mediaDuration>PT43S0N1000F</mediaDuration>
                        </mediaTime>
                        <TextAnnotation confidence="0.0" relevance="0.0" xml:lang="en">
                            <KeywordAnnotation>
                                <Keyword>W</Keyword>
                            </KeywordAnnotation>
                        </TextAnnotation>
                    </AudioVisualSegment>
                    <AudioVisualSegment id="track-1.segment-19">
                        <mediaTime>
                            <mediaRelTimePoint>T00:15:18:0F1000</mediaRelTimePoint>
                            <mediaDuration>PT48S0N1000F</mediaDuration>
                        </mediaTime>
                        <TextAnnotation confidence="0.5" relevance="0.4" xml:lang="de">
                            <KeywordAnnotation>
                                <Keyword>Barrieren</Keyword>
                                <Keyword>Hebel</Keyword>
                                <Keyword>aus</Keyword>
                                <Keyword>gegen</Keyword>
                            </KeywordAnnotation>
                        </TextAnnotation>
                        <TextAnnotation confidence="0.5" relevance="0.3" xml:lang="de">
                            <KeywordAnnotation>
                                <Keyword>Kosten</Keyword>
                                <Keyword>meme</Keyword>
                            </KeywordAnnotation>
                        </TextAnnotation>
                        <TextAnnotation confidence="0.5" relevance="0.0" xml:lang="de">
                            <KeywordAnnotation>
                                <Keyword>nd</Keyword>
                                <Keyword>ng</Keyword>
                                <Keyword>tl</Keyword>
                            </KeywordAnnotation>
                        </TextAnnotation>
                        <TextAnnotation confidence="0.0" relevance="0.4" xml:lang="de">
                            <KeywordAnnotation>
                                <Keyword>Amwahl</Keyword>
                                <Keyword>Flmnensbcht</Keyword>
                                <Keyword>Klimaschuuaktivithten</Keyword>
                                <Keyword>ausr</Keyword>
                                <Keyword>umen</Keyword>
                            </KeywordAnnotation>
                        </TextAnnotation>
                        <TextAnnotation confidence="0.0" relevance="0.3" xml:lang="de">
                            <KeywordAnnotation>
                                <Keyword>Amom</Keyword>
                                <Keyword>Annu</Keyword>
                                <Keyword>Barrkren</Keyword>
                                <Keyword>Fnneaiww</Keyword>
                                <Keyword>Mangohda</Keyword>
                                <Keyword>Okonomisch</Keyword>
                                <Keyword>Pnomrecmg</Keyword>
                                <Keyword>Ventedate</Keyword>
                                <Keyword>mtormation</Keyword>
                            </KeywordAnnotation>
                        </TextAnnotation>
                        <TextAnnotation confidence="0.0" relevance="0.0" xml:lang="de">
                            <KeywordAnnotation>
                                <Keyword>-H</Keyword>
                                <Keyword>F</Keyword>
                                <Keyword>L</Keyword>
                                <Keyword>N</Keyword>
                                <Keyword>n</Keyword>
                            </KeywordAnnotation>
                        </TextAnnotation>
                    </AudioVisualSegment>
                    <AudioVisualSegment id="track-1.segment-20">
                        <mediaTime>
                            <mediaRelTimePoint>T00:16:06:0F1000</mediaRelTimePoint>
                            <mediaDuration>PT33S0N1000F</mediaDuration>
                        </mediaTime>
                        <TextAnnotation confidence="0.5" relevance="0.0" xml:lang="de">
                            <KeywordAnnotation>
                                <Keyword>Ex</Keyword>
                            </KeywordAnnotation>
                        </TextAnnotation>
                        <TextAnnotation confidence="0.0" relevance="0.0" xml:lang="de">
                            <KeywordAnnotation>
                                <Keyword>E</Keyword>
                                <Keyword>h</Keyword>
                            </KeywordAnnotation>
                        </TextAnnotation>
                    </AudioVisualSegment>
                    <AudioVisualSegment id="track-1.segment-21">
                        <mediaTime>
                            <mediaRelTimePoint>T00:16:39:0F1000</mediaRelTimePoint>
                            <mediaDuration>PT13S0N1000F</mediaDuration>
                        </mediaTime>
                        <TextAnnotation confidence="0.5" relevance="0.4" xml:lang="de">
                            <KeywordAnnotation>
                                <Keyword>Barrieren</Keyword>
                                <Keyword>Hebel</Keyword>
                                <Keyword>gegen</Keyword>
                                <Keyword>ten</Keyword>
                            </KeywordAnnotation>
                        </TextAnnotation>
                        <TextAnnotation confidence="0.5" relevance="0.0" xml:lang="de">
                            <KeywordAnnotation>
                                <Keyword>nd</Keyword>
                            </KeywordAnnotation>
                        </TextAnnotation>
                        <TextAnnotation confidence="0.0" relevance="0.4" xml:lang="de">
                            <KeywordAnnotation>
                                <Keyword>Amwahl</Keyword>
                                <Keyword>Banknn</Keyword>
                                <Keyword>Flmnnsbcht</Keyword>
                                <Keyword>Klimaschuuaktivit</Keyword>
                                <Keyword>auo</Keyword>
                                <Keyword>ausr</Keyword>
                                <Keyword>umen</Keyword>
                            </KeywordAnnotation>
                        </TextAnnotation>
                        <TextAnnotation confidence="0.0" relevance="0.3" xml:lang="de">
                            <KeywordAnnotation>
                                <Keyword>Aman</Keyword>
                                <Keyword>Frnnuimur</Keyword>
                                <Keyword>Koster</Keyword>
                                <Keyword>Langohnonisauon</Keyword>
                                <Keyword>Mangohdo</Keyword>
                                <Keyword>Okonomlsch</Keyword>
                                <Keyword>Priorbbrmg</Keyword>
                                <Keyword>Ventcdute</Keyword>
                                <Keyword>mgn</Keyword>
                                <Keyword>rnlormaticn</Keyword>
                            </KeywordAnnotation>
                        </TextAnnotation>
                        <TextAnnotation confidence="0.0" relevance="0.0" xml:lang="de">
                            <KeywordAnnotation>
                                <Keyword>-H</Keyword>
                                <Keyword>F</Keyword>
                                <Keyword>N</Keyword>
                                <Keyword>g</Keyword>
                            </KeywordAnnotation>
                        </TextAnnotation>
                    </AudioVisualSegment>
                    <AudioVisualSegment id="track-1.segment-22">
                        <mediaTime>
                            <mediaRelTimePoint>T00:16:52:0F1000</mediaRelTimePoint>
                            <mediaDuration>PT01M29S0N1000F</mediaDuration>
                        </mediaTime>
                        <TextAnnotation confidence="0.5" relevance="0.4" xml:lang="de">
                            <KeywordAnnotation>
                                <Keyword>Auswahl</Keyword>
                                <Keyword>Barrieren</Keyword>
                                <Keyword>Gering</Keyword>
                                <Keyword>Hebei</Keyword>
                                <Keyword>Hoch</Keyword>
                                <Keyword>gegen</Keyword>
                            </KeywordAnnotation>
                        </TextAnnotation>
                        <TextAnnotation confidence="0.5" relevance="0.0" xml:lang="de">
                            <KeywordAnnotation>
                                <Keyword>Pr</Keyword>
                                <Keyword>nx</Keyword>
                                <Keyword>nz</Keyword>
                                <Keyword>op</Keyword>
                                <Keyword>un</Keyword>
                            </KeywordAnnotation>
                        </TextAnnotation>
                        <TextAnnotation confidence="0.0" relevance="0.4" xml:lang="de">
                            <KeywordAnnotation>
                                <Keyword>Drprlnllcml</Keyword>
                                <Keyword>Eamonn</Keyword>
                                <Keyword>Fehlendernrormaucn</Keyword>
                                <Keyword>Flmanslcht</Keyword>
                                <Keyword>Klimaschuuaktivitaten</Keyword>
                                <Keyword>Kms</Keyword>
                                <Keyword>Okonomuch</Keyword>
                                <Keyword>ausruumen</Keyword>
                                <Keyword>mtu</Keyword>
                                <Keyword>vs-</Keyword>
                            </KeywordAnnotation>
                        </TextAnnotation>
                        <TextAnnotation confidence="0.0" relevance="0.0" xml:lang="de">
                            <KeywordAnnotation>
                                <Keyword>-</Keyword>
                                <Keyword>A</Keyword>
                                <Keyword>H-</Keyword>
                                <Keyword>I</Keyword>
                                <Keyword>L</Keyword>
                                <Keyword>M</Keyword>
                                <Keyword>R</Keyword>
                                <Keyword>V</Keyword>
                                <Keyword>v</Keyword>
                            </KeywordAnnotation>
                        </TextAnnotation>
                    </AudioVisualSegment>
                    <AudioVisualSegment id="track-1.segment-23">
                        <mediaTime>
                            <mediaRelTimePoint>T00:18:21:0F1000</mediaRelTimePoint>
                            <mediaDuration>PT01M11S0N1000F</mediaDuration>
                        </mediaTime>
                        <TextAnnotation confidence="0.5" relevance="0.4" xml:lang="de">
                            <KeywordAnnotation>
                                <Keyword>Preisen</Keyword>
                                <Keyword>mit</Keyword>
                                <Keyword>versehen</Keyword>
                            </KeywordAnnotation>
                        </TextAnnotation>
                        <TextAnnotation confidence="0.5" relevance="0.3" xml:lang="de">
                            <KeywordAnnotation>
                                <Keyword>and</Keyword>
                                <Keyword>www</Keyword>
                            </KeywordAnnotation>
                        </TextAnnotation>
                        <TextAnnotation confidence="0.5" relevance="0.0" xml:lang="de">
                            <KeywordAnnotation>
                                <Keyword>am</Keyword>
                                <Keyword>an</Keyword>
                                <Keyword>bl</Keyword>
                                <Keyword>co</Keyword>
                                <Keyword>fI</Keyword>
                                <Keyword>gi</Keyword>
                                <Keyword>hr</Keyword>
                                <Keyword>pu</Keyword>
                            </KeywordAnnotation>
                        </TextAnnotation>
                        <TextAnnotation confidence="0.0" relevance="0.4" xml:lang="de">
                            <KeywordAnnotation>
                                <Keyword>Ausstoss</Keyword>
                                <Keyword>EEO</Keyword>
                                <Keyword>ProIsln</Keyword>
                                <Keyword>QII9Q,L</Keyword>
                                <Keyword>ljebgl</Keyword>
                            </KeywordAnnotation>
                        </TextAnnotation>
                        <TextAnnotation confidence="0.0" relevance="0.3" xml:lang="de">
                            <KeywordAnnotation>
                                <Keyword>Abgabmsystemo</Keyword>
                                <Keyword>BnI</Keyword>
                                <Keyword>COMDQIN</Keyword>
                                <Keyword>Frmen</Keyword>
                                <Keyword>MQOGINUQ</Keyword>
                                <Keyword>Marktsysumo</Keyword>
                                <Keyword>Reduktionsproiakte</Keyword>
                                <Keyword>TDJWQFII</Keyword>
                                <Keyword>co,.q</Keyword>
                                <Keyword>csscu</Keyword>
                                <Keyword>gnrawvgl</Keyword>
                                <Keyword>mEpMq</Keyword>
                                <Keyword>tnss</Keyword>
                            </KeywordAnnotation>
                        </TextAnnotation>
                        <TextAnnotation confidence="0.0" relevance="0.0" xml:lang="de">
                            <KeywordAnnotation>
                                <Keyword>Q</Keyword>
                                <Keyword>n</Keyword>
                                <Keyword>u</Keyword>
                            </KeywordAnnotation>
                        </TextAnnotation>
                    </AudioVisualSegment>
                    <AudioVisualSegment id="track-1.segment-24">
                        <mediaTime>
                            <mediaRelTimePoint>T00:19:32:0F1000</mediaRelTimePoint>
                            <mediaDuration>PT29S0N1000F</mediaDuration>
                        </mediaTime>
                        <TextAnnotation confidence="0.5" relevance="0.4" xml:lang="de">
                            <KeywordAnnotation>
                                <Keyword>Preisen</Keyword>
                                <Keyword>Pro</Keyword>
                                <Keyword>mit</Keyword>
                                <Keyword>scan</Keyword>
                                <Keyword>stn</Keyword>
                                <Keyword>versehen</Keyword>
                                <Keyword>www</Keyword>
                            </KeywordAnnotation>
                        </TextAnnotation>
                        <TextAnnotation confidence="0.5" relevance="0.0" xml:lang="de">
                            <KeywordAnnotation>
                                <Keyword>EU</Keyword>
                                <Keyword>IW</Keyword>
                                <Keyword>ai</Keyword>
                                <Keyword>an</Keyword>
                                <Keyword>co</Keyword>
                                <Keyword>qa</Keyword>
                                <Keyword>sn</Keyword>
                                <Keyword>wm</Keyword>
                            </KeywordAnnotation>
                        </TextAnnotation>
                        <TextAnnotation confidence="0.0" relevance="0.4" xml:lang="de">
                            <KeywordAnnotation>
                                <Keyword>Ausstoss</Keyword>
                                <Keyword>BOF</Keyword>
                                <Keyword>CWRDOH</Keyword>
                                <Keyword>Enbhiuhi</Keyword>
                                <Keyword>Frmen</Keyword>
                                <Keyword>ICO</Keyword>
                                <Keyword>c0,.g</Keyword>
                                <Keyword>co,A</Keyword>
                                <Keyword>liin</Keyword>
                                <Keyword>nsys</Keyword>
                                <Keyword>o1oa</Keyword>
                                <Keyword>tjebel</Keyword>
                            </KeywordAnnotation>
                        </TextAnnotation>
                        <TextAnnotation confidence="0.0" relevance="0.3" xml:lang="de">
                            <KeywordAnnotation>
                                <Keyword>Abg</Keyword>
                                <Keyword>Marktsystome</Keyword>
                                <Keyword>Roduktionnprokkte</Keyword>
                                <Keyword>nEmv</Keyword>
                                <Keyword>nrm..u</Keyword>
                            </KeywordAnnotation>
                        </TextAnnotation>
                        <TextAnnotation confidence="0.0" relevance="0.0" xml:lang="de">
                            <KeywordAnnotation>
                                <Keyword>A</Keyword>
                                <Keyword>F</Keyword>
                                <Keyword>H</Keyword>
                                <Keyword>L</Keyword>
                                <Keyword>M</Keyword>
                                <Keyword>P</Keyword>
                                <Keyword>a</Keyword>
                                <Keyword>b</Keyword>
                                <Keyword>c</Keyword>
                                <Keyword>g</Keyword>
                                <Keyword>i</Keyword>
                                <Keyword>m</Keyword>
                                <Keyword>md</Keyword>
                                <Keyword>n</Keyword>
                                <Keyword>s</Keyword>
                            </KeywordAnnotation>
                        </TextAnnotation>
                    </AudioVisualSegment>
                    <AudioVisualSegment id="track-1.segment-25">
                        <mediaTime>
                            <mediaRelTimePoint>T00:20:01:0F1000</mediaRelTimePoint>
                            <mediaDuration>PT19S0N1000F</mediaDuration>
                        </mediaTime>
                        <TextAnnotation confidence="0.0" relevance="0.0" xml:lang="en">
                            <KeywordAnnotation>
                                <Keyword>I</Keyword>
                            </KeywordAnnotation>
                        </TextAnnotation>
                    </AudioVisualSegment>
                    <AudioVisualSegment id="track-1.segment-26">
                        <mediaTime>
                            <mediaRelTimePoint>T00:20:20:0F1000</mediaRelTimePoint>
                            <mediaDuration>PT01M46S0N1000F</mediaDuration>
                        </mediaTime>
                        <TextAnnotation confidence="0.5" relevance="0.4" xml:lang="de">
                            <KeywordAnnotation>
                                <Keyword>Beispiel</Keyword>
                                <Keyword>CHF</Keyword>
                                <Keyword>Erdgas</Keyword>
                                <Keyword>Hebel</Keyword>
                                <Keyword>KMU</Keyword>
                                <Keyword>Mio</Keyword>
                                <Keyword>Produzierendes</Keyword>
                                <Keyword>Schweiz</Keyword>
                                <Keyword>der</Keyword>
                                <Keyword>fur</Keyword>
                                <Keyword>investition</Keyword>
                            </KeywordAnnotation>
                        </TextAnnotation>
                        <TextAnnotation confidence="0.5" relevance="0.3" xml:lang="de">
                            <KeywordAnnotation>
                                <Keyword>RIS</Keyword>
                            </KeywordAnnotation>
                        </TextAnnotation>
                        <TextAnnotation confidence="0.5" relevance="0.0" xml:lang="de">
                            <KeywordAnnotation>
                                <Keyword>EI</Keyword>
                                <Keyword>Mi</Keyword>
                                <Keyword>gw</Keyword>
                                <Keyword>in</Keyword>
                                <Keyword>on</Keyword>
                                <Keyword>vp</Keyword>
                            </KeywordAnnotation>
                        </TextAnnotation>
                        <TextAnnotation confidence="0.0" relevance="0.4" xml:lang="de">
                            <KeywordAnnotation>
                                <Keyword>CO,-Abgabo</Keyword>
                                <Keyword>Invesmionz</Keyword>
                                <Keyword>Ohno</Keyword>
                                <Keyword>Wannwasserkollsktoron</Keyword>
                                <Keyword>lnves</Keyword>
                                <Keyword>slut</Keyword>
                            </KeywordAnnotation>
                        </TextAnnotation>
                        <TextAnnotation confidence="0.0" relevance="0.3" xml:lang="de">
                            <KeywordAnnotation>
                                <Keyword>C0,-Reduktion</Keyword>
                                <Keyword>C0,IJahr</Keyword>
                            </KeywordAnnotation>
                        </TextAnnotation>
                        <TextAnnotation confidence="0.0" relevance="0.0" xml:lang="de">
                            <KeywordAnnotation>
                                <Keyword>-W</Keyword>
                                <Keyword>E</Keyword>
                                <Keyword>M</Keyword>
                                <Keyword>O</Keyword>
                                <Keyword>R-</Keyword>
                                <Keyword>t</Keyword>
                                <Keyword>w</Keyword>
                            </KeywordAnnotation>
                        </TextAnnotation>
                    </AudioVisualSegment>
                    <AudioVisualSegment id="track-1.segment-27">
                        <mediaTime>
                            <mediaRelTimePoint>T00:22:06:0F1000</mediaRelTimePoint>
                            <mediaDuration>PT49S0N1000F</mediaDuration>
                        </mediaTime>
                        <TextAnnotation confidence="0.0" relevance="0.2" xml:lang="en">
                            <KeywordAnnotation>
                                <Keyword>FAE</Keyword>
                            </KeywordAnnotation>
                        </TextAnnotation>
                        <TextAnnotation confidence="0.0" relevance="0.0" xml:lang="en">
                            <KeywordAnnotation>
                                <Keyword>E</Keyword>
                                <Keyword>L-</Keyword>
                                <Keyword>Q</Keyword>
                            </KeywordAnnotation>
                        </TextAnnotation>
                    </AudioVisualSegment>
                    <AudioVisualSegment id="track-1.segment-28">
                        <mediaTime>
                            <mediaRelTimePoint>T00:22:55:0F1000</mediaRelTimePoint>
                            <mediaDuration>PT57S0N1000F</mediaDuration>
                        </mediaTime>
                        <TextAnnotation confidence="0.5" relevance="0.0" xml:lang="de">
                            <KeywordAnnotation>
                                <Keyword>ii</Keyword>
                            </KeywordAnnotation>
                        </TextAnnotation>
                        <TextAnnotation confidence="0.0" relevance="0.0" xml:lang="de">
                            <KeywordAnnotation>
                                <Keyword>E</Keyword>
                            </KeywordAnnotation>
                        </TextAnnotation>
                    </AudioVisualSegment>
                    <AudioVisualSegment id="track-1.segment-29">
                        <mediaTime>
                            <mediaRelTimePoint>T00:23:52:0F1000</mediaRelTimePoint>
                            <mediaDuration>PT42S0N1000F</mediaDuration>
                        </mediaTime>
                        <TextAnnotation confidence="0.5" relevance="0.4" xml:lang="de">
                            <KeywordAnnotation>
                                <Keyword>Beispiel</Keyword>
                                <Keyword>Hebel</Keyword>
                                <Keyword>fur</Keyword>
                            </KeywordAnnotation>
                        </TextAnnotation>
                        <TextAnnotation confidence="0.5" relevance="0.3" xml:lang="de">
                            <KeywordAnnotation>
                                <Keyword>dar</Keyword>
                            </KeywordAnnotation>
                        </TextAnnotation>
                        <TextAnnotation confidence="0.5" relevance="0.0" xml:lang="de">
                            <KeywordAnnotation>
                                <Keyword>ev</Keyword>
                                <Keyword>og</Keyword>
                            </KeywordAnnotation>
                        </TextAnnotation>
                        <TextAnnotation confidence="0.0" relevance="0.4" xml:lang="de">
                            <KeywordAnnotation>
                                <Keyword>Bankensektor</Keyword>
                            </KeywordAnnotation>
                        </TextAnnotation>
                        <TextAnnotation confidence="0.0" relevance="0.3" xml:lang="de">
                            <KeywordAnnotation>
                                <Keyword>Bamoron</Keyword>
                                <Keyword>Begcyleqntgge</Keyword>
                                <Keyword>Bsdoutung</Keyword>
                                <Keyword>Emoblche</Keyword>
                                <Keyword>Habol</Keyword>
                                <Keyword>Teqhnq</Keyword>
                                <Keyword>endne</Keyword>
                                <Keyword>fret</Keyword>
                                <Keyword>isttgg-</Keyword>
                                <Keyword>munvugane-Gnamnigekmenen</Keyword>
                                <Keyword>oiEgMcl0ung</Keyword>
                                <Keyword>organtsauonalo</Keyword>
                                <Keyword>vergnden</Keyword>
                                <Keyword>wahrscheinltch</Keyword>
                            </KeywordAnnotation>
                        </TextAnnotation>
                        <TextAnnotation confidence="0.0" relevance="0.0" xml:lang="de">
                            <KeywordAnnotation>
                                <Keyword>QQ</Keyword>
                                <Keyword>R</Keyword>
                                <Keyword>r</Keyword>
                                <Keyword>s</Keyword>
                            </KeywordAnnotation>
                        </TextAnnotation>
                    </AudioVisualSegment>
                    <AudioVisualSegment id="track-1.segment-30">
                        <mediaTime>
                            <mediaRelTimePoint>T00:24:34:0F1000</mediaRelTimePoint>
                            <mediaDuration>PT46S0N1000F</mediaDuration>
                        </mediaTime>
                        <TextAnnotation confidence="0.5" relevance="0.5" xml:lang="de">
                            <KeywordAnnotation>
                                <Keyword>Kama</Keyword>
                            </KeywordAnnotation>
                        </TextAnnotation>
                        <TextAnnotation confidence="0.5" relevance="0.4" xml:lang="de">
                            <KeywordAnnotation>
                                <Keyword>Beispiel</Keyword>
                                <Keyword>Hebel</Keyword>
                                <Keyword>Integrator</Keyword>
                                <Keyword>Preis</Keyword>
                                <Keyword>Produkte</Keyword>
                                <Keyword>des</Keyword>
                                <Keyword>fur</Keyword>
                                <Keyword>und</Keyword>
                            </KeywordAnnotation>
                        </TextAnnotation>
                        <TextAnnotation confidence="0.5" relevance="0.3" xml:lang="de">
                            <KeywordAnnotation>
                                <Keyword>dar</Keyword>
                                <Keyword>von</Keyword>
                            </KeywordAnnotation>
                        </TextAnnotation>
                        <TextAnnotation confidence="0.5" relevance="0.0" xml:lang="de">
                            <KeywordAnnotation>
                                <Keyword>Ak</Keyword>
                                <Keyword>CO</Keyword>
                                <Keyword>Et</Keyword>
                                <Keyword>IS</Keyword>
                                <Keyword>SI</Keyword>
                                <Keyword>mm</Keyword>
                            </KeywordAnnotation>
                        </TextAnnotation>
                        <TextAnnotation confidence="0.0" relevance="0.5" xml:lang="de">
                            <KeywordAnnotation>
                                <Keyword>Anl</Keyword>
                                <Keyword>Pr02BS</Keyword>
                                <Keyword>dulch</Keyword>
                                <Keyword>gsllhe</Keyword>
                                <Keyword>lMI</Keyword>
                                <Keyword>lgekmenen</Keyword>
                                <Keyword>rbI</Keyword>
                            </KeywordAnnotation>
                        </TextAnnotation>
                        <TextAnnotation confidence="0.0" relevance="0.4" xml:lang="de">
                            <KeywordAnnotation>
                                <Keyword>BOSCHIGUHIQO</Keyword>
                                <Keyword>Bamoron</Keyword>
                                <Keyword>Bankensektor</Keyword>
                                <Keyword>Emoblchoorgantsauonalo</Keyword>
                                <Keyword>Gnd</Keyword>
                                <Keyword>Hobo</Keyword>
                                <Keyword>Krednvergabe</Keyword>
                                <Keyword>NICkI</Keyword>
                                <Keyword>Portfolios</Keyword>
                                <Keyword>Ralhcn</Keyword>
                                <Keyword>Rislko-Rendne-</Keyword>
                                <Keyword>Y0Oh</Keyword>
                                <Keyword>Yollsmrjdige</Keyword>
                                <Keyword>oigonen</Keyword>
                                <Keyword>tam</Keyword>
                                <Keyword>veranden</Keyword>
                                <Keyword>vit</Keyword>
                                <Keyword>wahrschemnch</Keyword>
                                <Keyword>weltwcit</Keyword>
                                <Keyword>wl-</Keyword>
                            </KeywordAnnotation>
                        </TextAnnotation>
                        <TextAnnotation confidence="0.0" relevance="0.3" xml:lang="de">
                            <KeywordAnnotation>
                                <Keyword>Bankon</Keyword>
                                <Keyword>Bodoutung</Keyword>
                                <Keyword>Klimaaktivitatsn</Keyword>
                            </KeywordAnnotation>
                        </TextAnnotation>
                        <TextAnnotation confidence="0.0" relevance="0.0" xml:lang="de">
                            <KeywordAnnotation>
                                <Keyword>-V</Keyword>
                                <Keyword>I</Keyword>
                                <Keyword>O</Keyword>
                                <Keyword>Qq</Keyword>
                                <Keyword>g</Keyword>
                                <Keyword>l</Keyword>
                                <Keyword>n</Keyword>
                            </KeywordAnnotation>
                        </TextAnnotation>
                    </AudioVisualSegment>
                    <AudioVisualSegment id="track-1.segment-31">
                        <mediaTime>
                            <mediaRelTimePoint>T00:25:20:0F1000</mediaRelTimePoint>
                            <mediaDuration>PT17S0N1000F</mediaDuration>
                        </mediaTime>
                        <TextAnnotation confidence="0.0" relevance="0.0" xml:lang="en">
                            <KeywordAnnotation>
                                <Keyword>L</Keyword>
                                <Keyword>W</Keyword>
                            </KeywordAnnotation>
                        </TextAnnotation>
                    </AudioVisualSegment>
                    <AudioVisualSegment id="track-1.segment-32">
                        <mediaTime>
                            <mediaRelTimePoint>T00:25:37:0F1000</mediaRelTimePoint>
                            <mediaDuration>PT46S0N1000F</mediaDuration>
                        </mediaTime>
                        <TextAnnotation confidence="0.5" relevance="0.4" xml:lang="de">
                            <KeywordAnnotation>
                                <Keyword>Akteure</Keyword>
                                <Keyword>Diffusion</Keyword>
                                <Keyword>Implikationen</Keyword>
                                <Keyword>Wanda</Keyword>
                                <Keyword>Zielen</Keyword>
                                <Keyword>fur</Keyword>
                                <Keyword>und</Keyword>
                                <Keyword>von</Keyword>
                                <Keyword>zur</Keyword>
                            </KeywordAnnotation>
                        </TextAnnotation>
                        <TextAnnotation confidence="0.5" relevance="0.3" xml:lang="de">
                            <KeywordAnnotation>
                                <Keyword>ABER</Keyword>
                                <Keyword>DESHALB</Keyword>
                                <Keyword>Zio</Keyword>
                                <Keyword>fur</Keyword>
                                <Keyword>noch</Keyword>
                            </KeywordAnnotation>
                        </TextAnnotation>
                        <TextAnnotation confidence="0.5" relevance="0.0" xml:lang="de">
                            <KeywordAnnotation>
                                <Keyword>mi</Keyword>
                                <Keyword>nw</Keyword>
                            </KeywordAnnotation>
                        </TextAnnotation>
                        <TextAnnotation confidence="0.0" relevance="0.4" xml:lang="de">
                            <KeywordAnnotation>
                                <Keyword>Berrieren</Keyword>
                                <Keyword>CO,Beprcison</Keyword>
                                <Keyword>Emlsssonsrodumon</Keyword>
                                <Keyword>Klimaschuu</Keyword>
                                <Keyword>Kllmawatagnod</Keyword>
                                <Keyword>Qnvcstitionszyklon</Keyword>
                                <Keyword>Tochnologion</Keyword>
                                <Keyword>ausznimen</Keyword>
                                <Keyword>klarren</Keyword>
                                <Keyword>langfrbtigen</Keyword>
                                <Keyword>nbtig</Keyword>
                                <Keyword>orbanisauorlsdsor</Keyword>
                                <Keyword>proddivu</Keyword>
                                <Keyword>unabdingbar</Keyword>
                                <Keyword>wlcnug</Keyword>
                            </KeywordAnnotation>
                        </TextAnnotation>
                        <TextAnnotation confidence="0.0" relevance="0.3" xml:lang="de">
                            <KeywordAnnotation>
                                <Keyword>Besscres</Keyword>
                                <Keyword>DESHAL</Keyword>
                                <Keyword>Hgndcln</Keyword>
                                <Keyword>Iangor</Keyword>
                                <Keyword>Mogllchkeitoq</Keyword>
                                <Keyword>Sofqnigcs</Keyword>
                                <Keyword>Verstandnis</Keyword>
                                <Keyword>Vomqserung</Keyword>
                                <Keyword>Wogon</Keyword>
                                <Keyword>amnmomin</Keyword>
                                <Keyword>gomass</Keyword>
                                <Keyword>jveytore</Keyword>
                                <Keyword>ummzung</Keyword>
                                <Keyword>vorimncm</Keyword>
                                <Keyword>yon</Keyword>
                                <Keyword>zuyimissionsrcduktlon</Keyword>
                            </KeywordAnnotation>
                        </TextAnnotation>
                    </AudioVisualSegment>
                    <AudioVisualSegment id="track-1.segment-33">
                        <mediaTime>
                            <mediaRelTimePoint>T00:26:23:0F1000</mediaRelTimePoint>
                            <mediaDuration>PT01M24S0N1000F</mediaDuration>
                        </mediaTime>
                        <TextAnnotation confidence="0.5" relevance="0.0" xml:lang="de">
                            <KeywordAnnotation>
                                <Keyword>QE</Keyword>
                            </KeywordAnnotation>
                        </TextAnnotation>
                        <TextAnnotation confidence="0.0" relevance="0.0" xml:lang="de">
                            <KeywordAnnotation>
                                <Keyword>I</Keyword>
                                <Keyword>Q</Keyword>
                            </KeywordAnnotation>
                        </TextAnnotation>
                    </AudioVisualSegment>
                    <AudioVisualSegment id="track-1.segment-34">
                        <mediaTime>
                            <mediaRelTimePoint>T00:27:47:0F1000</mediaRelTimePoint>
                            <mediaDuration>PT23S0N1000F</mediaDuration>
                        </mediaTime>
                        <TextAnnotation confidence="0.5" relevance="0.4" xml:lang="de">
                            <KeywordAnnotation>
                                <Keyword>Globaler</Keyword>
                                <Keyword>Klimawandel</Keyword>
                                <Keyword>Perspektiven</Keyword>
                                <Keyword>Schweiz</Keyword>
                                <Keyword>die</Keyword>
                                <Keyword>fur</Keyword>
                            </KeywordAnnotation>
                        </TextAnnotation>
                        <TextAnnotation confidence="0.5" relevance="0.3" xml:lang="de">
                            <KeywordAnnotation>
                                <Keyword>Reduzieren</Keyword>
                                <Keyword>Vermeiden</Keyword>
                                <Keyword>carbon</Keyword>
                                <Keyword>society</Keyword>
                            </KeywordAnnotation>
                        </TextAnnotation>
                        <TextAnnotation confidence="0.5" relevance="0.2" xml:lang="de">
                            <KeywordAnnotation>
                                <Keyword>Gewinner</Keyword>
                                <Keyword>einer</Keyword>
                                <Keyword>eines</Keyword>
                            </KeywordAnnotation>
                        </TextAnnotation>
                        <TextAnnotation confidence="0.5" relevance="0.0" xml:lang="de">
                            <KeywordAnnotation>
                                <Keyword>zu</Keyword>
                            </KeywordAnnotation>
                        </TextAnnotation>
                        <TextAnnotation confidence="0.0" relevance="0.3" xml:lang="de">
                            <KeywordAnnotation>
                                <Keyword>Chanccn-Parspoktivo</Keyword>
                                <Keyword>Iow</Keyword>
                                <Keyword>Kompensieren</Keyword>
                                <Keyword>Paradigmenwechsels</Keyword>
                                <Keyword>Vorrqiter-Perspektive</Keyword>
                            </KeywordAnnotation>
                        </TextAnnotation>
                    </AudioVisualSegment>
                    <AudioVisualSegment id="track-1.segment-35">
                        <mediaTime>
                            <mediaRelTimePoint>T00:28:10:0F1000</mediaRelTimePoint>
                            <mediaDuration>PT19S0N1000F</mediaDuration>
                        </mediaTime>
                        <TextAnnotation confidence="0.5" relevance="0.0" xml:lang="de">
                            <KeywordAnnotation>
                                <Keyword>wl</Keyword>
                            </KeywordAnnotation>
                        </TextAnnotation>
                        <TextAnnotation confidence="0.0" relevance="0.0" xml:lang="de">
                            <KeywordAnnotation>
                                <Keyword>F</Keyword>
                            </KeywordAnnotation>
                        </TextAnnotation>
                    </AudioVisualSegment>
                    <AudioVisualSegment id="track-1.segment-36">
                        <mediaTime>
                            <mediaRelTimePoint>T00:28:29:0F1000</mediaRelTimePoint>
                            <mediaDuration>PT01S120N1000F</mediaDuration>
                        </mediaTime>
                        <TextAnnotation confidence="0.5" relevance="0.0" xml:lang="de">
                            <KeywordAnnotation>
                                <Keyword>IN</Keyword>
                                <Keyword>Jd</Keyword>
                                <Keyword>VV</Keyword>
                                <Keyword>iQ</Keyword>
                                <Keyword>ml</Keyword>
                                <Keyword>ni</Keyword>
                            </KeywordAnnotation>
                        </TextAnnotation>
                        <TextAnnotation confidence="0.0" relevance="0.4" xml:lang="de">
                            <KeywordAnnotation>
                                <Keyword>pr-</Keyword>
                            </KeywordAnnotation>
                        </TextAnnotation>
                        <TextAnnotation confidence="0.0" relevance="0.3" xml:lang="de">
                            <KeywordAnnotation>
                                <Keyword>stfr</Keyword>
                            </KeywordAnnotation>
                        </TextAnnotation>
                        <TextAnnotation confidence="0.0" relevance="0.2" xml:lang="de">
                            <KeywordAnnotation>
                                <Keyword>ll-E</Keyword>
                            </KeywordAnnotation>
                        </TextAnnotation>
                        <TextAnnotation confidence="0.0" relevance="0.0" xml:lang="de">
                            <KeywordAnnotation>
                                <Keyword>E</Keyword>
                                <Keyword>H</Keyword>
                                <Keyword>I</Keyword>
                                <Keyword>J</Keyword>
                                <Keyword>K</Keyword>
                                <Keyword>L</Keyword>
                                <Keyword>T</Keyword>
                                <Keyword>V</Keyword>
                                <Keyword>f</Keyword>
                                <Keyword>g</Keyword>
                                <Keyword>i</Keyword>
                                <Keyword>p</Keyword>
                                <Keyword>q</Keyword>
                            </KeywordAnnotation>
                        </TextAnnotation>
                    </AudioVisualSegment>
                </TemporalDecomposition>
            </AudioVisual>
        </MultimediaContent>
    </Description>
</Mpeg7>
