<?xml version="1.0" encoding="UTF-8"?>
<mediapackage duration="6040000">
	<media>
		<track id="track-1" type="engage/presenter">
			<url>tracks/movie.flv</url>
			<mimetype>video/x-flv</mimetype>
			<checksum type="md5">7b3c7e8cc2cba2f5b7af4fd4224f3005</checksum>
			<tags>
				<tag>engage</tag>
			</tags>
		</track>
	</media>
	<metadata>
		<catalog id="catalog-1" type="metadata/dublincore">
			<mimetype>text/xml</mimetype>
			<checksum type="md5">b84b93a900e998f9259872e45fb86e56</checksum>
			<url>metadata/dublincore7158760254389812428.xml</url>
		</catalog>
		<catalog id="catalog-2" ref="series:351-0723-00L" type="metadata/dublincore">
			<mimetype>text/xml</mimetype>
			<checksum type="md5">faa0f604d2f535fb4b04eaec316377b4</checksum>
			<url>metadata/dublincore7761925145534554307.xml</url>
		</catalog>
		<catalog id="catalog-3" type="metadata/mpeg-7">
			<mimetype>text/xml</mimetype>
			<checksum type="md5">d41d8cd98f00b204e9800998ecf8427e</checksum>
			<url>metadata/mpeg-73202740094246220105.xml</url>
		</catalog>
	</metadata>
	<attachments>
		<attachment id="cover" type="cover/source" ref="track:track-1">
			<url>attachments/cover.jpg</url>
			<mimetype>image/jpeg</mimetype>
			<checksum type="md5">fb5107e56b6762adee0c604348e5dcce</checksum>
			<tags>
				<tag>engage</tag>
			</tags>
		</attachment>
	</attachments>
</mediapackage>
