<?xml version="1.0" encoding="UTF-8"?>
<Mpeg7 xmlns="urn:mpeg:mpeg7:schema:2001" xmlns:mpeg7="urn:mpeg7:schema:2001"
	xmlns:xsi="http://www.w3.org/2001/XMLSchema-instance/">
	<Description xsi:type="ContentEntityType">
		<MultimediaContent xsi:type="AudioVisualType">
			<AudioVisual id="track-1">
				<MediaLocator>
					<MediaUri>file:tracks/camera.avi</MediaUri>
				</MediaLocator>
				<MediaTime>
					<MediaTimePoint>T00:00:00:0F25</MediaTimePoint>
					<MediaDuration>PT41M36S0N1000F</MediaDuration>
				</MediaTime>
			</AudioVisual>
			<AudioVisual id="track-0">
				<MediaLocator>
					<MediaUri>file:tracks/grabber.avi</MediaUri>
				</MediaLocator>
				<MediaTime>
					<MediaTimePoint>T00:00:00:0F5</MediaTimePoint>
					<MediaDuration>PT41M36S0N1000F</MediaDuration>
				</MediaTime>
				<TemporalDecomposition criteria="temporal"
					gap="false" overlap="false">
					<AudioVisualSegment id="track-0.segment-1">
						<MediaTime>
							<MediaRelTimePoint>T00:00:00:0F1000</MediaRelTimePoint>
							<MediaDuration>PT01M55S0N1000F</MediaDuration>
						</MediaTime>
						<TextAnnotation confidence="0.5" relevance="0.5"
							xml:lang="de">
							<KeywordAnnotation>
								<Keyword>Organe</Keyword>
								<Keyword>Zentralen</Keyword>
								<Keyword>der</Keyword>
								<Keyword>die</Keyword>
								<Keyword>fur</Keyword>
							</KeywordAnnotation>
						</TextAnnotation>
						<TextAnnotation confidence="0.5" relevance="0.4"
							xml:lang="de">
							<KeywordAnnotation>
								<Keyword>Die</Keyword>
								<Keyword>Nutzung</Keyword>
								<Keyword>Vorlagen</Keyword>
								<Keyword>Word</Keyword>
								<Keyword>deren</Keyword>
								<Keyword>ftir</Keyword>
								<Keyword>neuen</Keyword>
								<Keyword>und</Keyword>
							</KeywordAnnotation>
						</TextAnnotation>
						<TextAnnotation confidence="0.5" relevance="0.0"
							xml:lang="de">
							<KeywordAnnotation>
								<Keyword>in</Keyword>
							</KeywordAnnotation>
						</TextAnnotation>
						<TextAnnotation confidence="0.0" relevance="0.6"
							xml:lang="de">
							<KeywordAnnotation>
								<Keyword>h,J</Keyword>
							</KeywordAnnotation>
						</TextAnnotation>
						<TextAnnotation confidence="0.0" relevance="0.5"
							xml:lang="de">
							<KeywordAnnotation>
								<Keyword>Word-Version</Keyword>
							</KeywordAnnotation>
						</TextAnnotation>
						<TextAnnotation confidence="0.0" relevance="0.4"
							xml:lang="de">
							<KeywordAnnotation>
								<Keyword>lAL</Keyword>
							</KeywordAnnotation>
						</TextAnnotation>
						<TextAnnotation confidence="0.0" relevance="0.0"
							xml:lang="de">
							<KeywordAnnotation>
								<Keyword>-</Keyword>
								<Keyword>A</Keyword>
								<Keyword>F</Keyword>
								<Keyword>L</Keyword>
							</KeywordAnnotation>
						</TextAnnotation>
					</AudioVisualSegment>
					<AudioVisualSegment id="track-0.segment-2">
						<MediaTime>
							<MediaRelTimePoint>T00:01:55:0F1000</MediaRelTimePoint>
							<MediaDuration>PT01M27S0N1000F</MediaDuration>
						</MediaTime>
						<TextAnnotation confidence="0.5" relevance="0.6"
							xml:lang="de">
							<KeywordAnnotation>
								<Keyword>innen</Keyword>
							</KeywordAnnotation>
						</TextAnnotation>
						<TextAnnotation confidence="0.5" relevance="0.5"
							xml:lang="de">
							<KeywordAnnotation>
								<Keyword>Corporate</Keyword>
								<Keyword>Design</Keyword>
								<Keyword>ETH</Keyword>
								<Keyword>Erscheinungsbild</Keyword>
								<Keyword>das</Keyword>
								<Keyword>definiert</Keyword>
								<Keyword>dem</Keyword>
								<Keyword>der</Keyword>
								<Keyword>einheitliche</Keyword>
								<Keyword>ist</Keyword>
								<Keyword>nach</Keyword>
								<Keyword>und</Keyword>
							</KeywordAnnotation>
						</TextAnnotation>
						<TextAnnotation confidence="0.5" relevance="0.4"
							xml:lang="de">
							<KeywordAnnotation>
								<Keyword>Corporate</Keyword>
								<Keyword>Das</Keyword>
								<Keyword>Design</Keyword>
								<Keyword>Mit</Keyword>
							</KeywordAnnotation>
						</TextAnnotation>
						<TextAnnotation confidence="0.0" relevance="0.5"
							xml:lang="de">
							<KeywordAnnotation>
								<Keyword>Zurich</Keyword>
								<Keyword>aussen</Keyword>
							</KeywordAnnotation>
						</TextAnnotation>
						<TextAnnotation confidence="0.0" relevance="0.0"
							xml:lang="de">
							<KeywordAnnotation>
								<Keyword>-</Keyword>
							</KeywordAnnotation>
						</TextAnnotation>
					</AudioVisualSegment>
					<AudioVisualSegment id="track-0.segment-3">
						<MediaTime>
							<MediaRelTimePoint>T00:03:22:0F1000</MediaRelTimePoint>
							<MediaDuration>PT04M47S0N1000F</MediaDuration>
						</MediaTime>
						<TextAnnotation confidence="0.5" relevance="0.4"
							xml:lang="de">
							<KeywordAnnotation>
								<Keyword>Ablauf</Keyword>
								<Keyword>Corporate</Keyword>
								<Keyword>Das</Keyword>
								<Keyword>Der</Keyword>
								<Keyword>Design</Keyword>
								<Keyword>ETH</Keyword>
								<Keyword>der</Keyword>
							</KeywordAnnotation>
						</TextAnnotation>
						<TextAnnotation confidence="0.0" relevance="0.5"
							xml:lang="de">
							<KeywordAnnotation>
								<Keyword>Ziirich</Keyword>
							</KeywordAnnotation>
						</TextAnnotation>
						<TextAnnotation confidence="0.0" relevance="0.0"
							xml:lang="de">
							<KeywordAnnotation>
								<Keyword>Y</Keyword>
							</KeywordAnnotation>
						</TextAnnotation>
					</AudioVisualSegment>
					<AudioVisualSegment id="track-0.segment-4">
						<MediaTime>
							<MediaRelTimePoint>T00:08:09:0F1000</MediaRelTimePoint>
							<MediaDuration>PT25S0N1000F</MediaDuration>
						</MediaTime>
						<TextAnnotation confidence="0.5" relevance="0.5"
							xml:lang="de">
							<KeywordAnnotation>
								<Keyword>Vorlagen</Keyword>
								<Keyword>die</Keyword>
								<Keyword>neuen</Keyword>
							</KeywordAnnotation>
						</TextAnnotation>
						<TextAnnotation confidence="0.5" relevance="0.4"
							xml:lang="de">
							<KeywordAnnotation>
								<Keyword>Blick</Keyword>
								<Keyword>Ein</Keyword>
								<Keyword>auf</Keyword>
							</KeywordAnnotation>
						</TextAnnotation>
						<TextAnnotation confidence="0.5" relevance="0.3"
							xml:lang="de">
							<KeywordAnnotation>
								<Keyword>kun</Keyword>
							</KeywordAnnotation>
						</TextAnnotation>
					</AudioVisualSegment>
					<AudioVisualSegment id="track-0.segment-5">
						<MediaTime>
							<MediaRelTimePoint>T00:08:34:0F1000</MediaRelTimePoint>
							<MediaDuration>PT29S0N1000F</MediaDuration>
						</MediaTime>
						<TextAnnotation confidence="0.5" relevance="0.6"
							xml:lang="de">
							<KeywordAnnotation>
								<Keyword>IlI</Keyword>
							</KeywordAnnotation>
						</TextAnnotation>
						<TextAnnotation confidence="0.5" relevance="0.5"
							xml:lang="de">
							<KeywordAnnotation>
								<Keyword>MEM</Keyword>
								<Keyword>sim</Keyword>
							</KeywordAnnotation>
						</TextAnnotation>
						<TextAnnotation confidence="0.5" relevance="0.0"
							xml:lang="de">
							<KeywordAnnotation>
								<Keyword>ww</Keyword>
							</KeywordAnnotation>
						</TextAnnotation>
						<TextAnnotation confidence="0.0" relevance="0.5"
							xml:lang="de">
							<KeywordAnnotation>
								<Keyword>-M-</Keyword>
								<Keyword>Ilwlhr</Keyword>
							</KeywordAnnotation>
						</TextAnnotation>
						<TextAnnotation confidence="0.0" relevance="0.0"
							xml:lang="de">
							<KeywordAnnotation>
								<Keyword>-</Keyword>
								<Keyword>j</Keyword>
								<Keyword>p</Keyword>
								<Keyword>u</Keyword>
								<Keyword>w</Keyword>
							</KeywordAnnotation>
						</TextAnnotation>
					</AudioVisualSegment>
					<AudioVisualSegment id="track-0.segment-6">
						<MediaTime>
							<MediaRelTimePoint>T00:09:03:0F1000</MediaRelTimePoint>
							<MediaDuration>PT22S0N1000F</MediaDuration>
						</MediaTime>
						<TextAnnotation confidence="0.5" relevance="0.0"
							xml:lang="de">
							<KeywordAnnotation>
								<Keyword>mm</Keyword>
								<Keyword>wl</Keyword>
							</KeywordAnnotation>
						</TextAnnotation>
						<TextAnnotation confidence="0.0" relevance="0.0"
							xml:lang="de">
							<KeywordAnnotation>
								<Keyword>m</Keyword>
								<Keyword>s</Keyword>
								<Keyword>z</Keyword>
							</KeywordAnnotation>
						</TextAnnotation>
					</AudioVisualSegment>
					<AudioVisualSegment id="track-0.segment-7">
						<MediaTime>
							<MediaRelTimePoint>T00:09:25:0F1000</MediaRelTimePoint>
							<MediaDuration>PT19S0N1000F</MediaDuration>
						</MediaTime>
						<TextAnnotation confidence="0.5" relevance="0.6"
							xml:lang="de">
							<KeywordAnnotation>
								<Keyword>nun</Keyword>
							</KeywordAnnotation>
						</TextAnnotation>
						<TextAnnotation confidence="0.5" relevance="0.0"
							xml:lang="de">
							<KeywordAnnotation>
								<Keyword>II</Keyword>
								<Keyword>hm</Keyword>
							</KeywordAnnotation>
						</TextAnnotation>
						<TextAnnotation confidence="0.0" relevance="0.6"
							xml:lang="de">
							<KeywordAnnotation>
								<Keyword>v-A-</Keyword>
							</KeywordAnnotation>
						</TextAnnotation>
						<TextAnnotation confidence="0.0" relevance="0.5"
							xml:lang="de">
							<KeywordAnnotation>
								<Keyword>fir.-</Keyword>
								<Keyword>i..,......---</Keyword>
								<Keyword>x.--</Keyword>
							</KeywordAnnotation>
						</TextAnnotation>
						<TextAnnotation confidence="0.0" relevance="0.0"
							xml:lang="de">
							<KeywordAnnotation>
								<Keyword>-</Keyword>
								<Keyword>I</Keyword>
								<Keyword>n</Keyword>
								<Keyword>s</Keyword>
								<Keyword>z</Keyword>
							</KeywordAnnotation>
						</TextAnnotation>
					</AudioVisualSegment>
					<AudioVisualSegment id="track-0.segment-8">
						<MediaTime>
							<MediaRelTimePoint>T00:09:44:0F1000</MediaRelTimePoint>
							<MediaDuration>PT01M39S0N1000F</MediaDuration>
						</MediaTime>
					</AudioVisualSegment>
					<AudioVisualSegment id="track-0.segment-9">
						<MediaTime>
							<MediaRelTimePoint>T00:11:23:0F1000</MediaRelTimePoint>
							<MediaDuration>PT25S0N1000F</MediaDuration>
						</MediaTime>
					</AudioVisualSegment>
					<AudioVisualSegment id="track-0.segment-10">
						<MediaTime>
							<MediaRelTimePoint>T00:11:48:0F1000</MediaRelTimePoint>
							<MediaDuration>PT16S0N1000F</MediaDuration>
						</MediaTime>
					</AudioVisualSegment>
					<AudioVisualSegment id="track-0.segment-11">
						<MediaTime>
							<MediaRelTimePoint>T00:12:04:0F1000</MediaRelTimePoint>
							<MediaDuration>PT33S0N1000F</MediaDuration>
						</MediaTime>
					</AudioVisualSegment>
					<AudioVisualSegment id="track-0.segment-12">
						<MediaTime>
							<MediaRelTimePoint>T00:12:37:0F1000</MediaRelTimePoint>
							<MediaDuration>PT01M04S0N1000F</MediaDuration>
						</MediaTime>
						<TextAnnotation confidence="0.5" relevance="0.0"
							xml:lang="de">
							<KeywordAnnotation>
								<Keyword>mh</Keyword>
							</KeywordAnnotation>
						</TextAnnotation>
						<TextAnnotation confidence="0.0" relevance="0.5"
							xml:lang="de">
							<KeywordAnnotation>
								<Keyword>Il.M</Keyword>
							</KeywordAnnotation>
						</TextAnnotation>
						<TextAnnotation confidence="0.0" relevance="0.0"
							xml:lang="de">
							<KeywordAnnotation>
								<Keyword>A</Keyword>
								<Keyword>E</Keyword>
								<Keyword>W</Keyword>
								<Keyword>g</Keyword>
								<Keyword>n</Keyword>
							</KeywordAnnotation>
						</TextAnnotation>
					</AudioVisualSegment>
					<AudioVisualSegment id="track-0.segment-13">
						<MediaTime>
							<MediaRelTimePoint>T00:13:41:0F1000</MediaRelTimePoint>
							<MediaDuration>PT26S0N1000F</MediaDuration>
						</MediaTime>
						<TextAnnotation confidence="0.5" relevance="0.6"
							xml:lang="de">
							<KeywordAnnotation>
								<Keyword>mer</Keyword>
							</KeywordAnnotation>
						</TextAnnotation>
						<TextAnnotation confidence="0.5" relevance="0.0"
							xml:lang="de">
							<KeywordAnnotation>
								<Keyword>Il</Keyword>
								<Keyword>dm</Keyword>
							</KeywordAnnotation>
						</TextAnnotation>
						<TextAnnotation confidence="0.0" relevance="0.5"
							xml:lang="de">
							<KeywordAnnotation>
								<Keyword>xir</Keyword>
							</KeywordAnnotation>
						</TextAnnotation>
						<TextAnnotation confidence="0.0" relevance="0.0"
							xml:lang="de">
							<KeywordAnnotation>
								<Keyword>E</Keyword>
								<Keyword>I</Keyword>
								<Keyword>x</Keyword>
							</KeywordAnnotation>
						</TextAnnotation>
					</AudioVisualSegment>
					<AudioVisualSegment id="track-0.segment-14">
						<MediaTime>
							<MediaRelTimePoint>T00:14:07:0F1000</MediaRelTimePoint>
							<MediaDuration>PT58S0N1000F</MediaDuration>
						</MediaTime>
					</AudioVisualSegment>
					<AudioVisualSegment id="track-0.segment-15">
						<MediaTime>
							<MediaRelTimePoint>T00:15:05:0F1000</MediaRelTimePoint>
							<MediaDuration>PT34S0N1000F</MediaDuration>
						</MediaTime>
						<TextAnnotation confidence="0.0" relevance="0.5"
							xml:lang="en">
							<KeywordAnnotation>
								<Keyword>R-E</Keyword>
							</KeywordAnnotation>
						</TextAnnotation>
						<TextAnnotation confidence="0.0" relevance="0.0"
							xml:lang="en">
							<KeywordAnnotation>
								<Keyword>Y</Keyword>
								<Keyword>l</Keyword>
							</KeywordAnnotation>
						</TextAnnotation>
					</AudioVisualSegment>
					<AudioVisualSegment id="track-0.segment-16">
						<MediaTime>
							<MediaRelTimePoint>T00:15:39:0F1000</MediaRelTimePoint>
							<MediaDuration>PT50S0N1000F</MediaDuration>
						</MediaTime>
						<TextAnnotation confidence="0.5" relevance="0.0"
							xml:lang="de">
							<KeywordAnnotation>
								<Keyword>gl</Keyword>
							</KeywordAnnotation>
						</TextAnnotation>
						<TextAnnotation confidence="0.0" relevance="0.5"
							xml:lang="de">
							<KeywordAnnotation>
								<Keyword>xull</Keyword>
							</KeywordAnnotation>
						</TextAnnotation>
						<TextAnnotation confidence="0.0" relevance="0.0"
							xml:lang="de">
							<KeywordAnnotation>
								<Keyword>I</Keyword>
								<Keyword>r</Keyword>
							</KeywordAnnotation>
						</TextAnnotation>
					</AudioVisualSegment>
					<AudioVisualSegment id="track-0.segment-17">
						<MediaTime>
							<MediaRelTimePoint>T00:16:29:0F1000</MediaRelTimePoint>
							<MediaDuration>PT35S0N1000F</MediaDuration>
						</MediaTime>
						<TextAnnotation confidence="0.5" relevance="0.0"
							xml:lang="de">
							<KeywordAnnotation>
								<Keyword>hv</Keyword>
							</KeywordAnnotation>
						</TextAnnotation>
						<TextAnnotation confidence="0.0" relevance="0.0"
							xml:lang="de">
							<KeywordAnnotation>
								<Keyword>I</Keyword>
								<Keyword>f</Keyword>
								<Keyword>t</Keyword>
							</KeywordAnnotation>
						</TextAnnotation>
					</AudioVisualSegment>
					<AudioVisualSegment id="track-0.segment-18">
						<MediaTime>
							<MediaRelTimePoint>T00:17:04:0F1000</MediaRelTimePoint>
							<MediaDuration>PT45S0N1000F</MediaDuration>
						</MediaTime>
						<TextAnnotation confidence="0.5" relevance="0.5"
							xml:lang="de">
							<KeywordAnnotation>
								<Keyword>IMP</Keyword>
							</KeywordAnnotation>
						</TextAnnotation>
						<TextAnnotation confidence="0.5" relevance="0.0"
							xml:lang="de">
							<KeywordAnnotation>
								<Keyword>he</Keyword>
								<Keyword>ke</Keyword>
							</KeywordAnnotation>
						</TextAnnotation>
						<TextAnnotation confidence="0.0" relevance="0.6"
							xml:lang="de">
							<KeywordAnnotation>
								<Keyword>lIelI</Keyword>
							</KeywordAnnotation>
						</TextAnnotation>
						<TextAnnotation confidence="0.0" relevance="0.5"
							xml:lang="de">
							<KeywordAnnotation>
								<Keyword>Gola</Keyword>
							</KeywordAnnotation>
						</TextAnnotation>
						<TextAnnotation confidence="0.0" relevance="0.0"
							xml:lang="de">
							<KeywordAnnotation>
								<Keyword>E</Keyword>
								<Keyword>I</Keyword>
								<Keyword>J</Keyword>
								<Keyword>K</Keyword>
								<Keyword>h</Keyword>
								<Keyword>i</Keyword>
								<Keyword>u</Keyword>
								<Keyword>vq</Keyword>
								<Keyword>w</Keyword>
							</KeywordAnnotation>
						</TextAnnotation>
					</AudioVisualSegment>
					<AudioVisualSegment id="track-0.segment-19">
						<MediaTime>
							<MediaRelTimePoint>T00:17:49:0F1000</MediaRelTimePoint>
							<MediaDuration>PT48S0N1000F</MediaDuration>
						</MediaTime>
					</AudioVisualSegment>
					<AudioVisualSegment id="track-0.segment-20">
						<MediaTime>
							<MediaRelTimePoint>T00:18:37:0F1000</MediaRelTimePoint>
							<MediaDuration>PT18S0N1000F</MediaDuration>
						</MediaTime>
						<TextAnnotation confidence="0.5" relevance="0.5"
							xml:lang="de">
							<KeywordAnnotation>
								<Keyword>IDEA</Keyword>
							</KeywordAnnotation>
						</TextAnnotation>
						<TextAnnotation confidence="0.5" relevance="0.0"
							xml:lang="de">
							<KeywordAnnotation>
								<Keyword>Il</Keyword>
								<Keyword>pg</Keyword>
							</KeywordAnnotation>
						</TextAnnotation>
						<TextAnnotation confidence="0.0" relevance="0.0"
							xml:lang="de">
							<KeywordAnnotation>
								<Keyword>-</Keyword>
								<Keyword>A</Keyword>
								<Keyword>I</Keyword>
								<Keyword>h</Keyword>
								<Keyword>m</Keyword>
								<Keyword>u</Keyword>
							</KeywordAnnotation>
						</TextAnnotation>
					</AudioVisualSegment>
					<AudioVisualSegment id="track-0.segment-21">
						<MediaTime>
							<MediaRelTimePoint>T00:18:55:0F1000</MediaRelTimePoint>
							<MediaDuration>PT01M31S0N1000F</MediaDuration>
						</MediaTime>
					</AudioVisualSegment>
					<AudioVisualSegment id="track-0.segment-22">
						<MediaTime>
							<MediaRelTimePoint>T00:20:26:0F1000</MediaRelTimePoint>
							<MediaDuration>PT28S0N1000F</MediaDuration>
						</MediaTime>
					</AudioVisualSegment>
					<AudioVisualSegment id="track-0.segment-23">
						<MediaTime>
							<MediaRelTimePoint>T00:20:54:0F1000</MediaRelTimePoint>
							<MediaDuration>PT21S0N1000F</MediaDuration>
						</MediaTime>
						<TextAnnotation confidence="0.5" relevance="0.2"
							xml:lang="de">
							<KeywordAnnotation>
								<Keyword>BMW</Keyword>
							</KeywordAnnotation>
						</TextAnnotation>
						<TextAnnotation confidence="0.0" relevance="0.0"
							xml:lang="de">
							<KeywordAnnotation>
								<Keyword>i</Keyword>
							</KeywordAnnotation>
						</TextAnnotation>
					</AudioVisualSegment>
					<AudioVisualSegment id="track-0.segment-24">
						<MediaTime>
							<MediaRelTimePoint>T00:21:15:0F1000</MediaRelTimePoint>
							<MediaDuration>PT17S0N1000F</MediaDuration>
						</MediaTime>
						<TextAnnotation confidence="0.5" relevance="0.4"
							xml:lang="de">
							<KeywordAnnotation>
								<Keyword>ETH</Keyword>
							</KeywordAnnotation>
						</TextAnnotation>
						<TextAnnotation confidence="0.5" relevance="0.0"
							xml:lang="de">
							<KeywordAnnotation>
								<Keyword>ll</Keyword>
							</KeywordAnnotation>
						</TextAnnotation>
						<TextAnnotation confidence="0.0" relevance="0.0"
							xml:lang="de">
							<KeywordAnnotation>
								<Keyword>-</Keyword>
								<Keyword>E</Keyword>
							</KeywordAnnotation>
						</TextAnnotation>
					</AudioVisualSegment>
					<AudioVisualSegment id="track-0.segment-25">
						<MediaTime>
							<MediaRelTimePoint>T00:21:32:0F1000</MediaRelTimePoint>
							<MediaDuration>PT12S0N1000F</MediaDuration>
						</MediaTime>
						<TextAnnotation confidence="0.0" relevance="0.5"
							xml:lang="en">
							<KeywordAnnotation>
								<Keyword>FTW</Keyword>
							</KeywordAnnotation>
						</TextAnnotation>
						<TextAnnotation confidence="0.0" relevance="0.0"
							xml:lang="en">
							<KeywordAnnotation>
								<Keyword>JB</Keyword>
							</KeywordAnnotation>
						</TextAnnotation>
					</AudioVisualSegment>
					<AudioVisualSegment id="track-0.segment-26">
						<MediaTime>
							<MediaRelTimePoint>T00:21:44:0F1000</MediaRelTimePoint>
							<MediaDuration>PT01M32S0N1000F</MediaDuration>
						</MediaTime>
					</AudioVisualSegment>
					<AudioVisualSegment id="track-0.segment-27">
						<MediaTime>
							<MediaRelTimePoint>T00:23:16:0F1000</MediaRelTimePoint>
							<MediaDuration>PT01M19S0N1000F</MediaDuration>
						</MediaTime>
					</AudioVisualSegment>
					<AudioVisualSegment id="track-0.segment-28">
						<MediaTime>
							<MediaRelTimePoint>T00:24:35:0F1000</MediaRelTimePoint>
							<MediaDuration>PT15S0N1000F</MediaDuration>
						</MediaTime>
						<TextAnnotation confidence="0.5" relevance="0.0"
							xml:lang="de">
							<KeywordAnnotation>
								<Keyword>HW</Keyword>
								<Keyword>IT</Keyword>
								<Keyword>rn</Keyword>
								<Keyword>rr</Keyword>
							</KeywordAnnotation>
						</TextAnnotation>
						<TextAnnotation confidence="0.0" relevance="0.5"
							xml:lang="de">
							<KeywordAnnotation>
								<Keyword>rnennn</Keyword>
							</KeywordAnnotation>
						</TextAnnotation>
						<TextAnnotation confidence="0.0" relevance="0.0"
							xml:lang="de">
							<KeywordAnnotation>
								<Keyword>D</Keyword>
								<Keyword>I</Keyword>
								<Keyword>V</Keyword>
								<Keyword>n</Keyword>
								<Keyword>r</Keyword>
							</KeywordAnnotation>
						</TextAnnotation>
					</AudioVisualSegment>
					<AudioVisualSegment id="track-0.segment-29">
						<MediaTime>
							<MediaRelTimePoint>T00:24:50:0F1000</MediaRelTimePoint>
							<MediaDuration>PT37S0N1000F</MediaDuration>
						</MediaTime>
						<TextAnnotation confidence="0.0" relevance="0.0"
							xml:lang="en">
							<KeywordAnnotation>
								<Keyword>M</Keyword>
								<Keyword>y</Keyword>
							</KeywordAnnotation>
						</TextAnnotation>
					</AudioVisualSegment>
					<AudioVisualSegment id="track-0.segment-30">
						<MediaTime>
							<MediaRelTimePoint>T00:25:27:0F1000</MediaRelTimePoint>
							<MediaDuration>PT01M12S0N1000F</MediaDuration>
						</MediaTime>
						<TextAnnotation confidence="0.5" relevance="0.0"
							xml:lang="de">
							<KeywordAnnotation>
								<Keyword>ll</Keyword>
								<Keyword>rE</Keyword>
								<Keyword>tn</Keyword>
							</KeywordAnnotation>
						</TextAnnotation>
						<TextAnnotation confidence="0.0" relevance="0.6"
							xml:lang="de">
							<KeywordAnnotation>
								<Keyword>-4-</Keyword>
								<Keyword>Ollltr</Keyword>
							</KeywordAnnotation>
						</TextAnnotation>
						<TextAnnotation confidence="0.0" relevance="0.0"
							xml:lang="de">
							<KeywordAnnotation>
								<Keyword>-</Keyword>
								<Keyword>A</Keyword>
								<Keyword>E</Keyword>
								<Keyword>K</Keyword>
								<Keyword>l</Keyword>
								<Keyword>m</Keyword>
								<Keyword>n</Keyword>
							</KeywordAnnotation>
						</TextAnnotation>
					</AudioVisualSegment>
					<AudioVisualSegment id="track-0.segment-31">
						<MediaTime>
							<MediaRelTimePoint>T00:26:39:0F1000</MediaRelTimePoint>
							<MediaDuration>PT17S0N1000F</MediaDuration>
						</MediaTime>
						<TextAnnotation confidence="0.5" relevance="0.0"
							xml:lang="de">
							<KeywordAnnotation>
								<Keyword>gl</Keyword>
							</KeywordAnnotation>
						</TextAnnotation>
						<TextAnnotation confidence="0.0" relevance="0.2"
							xml:lang="de">
							<KeywordAnnotation>
								<Keyword>pnnkuvn</Keyword>
							</KeywordAnnotation>
						</TextAnnotation>
						<TextAnnotation confidence="0.0" relevance="0.0"
							xml:lang="de">
							<KeywordAnnotation>
								<Keyword>I</Keyword>
								<Keyword>i</Keyword>
							</KeywordAnnotation>
						</TextAnnotation>
					</AudioVisualSegment>
					<AudioVisualSegment id="track-0.segment-32">
						<MediaTime>
							<MediaRelTimePoint>T00:26:56:0F1000</MediaRelTimePoint>
							<MediaDuration>PT27S0N1000F</MediaDuration>
						</MediaTime>
						<TextAnnotation confidence="0.5" relevance="0.0"
							xml:lang="de">
							<KeywordAnnotation>
								<Keyword>II</Keyword>
								<Keyword>ca</Keyword>
								<Keyword>rn</Keyword>
								<Keyword>tA</Keyword>
								<Keyword>tI</Keyword>
							</KeywordAnnotation>
						</TextAnnotation>
						<TextAnnotation confidence="0.0" relevance="0.6"
							xml:lang="de">
							<KeywordAnnotation>
								<Keyword>DIII</Keyword>
								<Keyword>gm-</Keyword>
							</KeywordAnnotation>
						</TextAnnotation>
						<TextAnnotation confidence="0.0" relevance="0.5"
							xml:lang="de">
							<KeywordAnnotation>
								<Keyword>ll,tl</Keyword>
							</KeywordAnnotation>
						</TextAnnotation>
						<TextAnnotation confidence="0.0" relevance="0.0"
							xml:lang="de">
							<KeywordAnnotation>
								<Keyword>-</Keyword>
								<Keyword>A</Keyword>
								<Keyword>E</Keyword>
								<Keyword>K</Keyword>
								<Keyword>N</Keyword>
								<Keyword>n</Keyword>
								<Keyword>q</Keyword>
							</KeywordAnnotation>
						</TextAnnotation>
					</AudioVisualSegment>
					<AudioVisualSegment id="track-0.segment-33">
						<MediaTime>
							<MediaRelTimePoint>T00:27:23:0F1000</MediaRelTimePoint>
							<MediaDuration>PT35S0N1000F</MediaDuration>
						</MediaTime>
						<TextAnnotation confidence="0.0" relevance="0.2"
							xml:lang="en">
							<KeywordAnnotation>
								<Keyword>wnyn</Keyword>
							</KeywordAnnotation>
						</TextAnnotation>
						<TextAnnotation confidence="0.0" relevance="0.0"
							xml:lang="en">
							<KeywordAnnotation>
								<Keyword>-</Keyword>
								<Keyword>A</Keyword>
								<Keyword>I</Keyword>
								<Keyword>J</Keyword>
								<Keyword>S</Keyword>
								<Keyword>T</Keyword>
								<Keyword>a</Keyword>
								<Keyword>f</Keyword>
								<Keyword>i</Keyword>
								<Keyword>p</Keyword>
								<Keyword>s</Keyword>
								<Keyword>w</Keyword>
								<Keyword>z</Keyword>
							</KeywordAnnotation>
						</TextAnnotation>
					</AudioVisualSegment>
					<AudioVisualSegment id="track-0.segment-34">
						<MediaTime>
							<MediaRelTimePoint>T00:27:58:0F1000</MediaRelTimePoint>
							<MediaDuration>PT30S0N1000F</MediaDuration>
						</MediaTime>
						<TextAnnotation confidence="0.5" relevance="0.0"
							xml:lang="de">
							<KeywordAnnotation>
								<Keyword>QI</Keyword>
								<Keyword>ll</Keyword>
							</KeywordAnnotation>
						</TextAnnotation>
						<TextAnnotation confidence="0.0" relevance="0.5"
							xml:lang="de">
							<KeywordAnnotation>
								<Keyword>E-E</Keyword>
								<Keyword>IUI</Keyword>
							</KeywordAnnotation>
						</TextAnnotation>
						<TextAnnotation confidence="0.0" relevance="0.0"
							xml:lang="de">
							<KeywordAnnotation>
								<Keyword>-</Keyword>
								<Keyword>A</Keyword>
								<Keyword>I</Keyword>
								<Keyword>K</Keyword>
								<Keyword>S</Keyword>
								<Keyword>V</Keyword>
								<Keyword>W</Keyword>
								<Keyword>e</Keyword>
								<Keyword>l</Keyword>
								<Keyword>n</Keyword>
								<Keyword>t</Keyword>
								<Keyword>u</Keyword>
							</KeywordAnnotation>
						</TextAnnotation>
					</AudioVisualSegment>
					<AudioVisualSegment id="track-0.segment-35">
						<MediaTime>
							<MediaRelTimePoint>T00:28:28:0F1000</MediaRelTimePoint>
							<MediaDuration>PT46S0N1000F</MediaDuration>
						</MediaTime>
					</AudioVisualSegment>
					<AudioVisualSegment id="track-0.segment-36">
						<MediaTime>
							<MediaRelTimePoint>T00:29:14:0F1000</MediaRelTimePoint>
							<MediaDuration>PT01M03S0N1000F</MediaDuration>
						</MediaTime>
					</AudioVisualSegment>
					<AudioVisualSegment id="track-0.segment-37">
						<MediaTime>
							<MediaRelTimePoint>T00:30:17:0F1000</MediaRelTimePoint>
							<MediaDuration>PT17S0N1000F</MediaDuration>
						</MediaTime>
					</AudioVisualSegment>
					<AudioVisualSegment id="track-0.segment-38">
						<MediaTime>
							<MediaRelTimePoint>T00:30:34:0F1000</MediaRelTimePoint>
							<MediaDuration>PT12S0N1000F</MediaDuration>
						</MediaTime>
						<TextAnnotation confidence="0.0" relevance="0.4"
							xml:lang="en">
							<KeywordAnnotation>
								<Keyword>fytd</Keyword>
							</KeywordAnnotation>
						</TextAnnotation>
						<TextAnnotation confidence="0.0" relevance="0.0"
							xml:lang="en">
							<KeywordAnnotation>
								<Keyword>w</Keyword>
							</KeywordAnnotation>
						</TextAnnotation>
					</AudioVisualSegment>
					<AudioVisualSegment id="track-0.segment-39">
						<MediaTime>
							<MediaRelTimePoint>T00:30:46:0F1000</MediaRelTimePoint>
							<MediaDuration>PT01M14S0N1000F</MediaDuration>
						</MediaTime>
						<TextAnnotation confidence="0.5" relevance="0.0"
							xml:lang="de">
							<KeywordAnnotation>
								<Keyword>hu</Keyword>
							</KeywordAnnotation>
						</TextAnnotation>
						<TextAnnotation confidence="0.0" relevance="0.0"
							xml:lang="de">
							<KeywordAnnotation>
								<Keyword>-</Keyword>
								<Keyword>--</Keyword>
								<Keyword>M</Keyword>
								<Keyword>W</Keyword>
								<Keyword>d</Keyword>
								<Keyword>g</Keyword>
								<Keyword>q</Keyword>
								<Keyword>v</Keyword>
								<Keyword>w</Keyword>
							</KeywordAnnotation>
						</TextAnnotation>
					</AudioVisualSegment>
					<AudioVisualSegment id="track-0.segment-40">
						<MediaTime>
							<MediaRelTimePoint>T00:32:00:0F1000</MediaRelTimePoint>
							<MediaDuration>PT14S0N1000F</MediaDuration>
						</MediaTime>
						<TextAnnotation confidence="0.5" relevance="0.5"
							xml:lang="en">
							<KeywordAnnotation>
								<Keyword>Bun</Keyword>
							</KeywordAnnotation>
						</TextAnnotation>
						<TextAnnotation confidence="0.5" relevance="0.4"
							xml:lang="en">
							<KeywordAnnotation>
								<Keyword>End</Keyword>
							</KeywordAnnotation>
						</TextAnnotation>
						<TextAnnotation confidence="0.0" relevance="0.0"
							xml:lang="en">
							<KeywordAnnotation>
								<Keyword>Q</Keyword>
							</KeywordAnnotation>
						</TextAnnotation>
					</AudioVisualSegment>
					<AudioVisualSegment id="track-0.segment-41">
						<MediaTime>
							<MediaRelTimePoint>T00:32:14:0F1000</MediaRelTimePoint>
							<MediaDuration>PT01M03S0N1000F</MediaDuration>
						</MediaTime>
						<TextAnnotation confidence="0.5" relevance="0.0"
							xml:lang="de">
							<KeywordAnnotation>
								<Keyword>HH</Keyword>
								<Keyword>eh</Keyword>
								<Keyword>mw</Keyword>
								<Keyword>wm</Keyword>
							</KeywordAnnotation>
						</TextAnnotation>
						<TextAnnotation confidence="0.0" relevance="0.6"
							xml:lang="de">
							<KeywordAnnotation>
								<Keyword>Mmm</Keyword>
								<Keyword>rr1-</Keyword>
							</KeywordAnnotation>
						</TextAnnotation>
						<TextAnnotation confidence="0.0" relevance="0.5"
							xml:lang="de">
							<KeywordAnnotation>
								<Keyword>-v-</Keyword>
							</KeywordAnnotation>
						</TextAnnotation>
						<TextAnnotation confidence="0.0" relevance="0.0"
							xml:lang="de">
							<KeywordAnnotation>
								<Keyword>-</Keyword>
								<Keyword>--</Keyword>
								<Keyword>A</Keyword>
								<Keyword>B</Keyword>
								<Keyword>I</Keyword>
								<Keyword>Q</Keyword>
								<Keyword>Y</Keyword>
								<Keyword>i</Keyword>
								<Keyword>j</Keyword>
								<Keyword>z</Keyword>
							</KeywordAnnotation>
						</TextAnnotation>
					</AudioVisualSegment>
					<AudioVisualSegment id="track-0.segment-42">
						<MediaTime>
							<MediaRelTimePoint>T00:33:17:0F1000</MediaRelTimePoint>
							<MediaDuration>PT01M17S0N1000F</MediaDuration>
						</MediaTime>
						<TextAnnotation confidence="0.5" relevance="0.5"
							xml:lang="de">
							<KeywordAnnotation>
								<Keyword>man</Keyword>
							</KeywordAnnotation>
						</TextAnnotation>
						<TextAnnotation confidence="0.5" relevance="0.0"
							xml:lang="de">
							<KeywordAnnotation>
								<Keyword>Kn</Keyword>
							</KeywordAnnotation>
						</TextAnnotation>
						<TextAnnotation confidence="0.0" relevance="0.5"
							xml:lang="de">
							<KeywordAnnotation>
								<Keyword>II,ll.l</Keyword>
							</KeywordAnnotation>
						</TextAnnotation>
						<TextAnnotation confidence="0.0" relevance="0.0"
							xml:lang="de">
							<KeywordAnnotation>
								<Keyword>-</Keyword>
								<Keyword>E</Keyword>
								<Keyword>l</Keyword>
							</KeywordAnnotation>
						</TextAnnotation>
					</AudioVisualSegment>
					<AudioVisualSegment id="track-0.segment-43">
						<MediaTime>
							<MediaRelTimePoint>T00:34:34:0F1000</MediaRelTimePoint>
							<MediaDuration>PT03M42S0N1000F</MediaDuration>
						</MediaTime>
						<TextAnnotation confidence="0.5" relevance="0.6"
							xml:lang="de">
							<KeywordAnnotation>
								<Keyword>Diese</Keyword>
								<Keyword>ebenfalls</Keyword>
								<Keyword>eine</Keyword>
								<Keyword>gestellt</Keyword>
								<Keyword>verfasst</Keyword>
								<Keyword>wird</Keyword>
								<Keyword>wurde</Keyword>
								<Keyword>zur</Keyword>
							</KeywordAnnotation>
						</TextAnnotation>
						<TextAnnotation confidence="0.5" relevance="0.5"
							xml:lang="de">
							<KeywordAnnotation>
								<Keyword>Benutzern</Keyword>
								<Keyword>November</Keyword>
								<Keyword>Nutzung</Keyword>
								<Keyword>Zur</Keyword>
								<Keyword>allen</Keyword>
								<Keyword>damn</Keyword>
								<Keyword>stehen</Keyword>
								<Keyword>und</Keyword>
								<Keyword>zum</Keyword>
								<Keyword>zur</Keyword>
							</KeywordAnnotation>
						</TextAnnotation>
						<TextAnnotation confidence="0.5" relevance="0.4"
							xml:lang="de">
							<KeywordAnnotation>
								<Keyword>Die</Keyword>
								<Keyword>Links</Keyword>
								<Keyword>Vorlagen</Keyword>
								<Keyword>neuen</Keyword>
								<Keyword>und</Keyword>
								<Keyword>verteilt</Keyword>
								<Keyword>werden</Keyword>
							</KeywordAnnotation>
						</TextAnnotation>
						<TextAnnotation confidence="0.0" relevance="0.6"
							xml:lang="de">
							<KeywordAnnotation>
								<Keyword>Gebrauchsanleitung</Keyword>
								<Keyword>Verfugung</Keyword>
							</KeywordAnnotation>
						</TextAnnotation>
						<TextAnnotation confidence="0.0" relevance="0.5"
							xml:lang="de">
							<KeywordAnnotation>
								<Keyword>Benutzerinnen</Keyword>
								<Keyword>Verfugung</Keyword>
							</KeywordAnnotation>
						</TextAnnotation>
						<TextAnnotation confidence="0.0" relevance="0.4"
							xml:lang="de">
							<KeywordAnnotation>
								<Keyword>Aufschaltdaten</Keyword>
							</KeywordAnnotation>
						</TextAnnotation>
						<TextAnnotation confidence="0.0" relevance="0.0"
							xml:lang="de">
							<KeywordAnnotation>
								<Keyword>-</Keyword>
							</KeywordAnnotation>
						</TextAnnotation>
					</AudioVisualSegment>
					<AudioVisualSegment id="track-0.segment-44">
						<MediaTime>
							<MediaRelTimePoint>T00:38:16:0F1000</MediaRelTimePoint>
							<MediaDuration>PT02M41S0N1000F</MediaDuration>
						</MediaTime>
					</AudioVisualSegment>
					<AudioVisualSegment id="track-0.segment-45">
						<MediaTime>
							<MediaRelTimePoint>T00:40:57:0F1000</MediaRelTimePoint>
							<MediaDuration>PT38S0N1000F</MediaDuration>
						</MediaTime>
						<TextAnnotation confidence="0.5" relevance="0.6"
							xml:lang="de">
							<KeywordAnnotation>
								<Keyword>Diese</Keyword>
								<Keyword>ebenfalls</Keyword>
								<Keyword>eine</Keyword>
								<Keyword>gestellt</Keyword>
								<Keyword>verfasst</Keyword>
								<Keyword>wird</Keyword>
								<Keyword>wurde</Keyword>
								<Keyword>zur</Keyword>
							</KeywordAnnotation>
						</TextAnnotation>
						<TextAnnotation confidence="0.5" relevance="0.5"
							xml:lang="de">
							<KeywordAnnotation>
								<Keyword>Benutzern</Keyword>
								<Keyword>November</Keyword>
								<Keyword>Nutzung</Keyword>
								<Keyword>Zur</Keyword>
								<Keyword>allen</Keyword>
								<Keyword>damn</Keyword>
								<Keyword>stehen</Keyword>
								<Keyword>und</Keyword>
								<Keyword>zum</Keyword>
								<Keyword>zur</Keyword>
							</KeywordAnnotation>
						</TextAnnotation>
						<TextAnnotation confidence="0.5" relevance="0.4"
							xml:lang="de">
							<KeywordAnnotation>
								<Keyword>Die</Keyword>
								<Keyword>Links</Keyword>
								<Keyword>Vorlagen</Keyword>
								<Keyword>neuen</Keyword>
								<Keyword>und</Keyword>
								<Keyword>verteilt</Keyword>
								<Keyword>werden</Keyword>
							</KeywordAnnotation>
						</TextAnnotation>
						<TextAnnotation confidence="0.0" relevance="0.6"
							xml:lang="de">
							<KeywordAnnotation>
								<Keyword>Gebrauchsanleitung</Keyword>
								<Keyword>Verfugung</Keyword>
							</KeywordAnnotation>
						</TextAnnotation>
						<TextAnnotation confidence="0.0" relevance="0.5"
							xml:lang="de">
							<KeywordAnnotation>
								<Keyword>Benutzerinnen</Keyword>
								<Keyword>Verfugung</Keyword>
							</KeywordAnnotation>
						</TextAnnotation>
						<TextAnnotation confidence="0.0" relevance="0.4"
							xml:lang="de">
							<KeywordAnnotation>
								<Keyword>Aufschaltdaten</Keyword>
							</KeywordAnnotation>
						</TextAnnotation>
						<TextAnnotation confidence="0.0" relevance="0.0"
							xml:lang="de">
							<KeywordAnnotation>
								<Keyword>-</Keyword>
							</KeywordAnnotation>
						</TextAnnotation>
					</AudioVisualSegment>
					<AudioVisualSegment id="track-0.segment-46">
						<MediaTime>
							<MediaRelTimePoint>T00:41:35:0F1000</MediaRelTimePoint>
							<MediaDuration>PT01S0N1000F</MediaDuration>
						</MediaTime>
						<TextAnnotation confidence="0.5" relevance="0.6"
							xml:lang="de">
							<KeywordAnnotation>
								<Keyword>Diese</Keyword>
								<Keyword>ebenfalls</Keyword>
								<Keyword>gestellt</Keyword>
								<Keyword>verfasst</Keyword>
								<Keyword>wird</Keyword>
								<Keyword>zur</Keyword>
							</KeywordAnnotation>
						</TextAnnotation>
						<TextAnnotation confidence="0.5" relevance="0.5"
							xml:lang="de">
							<KeywordAnnotation>
								<Keyword>Benutzern</Keyword>
								<Keyword>November</Keyword>
								<Keyword>Nutzung</Keyword>
								<Keyword>Zur</Keyword>
								<Keyword>allen</Keyword>
								<Keyword>dann</Keyword>
								<Keyword>eine</Keyword>
								<Keyword>und</Keyword>
								<Keyword>wurde</Keyword>
								<Keyword>zur</Keyword>
							</KeywordAnnotation>
						</TextAnnotation>
						<TextAnnotation confidence="0.5" relevance="0.4"
							xml:lang="de">
							<KeywordAnnotation>
								<Keyword>Die</Keyword>
								<Keyword>Links</Keyword>
								<Keyword>Vorlagen</Keyword>
								<Keyword>neuen</Keyword>
								<Keyword>stehen</Keyword>
								<Keyword>und</Keyword>
								<Keyword>verteilt</Keyword>
								<Keyword>werden</Keyword>
								<Keyword>zum</Keyword>
							</KeywordAnnotation>
						</TextAnnotation>
						<TextAnnotation confidence="0.0" relevance="0.6"
							xml:lang="de">
							<KeywordAnnotation>
								<Keyword>Gebrauchsanleitung</Keyword>
								<Keyword>Verfiigung</Keyword>
							</KeywordAnnotation>
						</TextAnnotation>
						<TextAnnotation confidence="0.0" relevance="0.5"
							xml:lang="de">
							<KeywordAnnotation>
								<Keyword>Benutzerinnen</Keyword>
								<Keyword>Verfiigung</Keyword>
							</KeywordAnnotation>
						</TextAnnotation>
						<TextAnnotation confidence="0.0" relevance="0.4"
							xml:lang="de">
							<KeywordAnnotation>
								<Keyword>Aufschaltdaten</Keyword>
							</KeywordAnnotation>
						</TextAnnotation>
					</AudioVisualSegment>
				</TemporalDecomposition>
			</AudioVisual>
		</MultimediaContent>
	</Description>
</Mpeg7>
