<?xml version="1.0" encoding="UTF-8"?>
<mediapackage duration="2550000">
	<media>
		<track id="track-1" type="engage/presenter">
			<url>tracks/movie.flv</url>
			<mimetype>video/x-flv</mimetype>
			<checksum type="md5">7b3c7e8cc2cba2f5b7af4fd4224f3005</checksum>
			<tags>
				<tag>engage</tag>
			</tags>
		</track>
	</media>
	<metadata>
		<catalog id="catalog-1" type="metadata/dublincore">
			<mimetype>text/xml</mimetype>
			<checksum type="md5">2a947f04262c8a38964ba02a3b32ec40</checksum>
			<url>metadata/dublincore334078831637025815.xml</url>
		</catalog>
		<catalog id="catalog-2" ref="series:227-0577-00L-2009W" type="metadata/dublincore">
			<mimetype>text/xml</mimetype>
			<checksum type="md5">583586105fa6cc142e5dcdfcbecebd63</checksum>
			<url>metadata/dublincore7387004615978752732.xml</url>
		</catalog>
		<catalog id="catalog-3" type="metadata/mpeg-7">
			<mimetype>text/xml</mimetype>
			<checksum type="md5">d41d8cd98f00b204e9800998ecf8427e</checksum>
			<url>metadata/mpeg-72348298274079419412.xml</url>
		</catalog>
	</metadata>
	<attachments>
		<attachment id="cover" type="cover/source" ref="track:track-1">
			<url>attachments/cover.jpg</url>
			<mimetype>image/jpeg</mimetype>
			<checksum type="md5">fb5107e56b6762adee0c604348e5dcce</checksum>
			<tags>
				<tag>engage</tag>
			</tags>
		</attachment>
	</attachments>
</mediapackage>
