<?xml version="1.0" encoding="UTF-8"?>
<metadata xmlns="http://www.opencastproject.org/xsd/1.0/dublincore/"
	xmlns:dcterms="http://purl.org/dc/terms/" xmlns:xsi="http://www.w3.org/2001/XMLSchema-instance">
	<dcterms:creator>venture.ch</dcterms:creator>
	<dcterms:license xml:lang="de">http://www.multimedia.ethz.ch/docs/haftungsausschluss/index</dcterms:license>
	<dcterms:license xml:lang="en">http://www.multimedia.ethz.ch/docs/disclaimer/index</dcterms:license>
	<dcterms:created xsi:type="dcterms:W3CDTF">2009-10-01</dcterms:created>
	<dcterms:abstract>Venture lädt Sie herzlich ein zu den
		Eröffnungsveranstaltungen in Zürich. An dieser Veranstaltung werden
		bekannte Redner, darunter Mitglieder unseres Advisory Boards, Bereiche
		zukünftiger Innovation und Chancen für Jungunternehmen diskutieren.
		Zudem werden ehemalige Gewinner über ihre Erfahrungen berichten und
		von ihren unternehmerischen Erfolgsgeschichten erzählen.</dcterms:abstract>
	<dcterms:language>deu</dcterms:language>
	<dcterms:rightsHolder xml:lang="de">ETH Zürich, Schweiz</dcterms:rightsHolder>
	<dcterms:rightsHolder xml:lang="en">ETH Zurich,
		Switzerland</dcterms:rightsHolder>
	<dcterms:publisher xml:lang="de">ETH Zürich, ID-MMS;
		Schweiz</dcterms:publisher>
	<dcterms:publisher xml:lang="en">ETH Zurich, ITS-MMS;
		Switzerland</dcterms:publisher>
	<dcterms:identifier>249a8764-acf9-48bc-bfbd-30a76a7954e5</dcterms:identifier>
	<dcterms:title>Venture 2010</dcterms:title>
</metadata>
