<?xml version="1.0" encoding="UTF-8"?>
<mediapackage duration="5903040" id="10.3930/ETHZ/AV-7951660b-2513-413f-ac88-b9e6c62be99b">
<media>
<track id="track-1" type="engage/presenter">
    <url>http://downloads.opencastproject.org/media/car.flv</url>
    <mimetype>video/x-flv</mimetype>
    <checksum type="md5">7b3c7e8cc2cba2f5b7af4fd4224f3005</checksum>
</track>
<mimetype>video/quicktime</mimetype>
<checksum type="md5">6bcff91b1697d8e7a5ff91774acb304c</checksum>
<url>tracks/20091001_Venture_Start.mov</url>
<Duration>5903040</Duration>
<Audio id="stream-2">
<Encoder type="PCM"/>
<Channels>2</Channels>
<BitDepth>16</BitDepth>
<BitRate>1536000.0</BitRate>
</Audio>
<Video id="stream-1">
<Encoder type="Digital Video"/>
<Size>720x576</Size>
<BitRate>5517258.0</BitRate>
<FrameRate>25.0</FrameRate>
</Video>
</media>
<metadata>
<catalog id="catalog-2" type="metadata/dublincore">
<mimetype>text/xml</mimetype>
<checksum type="md5">b1530790824477221c5cd6f5ea42628e</checksum>
<url>metadata/dublincore-e-venture.xml</url>
</catalog>
<catalog id="catalog-1" ref="series:10.3930/ETHZ/AV-249a8764-acf9-48bc-bfbd-30a76a7954e5" type="metadata/dublincore">
<mimetype>text/xml</mimetype>
<checksum type="md5">76543883062ecb6425696a7dba59ef14</checksum>
<url>metadata/dublincore-s-00008_Venture.xml</url>
</catalog>
<catalog id="catalog-3" type="metadata/mpeg-7">
<mimetype>text/xml</mimetype>
<checksum type="md5">d41d8cd98f00b204e9800998ecf8427e</checksum>
<url>metadata/mpeg-73927914999199357674.xml</url>
</catalog>
</metadata>
<attachments>
    <attachment id="attachment-1" type="engage/cover">
        <url>http://downloads.opencastproject.org/media/engage-cover.jpg</url>
        <mimetype>image/jpeg</mimetype>
    </attachment>
    <attachment id="attachment-2" type="feed/cover">
        <url>http://downloads.opencastproject.org/media/feed-cover.jpg</url>
        <mimetype>image/jpeg</mimetype>
    </attachment>
</attachments>
</mediapackage>
