<?xml version="1.0" encoding="UTF-8"?>
<mediapackage duration="4518548" id="10.3930/ETHZ/AV-15dfbfb6-8b20-4157-948c-d974208979f8">
<media>
<track id="track-1" type="engage/presenter">
    <url>http://downloads.opencastproject.org/media/car.flv</url>
    <mimetype>video/x-flv</mimetype>
    <checksum type="md5">7b3c7e8cc2cba2f5b7af4fd4224f3005</checksum>
</track>
<mimetype>video/quicktime</mimetype>
<checksum type="md5">ec42bc798ec1daa0a2775d3b939df088</checksum>
<url>tracks/20091112_NO_C44_ID-KOM.mov</url>
<Duration>4518548</Duration>
<Audio id="stream-2">
<Encoder type="AAC"/>
<Channels>2</Channels>
<BitDepth>16</BitDepth>
<BitRate>256000.0</BitRate>
</Audio>
<Video id="stream-1">
<Encoder type="AVC"/>
<Size>1024x768</Size>
<ScanType type="Progressive"/>
<BitRate>619007.0</BitRate>
<FrameRate>1.995</FrameRate>
</Video>
</media>
<metadata>
<catalog id="catalog-2" type="metadata/dublincore">
<mimetype>text/xml</mimetype>
<checksum type="md5">40a04ab66e2bd22afff46643306a8144</checksum>
<url>metadata/dublincore-e-ID-KOM_20091112.xml</url>
</catalog>
<catalog id="catalog-1" ref="series:ID-MMS" type="metadata/dublincore">
<mimetype>text/xml</mimetype>
<checksum type="md5">8046f93d2d57eef07394da949fd575c6</checksum>
<url>metadata/dublincore6709681605517107001.xml</url>
</catalog>
<catalog id="catalog-3" type="metadata/mpeg-7">
<mimetype>text/xml</mimetype>
<checksum type="md5">d41d8cd98f00b204e9800998ecf8427e</checksum>
<url>metadata/mpeg-7887603402557283265.xml</url>
</catalog>
</metadata>
<attachments>
    <attachment id="attachment-1" type="engage/cover">
        <url>http://downloads.opencastproject.org/media/engage-cover.jpg</url>
        <mimetype>image/jpeg</mimetype>
    </attachment>
    <attachment id="attachment-2" type="feed/cover">
        <url>http://downloads.opencastproject.org/media/feed-cover.jpg</url>
        <mimetype>image/jpeg</mimetype>
    </attachment>
</attachments>
</mediapackage>
