<?xml version="1.0" encoding="UTF-8"?>
<mediapackage>
	<media>
		<track id="track-1" type="presentation/engage">
			<url>tracks/movie.flv</url>
			<mimetype>video/x-flv</mimetype>
			<checksum type="md5">7b3c7e8cc2cba2f5b7af4fd4224f3005</checksum>
			<tags>
				<tag>engage</tag>
			</tags>
		</track>
	</media>
	<metadata>
		<catalog id="catalog-2" type="metadata/dublincore">
			<mimetype>text/xml</mimetype>
			<checksum type="md5">40a04ab66e2bd22afff46643306a8144</checksum>
			<url>metadata/dublincore-e-ID-KOM_20091112.xml</url>
		</catalog>
		<catalog id="catalog-1" ref="series:ID-MMS" type="metadata/dublincore">
			<mimetype>text/xml</mimetype>
			<checksum type="md5">8046f93d2d57eef07394da949fd575c6</checksum>
			<url>metadata/dublincore6709681605517107001.xml</url>
		</catalog>
		<catalog id="catalog-3" type="segments/slides">
			<mimetype>text/xml</mimetype>
			<checksum type="md5">d41d8cd98f00b204e9800998ecf8427e</checksum>
			<url>metadata/mpeg-7887603402557283265.xml</url>
		</catalog>
	</metadata>
</mediapackage>
