<?xml version="1.0" encoding="UTF-8"?>
<mediapackage duration="3495640" id="10.3930/ETHZ/AV-106f9ce5-3633-4628-ad84-7df8faab15b0">
<media>
<track id="track-1" type="engage/presenter">
    <url>http://downloads.opencastproject.org/media/car.flv</url>
    <mimetype>video/x-flv</mimetype>
    <checksum type="md5">7b3c7e8cc2cba2f5b7af4fd4224f3005</checksum>
</track>
<mimetype>video/quicktime</mimetype>
<checksum type="md5">412f047d87b185daede5309547cdbc0d</checksum>
<url>tracks/20090909_ZKM_Part_2_Arnold.mov</url>
<Duration>3495640</Duration>
<Audio id="stream-2">
<Encoder type="PCM"/>
<Channels>2</Channels>
<BitDepth>16</BitDepth>
<BitRate>1536000.0</BitRate>
</Audio>
<Video id="stream-1">
<Encoder type="Digital Video"/>
<Size>720x576</Size>
<BitRate>9141374.0</BitRate>
<FrameRate>25.0</FrameRate>
</Video>
</media>
<metadata>
<catalog id="catalog-2" type="metadata/dublincore">
<mimetype>text/xml</mimetype>
<checksum type="md5">8f0137eaee550d3665fd0f5a1eb85a3f</checksum>
<url>metadata/dublincore-e-zkm_Part2.xml</url>
</catalog>
<catalog id="catalog-1" ref="series:10.3930/ETHZ/AV-6d39892a-6560-4799-91e9-1f014d8b9676" type="metadata/dublincore">
<mimetype>text/xml</mimetype>
<checksum type="md5">57ae741634661463c6d4ac8aa036a11f</checksum>
<url>metadata/dublincore-s-00003.xml</url>
</catalog>
<catalog id="catalog-3" type="metadata/mpeg-7">
<mimetype>text/xml</mimetype>
<checksum type="md5">d41d8cd98f00b204e9800998ecf8427e</checksum>
<url>metadata/mpeg-73519692497081880083.xml</url>
</catalog>
</metadata>
<attachments>
    <attachment id="attachment-1" type="engage/cover">
        <url>http://downloads.opencastproject.org/media/engage-cover.jpg</url>
        <mimetype>image/jpeg</mimetype>
    </attachment>
    <attachment id="attachment-2" type="feed/cover">
        <url>http://downloads.opencastproject.org/media/feed-cover.jpg</url>
        <mimetype>image/jpeg</mimetype>
    </attachment>
</attachments>
</mediapackage>
