<?xml version="1.0" encoding="UTF-8"?>
<metadata xmlns="http://www.opencastproject.org/xsd/1.0/dublincore/" xmlns:dcterms="http://purl.org/dc/terms/" xmlns:xsi="http://www.w3.org/2001/XMLSchema-instance">
    <dcterms:creator>Neuhaus, Markus</dcterms:creator>
    <dcterms:contributor>Department of Management, Technology, and Economics</dcterms:contributor>
    <dcterms:type>Moving Image/Lecture Recording</dcterms:type>
    <dcterms:extent xsi:type="dcterms:ISO8601">PT2H54M46.043S</dcterms:extent>
    <dcterms:isPartOf>351-0723-00L-2009W</dcterms:isPartOf>
    <dcterms:license xml:lang="de">http://www.multimedia.ethz.ch/docs/haftungsausschluss/index</dcterms:license>
    <dcterms:license xml:lang="en">http://www.multimedia.ethz.ch/docs/disclaimer/index</dcterms:license>
    <dcterms:created xsi:type="dcterms:W3CDTF">2009-09-18</dcterms:created>
    <dcterms:language>eng</dcterms:language>
    <dcterms:rightsHolder xml:lang="de">ETH Zürich, Schweiz</dcterms:rightsHolder>
    <dcterms:rightsHolder xml:lang="en">ETH Zurich, Switzerland</dcterms:rightsHolder>
    <dcterms:publisher xml:lang="de">ETH Zürich, ID-MMS; Schweiz</dcterms:publisher>
    <dcterms:publisher xml:lang="en">ETH Zurich, ITS-MMS; Switzerland</dcterms:publisher>
    
    <dcterms:spatial>HG E1.2</dcterms:spatial>
    <dcterms:identifier>10.3930/ETHZ/AV-514ef919-f0e6-4b8d-b95a-6b6a55d71917</dcterms:identifier>
    <dcterms:title xml:lang="en">Corporate Finance</dcterms:title>
</metadata>
