<?xml version="1.0" encoding="UTF-8"?>
<mediapackage duration="4880720" id="10.3930/ETHZ/AV-4fe67cc5-74d5-4e07-81c1-1218f33548a5">
<media>
<track id="track-1" type="engage/presenter">
    <url>http://downloads.opencastproject.org/media/car.flv</url>
    <mimetype>video/x-flv</mimetype>
    <checksum type="md5">7b3c7e8cc2cba2f5b7af4fd4224f3005</checksum>
</track>
<mimetype>video/quicktime</mimetype>
<checksum type="md5">97fd11b4aa5a55fb24e3635e9fdd21ec</checksum>
<url>tracks/20091006_E1_2_Celati_SD.mov</url>
<Duration>4880720</Duration>
<Audio id="stream-2">
<Encoder type="PCM"/>
<Channels>2</Channels>
<BitDepth>16</BitDepth>
<BitRate>1411200.0</BitRate>
</Audio>
<Video id="stream-1">
<Encoder type="AVC"/>
<Size>768x576</Size>
<ScanType type="Progressive"/>
<BitRate>9304843.0</BitRate>
<FrameRate>25.0</FrameRate>
</Video>
</media>
<metadata>
<catalog id="catalog-2" type="metadata/dublincore">
<mimetype>text/xml</mimetype>
<checksum type="md5">48df0d1679a66a198d595415b6571a67</checksum>
<url>metadata/dublincore-e-Celati_20091106.xml</url>
</catalog>
<catalog id="catalog-1" ref="series:851-0131-05L-2009W" type="metadata/dublincore">
<mimetype>text/xml</mimetype>
<checksum type="md5">036cf906526499da30257a5aa7246389</checksum>
<url>metadata/dublincore-s-00009_Celati.xml</url>
</catalog>
<catalog id="catalog-3" type="metadata/mpeg-7">
<mimetype>text/xml</mimetype>
<checksum type="md5">d41d8cd98f00b204e9800998ecf8427e</checksum>
<url>metadata/mpeg-71570423859712639507.xml</url>
</catalog>
</metadata>
<attachments>
    <attachment id="attachment-1" type="engage/cover">
        <url>http://downloads.opencastproject.org/media/engage-cover.jpg</url>
        <mimetype>image/jpeg</mimetype>
    </attachment>
    <attachment id="attachment-2" type="feed/cover">
        <url>http://downloads.opencastproject.org/media/feed-cover.jpg</url>
        <mimetype>image/jpeg</mimetype>
    </attachment>
</attachments>
</mediapackage>
