<?xml version="1.0" encoding="UTF-8"?>
<mediapackage duration="3498920">
	<media>
		<track id="track-1" type="engage/presenter">
			<url>tracks/movie.flv</url>
			<mimetype>video/x-flv</mimetype>
			<checksum type="md5">7b3c7e8cc2cba2f5b7af4fd4224f3005</checksum>
			<tags>
				<tag>engage</tag>
			</tags>
		</track>
	</media>
	<metadata>
		<catalog id="catalog-2" type="metadata/dublincore">
			<mimetype>text/xml</mimetype>
			<checksum type="md5">9658050189b72a80aee4051004a8dfea</checksum>
			<url>metadata/dublincore-e-quantencomputing.xml</url>
		</catalog>
		<catalog id="catalog-1" ref="series:AlumniHeadquarter" type="metadata/dublincore">
			<mimetype>text/xml</mimetype>
			<checksum type="md5">5275afc0931095c550618baf390024f1</checksum>
			<url>metadata/dublincore7717872125288145728.xml</url>
		</catalog>
		<catalog id="catalog-3" type="metadata/mpeg-7">
			<mimetype>text/xml</mimetype>
			<checksum type="md5">d41d8cd98f00b204e9800998ecf8427e</checksum>
			<url>metadata/mpeg-72362752264146551764.xml</url>
		</catalog>
	</metadata>
	<attachments>
		<attachment id="cover" type="cover/source" ref="track:track-1">
			<url>attachments/cover.jpg</url>
			<mimetype>image/jpeg</mimetype>
			<checksum type="md5">fb5107e56b6762adee0c604348e5dcce</checksum>
			<tags>
				<tag>engage</tag>
			</tags>
		</attachment>
	</attachments>
</mediapackage>
