<?xml version="1.0" encoding="UTF-8"?>
<mediapackage duration="3560160" id="10.3930/ETHZ/AV-9732e438-e215-43ff-9c05-a6e8da8f8030">
<media>
<track id="track-1" type="engage/presenter">
    <url>http://downloads.opencastproject.org/media/car.flv</url>
    <mimetype>video/x-flv</mimetype>
    <checksum type="md5">7b3c7e8cc2cba2f5b7af4fd4224f3005</checksum>
</track>
<mimetype>video/quicktime</mimetype>
<checksum type="md5">95adcd8a193f43e8c1d60925bf5e935f</checksum>
<url>tracks/20090919_g1_riskmanagement.mov</url>
<Duration>3560160</Duration>
<Audio id="stream-2">
<Encoder type="PCM"/>
<Channels>2</Channels>
<BitDepth>16</BitDepth>
<BitRate>1536000.0</BitRate>
</Audio>
<Video id="stream-1">
<Encoder type="Digital Video"/>
<Size>720x576</Size>
<BitRate>9497643.0</BitRate>
<FrameRate>25.0</FrameRate>
</Video>
</media>
<metadata>
<catalog id="catalog-2" type="metadata/dublincore">
<mimetype>text/xml</mimetype>
<checksum type="md5">c2fd958d2bf70b784e410290fa1db2ab</checksum>
<url>metadata/dublincore-e-riskmanagementxml.xml</url>
</catalog>
<catalog id="catalog-1" ref="series:AlumniHeadquarter" type="metadata/dublincore">
<mimetype>text/xml</mimetype>
<checksum type="md5">5275afc0931095c550618baf390024f1</checksum>
<url>metadata/dublincore7717872125288145728.xml</url>
</catalog>
<catalog id="catalog-3" type="metadata/mpeg-7">
<mimetype>text/xml</mimetype>
<checksum type="md5">d41d8cd98f00b204e9800998ecf8427e</checksum>
<url>metadata/mpeg-78645795608232366444.xml</url>
</catalog>
</metadata>
<attachments>
    <attachment id="attachment-1" type="engage/cover">
        <url>http://downloads.opencastproject.org/media/engage-cover.jpg</url>
        <mimetype>image/jpeg</mimetype>
    </attachment>
    <attachment id="attachment-2" type="feed/cover">
        <url>http://downloads.opencastproject.org/media/feed-cover.jpg</url>
        <mimetype>image/jpeg</mimetype>
    </attachment>
</attachments>
</mediapackage>
