<?xml version="1.0" encoding="UTF-8"?>
<metadata xmlns="http://www.opencastproject.org/xsd/1.0/dublincore/" xmlns:dcterms="http://purl.org/dc/terms/" xmlns:xsi="http://www.w3.org/2001/XMLSchema-instance">
    <dcterms:creator>Timmel Zamboni, Katherine</dcterms:creator>
    <dcterms:creator>Meier, Adrian</dcterms:creator>
    <dcterms:creator>Brem, Dominik</dcterms:creator>
    <dcterms:creator>Weber, Christoph</dcterms:creator>
    <dcterms:creator>Pfammatter, Nestor</dcterms:creator>
    <dcterms:contributor>Stab Sicherheit, Gesundheit und Umwelt (SGU)</dcterms:contributor>
    <dcterms:extent xsi:type="dcterms:ISO8601">PT1H22M20.680S</dcterms:extent>
    <dcterms:isPartOf>10.3930/ETHZ/AV-5ffe8efc-22a1-4b4c-9fad-eac4190b3b82</dcterms:isPartOf>
    <dcterms:license xml:lang="de">http://www.multimedia.ethz.ch/docs/haftungsausschluss/index</dcterms:license>
    <dcterms:license xml:lang="en">http://www.multimedia.ethz.ch/docs/disclaimer/index</dcterms:license>
    <dcterms:created xsi:type="dcterms:W3CDTF">2009-09-15</dcterms:created>
    <dcterms:abstract>Sicherheitsvortrag Studierende</dcterms:abstract>
    <dcterms:language>deu</dcterms:language>
    <dcterms:rightsHolder xml:lang="de">ETH Zürich, Schweiz</dcterms:rightsHolder>
    <dcterms:rightsHolder xml:lang="en">ETH Zurich, Switzerland</dcterms:rightsHolder>
    <dcterms:publisher xml:lang="de">ETH Zürich, ID-MMS; Schweiz</dcterms:publisher>
    <dcterms:publisher xml:lang="en">ETH Zurich, ITS-MMS; Switzerland</dcterms:publisher>
    <dcterms:identifier>10.3930/ETHZ/AV-1eebf826-783d-4fcd-8e8b-db81e46ba3ac</dcterms:identifier>
    <dcterms:title>Vorstellung der einzelnen Sektionen</dcterms:title>
</metadata>
