<?xml version="1.0" encoding="UTF-8"?>
<metadata xmlns="http://www.opencastproject.org/xsd/1.0/dublincore/"
	xmlns:xsi="http://www.w3.org/2001/XMLSchema-instance" xmlns:dcterms="http://purl.org/dc/terms/">
	<!-- Series Dublin Core -->
	<dcterms:identifier>351-0723-00L-2009W</dcterms:identifier>
	<dcterms:creator>Neuhaus, Markus</dcterms:creator>
	<dcterms:description>Corporate Finance, Investmentmanagement,
		Valuation, Value based management and compensation, Financial
		reporting today and in future, Financial reporting value chain,
		Mergers and Acquisitions, Legal aspects of corporate finance, Tax and
		corporate finance, Corporate governance - risk management - internal
		controls and management information systems, Turnaround.</dcterms:description>
	<dcterms:created xsi:type="dcterms:W3CDTF">2009-09-18</dcterms:created>
	<dcterms:publisher>ETH Zurich, ITS-MMS</dcterms:publisher>
	<dcterms:contributor>Department of Management, Technology, and
		Economics</dcterms:contributor>
	<dcterms:rightsHolder>ETH Zurich, Zurich, Switzerland</dcterms:rightsHolder>
	<dcterms:language>eng</dcterms:language>

	<dcterms:title xml:lang="en">Corporate Finance</dcterms:title>
</metadata>
