<?xml version="1.0" encoding="UTF-8"?>
<Mpeg7 xmlns="urn:mpeg:mpeg7:schema:2001" xmlns:mpeg7="urn:mpeg7:schema:2001"
	xmlns:xsi="http://www.w3.org/2001/XMLSchema-instance/">
	<Description xsi:type="ContentEntityType">
		<MultimediaContent xsi:type="AudioVisualType">
			<AudioVisual id="track-1">
				<mediaLocator>
					<mediaUri>file:tracks/20090910_zisc_talk02.mov</mediaUri>
				</mediaLocator>
				<mediaTime>
					<mediaTimePoint>T00:00:00:0F1</mediaTimePoint>
					<mediaDuration>PT01H01M52S683N1000F</mediaDuration>
				</mediaTime>
				<TemporalDecomposition criteria="temporal"
					gap="false" overlap="false">
					<AudioVisualSegment id="track-1.segment-1">
						<mediaTime>
							<mediaRelTimePoint>T00:00:00:0F1000</mediaRelTimePoint>
							<mediaDuration>PT01M57S0N1000F</mediaDuration>
						</mediaTime>
						<TextAnnotation confidence="0.5" relevance="0.4"
							xml:lang="en">
							<KeywordAnnotation>
								<Keyword>CLOUD</Keyword>
								<Keyword>COMPUTING</Keyword>
								<Keyword>mun</Keyword>
								<Keyword>rns</Keyword>
							</KeywordAnnotation>
						</TextAnnotation>
						<TextAnnotation confidence="0.5" relevance="0.3"
							xml:lang="en">
							<KeywordAnnotation>
								<Keyword>Age</Keyword>
								<Keyword>Golden</Keyword>
								<Keyword>Security</Keyword>
							</KeywordAnnotation>
						</TextAnnotation>
						<TextAnnotation confidence="0.5" relevance="0.0"
							xml:lang="en">
							<KeywordAnnotation>
								<Keyword>dn</Keyword>
								<Keyword>my</Keyword>
								<Keyword>or</Keyword>
								<Keyword>ty</Keyword>
							</KeywordAnnotation>
						</TextAnnotation>
						<TextAnnotation confidence="0.0" relevance="0.4"
							xml:lang="en">
							<KeywordAnnotation>
								<Keyword>VIRTUALIZATION</Keyword>
							</KeywordAnnotation>
						</TextAnnotation>
						<TextAnnotation confidence="0.0" relevance="0.3"
							xml:lang="en">
							<KeywordAnnotation>
								<Keyword>Glded</Keyword>
								<Keyword>agy</Keyword>
							</KeywordAnnotation>
						</TextAnnotation>
						<TextAnnotation confidence="0.0" relevance="0.0"
							xml:lang="en">
							<KeywordAnnotation>
								<Keyword>K</Keyword>
								<Keyword>Q</Keyword>
								<Keyword>T</Keyword>
								<Keyword>m</Keyword>
								<Keyword>n</Keyword>
								<Keyword>s</Keyword>
								<Keyword>t</Keyword>
								<Keyword>w</Keyword>
								<Keyword>x</Keyword>
								<Keyword>y</Keyword>
							</KeywordAnnotation>
						</TextAnnotation>
					</AudioVisualSegment>
					<AudioVisualSegment id="track-1.segment-2">
						<mediaTime>
							<mediaRelTimePoint>T00:01:57:0F1000</mediaRelTimePoint>
							<mediaDuration>PT44S0N1000F</mediaDuration>
						</mediaTime>
						<TextAnnotation confidence="0.5" relevance="0.3"
							xml:lang="de">
							<KeywordAnnotation>
								<Keyword>Age</Keyword>
								<Keyword>CLOUD</Keyword>
								<Keyword>Golden</Keyword>
								<Keyword>Security</Keyword>
								<Keyword>fMS</Keyword>
							</KeywordAnnotation>
						</TextAnnotation>
						<TextAnnotation confidence="0.5" relevance="0.0"
							xml:lang="de">
							<KeywordAnnotation>
								<Keyword>KE</Keyword>
								<Keyword>PE</Keyword>
								<Keyword>or</Keyword>
								<Keyword>ty</Keyword>
							</KeywordAnnotation>
						</TextAnnotation>
						<TextAnnotation confidence="0.0" relevance="0.3"
							xml:lang="de">
							<KeywordAnnotation>
								<Keyword>Glded</Keyword>
								<Keyword>VIRTUALIZATION</Keyword>
								<Keyword>qy.I9l</Keyword>
							</KeywordAnnotation>
						</TextAnnotation>
						<TextAnnotation confidence="0.0" relevance="0.0"
							xml:lang="de">
							<KeywordAnnotation>
								<Keyword>I</Keyword>
								<Keyword>Q</Keyword>
								<Keyword>T</Keyword>
								<Keyword>U</Keyword>
								<Keyword>m</Keyword>
								<Keyword>s</Keyword>
								<Keyword>x</Keyword>
							</KeywordAnnotation>
						</TextAnnotation>
					</AudioVisualSegment>
					<AudioVisualSegment id="track-1.segment-3">
						<mediaTime>
							<mediaRelTimePoint>T00:02:41:0F1000</mediaRelTimePoint>
							<mediaDuration>PT44S0N1000F</mediaDuration>
						</mediaTime>
						<TextAnnotation confidence="0.5" relevance="0.3"
							xml:lang="en">
							<KeywordAnnotation>
								<Keyword>Age</Keyword>
								<Keyword>CLOUD</Keyword>
								<Keyword>Security</Keyword>
							</KeywordAnnotation>
						</TextAnnotation>
						<TextAnnotation confidence="0.5" relevance="0.0"
							xml:lang="en">
							<KeywordAnnotation>
								<Keyword>Mm</Keyword>
								<Keyword>ON</Keyword>
								<Keyword>em</Keyword>
								<Keyword>lf</Keyword>
								<Keyword>or</Keyword>
								<Keyword>ty</Keyword>
							</KeywordAnnotation>
						</TextAnnotation>
						<TextAnnotation confidence="0.0" relevance="0.3"
							xml:lang="en">
							<KeywordAnnotation>
								<Keyword>Gided</Keyword>
								<Keyword>Gotden</Keyword>
								<Keyword>qy.IUAlfI</Keyword>
							</KeywordAnnotation>
						</TextAnnotation>
						<TextAnnotation confidence="0.0" relevance="0.2"
							xml:lang="en">
							<KeywordAnnotation>
								<Keyword>WC-</Keyword>
							</KeywordAnnotation>
						</TextAnnotation>
						<TextAnnotation confidence="0.0" relevance="0.0"
							xml:lang="en">
							<KeywordAnnotation>
								<Keyword>-</Keyword>
								<Keyword>R</Keyword>
								<Keyword>S</Keyword>
								<Keyword>T</Keyword>
								<Keyword>V</Keyword>
								<Keyword>a</Keyword>
								<Keyword>e</Keyword>
								<Keyword>n</Keyword>
								<Keyword>s</Keyword>
							</KeywordAnnotation>
						</TextAnnotation>
					</AudioVisualSegment>
					<AudioVisualSegment id="track-1.segment-4">
						<mediaTime>
							<mediaRelTimePoint>T00:03:25:0F1000</mediaRelTimePoint>
							<mediaDuration>PT28S0N1000F</mediaDuration>
						</mediaTime>
						<TextAnnotation confidence="0.5" relevance="0.3"
							xml:lang="de">
							<KeywordAnnotation>
								<Keyword>Age</Keyword>
								<Keyword>Security</Keyword>
							</KeywordAnnotation>
						</TextAnnotation>
						<TextAnnotation confidence="0.5" relevance="0.0"
							xml:lang="de">
							<KeywordAnnotation>
								<Keyword>ch</Keyword>
								<Keyword>ns</Keyword>
								<Keyword>or</Keyword>
								<Keyword>rn</Keyword>
							</KeywordAnnotation>
						</TextAnnotation>
						<TextAnnotation confidence="0.0" relevance="0.4"
							xml:lang="de">
							<KeywordAnnotation>
								<Keyword>c.rty</Keyword>
							</KeywordAnnotation>
						</TextAnnotation>
						<TextAnnotation confidence="0.0" relevance="0.3"
							xml:lang="de">
							<KeywordAnnotation>
								<Keyword>Glded</Keyword>
								<Keyword>Gobden</Keyword>
							</KeywordAnnotation>
						</TextAnnotation>
						<TextAnnotation confidence="0.0" relevance="0.0"
							xml:lang="de">
							<KeywordAnnotation>
								<Keyword>Q</Keyword>
								<Keyword>T</Keyword>
								<Keyword>i</Keyword>
								<Keyword>l</Keyword>
								<Keyword>m</Keyword>
								<Keyword>r</Keyword>
								<Keyword>s</Keyword>
								<Keyword>x</Keyword>
								<Keyword>xJ</Keyword>
							</KeywordAnnotation>
						</TextAnnotation>
					</AudioVisualSegment>
					<AudioVisualSegment id="track-1.segment-5">
						<mediaTime>
							<mediaRelTimePoint>T00:03:53:0F1000</mediaRelTimePoint>
							<mediaDuration>PT33S0N1000F</mediaDuration>
						</mediaTime>
						<TextAnnotation confidence="0.5" relevance="0.4"
							xml:lang="de">
							<KeywordAnnotation>
								<Keyword>Age</Keyword>
								<Keyword>Security</Keyword>
							</KeywordAnnotation>
						</TextAnnotation>
						<TextAnnotation confidence="0.5" relevance="0.0"
							xml:lang="de">
							<KeywordAnnotation>
								<Keyword>Km</Keyword>
								<Keyword>Tm</Keyword>
								<Keyword>ih</Keyword>
								<Keyword>my</Keyword>
								<Keyword>or</Keyword>
								<Keyword>rr</Keyword>
								<Keyword>ty</Keyword>
							</KeywordAnnotation>
						</TextAnnotation>
						<TextAnnotation confidence="0.0" relevance="0.4"
							xml:lang="de">
							<KeywordAnnotation>
								<Keyword>Glded</Keyword>
								<Keyword>Gohdan</Keyword>
								<Keyword>ITILIIB</Keyword>
								<Keyword>PAMDI</Keyword>
								<Keyword>ULUUU</Keyword>
							</KeywordAnnotation>
						</TextAnnotation>
						<TextAnnotation confidence="0.0" relevance="0.3"
							xml:lang="de">
							<KeywordAnnotation>
								<Keyword>-Irs</Keyword>
								<Keyword>INU</Keyword>
								<Keyword>IUN</Keyword>
								<Keyword>VIKIUHLILRI</Keyword>
							</KeywordAnnotation>
						</TextAnnotation>
						<TextAnnotation confidence="0.0" relevance="0.0"
							xml:lang="de">
							<KeywordAnnotation>
								<Keyword>A</Keyword>
								<Keyword>G</Keyword>
								<Keyword>I</Keyword>
								<Keyword>U</Keyword>
								<Keyword>V</Keyword>
								<Keyword>e</Keyword>
								<Keyword>m</Keyword>
								<Keyword>n</Keyword>
								<Keyword>r</Keyword>
								<Keyword>s</Keyword>
								<Keyword>w</Keyword>
								<Keyword>y</Keyword>
							</KeywordAnnotation>
						</TextAnnotation>
					</AudioVisualSegment>
					<AudioVisualSegment id="track-1.segment-6">
						<mediaTime>
							<mediaRelTimePoint>T00:04:26:0F1000</mediaRelTimePoint>
							<mediaDuration>PT16S0N1000F</mediaDuration>
						</mediaTime>
						<TextAnnotation confidence="0.5" relevance="0.3"
							xml:lang="en">
							<KeywordAnnotation>
								<Keyword>Age</Keyword>
								<Keyword>CLOUD</Keyword>
								<Keyword>Security</Keyword>
								<Keyword>lIM</Keyword>
							</KeywordAnnotation>
						</TextAnnotation>
						<TextAnnotation confidence="0.5" relevance="0.0"
							xml:lang="en">
							<KeywordAnnotation>
								<Keyword>FA</Keyword>
								<Keyword>fr</Keyword>
								<Keyword>or</Keyword>
							</KeywordAnnotation>
						</TextAnnotation>
						<TextAnnotation confidence="0.0" relevance="0.4"
							xml:lang="en">
							<KeywordAnnotation>
								<Keyword>rtyh</Keyword>
							</KeywordAnnotation>
						</TextAnnotation>
						<TextAnnotation confidence="0.0" relevance="0.3"
							xml:lang="en">
							<KeywordAnnotation>
								<Keyword>Glded</Keyword>
								<Keyword>Gohden</Keyword>
								<Keyword>Tmwqy</Keyword>
								<Keyword>XEEHALEQTION</Keyword>
								<Keyword>xem9l</Keyword>
							</KeywordAnnotation>
						</TextAnnotation>
						<TextAnnotation confidence="0.0" relevance="0.2"
							xml:lang="en">
							<KeywordAnnotation>
								<Keyword>nlrtpi</Keyword>
							</KeywordAnnotation>
						</TextAnnotation>
						<TextAnnotation confidence="0.0" relevance="0.0"
							xml:lang="en">
							<KeywordAnnotation>
								<Keyword>-s</Keyword>
								<Keyword>V</Keyword>
								<Keyword>i</Keyword>
								<Keyword>l</Keyword>
								<Keyword>n</Keyword>
								<Keyword>qy</Keyword>
								<Keyword>r</Keyword>
								<Keyword>s</Keyword>
							</KeywordAnnotation>
						</TextAnnotation>
					</AudioVisualSegment>
					<AudioVisualSegment id="track-1.segment-7">
						<mediaTime>
							<mediaRelTimePoint>T00:04:42:0F1000</mediaRelTimePoint>
							<mediaDuration>PT25S0N1000F</mediaDuration>
						</mediaTime>
						<TextAnnotation confidence="0.5" relevance="0.4"
							xml:lang="en">
							<KeywordAnnotation>
								<Keyword>CLOUD</Keyword>
							</KeywordAnnotation>
						</TextAnnotation>
						<TextAnnotation confidence="0.5" relevance="0.3"
							xml:lang="en">
							<KeywordAnnotation>
								<Keyword>Age</Keyword>
								<Keyword>Security</Keyword>
								<Keyword>www</Keyword>
							</KeywordAnnotation>
						</TextAnnotation>
						<TextAnnotation confidence="0.5" relevance="0.0"
							xml:lang="en">
							<KeywordAnnotation>
								<Keyword>or</Keyword>
								<Keyword>rr</Keyword>
								<Keyword>yS</Keyword>
							</KeywordAnnotation>
						</TextAnnotation>
						<TextAnnotation confidence="0.0" relevance="0.4"
							xml:lang="en">
							<KeywordAnnotation>
								<Keyword>VIRTUALIZATION</Keyword>
								<Keyword>rmmnr</Keyword>
								<Keyword>rrmr</Keyword>
								<Keyword>vnMS</Keyword>
							</KeywordAnnotation>
						</TextAnnotation>
						<TextAnnotation confidence="0.0" relevance="0.3"
							xml:lang="en">
							<KeywordAnnotation>
								<Keyword>Glded</Keyword>
								<Keyword>Gohden</Keyword>
								<Keyword>my.lNIr</Keyword>
							</KeywordAnnotation>
						</TextAnnotation>
						<TextAnnotation confidence="0.0" relevance="0.0"
							xml:lang="en">
							<KeywordAnnotation>
								<Keyword>M</Keyword>
								<Keyword>T</Keyword>
								<Keyword>d</Keyword>
								<Keyword>l</Keyword>
								<Keyword>r</Keyword>
								<Keyword>s</Keyword>
								<Keyword>y</Keyword>
							</KeywordAnnotation>
						</TextAnnotation>
					</AudioVisualSegment>
					<AudioVisualSegment id="track-1.segment-8">
						<mediaTime>
							<mediaRelTimePoint>T00:05:07:0F1000</mediaRelTimePoint>
							<mediaDuration>PT26S0N1000F</mediaDuration>
						</mediaTime>
						<TextAnnotation confidence="0.5" relevance="0.4"
							xml:lang="de">
							<KeywordAnnotation>
								<Keyword>Securing</Keyword>
								<Keyword>planet</Keyword>
							</KeywordAnnotation>
						</TextAnnotation>
						<TextAnnotation confidence="0.5" relevance="0.3"
							xml:lang="de">
							<KeywordAnnotation>
								<Keyword>INTERCONNECTED</Keyword>
								<Keyword>and</Keyword>
								<Keyword>smog</Keyword>
								<Keyword>with</Keyword>
							</KeywordAnnotation>
						</TextAnnotation>
						<TextAnnotation confidence="0.5" relevance="0.0"
							xml:lang="de">
							<KeywordAnnotation>
								<Keyword>Mm</Keyword>
								<Keyword>Nw</Keyword>
								<Keyword>an</Keyword>
								<Keyword>em</Keyword>
								<Keyword>it</Keyword>
								<Keyword>mm</Keyword>
								<Keyword>to</Keyword>
							</KeywordAnnotation>
						</TextAnnotation>
						<TextAnnotation confidence="0.0" relevance="0.4"
							xml:lang="de">
							<KeywordAnnotation>
								<Keyword>smarter</Keyword>
								<Keyword>vhqk</Keyword>
							</KeywordAnnotation>
						</TextAnnotation>
						<TextAnnotation confidence="0.0" relevance="0.3"
							xml:lang="de">
							<KeywordAnnotation>
								<Keyword>J.LY</Keyword>
								<Keyword>agilky</Keyword>
								<Keyword>anaw</Keyword>
								<Keyword>emr</Keyword>
								<Keyword>mmw</Keyword>
								<Keyword>mmwsm-an</Keyword>
								<Keyword>oegannmm</Keyword>
								<Keyword>quu</Keyword>
							</KeywordAnnotation>
						</TextAnnotation>
						<TextAnnotation confidence="0.0" relevance="0.2"
							xml:lang="de">
							<KeywordAnnotation>
								<Keyword>Bkns</Keyword>
								<Keyword>Vlmnaltydlthings</Keyword>
								<Keyword>dynamsc</Keyword>
								<Keyword>mfrastructure</Keyword>
								<Keyword>proccssesamvwysol</Keyword>
							</KeywordAnnotation>
						</TextAnnotation>
						<TextAnnotation confidence="0.0" relevance="0.0"
							xml:lang="de">
							<KeywordAnnotation>
								<Keyword>I</Keyword>
								<Keyword>Q</Keyword>
								<Keyword>W</Keyword>
								<Keyword>a</Keyword>
								<Keyword>i</Keyword>
								<Keyword>l</Keyword>
								<Keyword>m</Keyword>
								<Keyword>u</Keyword>
							</KeywordAnnotation>
						</TextAnnotation>
					</AudioVisualSegment>
					<AudioVisualSegment id="track-1.segment-9">
						<mediaTime>
							<mediaRelTimePoint>T00:05:33:0F1000</mediaRelTimePoint>
							<mediaDuration>PT19S0N1000F</mediaDuration>
						</mediaTime>
						<TextAnnotation confidence="0.5" relevance="0.4"
							xml:lang="de">
							<KeywordAnnotation>
								<Keyword>and</Keyword>
								<Keyword>planet</Keyword>
								<Keyword>spam</Keyword>
							</KeywordAnnotation>
						</TextAnnotation>
						<TextAnnotation confidence="0.5" relevance="0.3"
							xml:lang="de">
							<KeywordAnnotation>
								<Keyword>INTELLIGENT</Keyword>
								<Keyword>INTERCONNECTED</Keyword>
								<Keyword>Iam</Keyword>
								<Keyword>arg</Keyword>
								<Keyword>arm</Keyword>
								<Keyword>ways</Keyword>
							</KeywordAnnotation>
						</TextAnnotation>
						<TextAnnotation confidence="0.5" relevance="0.0"
							xml:lang="de">
							<KeywordAnnotation>
								<Keyword>an</Keyword>
								<Keyword>cu</Keyword>
								<Keyword>it</Keyword>
								<Keyword>mg</Keyword>
								<Keyword>mm</Keyword>
								<Keyword>mr</Keyword>
								<Keyword>nh</Keyword>
								<Keyword>to</Keyword>
								<Keyword>ul</Keyword>
								<Keyword>un</Keyword>
								<Keyword>wc</Keyword>
								<Keyword>wm</Keyword>
							</KeywordAnnotation>
						</TextAnnotation>
						<TextAnnotation confidence="0.0" relevance="0.4"
							xml:lang="de">
							<KeywordAnnotation>
								<Keyword>agnmy</Keyword>
								<Keyword>quu</Keyword>
								<Keyword>smarter</Keyword>
							</KeywordAnnotation>
						</TextAnnotation>
						<TextAnnotation confidence="0.0" relevance="0.3"
							xml:lang="de">
							<KeywordAnnotation>
								<Keyword>INQYRUMENYED</Keyword>
								<Keyword>Mwmrw</Keyword>
								<Keyword>dynamuc</Keyword>
								<Keyword>m.m</Keyword>
								<Keyword>nnfrastructure</Keyword>
								<Keyword>pmcessesand</Keyword>
								<Keyword>vu1ma</Keyword>
								<Keyword>womng</Keyword>
								<Keyword>zmmmq</Keyword>
							</KeywordAnnotation>
						</TextAnnotation>
						<TextAnnotation confidence="0.0" relevance="0.0"
							xml:lang="de">
							<KeywordAnnotation>
								<Keyword>I</Keyword>
								<Keyword>V</Keyword>
								<Keyword>a</Keyword>
								<Keyword>h</Keyword>
								<Keyword>m</Keyword>
								<Keyword>n</Keyword>
								<Keyword>pn</Keyword>
								<Keyword>q</Keyword>
								<Keyword>v</Keyword>
								<Keyword>xs</Keyword>
								<Keyword>z</Keyword>
							</KeywordAnnotation>
						</TextAnnotation>
					</AudioVisualSegment>
					<AudioVisualSegment id="track-1.segment-10">
						<mediaTime>
							<mediaRelTimePoint>T00:05:52:0F1000</mediaRelTimePoint>
							<mediaDuration>PT14S0N1000F</mediaDuration>
						</mediaTime>
						<TextAnnotation confidence="0.5" relevance="0.4"
							xml:lang="de">
							<KeywordAnnotation>
								<Keyword>planet</Keyword>
							</KeywordAnnotation>
						</TextAnnotation>
						<TextAnnotation confidence="0.5" relevance="0.3"
							xml:lang="de">
							<KeywordAnnotation>
								<Keyword>and</Keyword>
								<Keyword>speed</Keyword>
								<Keyword>thi</Keyword>
								<Keyword>www</Keyword>
							</KeywordAnnotation>
						</TextAnnotation>
						<TextAnnotation confidence="0.5" relevance="0.2"
							xml:lang="de">
							<KeywordAnnotation>
								<Keyword>Bios</Keyword>
							</KeywordAnnotation>
						</TextAnnotation>
						<TextAnnotation confidence="0.5" relevance="0.0"
							xml:lang="de">
							<KeywordAnnotation>
								<Keyword>an</Keyword>
								<Keyword>it</Keyword>
								<Keyword>mg</Keyword>
								<Keyword>mm</Keyword>
								<Keyword>nu</Keyword>
								<Keyword>sm</Keyword>
								<Keyword>to</Keyword>
								<Keyword>ue</Keyword>
							</KeywordAnnotation>
						</TextAnnotation>
						<TextAnnotation confidence="0.0" relevance="0.4"
							xml:lang="de">
							<KeywordAnnotation>
								<Keyword>knh</Keyword>
								<Keyword>necommq</Keyword>
								<Keyword>smarter</Keyword>
								<Keyword>wsmwsum</Keyword>
							</KeywordAnnotation>
						</TextAnnotation>
						<TextAnnotation confidence="0.0" relevance="0.3"
							xml:lang="de">
							<KeywordAnnotation>
								<Keyword>INTELUOENT</Keyword>
								<Keyword>INTERCONHECTED</Keyword>
								<Keyword>Vmdtydl</Keyword>
								<Keyword>agimy</Keyword>
								<Keyword>num</Keyword>
								<Keyword>quwy</Keyword>
								<Keyword>t1I</Keyword>
								<Keyword>ugannnun</Keyword>
								<Keyword>wixh</Keyword>
								<Keyword>womna</Keyword>
							</KeywordAnnotation>
						</TextAnnotation>
						<TextAnnotation confidence="0.0" relevance="0.2"
							xml:lang="de">
							<KeywordAnnotation>
								<Keyword>dynamnc</Keyword>
								<Keyword>infrastruciure</Keyword>
							</KeywordAnnotation>
						</TextAnnotation>
						<TextAnnotation confidence="0.0" relevance="0.0"
							xml:lang="de">
							<KeywordAnnotation>
								<Keyword>I</Keyword>
								<Keyword>U</Keyword>
								<Keyword>a</Keyword>
								<Keyword>e</Keyword>
								<Keyword>n</Keyword>
								<Keyword>s</Keyword>
								<Keyword>w</Keyword>
							</KeywordAnnotation>
						</TextAnnotation>
					</AudioVisualSegment>
					<AudioVisualSegment id="track-1.segment-11">
						<mediaTime>
							<mediaRelTimePoint>T00:06:06:0F1000</mediaRelTimePoint>
							<mediaDuration>PT22S0N1000F</mediaDuration>
						</mediaTime>
						<TextAnnotation confidence="0.5" relevance="0.4"
							xml:lang="de">
							<KeywordAnnotation>
								<Keyword>planet</Keyword>
							</KeywordAnnotation>
						</TextAnnotation>
						<TextAnnotation confidence="0.5" relevance="0.3"
							xml:lang="de">
							<KeywordAnnotation>
								<Keyword>INTERCONNECTED</Keyword>
								<Keyword>and</Keyword>
								<Keyword>arm</Keyword>
								<Keyword>infrastructure</Keyword>
								<Keyword>ways</Keyword>
								<Keyword>with</Keyword>
								<Keyword>www</Keyword>
							</KeywordAnnotation>
						</TextAnnotation>
						<TextAnnotation confidence="0.5" relevance="0.2"
							xml:lang="de">
							<KeywordAnnotation>
								<Keyword>things</Keyword>
							</KeywordAnnotation>
						</TextAnnotation>
						<TextAnnotation confidence="0.5" relevance="0.0"
							xml:lang="de">
							<KeywordAnnotation>
								<Keyword>an</Keyword>
								<Keyword>hm</Keyword>
								<Keyword>it</Keyword>
								<Keyword>me</Keyword>
								<Keyword>mg</Keyword>
								<Keyword>mm</Keyword>
								<Keyword>ol</Keyword>
								<Keyword>rm</Keyword>
								<Keyword>to</Keyword>
								<Keyword>wu</Keyword>
							</KeywordAnnotation>
						</TextAnnotation>
						<TextAnnotation confidence="0.0" relevance="0.4"
							xml:lang="de">
							<KeywordAnnotation>
								<Keyword>smarter</Keyword>
							</KeywordAnnotation>
						</TextAnnotation>
						<TextAnnotation confidence="0.0" relevance="0.3"
							xml:lang="de">
							<KeywordAnnotation>
								<Keyword>INSWWENED</Keyword>
								<Keyword>INTELLIOENT</Keyword>
								<Keyword>agnmy</Keyword>
								<Keyword>cumovwumewmuv</Keyword>
								<Keyword>mmm</Keyword>
								<Keyword>ovganmnun</Keyword>
								<Keyword>spear</Keyword>
							</KeywordAnnotation>
						</TextAnnotation>
						<TextAnnotation confidence="0.0" relevance="0.2"
							xml:lang="de">
							<KeywordAnnotation>
								<Keyword>Vlmdtyd</Keyword>
								<Keyword>dynamsc</Keyword>
								<Keyword>prncossesand</Keyword>
							</KeywordAnnotation>
						</TextAnnotation>
						<TextAnnotation confidence="0.0" relevance="0.0"
							xml:lang="de">
							<KeywordAnnotation>
								<Keyword>-</Keyword>
								<Keyword>F</Keyword>
								<Keyword>I</Keyword>
								<Keyword>V</Keyword>
								<Keyword>a</Keyword>
								<Keyword>g</Keyword>
								<Keyword>l</Keyword>
								<Keyword>n</Keyword>
								<Keyword>z</Keyword>
							</KeywordAnnotation>
						</TextAnnotation>
					</AudioVisualSegment>
					<AudioVisualSegment id="track-1.segment-12">
						<mediaTime>
							<mediaRelTimePoint>T00:06:28:0F1000</mediaRelTimePoint>
							<mediaDuration>PT27S0N1000F</mediaDuration>
						</mediaTime>
						<TextAnnotation confidence="0.5" relevance="0.4"
							xml:lang="de">
							<KeywordAnnotation>
								<Keyword>and</Keyword>
								<Keyword>ing</Keyword>
								<Keyword>planet</Keyword>
								<Keyword>wim</Keyword>
							</KeywordAnnotation>
						</TextAnnotation>
						<TextAnnotation confidence="0.5" relevance="0.3"
							xml:lang="de">
							<KeywordAnnotation>
								<Keyword>INTELLIGENT</Keyword>
								<Keyword>INTERCONNECTED</Keyword>
								<Keyword>arm</Keyword>
								<Keyword>mum</Keyword>
								<Keyword>things</Keyword>
								<Keyword>ways</Keyword>
							</KeywordAnnotation>
						</TextAnnotation>
						<TextAnnotation confidence="0.5" relevance="0.0"
							xml:lang="de">
							<KeywordAnnotation>
								<Keyword>HW</Keyword>
								<Keyword>an</Keyword>
								<Keyword>it</Keyword>
								<Keyword>mm</Keyword>
								<Keyword>nn</Keyword>
								<Keyword>ol</Keyword>
								<Keyword>to</Keyword>
								<Keyword>uw</Keyword>
							</KeywordAnnotation>
						</TextAnnotation>
						<TextAnnotation confidence="0.0" relevance="0.4"
							xml:lang="de">
							<KeywordAnnotation>
								<Keyword>IMiNII</Keyword>
								<Keyword>agnmy</Keyword>
								<Keyword>m.W</Keyword>
								<Keyword>quu</Keyword>
								<Keyword>smarter</Keyword>
								<Keyword>spear</Keyword>
							</KeywordAnnotation>
						</TextAnnotation>
						<TextAnnotation confidence="0.0" relevance="0.3"
							xml:lang="de">
							<KeywordAnnotation>
								<Keyword>Ourwortdsbpcommg</Keyword>
								<Keyword>Vmdtyd</Keyword>
								<Keyword>dynamsc</Keyword>
								<Keyword>infrastruciure</Keyword>
								<Keyword>lates</Keyword>
								<Keyword>mmm</Keyword>
								<Keyword>nnn</Keyword>
								<Keyword>prccessesand</Keyword>
							</KeywordAnnotation>
						</TextAnnotation>
						<TextAnnotation confidence="0.0" relevance="0.0"
							xml:lang="de">
							<KeywordAnnotation>
								<Keyword>I</Keyword>
								<Keyword>M</Keyword>
								<Keyword>N</Keyword>
								<Keyword>W</Keyword>
								<Keyword>a</Keyword>
								<Keyword>c</Keyword>
								<Keyword>g</Keyword>
								<Keyword>m</Keyword>
								<Keyword>n</Keyword>
								<Keyword>q</Keyword>
								<Keyword>v</Keyword>
							</KeywordAnnotation>
						</TextAnnotation>
					</AudioVisualSegment>
					<AudioVisualSegment id="track-1.segment-13">
						<mediaTime>
							<mediaRelTimePoint>T00:06:55:0F1000</mediaRelTimePoint>
							<mediaDuration>PT42S0N1000F</mediaDuration>
						</mediaTime>
						<TextAnnotation confidence="0.5" relevance="0.4"
							xml:lang="de">
							<KeywordAnnotation>
								<Keyword>Benefits</Keyword>
								<Keyword>Cloud</Keyword>
								<Keyword>Computing</Keyword>
								<Keyword>Improve</Keyword>
								<Keyword>Service</Keyword>
								<Keyword>and</Keyword>
								<Keyword>rem</Keyword>
							</KeywordAnnotation>
						</TextAnnotation>
						<TextAnnotation confidence="0.5" relevance="0.3"
							xml:lang="de">
							<KeywordAnnotation>
								<Keyword>Consolidation</Keyword>
								<Keyword>Facilitate</Keyword>
								<Keyword>Many</Keyword>
								<Keyword>NEW</Keyword>
								<Keyword>New</Keyword>
								<Keyword>Physical</Keyword>
								<Keyword>The</Keyword>
								<Keyword>possibilities</Keyword>
								<Keyword>www</Keyword>
							</KeywordAnnotation>
						</TextAnnotation>
						<TextAnnotation confidence="0.5" relevance="0.2"
							xml:lang="de">
							<KeywordAnnotation>
								<Keyword>server</Keyword>
							</KeywordAnnotation>
						</TextAnnotation>
						<TextAnnotation confidence="0.5" relevance="0.0"
							xml:lang="de">
							<KeywordAnnotation>
								<Keyword>Au</Keyword>
								<Keyword>KS</Keyword>
								<Keyword>av</Keyword>
								<Keyword>bl</Keyword>
								<Keyword>in</Keyword>
								<Keyword>mm</Keyword>
								<Keyword>ny</Keyword>
								<Keyword>of</Keyword>
								<Keyword>wc</Keyword>
							</KeywordAnnotation>
						</TextAnnotation>
						<TextAnnotation confidence="0.0" relevance="0.4"
							xml:lang="de">
							<KeywordAnnotation>
								<Keyword>Aclune</Keyword>
								<Keyword>Cumputim</Keyword>
								<Keyword>Enable</Keyword>
								<Keyword>Lwds</Keyword>
								<Keyword>Pertodnonce</Keyword>
								<Keyword>Virtualization</Keyword>
								<Keyword>ompnexnaes</Keyword>
								<Keyword>u...am</Keyword>
							</KeywordAnnotation>
						</TextAnnotation>
						<TextAnnotation confidence="0.0" relevance="0.3"
							xml:lang="de">
							<KeywordAnnotation>
								<Keyword>KOd</Keyword>
								<Keyword>Sham</Keyword>
								<Keyword>mourogs</Keyword>
							</KeywordAnnotation>
						</TextAnnotation>
						<TextAnnotation confidence="0.0" relevance="0.2"
							xml:lang="de">
							<KeywordAnnotation>
								<Keyword>Elinimu</Keyword>
							</KeywordAnnotation>
						</TextAnnotation>
						<TextAnnotation confidence="0.0" relevance="0.0"
							xml:lang="de">
							<KeywordAnnotation>
								<Keyword>A</Keyword>
								<Keyword>H</Keyword>
								<Keyword>I</Keyword>
								<Keyword>i</Keyword>
								<Keyword>m</Keyword>
								<Keyword>p</Keyword>
								<Keyword>v</Keyword>
								<Keyword>w</Keyword>
							</KeywordAnnotation>
						</TextAnnotation>
					</AudioVisualSegment>
					<AudioVisualSegment id="track-1.segment-14">
						<mediaTime>
							<mediaRelTimePoint>T00:07:37:0F1000</mediaRelTimePoint>
							<mediaDuration>PT01M03S0N1000F</mediaDuration>
						</mediaTime>
						<TextAnnotation confidence="0.5" relevance="0.4"
							xml:lang="de">
							<KeywordAnnotation>
								<Keyword>Cloud</Keyword>
								<Keyword>Computing</Keyword>
								<Keyword>Many</Keyword>
								<Keyword>and</Keyword>
								<Keyword>mae</Keyword>
								<Keyword>www</Keyword>
							</KeywordAnnotation>
						</TextAnnotation>
						<TextAnnotation confidence="0.5" relevance="0.3"
							xml:lang="de">
							<KeywordAnnotation>
								<Keyword>Facilitate</Keyword>
								<Keyword>Improve</Keyword>
								<Keyword>NEW</Keyword>
								<Keyword>Service</Keyword>
								<Keyword>The</Keyword>
								<Keyword>mum</Keyword>
							</KeywordAnnotation>
						</TextAnnotation>
						<TextAnnotation confidence="0.5" relevance="0.0"
							xml:lang="de">
							<KeywordAnnotation>
								<Keyword>EQ</Keyword>
								<Keyword>es</Keyword>
								<Keyword>im</Keyword>
								<Keyword>ma</Keyword>
								<Keyword>mm</Keyword>
								<Keyword>mw</Keyword>
								<Keyword>ou</Keyword>
								<Keyword>sr</Keyword>
								<Keyword>we</Keyword>
							</KeywordAnnotation>
						</TextAnnotation>
						<TextAnnotation confidence="0.0" relevance="0.4"
							xml:lang="de">
							<KeywordAnnotation>
								<Keyword>Benetits</Keyword>
								<Keyword>Enable</Keyword>
								<Keyword>Hblkb</Keyword>
								<Keyword>nmwmpnexgnaes</Keyword>
								<Keyword>ofvirtualization</Keyword>
								<Keyword>pcss</Keyword>
								<Keyword>uawms</Keyword>
							</KeywordAnnotation>
						</TextAnnotation>
						<TextAnnotation confidence="0.0" relevance="0.3"
							xml:lang="de">
							<KeywordAnnotation>
								<Keyword>Aclune</Keyword>
								<Keyword>Cnnsuhumucn</Keyword>
								<Keyword>Lwah</Keyword>
								<Keyword>Physlcal</Keyword>
								<Keyword>Pmorhance</Keyword>
								<Keyword>Srnr</Keyword>
								<Keyword>axpandahit</Keyword>
								<Keyword>dbnyttvdtbb</Keyword>
								<Keyword>nnnummnwmmhummmuuuh</Keyword>
								<Keyword>rthabilly</Keyword>
							</KeywordAnnotation>
						</TextAnnotation>
						<TextAnnotation confidence="0.0" relevance="0.0"
							xml:lang="de">
							<KeywordAnnotation>
								<Keyword>-</Keyword>
								<Keyword>--</Keyword>
								<Keyword>H</Keyword>
								<Keyword>L</Keyword>
								<Keyword>b</Keyword>
								<Keyword>c</Keyword>
								<Keyword>i</Keyword>
								<Keyword>m</Keyword>
								<Keyword>q</Keyword>
								<Keyword>r</Keyword>
								<Keyword>s</Keyword>
								<Keyword>t</Keyword>
								<Keyword>v</Keyword>
								<Keyword>w</Keyword>
							</KeywordAnnotation>
						</TextAnnotation>
					</AudioVisualSegment>
					<AudioVisualSegment id="track-1.segment-15">
						<mediaTime>
							<mediaRelTimePoint>T00:08:40:0F1000</mediaRelTimePoint>
							<mediaDuration>PT20S0N1000F</mediaDuration>
						</mediaTime>
						<TextAnnotation confidence="0.5" relevance="0.0"
							xml:lang="de">
							<KeywordAnnotation>
								<Keyword>mm</Keyword>
								<Keyword>na</Keyword>
							</KeywordAnnotation>
						</TextAnnotation>
						<TextAnnotation confidence="0.0" relevance="0.4"
							xml:lang="de">
							<KeywordAnnotation>
								<Keyword>udmnurmcs</Keyword>
							</KeywordAnnotation>
						</TextAnnotation>
						<TextAnnotation confidence="0.0" relevance="0.0"
							xml:lang="de">
							<KeywordAnnotation>
								<Keyword>-</Keyword>
								<Keyword>I</Keyword>
								<Keyword>V</Keyword>
								<Keyword>g</Keyword>
								<Keyword>m</Keyword>
								<Keyword>v</Keyword>
							</KeywordAnnotation>
						</TextAnnotation>
					</AudioVisualSegment>
					<AudioVisualSegment id="track-1.segment-16">
						<mediaTime>
							<mediaRelTimePoint>T00:09:00:0F1000</mediaRelTimePoint>
							<mediaDuration>PT22S0N1000F</mediaDuration>
						</mediaTime>
						<TextAnnotation confidence="0.5" relevance="0.0"
							xml:lang="de">
							<KeywordAnnotation>
								<Keyword>gm</Keyword>
							</KeywordAnnotation>
						</TextAnnotation>
						<TextAnnotation confidence="0.0" relevance="0.3"
							xml:lang="de">
							<KeywordAnnotation>
								<Keyword>smc-</Keyword>
							</KeywordAnnotation>
						</TextAnnotation>
						<TextAnnotation confidence="0.0" relevance="0.0"
							xml:lang="de">
							<KeywordAnnotation>
								<Keyword>-</Keyword>
								<Keyword>I</Keyword>
								<Keyword>J</Keyword>
								<Keyword>Q</Keyword>
								<Keyword>e</Keyword>
								<Keyword>i</Keyword>
								<Keyword>m</Keyword>
								<Keyword>n</Keyword>
								<Keyword>o</Keyword>
							</KeywordAnnotation>
						</TextAnnotation>
					</AudioVisualSegment>
					<AudioVisualSegment id="track-1.segment-17">
						<mediaTime>
							<mediaRelTimePoint>T00:09:22:0F1000</mediaRelTimePoint>
							<mediaDuration>PT50S0N1000F</mediaDuration>
						</mediaTime>
						<TextAnnotation confidence="0.5" relevance="0.0"
							xml:lang="de">
							<KeywordAnnotation>
								<Keyword>MM</Keyword>
								<Keyword>mv</Keyword>
							</KeywordAnnotation>
						</TextAnnotation>
						<TextAnnotation confidence="0.0" relevance="0.4"
							xml:lang="de">
							<KeywordAnnotation>
								<Keyword>unuvmcs</Keyword>
							</KeywordAnnotation>
						</TextAnnotation>
						<TextAnnotation confidence="0.0" relevance="0.2"
							xml:lang="de">
							<KeywordAnnotation>
								<Keyword>vnu</Keyword>
								<Keyword>wmlnnu</Keyword>
							</KeywordAnnotation>
						</TextAnnotation>
						<TextAnnotation confidence="0.0" relevance="0.0"
							xml:lang="de">
							<KeywordAnnotation>
								<Keyword>-</Keyword>
								<Keyword>I</Keyword>
								<Keyword>V</Keyword>
								<Keyword>i</Keyword>
								<Keyword>m</Keyword>
							</KeywordAnnotation>
						</TextAnnotation>
					</AudioVisualSegment>
					<AudioVisualSegment id="track-1.segment-18">
						<mediaTime>
							<mediaRelTimePoint>T00:10:12:0F1000</mediaRelTimePoint>
							<mediaDuration>PT40S0N1000F</mediaDuration>
						</mediaTime>
						<TextAnnotation confidence="0.5" relevance="0.3"
							xml:lang="de">
							<KeywordAnnotation>
								<Keyword>Innovation</Keyword>
								<Keyword>and</Keyword>
								<Keyword>luna</Keyword>
								<Keyword>www</Keyword>
							</KeywordAnnotation>
						</TextAnnotation>
						<TextAnnotation confidence="0.5" relevance="0.0"
							xml:lang="de">
							<KeywordAnnotation>
								<Keyword>IT</Keyword>
								<Keyword>UM</Keyword>
								<Keyword>Vr</Keyword>
								<Keyword>cm</Keyword>
								<Keyword>np</Keyword>
							</KeywordAnnotation>
						</TextAnnotation>
						<TextAnnotation confidence="0.0" relevance="0.3"
							xml:lang="de">
							<KeywordAnnotation>
								<Keyword>IINNIG</Keyword>
								<Keyword>Inman</Keyword>
								<Keyword>Qpndh</Keyword>
								<Keyword>thod</Keyword>
								<Keyword>uornnm</Keyword>
							</KeywordAnnotation>
						</TextAnnotation>
						<TextAnnotation confidence="0.0" relevance="0.0"
							xml:lang="de">
							<KeywordAnnotation>
								<Keyword>I</Keyword>
								<Keyword>N</Keyword>
								<Keyword>Q</Keyword>
								<Keyword>X</Keyword>
								<Keyword>b</Keyword>
								<Keyword>g</Keyword>
								<Keyword>l</Keyword>
								<Keyword>n</Keyword>
								<Keyword>p</Keyword>
								<Keyword>w</Keyword>
							</KeywordAnnotation>
						</TextAnnotation>
					</AudioVisualSegment>
					<AudioVisualSegment id="track-1.segment-19">
						<mediaTime>
							<mediaRelTimePoint>T00:10:52:0F1000</mediaRelTimePoint>
							<mediaDuration>PT35S0N1000F</mediaDuration>
						</mediaTime>
						<TextAnnotation confidence="0.5" relevance="0.3"
							xml:lang="en">
							<KeywordAnnotation>
								<Keyword>and</Keyword>
							</KeywordAnnotation>
						</TextAnnotation>
						<TextAnnotation confidence="0.5" relevance="0.0"
							xml:lang="en">
							<KeywordAnnotation>
								<Keyword>IT</Keyword>
								<Keyword>th</Keyword>
							</KeywordAnnotation>
						</TextAnnotation>
						<TextAnnotation confidence="0.0" relevance="0.3"
							xml:lang="en">
							<KeywordAnnotation>
								<Keyword>Imcvatlonz</Keyword>
							</KeywordAnnotation>
						</TextAnnotation>
						<TextAnnotation confidence="0.0" relevance="0.2"
							xml:lang="en">
							<KeywordAnnotation>
								<Keyword>IVMVN</Keyword>
							</KeywordAnnotation>
						</TextAnnotation>
						<TextAnnotation confidence="0.0" relevance="0.0"
							xml:lang="en">
							<KeywordAnnotation>
								<Keyword>I</Keyword>
								<Keyword>N</Keyword>
								<Keyword>b</Keyword>
								<Keyword>d</Keyword>
								<Keyword>w</Keyword>
							</KeywordAnnotation>
						</TextAnnotation>
					</AudioVisualSegment>
					<AudioVisualSegment id="track-1.segment-20">
						<mediaTime>
							<mediaRelTimePoint>T00:11:27:0F1000</mediaRelTimePoint>
							<mediaDuration>PT21S0N1000F</mediaDuration>
						</mediaTime>
						<TextAnnotation confidence="0.5" relevance="0.4"
							xml:lang="en">
							<KeywordAnnotation>
								<Keyword>Landscape</Keyword>
								<Keyword>Old</Keyword>
							</KeywordAnnotation>
						</TextAnnotation>
						<TextAnnotation confidence="0.5" relevance="0.3"
							xml:lang="en">
							<KeywordAnnotation>
								<Keyword>Concrete</Keyword>
								<Keyword>EVOLVING</Keyword>
								<Keyword>Perimeter</Keyword>
								<Keyword>TECHNOLOGIES</Keyword>
								<Keyword>The</Keyword>
								<Keyword>Traditional</Keyword>
								<Keyword>defense</Keyword>
								<Keyword>easier</Keyword>
								<Keyword>easy</Keyword>
								<Keyword>king</Keyword>
								<Keyword>protect</Keyword>
								<Keyword>that</Keyword>
								<Keyword>understand</Keyword>
								<Keyword>very</Keyword>
								<Keyword>was</Keyword>
								<Keyword>were</Keyword>
							</KeywordAnnotation>
						</TextAnnotation>
						<TextAnnotation confidence="0.5" relevance="0.0"
							xml:lang="en">
							<KeywordAnnotation>
								<Keyword>of</Keyword>
								<Keyword>to</Keyword>
							</KeywordAnnotation>
						</TextAnnotation>
						<TextAnnotation confidence="0.0" relevance="0.3"
							xml:lang="en">
							<KeywordAnnotation>
								<Keyword>Appnmw</Keyword>
								<Keyword>Infrastmcturc</Keyword>
								<Keyword>Sccurhy</Keyword>
								<Keyword>eriies</Keyword>
								<Keyword>mmnnxvmy</Keyword>
								<Keyword>well-deined</Keyword>
							</KeywordAnnotation>
						</TextAnnotation>
						<TextAnnotation confidence="0.0" relevance="0.0"
							xml:lang="en">
							<KeywordAnnotation>
								<Keyword>-</Keyword>
								<Keyword>QQ</Keyword>
								<Keyword>s</Keyword>
							</KeywordAnnotation>
						</TextAnnotation>
					</AudioVisualSegment>
					<AudioVisualSegment id="track-1.segment-21">
						<mediaTime>
							<mediaRelTimePoint>T00:11:48:0F1000</mediaRelTimePoint>
							<mediaDuration>PT21S0N1000F</mediaDuration>
						</mediaTime>
						<TextAnnotation confidence="0.5" relevance="0.4"
							xml:lang="en">
							<KeywordAnnotation>
								<Keyword>Landscape</Keyword>
								<Keyword>Today</Keyword>
							</KeywordAnnotation>
						</TextAnnotation>
						<TextAnnotation confidence="0.5" relevance="0.3"
							xml:lang="en">
							<KeywordAnnotation>
								<Keyword>Changing</Keyword>
								<Keyword>EVOLVING</Keyword>
								<Keyword>Security</Keyword>
								<Keyword>TECHNOLOGIES</Keyword>
								<Keyword>aDP</Keyword>
								<Keyword>and</Keyword>
								<Keyword>defenses</Keyword>
								<Keyword>has</Keyword>
								<Keyword>interface</Keyword>
								<Keyword>less</Keyword>
								<Keyword>mgm</Keyword>
								<Keyword>more</Keyword>
								<Keyword>web</Keyword>
							</KeywordAnnotation>
						</TextAnnotation>
						<TextAnnotation confidence="0.5" relevance="0.0"
							xml:lang="en">
							<KeywordAnnotation>
								<Keyword>ab</Keyword>
								<Keyword>is</Keyword>
								<Keyword>no</Keyword>
								<Keyword>of</Keyword>
							</KeywordAnnotation>
						</TextAnnotation>
						<TextAnnotation confidence="0.0" relevance="0.3"
							xml:lang="en">
							<KeywordAnnotation>
								<Keyword>Everyhng</Keyword>
								<Keyword>Onger</Keyword>
								<Keyword>Tradttionai</Keyword>
								<Keyword>ddned</Keyword>
								<Keyword>hfrastructurs</Keyword>
								<Keyword>mepwue</Keyword>
								<Keyword>mtract</Keyword>
							</KeywordAnnotation>
						</TextAnnotation>
						<TextAnnotation confidence="0.0" relevance="0.0"
							xml:lang="en">
							<KeywordAnnotation>
								<Keyword>A</Keyword>
								<Keyword>E</Keyword>
								<Keyword>H</Keyword>
								<Keyword>I</Keyword>
								<Keyword>Y</Keyword>
								<Keyword>a</Keyword>
								<Keyword>r</Keyword>
								<Keyword>s</Keyword>
								<Keyword>v</Keyword>
							</KeywordAnnotation>
						</TextAnnotation>
					</AudioVisualSegment>
					<AudioVisualSegment id="track-1.segment-22">
						<mediaTime>
							<mediaRelTimePoint>T00:12:09:0F1000</mediaRelTimePoint>
							<mediaDuration>PT29S0N1000F</mediaDuration>
						</mediaTime>
						<TextAnnotation confidence="0.5" relevance="0.4"
							xml:lang="en">
							<KeywordAnnotation>
								<Keyword>Landscape</Keyword>
								<Keyword>Today</Keyword>
							</KeywordAnnotation>
						</TextAnnotation>
						<TextAnnotation confidence="0.5" relevance="0.3"
							xml:lang="en">
							<KeywordAnnotation>
								<Keyword>Agnus</Keyword>
								<Keyword>Changing</Keyword>
								<Keyword>EVOLVING</Keyword>
								<Keyword>Security</Keyword>
								<Keyword>TECHNOLOGIES</Keyword>
								<Keyword>Traditional</Keyword>
								<Keyword>aDP</Keyword>
								<Keyword>and</Keyword>
								<Keyword>defenses</Keyword>
								<Keyword>has</Keyword>
								<Keyword>less</Keyword>
								<Keyword>may</Keyword>
								<Keyword>more</Keyword>
								<Keyword>web</Keyword>
							</KeywordAnnotation>
						</TextAnnotation>
						<TextAnnotation confidence="0.5" relevance="0.0"
							xml:lang="en">
							<KeywordAnnotation>
								<Keyword>is</Keyword>
								<Keyword>me</Keyword>
								<Keyword>no</Keyword>
								<Keyword>of</Keyword>
							</KeywordAnnotation>
						</TextAnnotation>
						<TextAnnotation confidence="0.0" relevance="0.4"
							xml:lang="en">
							<KeywordAnnotation>
								<Keyword>ampume</Keyword>
								<Keyword>rmgm</Keyword>
							</KeywordAnnotation>
						</TextAnnotation>
						<TextAnnotation confidence="0.0" relevance="0.3"
							xml:lang="en">
							<KeywordAnnotation>
								<Keyword>Everyming</Keyword>
								<Keyword>Mtract</Keyword>
								<Keyword>cIhey</Keyword>
								<Keyword>deined</Keyword>
								<Keyword>hfrastructurs</Keyword>
								<Keyword>interfave</Keyword>
								<Keyword>mnger</Keyword>
							</KeywordAnnotation>
						</TextAnnotation>
						<TextAnnotation confidence="0.0" relevance="0.0"
							xml:lang="en">
							<KeywordAnnotation>
								<Keyword>-</Keyword>
								<Keyword>A</Keyword>
								<Keyword>E</Keyword>
								<Keyword>I</Keyword>
								<Keyword>Q</Keyword>
								<Keyword>Y</Keyword>
								<Keyword>a</Keyword>
								<Keyword>n</Keyword>
								<Keyword>xm</Keyword>
							</KeywordAnnotation>
						</TextAnnotation>
					</AudioVisualSegment>
					<AudioVisualSegment id="track-1.segment-23">
						<mediaTime>
							<mediaRelTimePoint>T00:12:38:0F1000</mediaRelTimePoint>
							<mediaDuration>PT54S0N1000F</mediaDuration>
						</mediaTime>
						<TextAnnotation confidence="0.0" relevance="0.0"
							xml:lang="en">
							<KeywordAnnotation>
								<Keyword>Q</Keyword>
							</KeywordAnnotation>
						</TextAnnotation>
					</AudioVisualSegment>
					<AudioVisualSegment id="track-1.segment-24">
						<mediaTime>
							<mediaRelTimePoint>T00:13:32:0F1000</mediaRelTimePoint>
							<mediaDuration>PT27S0N1000F</mediaDuration>
						</mediaTime>
						<TextAnnotation confidence="0.0" relevance="0.1"
							xml:lang="en">
							<KeywordAnnotation>
								<Keyword>QQQ</Keyword>
							</KeywordAnnotation>
						</TextAnnotation>
					</AudioVisualSegment>
					<AudioVisualSegment id="track-1.segment-25">
						<mediaTime>
							<mediaRelTimePoint>T00:13:59:0F1000</mediaRelTimePoint>
							<mediaDuration>PT15S0N1000F</mediaDuration>
						</mediaTime>
						<TextAnnotation confidence="0.0" relevance="0.0"
							xml:lang="en">
							<KeywordAnnotation>
								<Keyword>I</Keyword>
								<Keyword>J</Keyword>
								<Keyword>K</Keyword>
								<Keyword>V</Keyword>
							</KeywordAnnotation>
						</TextAnnotation>
					</AudioVisualSegment>
					<AudioVisualSegment id="track-1.segment-26">
						<mediaTime>
							<mediaRelTimePoint>T00:14:14:0F1000</mediaRelTimePoint>
							<mediaDuration>PT22S0N1000F</mediaDuration>
						</mediaTime>
						<TextAnnotation confidence="0.0" relevance="0.0"
							xml:lang="en">
							<KeywordAnnotation>
								<Keyword>E</Keyword>
								<Keyword>I</Keyword>
							</KeywordAnnotation>
						</TextAnnotation>
					</AudioVisualSegment>
					<AudioVisualSegment id="track-1.segment-27">
						<mediaTime>
							<mediaRelTimePoint>T00:14:36:0F1000</mediaRelTimePoint>
							<mediaDuration>PT43S0N1000F</mediaDuration>
						</mediaTime>
						<TextAnnotation confidence="0.5" relevance="0.3"
							xml:lang="en">
							<KeywordAnnotation>
								<Keyword>Hosts</Keyword>
							</KeywordAnnotation>
						</TextAnnotation>
						<TextAnnotation confidence="0.5" relevance="0.2"
							xml:lang="en">
							<KeywordAnnotation>
								<Keyword>Hosts</Keyword>
							</KeywordAnnotation>
						</TextAnnotation>
						<TextAnnotation confidence="0.0" relevance="0.4"
							xml:lang="en">
							<KeywordAnnotation>
								<Keyword>Vimm</Keyword>
								<Keyword>imvlicrn</Keyword>
							</KeywordAnnotation>
						</TextAnnotation>
						<TextAnnotation confidence="0.0" relevance="0.3"
							xml:lang="en">
							<KeywordAnnotation>
								<Keyword>IOS</Keyword>
							</KeywordAnnotation>
						</TextAnnotation>
						<TextAnnotation confidence="0.0" relevance="0.0"
							xml:lang="en">
							<KeywordAnnotation>
								<Keyword>-</Keyword>
								<Keyword>H</Keyword>
							</KeywordAnnotation>
						</TextAnnotation>
					</AudioVisualSegment>
					<AudioVisualSegment id="track-1.segment-28">
						<mediaTime>
							<mediaRelTimePoint>T00:15:19:0F1000</mediaRelTimePoint>
							<mediaDuration>PT21S0N1000F</mediaDuration>
						</mediaTime>
						<TextAnnotation confidence="0.5" relevance="0.4"
							xml:lang="en">
							<KeywordAnnotation>
								<Keyword>Cloud</Keyword>
								<Keyword>single</Keyword>
								<Keyword>the</Keyword>
								<Keyword>web</Keyword>
							</KeywordAnnotation>
						</TextAnnotation>
						<TextAnnotation confidence="0.5" relevance="0.0"
							xml:lang="en">
							<KeywordAnnotation>
								<Keyword>In</Keyword>
							</KeywordAnnotation>
						</TextAnnotation>
						<TextAnnotation confidence="0.0" relevance="0.0"
							xml:lang="en">
							<KeywordAnnotation>
								<Keyword>a</Keyword>
							</KeywordAnnotation>
						</TextAnnotation>
					</AudioVisualSegment>
					<AudioVisualSegment id="track-1.segment-29">
						<mediaTime>
							<mediaRelTimePoint>T00:15:40:0F1000</mediaRelTimePoint>
							<mediaDuration>PT28S0N1000F</mediaDuration>
						</mediaTime>
						<TextAnnotation confidence="0.5" relevance="0.4"
							xml:lang="en">
							<KeywordAnnotation>
								<Keyword>Cloud</Keyword>
								<Keyword>single</Keyword>
								<Keyword>the</Keyword>
							</KeywordAnnotation>
						</TextAnnotation>
						<TextAnnotation confidence="0.5" relevance="0.0"
							xml:lang="en">
							<KeywordAnnotation>
								<Keyword>In</Keyword>
							</KeywordAnnotation>
						</TextAnnotation>
						<TextAnnotation confidence="0.0" relevance="0.4"
							xml:lang="en">
							<KeywordAnnotation>
								<Keyword>wcb</Keyword>
							</KeywordAnnotation>
						</TextAnnotation>
						<TextAnnotation confidence="0.0" relevance="0.0"
							xml:lang="en">
							<KeywordAnnotation>
								<Keyword>a</Keyword>
							</KeywordAnnotation>
						</TextAnnotation>
					</AudioVisualSegment>
					<AudioVisualSegment id="track-1.segment-30">
						<mediaTime>
							<mediaRelTimePoint>T00:16:08:0F1000</mediaRelTimePoint>
							<mediaDuration>PT23S0N1000F</mediaDuration>
						</mediaTime>
						<TextAnnotation confidence="0.5" relevance="0.1"
							xml:lang="de">
							<KeywordAnnotation>
								<Keyword>static</Keyword>
								<Keyword>was</Keyword>
							</KeywordAnnotation>
						</TextAnnotation>
						<TextAnnotation confidence="0.5" relevance="0.0"
							xml:lang="de">
							<KeywordAnnotation>
								<Keyword>me</Keyword>
								<Keyword>om</Keyword>
							</KeywordAnnotation>
						</TextAnnotation>
						<TextAnnotation confidence="0.0" relevance="0.1"
							xml:lang="de">
							<KeywordAnnotation>
								<Keyword>pennmr</Keyword>
							</KeywordAnnotation>
						</TextAnnotation>
					</AudioVisualSegment>
					<AudioVisualSegment id="track-1.segment-31">
						<mediaTime>
							<mediaRelTimePoint>T00:16:31:0F1000</mediaRelTimePoint>
							<mediaDuration>PT37S0N1000F</mediaDuration>
						</mediaTime>
						<TextAnnotation confidence="0.5" relevance="0.1"
							xml:lang="en">
							<KeywordAnnotation>
								<Keyword>The</Keyword>
								<Keyword>new</Keyword>
							</KeywordAnnotation>
						</TextAnnotation>
						<TextAnnotation confidence="0.5" relevance="0.0"
							xml:lang="en">
							<KeywordAnnotation>
								<Keyword>is</Keyword>
							</KeywordAnnotation>
						</TextAnnotation>
						<TextAnnotation confidence="0.0" relevance="0.1"
							xml:lang="en">
							<KeywordAnnotation>
								<Keyword>dylI3miC</Keyword>
								<Keyword>pcrinueler</Keyword>
							</KeywordAnnotation>
						</TextAnnotation>
						<TextAnnotation confidence="0.0" relevance="0.0"
							xml:lang="en">
							<KeywordAnnotation>
								<Keyword>I</Keyword>
							</KeywordAnnotation>
						</TextAnnotation>
					</AudioVisualSegment>
					<AudioVisualSegment id="track-1.segment-32">
						<mediaTime>
							<mediaRelTimePoint>T00:17:08:0F1000</mediaRelTimePoint>
							<mediaDuration>PT01M04S0N1000F</mediaDuration>
						</mediaTime>
						<TextAnnotation confidence="0.5" relevance="0.4"
							xml:lang="de">
							<KeywordAnnotation>
								<Keyword>ill</Keyword>
							</KeywordAnnotation>
						</TextAnnotation>
						<TextAnnotation confidence="0.5" relevance="0.0"
							xml:lang="de">
							<KeywordAnnotation>
								<Keyword>IA</Keyword>
								<Keyword>JW</Keyword>
								<Keyword>lj</Keyword>
							</KeywordAnnotation>
						</TextAnnotation>
						<TextAnnotation confidence="0.0" relevance="0.0"
							xml:lang="de">
							<KeywordAnnotation>
								<Keyword>L</Keyword>
								<Keyword>l</Keyword>
							</KeywordAnnotation>
						</TextAnnotation>
					</AudioVisualSegment>
					<AudioVisualSegment id="track-1.segment-33">
						<mediaTime>
							<mediaRelTimePoint>T00:18:12:0F1000</mediaRelTimePoint>
							<mediaDuration>PT41S0N1000F</mediaDuration>
						</mediaTime>
						<TextAnnotation confidence="0.5" relevance="0.0"
							xml:lang="de">
							<KeywordAnnotation>
								<Keyword>IF</Keyword>
								<Keyword>UE</Keyword>
								<Keyword>ga</Keyword>
								<Keyword>if</Keyword>
								<Keyword>il</Keyword>
								<Keyword>km</Keyword>
							</KeywordAnnotation>
						</TextAnnotation>
						<TextAnnotation confidence="0.0" relevance="0.3"
							xml:lang="de">
							<KeywordAnnotation>
								<Keyword>IIN</Keyword>
								<Keyword>olng</Keyword>
							</KeywordAnnotation>
						</TextAnnotation>
						<TextAnnotation confidence="0.0" relevance="0.0"
							xml:lang="de">
							<KeywordAnnotation>
								<Keyword>B-</Keyword>
								<Keyword>H</Keyword>
								<Keyword>I</Keyword>
								<Keyword>g</Keyword>
								<Keyword>i</Keyword>
								<Keyword>l</Keyword>
							</KeywordAnnotation>
						</TextAnnotation>
					</AudioVisualSegment>
					<AudioVisualSegment id="track-1.segment-34">
						<mediaTime>
							<mediaRelTimePoint>T00:18:53:0F1000</mediaRelTimePoint>
							<mediaDuration>PT16S0N1000F</mediaDuration>
						</mediaTime>
						<TextAnnotation confidence="0.5" relevance="0.2"
							xml:lang="de">
							<KeywordAnnotation>
								<Keyword>nut</Keyword>
							</KeywordAnnotation>
						</TextAnnotation>
						<TextAnnotation confidence="0.0" relevance="0.2"
							xml:lang="de">
							<KeywordAnnotation>
								<Keyword>ivcunnu-</Keyword>
							</KeywordAnnotation>
						</TextAnnotation>
						<TextAnnotation confidence="0.0" relevance="0.0"
							xml:lang="de">
							<KeywordAnnotation>
								<Keyword>E</Keyword>
								<Keyword>F</Keyword>
								<Keyword>I</Keyword>
								<Keyword>a</Keyword>
							</KeywordAnnotation>
						</TextAnnotation>
					</AudioVisualSegment>
					<AudioVisualSegment id="track-1.segment-35">
						<mediaTime>
							<mediaRelTimePoint>T00:19:09:0F1000</mediaRelTimePoint>
							<mediaDuration>PT22S0N1000F</mediaDuration>
						</mediaTime>
					</AudioVisualSegment>
					<AudioVisualSegment id="track-1.segment-36">
						<mediaTime>
							<mediaRelTimePoint>T00:19:31:0F1000</mediaRelTimePoint>
							<mediaDuration>PT01M14S0N1000F</mediaDuration>
						</mediaTime>
					</AudioVisualSegment>
					<AudioVisualSegment id="track-1.segment-37">
						<mediaTime>
							<mediaRelTimePoint>T00:20:45:0F1000</mediaRelTimePoint>
							<mediaDuration>PT22S0N1000F</mediaDuration>
						</mediaTime>
						<TextAnnotation confidence="0.5" relevance="0.4"
							xml:lang="de">
							<KeywordAnnotation>
								<Keyword>hmm</Keyword>
							</KeywordAnnotation>
						</TextAnnotation>
						<TextAnnotation confidence="0.5" relevance="0.0"
							xml:lang="de">
							<KeywordAnnotation>
								<Keyword>Ll</Keyword>
							</KeywordAnnotation>
						</TextAnnotation>
						<TextAnnotation confidence="0.0" relevance="0.4"
							xml:lang="de">
							<KeywordAnnotation>
								<Keyword>tnnrsmm</Keyword>
							</KeywordAnnotation>
						</TextAnnotation>
						<TextAnnotation confidence="0.0" relevance="0.3"
							xml:lang="de">
							<KeywordAnnotation>
								<Keyword>mnucmm</Keyword>
							</KeywordAnnotation>
						</TextAnnotation>
						<TextAnnotation confidence="0.0" relevance="0.0"
							xml:lang="de">
							<KeywordAnnotation>
								<Keyword>I</Keyword>
							</KeywordAnnotation>
						</TextAnnotation>
					</AudioVisualSegment>
					<AudioVisualSegment id="track-1.segment-38">
						<mediaTime>
							<mediaRelTimePoint>T00:21:07:0F1000</mediaRelTimePoint>
							<mediaDuration>PT27S0N1000F</mediaDuration>
						</mediaTime>
						<TextAnnotation confidence="0.5" relevance="0.0"
							xml:lang="de">
							<KeywordAnnotation>
								<Keyword>LI</Keyword>
							</KeywordAnnotation>
						</TextAnnotation>
						<TextAnnotation confidence="0.0" relevance="0.0"
							xml:lang="de">
							<KeywordAnnotation>
								<Keyword>i</Keyword>
							</KeywordAnnotation>
						</TextAnnotation>
					</AudioVisualSegment>
					<AudioVisualSegment id="track-1.segment-39">
						<mediaTime>
							<mediaRelTimePoint>T00:21:34:0F1000</mediaRelTimePoint>
							<mediaDuration>PT34S0N1000F</mediaDuration>
						</mediaTime>
						<TextAnnotation confidence="0.5" relevance="0.0"
							xml:lang="de">
							<KeywordAnnotation>
								<Keyword>Ya</Keyword>
							</KeywordAnnotation>
						</TextAnnotation>
						<TextAnnotation confidence="0.0" relevance="0.3"
							xml:lang="de">
							<KeywordAnnotation>
								<Keyword>BQV</Keyword>
								<Keyword>nmanncupsummmuumu</Keyword>
							</KeywordAnnotation>
						</TextAnnotation>
						<TextAnnotation confidence="0.0" relevance="0.0"
							xml:lang="de">
							<KeywordAnnotation>
								<Keyword>-</Keyword>
								<Keyword>A</Keyword>
								<Keyword>E</Keyword>
								<Keyword>I</Keyword>
								<Keyword>Q</Keyword>
								<Keyword>Qy</Keyword>
								<Keyword>V</Keyword>
							</KeywordAnnotation>
						</TextAnnotation>
					</AudioVisualSegment>
					<AudioVisualSegment id="track-1.segment-40">
						<mediaTime>
							<mediaRelTimePoint>T00:22:08:0F1000</mediaRelTimePoint>
							<mediaDuration>PT02M27S0N1000F</mediaDuration>
						</mediaTime>
						<TextAnnotation confidence="0.5" relevance="0.2"
							xml:lang="de">
							<KeywordAnnotation>
								<Keyword>MORE</Keyword>
							</KeywordAnnotation>
						</TextAnnotation>
						<TextAnnotation confidence="0.5" relevance="0.0"
							xml:lang="de">
							<KeywordAnnotation>
								<Keyword>Mm</Keyword>
							</KeywordAnnotation>
						</TextAnnotation>
						<TextAnnotation confidence="0.0" relevance="0.3"
							xml:lang="de">
							<KeywordAnnotation>
								<Keyword>ITX</Keyword>
							</KeywordAnnotation>
						</TextAnnotation>
						<TextAnnotation confidence="0.0" relevance="0.2"
							xml:lang="de">
							<KeywordAnnotation>
								<Keyword>CGAPONENTS</Keyword>
								<Keyword>ENOSJRE</Keyword>
								<Keyword>MRE</Keyword>
							</KeywordAnnotation>
						</TextAnnotation>
						<TextAnnotation confidence="0.0" relevance="0.0"
							xml:lang="de">
							<KeywordAnnotation>
								<Keyword>-</Keyword>
								<Keyword>--</Keyword>
								<Keyword>D</Keyword>
								<Keyword>I</Keyword>
								<Keyword>M</Keyword>
								<Keyword>Q</Keyword>
								<Keyword>Y</Keyword>
								<Keyword>i</Keyword>
								<Keyword>v</Keyword>
								<Keyword>w</Keyword>
							</KeywordAnnotation>
						</TextAnnotation>
					</AudioVisualSegment>
					<AudioVisualSegment id="track-1.segment-41">
						<mediaTime>
							<mediaRelTimePoint>T00:24:35:0F1000</mediaRelTimePoint>
							<mediaDuration>PT37M17S683N1000F</mediaDuration>
						</mediaTime>
						<TextAnnotation confidence="0.5" relevance="0.3"
							xml:lang="en">
							<KeywordAnnotation>
								<Keyword>Agent</Keyword>
								<Keyword>CPU</Keyword>
								<Keyword>Memory</Keyword>
								<Keyword>Minimize</Keyword>
								<Keyword>agent</Keyword>
								<Keyword>available</Keyword>
								<Keyword>context</Keyword>
								<Keyword>event</Keyword>
								<Keyword>events</Keyword>
								<Keyword>guest</Keyword>
								<Keyword>memory</Keyword>
								<Keyword>page</Keyword>
								<Keyword>pages</Keyword>
								<Keyword>reading</Keyword>
							</KeywordAnnotation>
						</TextAnnotation>
						<TextAnnotation confidence="0.5" relevance="0.2"
							xml:lang="en">
							<KeywordAnnotation>
								<Keyword>Protect</Keyword>
							</KeywordAnnotation>
						</TextAnnotation>
						<TextAnnotation confidence="0.5" relevance="0.0"
							xml:lang="en">
							<KeywordAnnotation>
								<Keyword>sP</Keyword>
							</KeywordAnnotation>
						</TextAnnotation>
						<TextAnnotation confidence="0.0" relevance="0.4"
							xml:lang="en">
							<KeywordAnnotation>
								<Keyword>Yrigganhassd</Keyword>
								<Keyword>zmmi</Keyword>
							</KeywordAnnotation>
						</TextAnnotation>
						<TextAnnotation confidence="0.0" relevance="0.3"
							xml:lang="en">
							<KeywordAnnotation>
								<Keyword>Inquest</Keyword>
								<Keyword>Introspcctior</Keyword>
								<Keyword>Sncurily</Keyword>
								<Keyword>VM-VM</Keyword>
								<Keyword>overhead</Keyword>
								<Keyword>uiggers</Keyword>
								<Keyword>ummny</Keyword>
								<Keyword>useless</Keyword>
							</KeywordAnnotation>
						</TextAnnotation>
						<TextAnnotation confidence="0.0" relevance="0.0"
							xml:lang="en">
							<KeywordAnnotation>
								<Keyword>-</Keyword>
								<Keyword>M</Keyword>
								<Keyword>R</Keyword>
							</KeywordAnnotation>
						</TextAnnotation>
					</AudioVisualSegment>
				</TemporalDecomposition>
			</AudioVisual>
		</MultimediaContent>
	</Description>
</Mpeg7>
