<?xml version="1.0" encoding="UTF-8"?>
<mediapackage duration="2578720" id="10.3930/ETHZ/AV-0f8f9008-6382-4a4f-9724-b0ad33160543">
<media>
<track id="track-1" type="engage/presenter">
    <url>http://downloads.opencastproject.org/media/car.flv</url>
    <mimetype>video/x-flv</mimetype>
    <checksum type="md5">7b3c7e8cc2cba2f5b7af4fd4224f3005</checksum>
</track>
<mimetype>video/quicktime</mimetype>
<checksum type="md5">2b7b41fc0f48321d4ec2087eac924e68</checksum>
<url>tracks/20091110_Etf_C1_Plattner_2nd_Hour_DV.mov</url>
<Duration>2578720</Duration>
<Audio id="stream-2">
<Encoder type="PCM"/>
<Channels>2</Channels>
<BitDepth>16</BitDepth>
<BitRate>1536000.0</BitRate>
</Audio>
<Video id="stream-1">
<Encoder type="Digital Video"/>
<Size>720x576</Size>
<BitRate>2151322.0</BitRate>
<FrameRate>25.0</FrameRate>
</Video>
</media>
<metadata>
<catalog id="catalog-2" type="metadata/dublincore">
<mimetype>text/xml</mimetype>
<checksum type="md5">aa6f441bf07d0f043e5079c317c09745</checksum>
<url>metadata/dublincore-e-20091110_Etf_C1_Plattner_2nd_Hour.xml</url>
</catalog>
<catalog id="catalog-1" ref="series:227-0577-00L-2009W" type="metadata/dublincore">
<mimetype>text/xml</mimetype>
<checksum type="md5">2747915821093bf1cd28fbba3f71bd52</checksum>
<url>metadata/dublincore-s-plattner.xml</url>
</catalog>
<catalog id="catalog-3" type="metadata/mpeg-7">
<mimetype>text/xml</mimetype>
<checksum type="md5">d41d8cd98f00b204e9800998ecf8427e</checksum>
<url>metadata/mpeg-76143573159131368151.xml</url>
</catalog>
</metadata>
<attachments>
    <attachment id="attachment-1" type="engage/cover">
        <url>http://downloads.opencastproject.org/media/engage-cover.jpg</url>
        <mimetype>image/jpeg</mimetype>
    </attachment>
    <attachment id="attachment-2" type="feed/cover">
        <url>http://downloads.opencastproject.org/media/feed-cover.jpg</url>
        <mimetype>image/jpeg</mimetype>
    </attachment>
</attachments>
</mediapackage>
