<?xml version="1.0" encoding="UTF-8"?>
<mediapackage duration="3611733" id="10.3930/ETHZ/AV-8e677830-197a-437e-b008-f2222aa536e0">
<media>
<track id="track-1" type="engage/presenter">
    <url>http://downloads.opencastproject.org/media/car.flv</url>
    <mimetype>video/x-flv</mimetype>
    <checksum type="md5">7b3c7e8cc2cba2f5b7af4fd4224f3005</checksum>
</track>
<mimetype>video/quicktime</mimetype>
<checksum type="md5">f08319c757073634917a89243e3c595f</checksum>
<url>tracks/20090910_zisc_talk05.mov</url>
<Duration>3611733</Duration>
<Audio id="stream-2">
<Encoder type="AAC"/>
<Channels>2</Channels>
<BitDepth>16</BitDepth>
<BitRate>256000.0</BitRate>
</Audio>
<Video id="stream-1">
<Encoder type="AVC"/>
<Size>1024x768</Size>
<ScanType type="Progressive"/>
<BitRate>1829810.0</BitRate>
<FrameRate>1.989</FrameRate>
</Video>
</media>
<metadata>
<catalog id="catalog-2" type="metadata/dublincore">
<mimetype>text/xml</mimetype>
<checksum type="md5">407869f58469154d67d66dbd77f64166</checksum>
<url>metadata/dublincore-e-talk05.xml</url>
</catalog>
<catalog id="catalog-1" ref="series:10.3930/ETHZ/AV-1cd38174-d51f-4222-8b50-f6116aaf9919" type="metadata/dublincore">
<mimetype>text/xml</mimetype>
<checksum type="md5">bbfe18027095d06cfe1afdd598060a0a</checksum>
<url>metadata/dublincore-s-00002.xml</url>
</catalog>
<catalog id="catalog-3" type="metadata/mpeg-7">
<mimetype>text/xml</mimetype>
<checksum type="md5">d41d8cd98f00b204e9800998ecf8427e</checksum>
<url>metadata/mpeg-77808187005033620951.xml</url>
</catalog>
</metadata>
<attachments>
    <attachment id="attachment-1" type="engage/cover">
        <url>http://downloads.opencastproject.org/media/engage-cover.jpg</url>
        <mimetype>image/jpeg</mimetype>
    </attachment>
    <attachment id="attachment-2" type="feed/cover">
        <url>http://downloads.opencastproject.org/media/feed-cover.jpg</url>
        <mimetype>image/jpeg</mimetype>
    </attachment>
</attachments>
</mediapackage>
