<?xml version="1.0" encoding="UTF-8"?>
<mediapackage>
	<media>
		<track id="track-1" type="presentation/engage">
			<url>tracks/movie.flv</url>
			<mimetype>video/x-flv</mimetype>
			<checksum type="md5">7b3c7e8cc2cba2f5b7af4fd4224f3005</checksum>
			<tags>
				<tag>engage</tag>
			</tags>
		</track>
	</media>
	<metadata>
		<catalog id="catalog-2" type="metadata/dublincore">
			<mimetype>text/xml</mimetype>
			<checksum type="md5">d3204d387ae0ef76fb819d7ec3d3adda</checksum>
			<url>metadata/dublincore-e-Fux_20091020.xml</url>
		</catalog>
		<catalog id="catalog-1" ref="series:851-0583-00L-2009W" type="metadata/dublincore">
			<mimetype>text/xml</mimetype>
			<checksum type="md5">6c422678a7cf6885dbad490421492a56</checksum>
			<url>metadata/dublincore-s-00005_Fux.xml</url>
		</catalog>
		<catalog id="catalog-3" type="segments/slides">
			<mimetype>text/xml</mimetype>
			<checksum type="md5">d41d8cd98f00b204e9800998ecf8427e</checksum>
			<url>metadata/mpeg-74462120765596830330.xml</url>
		</catalog>
	</metadata>
</mediapackage>
