<?xml version="1.0" encoding="UTF-8"?>
<metadata xmlns="http://www.opencastproject.org/xsd/1.0/dublincore/"
	xmlns:dcterms="http://purl.org/dc/terms/" xmlns:xsi="http://www.w3.org/2001/XMLSchema-instance">
	<dcterms:creator>Neuhaus, Markus</dcterms:creator>
	<dcterms:contributor xml:lang="de">Departement
		Management, Technologie und Ökonomie</dcterms:contributor>
	<dcterms:contributor xml:lang="en">Department of
		Management, Technology and Economics</dcterms:contributor>
	<dcterms:type>MovingImage/LectureRecording</dcterms:type>
	<dcterms:extent xsi:type="dcterms:ISO8601">PT1H40M40S</dcterms:extent>
	<dcterms:isPartOf>351-0723-00L-2009W</dcterms:isPartOf>
	<dcterms:license xml:lang="de">http://www.multimedia.ethz.ch/docs/haftungsausschluss/index</dcterms:license>
	<dcterms:license xml:lang="en">http://www.multimedia.ethz.ch/docs/disclaimer/index</dcterms:license>
	<dcterms:created xsi:type="dcterms:W3CDTF">2009-10-16</dcterms:created>
	<dcterms:temporal xsi:type="dcterms:Period">start=2009-10-16T06:00Z;
		end=2009-10-16T10:00Z; scheme=W3C-DTF;</dcterms:temporal>
	<dcterms:language>eng</dcterms:language>
	<dcterms:rightsHolder xml:lang="de">ETH Zürich, Schweiz</dcterms:rightsHolder>
	<dcterms:rightsHolder xml:lang="en">ETH Zurich,
		Switzerland</dcterms:rightsHolder>
	<dcterms:publisher xml:lang="de">ETH Zürich, ID-MMS;
		Schweiz</dcterms:publisher>
	<dcterms:publisher xml:lang="en">ETH Zurich, ITS-MMS;
		Switzerland</dcterms:publisher>
	<dcterms:spatial>HGE12</dcterms:spatial>
	<dcterms:spatial xml:lang="de">Zürich</dcterms:spatial>
	<dcterms:spatial xml:lang="en">Zurich</dcterms:spatial>
	<dcterms:issued xsi:type="dcterms:W3CDTF">2009-10-16</dcterms:issued>
	<dcterms:identifier>f9c0585a-7f08-4b5a-bc36-abf387d44d88</dcterms:identifier>
	<dcterms:title>Corporate Finance</dcterms:title>
</metadata>
