<?xml version="1.0" encoding="UTF-8"?>
<metadata xmlns="http://www.opencastproject.org/xsd/1.0/dublincore/"
	xmlns:dcterms="http://purl.org/dc/terms/" xmlns:xsi="http://www.w3.org/2001/XMLSchema-instance">
	<dcterms:creator>Plattner, Bernhard</dcterms:creator>
	<dcterms:creator>Dübendorfer, Thomas Peter</dcterms:creator>
	<dcterms:creator>Frei, Stefan</dcterms:creator>
	<dcterms:contributor xml:lang="de">Departement
		Informationstechnologie und Elektrotechnik</dcterms:contributor>
	<dcterms:contributor xml:lang="en">Department of
		Information Technology and Electrical Engineering</dcterms:contributor>
	<dcterms:type>Event/Lecture</dcterms:type>
	<dcterms:license xml:lang="de">http://www.multimedia.ethz.ch/docs/haftungsausschluss/index</dcterms:license>
	<dcterms:license xml:lang="en">http://www.multimedia.ethz.ch/docs/disclaimer/index</dcterms:license>
	<dcterms:available xsi:type="dcterms:W3CDTF">2009-09-23</dcterms:available>
	<dcterms:created xsi:type="dcterms:Period">start=2009-09-22T07:00Z;
		end=2009-12-15T09:00Z; scheme=W3C-DTF;</dcterms:created>
	<dcterms:temporal xsi:type="dcterms:Period">start=2009-09-22T07:00Z;
		end=2009-12-15T09:00Z; scheme=W3C-DTF;</dcterms:temporal>
	<dcterms:description>Risk management and the vulnerability lifecycle of
		software and networked services are discussed. Threats like denial of
		service, spam, worms, and viruses are studied in-depth. Fundamental
		security related concepts like identity, availability, authentication
		and secure channels are introduced. State of the art technologies like
		secure shell, network and transport layer security, intrusion
		detection and prevention systems, cross-site scripting, secure
		implementation techniques and more for securing the Internet and web
		applications are presented. Several case studies illustrate the dark
		side of the Internet and explain how to protect against current
		threats. A hands-on computer lab that accompanies the lecture gives a
		deep dive on firewalls, penetration testing and intrusion detection.
		&#13;
		This lecture is intended for students with an interest in securing
		Internet services and networked devices. Students are assumed to have
		knowledge in networking as taught in the Communication Networks
		lecture. This lecture and the oral exam are held in English.</dcterms:description>
	<dcterms:language>eng</dcterms:language>
	<dcterms:rightsHolder xml:lang="de">ETH Zürich, Schweiz</dcterms:rightsHolder>
	<dcterms:rightsHolder xml:lang="en">ETH Zurich,
		Switzerland</dcterms:rightsHolder>
	<dcterms:publisher xml:lang="de">ETH Zürich, ID-MMS;
		Schweiz</dcterms:publisher>
	<dcterms:publisher xml:lang="en">ETH Zurich, ITS-MMS;
		Switzerland</dcterms:publisher>
	<dcterms:spatial xml:lang="de">Zürich, Schweiz</dcterms:spatial>
	<dcterms:spatial xml:lang="en">Zurich, Switzerland</dcterms:spatial>
	<dcterms:issued xsi:type="dcterms:W3CDTF">2009-09-22</dcterms:issued>
	<dcterms:identifier>227-0577-00L-2009W</dcterms:identifier>
	<dcterms:title>Network Security</dcterms:title>
</metadata>
