<?xml version="1.0" encoding="UTF-8"?>
<mediapackage duration="5744000">
	<media>
		<track id="track-1" type="engage/presenter">
			<url>tracks/movie.flv</url>
			<mimetype>video/x-flv</mimetype>
			<checksum type="md5">7b3c7e8cc2cba2f5b7af4fd4224f3005</checksum>
			<tags>
				<tag>engage</tag>
			</tags>
		</track>
	</media>
	<metadata>
		<catalog id="catalog-3" ref="series:351-0723-00L-2009W" type="metadata/dublincore">
			<mimetype>text/xml</mimetype>
			<checksum type="md5">7a531d7f661a223b3da9e47c359f7640</checksum>
			<url>metadata/dublincore-s-Kossmann09.xml</url>
		</catalog>
		<catalog id="catalog-1" type="metadata/dublincore">
			<mimetype>text/xml</mimetype>
			<checksum type="md5">16803c732827ec19d6c8107107e1df86</checksum>
			<url>metadata/dublincore8429860906581674427.xml</url>
		</catalog>
		<catalog id="catalog-4" type="metadata/mpeg-7">
			<mimetype>text/xml</mimetype>
			<checksum type="md5">d41d8cd98f00b204e9800998ecf8427e</checksum>
			<url>metadata/mpeg-72737449252099843189.xml</url>
		</catalog>
	</metadata>
	<attachments>
		<attachment id="cover" ref="track:track-1">
			<url>attachments/cover.jpg</url>
			<mimetype>image/jpeg</mimetype>
			<checksum type="md5">fb5107e56b6762adee0c604348e5dcce</checksum>
			<tags>
				<tag>engage</tag>
			</tags>
		</attachment>
	</attachments>
</mediapackage>
