<?xml version="1.0" encoding="UTF-8"?>
<mediapackage duration="4940680">
	<media>
		<track id="track-1" type="engage/presenter">
			<url>tracks/movie.flv</url>
			<mimetype>video/x-flv</mimetype>
			<checksum type="md5">7b3c7e8cc2cba2f5b7af4fd4224f3005</checksum>
			<tags>
				<tag>engage</tag>
			</tags>
		</track>
	</media>
	<metadata>
		<catalog id="catalog-2" type="metadata/dublincore">
			<mimetype>text/xml</mimetype>
			<checksum type="md5">c76ed33ffb8c65b1fcc8a455125a6e64</checksum>
			<url>metadata/dublincore-e-20090915_F1_Security_P02.xml</url>
		</catalog>
		<catalog id="catalog-1" ref="series:5ffe8efc-22a1-4b4c-9fad-eac4190b3b82"
			type="metadata/dublincore">
			<mimetype>text/xml</mimetype>
			<checksum type="md5">53b4f951f8d105701d32eb595a7b6a2f</checksum>
			<url>metadata/dublincore-s-00007_SGU.xml</url>
		</catalog>
		<catalog id="catalog-3" type="metadata/mpeg-7">
			<mimetype>text/xml</mimetype>
			<checksum type="md5">d41d8cd98f00b204e9800998ecf8427e</checksum>
			<url>metadata/mpeg-7489510032771764583.xml</url>
		</catalog>
	</metadata>
	<attachments>
		<attachment id="cover" type="cover/source" ref="track:track-1">
			<url>attachments/cover.jpg</url>
			<mimetype>image/jpeg</mimetype>
			<checksum type="md5">fb5107e56b6762adee0c604348e5dcce</checksum>
			<tags>
				<tag>engage</tag>
			</tags>
		</attachment>
	</attachments>
</mediapackage>
