<?xml version="1.0" encoding="UTF-8"?>
<mediapackage duration="3976000" id="10.3930/ETHZ/AV-5caf74c9-9cbd-4d3e-bad0-dd8605b0f21f">
<media>
<track id="track-1" type="engage/presenter">
    <url>http://downloads.opencastproject.org/media/car.flv</url>
    <mimetype>video/x-flv</mimetype>
    <checksum type="md5">7b3c7e8cc2cba2f5b7af4fd4224f3005</checksum>
</track>
<mimetype>video/quicktime</mimetype>
<checksum type="md5">0c253828af033217235f824a700a453a</checksum>
<url>tracks/20091104_klitzing.mov</url>
<Duration>3976000</Duration>
<Audio id="stream-2">
<Encoder type="PCM"/>
<Channels>2</Channels>
<BitDepth>16</BitDepth>
<BitRate>1411200.0</BitRate>
</Audio>
<Video id="stream-1">
<Encoder type="AVC"/>
<Size>1024x768</Size>
<ScanType type="Progressive"/>
<BitRate>881736.0</BitRate>
<FrameRate>2.0</FrameRate>
</Video>
</media>
<metadata>
<catalog id="catalog-2" type="metadata/dublincore">
<mimetype>text/xml</mimetype>
<checksum type="md5">07d1c728b48de5f11d4b704641fe5f61</checksum>
<url>metadata/dublincore-e-klitzing.xml</url>
</catalog>
<catalog id="catalog-1" ref="series:PHYS-0001-00X" type="metadata/dublincore">
<mimetype>text/xml</mimetype>
<checksum type="md5">d32d4a7a4d381f878ae22d60121de2ea</checksum>
<url>metadata/dublincore5685421320474000369.xml</url>
</catalog>
<catalog id="catalog-3" type="metadata/mpeg-7">
<mimetype>text/xml</mimetype>
<checksum type="md5">d41d8cd98f00b204e9800998ecf8427e</checksum>
<url>metadata/mpeg-74891616234540535093.xml</url>
</catalog>
</metadata>
<attachments>
    <attachment id="attachment-1" type="engage/cover">
        <url>http://downloads.opencastproject.org/media/engage-cover.jpg</url>
        <mimetype>image/jpeg</mimetype>
    </attachment>
    <attachment id="attachment-2" type="feed/cover">
        <url>http://downloads.opencastproject.org/media/feed-cover.jpg</url>
        <mimetype>image/jpeg</mimetype>
    </attachment>
</attachments>
</mediapackage>
