<?xml version="1.0" encoding="UTF-8"?>
<metadata xmlns="http://www.opencastproject.org/xsd/1.0/dublincore/"
	xmlns:dcterms="http://purl.org/dc/terms/" xmlns:xsi="http://www.w3.org/2001/XMLSchema-instance">
	<dcterms:creator>Boulouchos, Konstantinos</dcterms:creator>
	<dcterms:contributor xml:lang="de">Departement
		Maschinenbau und Verfahrenstechnik</dcterms:contributor>
	<dcterms:contributor xml:lang="en">Department of
		Mechanical and Process Engineering</dcterms:contributor>
	<dcterms:type>Event/Lecture</dcterms:type>
	<dcterms:license xml:lang="de">http://www.multimedia.ethz.ch/docs/haftungsausschluss/index</dcterms:license>
	<dcterms:license xml:lang="en">http://www.multimedia.ethz.ch/docs/disclaimer/index</dcterms:license>
	<dcterms:available xsi:type="dcterms:W3CDTF">2009-09-18</dcterms:available>
	<dcterms:created xsi:type="dcterms:Period">start=2009-09-17T15:00Z;
		end=2009-12-17T18:00Z; scheme=W3C-DTF;</dcterms:created>
	<dcterms:temporal xsi:type="dcterms:Period">start=2009-09-17T15:00Z;
		end=2009-12-17T18:00Z; scheme=W3C-DTF;</dcterms:temporal>
	<dcterms:description xml:lang="en">Internal seminars by
		the Energy Science Center.</dcterms:description>
	<dcterms:language>eng</dcterms:language>
	<dcterms:rightsHolder xml:lang="de">ETH Zürich, Schweiz</dcterms:rightsHolder>
	<dcterms:rightsHolder xml:lang="en">ETH Zurich,
		Switzerland</dcterms:rightsHolder>
	<dcterms:publisher xml:lang="de">ETH Zürich, ID-MMS;
		Schweiz</dcterms:publisher>
	<dcterms:publisher xml:lang="en">ETH Zurich, ITS-MMS;
		Switzerland</dcterms:publisher>
	<dcterms:spatial xml:lang="de">Zürich, Schweiz</dcterms:spatial>
	<dcterms:spatial xml:lang="en">Zurich, Switzerland</dcterms:spatial>
	<dcterms:issued xsi:type="dcterms:W3CDTF">2009-09-17</dcterms:issued>
	<dcterms:identifier>151-0259-00L-2009W</dcterms:identifier>
	<dcterms:title>Energy Colloquia</dcterms:title>
</metadata>
