<?xml version="1.0" encoding="UTF-8"?>
<mediapackage duration="5712880" id="10.3930/ETHZ/AV-0593271e-eb1a-4da3-a8b7-84a36c298c84">
<media>
<track id="track-1" type="engage/presenter">
    <url>http://downloads.opencastproject.org/media/car.flv</url>
    <mimetype>video/x-flv</mimetype>
    <checksum type="md5">7b3c7e8cc2cba2f5b7af4fd4224f3005</checksum>
</track>
<mimetype>video/quicktime</mimetype>
<checksum type="md5">ac2a8c5a99fb7b367aa7a42127a88973</checksum>
<url>tracks/20091110_rahm.mov</url>
<Duration>5712880</Duration>
<Audio id="stream-2">
<Encoder type="PCM"/>
<Channels>2</Channels>
<BitDepth>16</BitDepth>
<BitRate>1536000.0</BitRate>
</Audio>
<Video id="stream-1">
<Encoder type="Digital Video"/>
<Size>720x576</Size>
<BitRate>4742264.0</BitRate>
<FrameRate>25.0</FrameRate>
</Video>
</media>
<metadata>
<catalog id="catalog-2" type="metadata/dublincore">
<mimetype>text/xml</mimetype>
<checksum type="md5">8f962b7c6ad259742ada78b703ecf508</checksum>
<url>metadata/dublincore-e-DArch_20091110_rahm.xml</url>
</catalog>
<catalog id="catalog-1" ref="series:10.3930/ETHZ/AV-96173178-32ea-4c46-8f39-4cb53d019178" type="metadata/dublincore">
<mimetype>text/xml</mimetype>
<checksum type="md5">da39bd4e6ab21f21091f33259f569316</checksum>
<url>metadata/dublincore-s-00010_DArch.xml</url>
</catalog>
<catalog id="catalog-3" type="metadata/mpeg-7">
<mimetype>text/xml</mimetype>
<checksum type="md5">d41d8cd98f00b204e9800998ecf8427e</checksum>
<url>metadata/mpeg-75030491349287102865.xml</url>
</catalog>
</metadata>
<attachments>
    <attachment id="attachment-1" type="engage/cover">
        <url>http://downloads.opencastproject.org/media/engage-cover.jpg</url>
        <mimetype>image/jpeg</mimetype>
    </attachment>
    <attachment id="attachment-2" type="feed/cover">
        <url>http://downloads.opencastproject.org/media/feed-cover.jpg</url>
        <mimetype>image/jpeg</mimetype>
    </attachment>
</attachments>
</mediapackage>
