<?xml version="1.0" encoding="UTF-8"?>
<mediapackage>
	<media>
		<track id="track-1" type="presentation/engage">
			<url>tracks/movie.flv</url>
			<mimetype>video/x-flv</mimetype>
			<checksum type="md5">7b3c7e8cc2cba2f5b7af4fd4224f3005</checksum>
			<tags>
				<tag>engage</tag>
			</tags>
		</track>
	</media>
	<metadata>
		<catalog id="catalog-3" ref="series:401-4781-59L-2009W" type="metadata/dublincore">
			<mimetype>text/xml</mimetype>
			<checksum type="md5">235a956486efbc469a3f6ea2536d5054</checksum>
			<url>metadata/dublincore-s-Bendali09.xml</url>
		</catalog>
		<catalog id="catalog-1" type="metadata/dublincore">
			<mimetype>text/xml</mimetype>
			<checksum type="md5">2b42341f0ed5d9b7cafd58315565343e</checksum>
			<url>metadata/dublincore5543644903362484837.xml</url>
		</catalog>
		<catalog id="catalog-4" type="segments/slides">
			<mimetype>text/xml</mimetype>
			<checksum type="md5">d41d8cd98f00b204e9800998ecf8427e</checksum>
			<url>metadata/mpeg-77042900458771279690.xml</url>
		</catalog>
	</metadata>
</mediapackage>
