<?xml version="1.0" encoding="UTF-8"?>
<mediapackage duration="4033360">
	<media>
		<track id="track-1" type="engage/presenter">
			<url>tracks/movie.flv</url>
			<mimetype>video/x-flv</mimetype>
			<checksum type="md5">7b3c7e8cc2cba2f5b7af4fd4224f3005</checksum>
			<tags>
				<tag>engage</tag>
			</tags>
		</track>
	</media>
	<metadata>
		<catalog id="catalog-2" ref="series:ARCH-0002-00X" type="metadata/dublincore">
			<mimetype>text/xml</mimetype>
			<checksum type="md5">47b56db201edae93e20694c9d6a781ab</checksum>
			<url>metadata/dublincore1572111487229734974.xml</url>
		</catalog>
		<catalog id="catalog-1" type="metadata/dublincore">
			<mimetype>text/xml</mimetype>
			<checksum type="md5">207409dc98b8fea19984b7bdf9a10b55</checksum>
			<url>metadata/dublincore8382589757466128837.xml</url>
		</catalog>
		<catalog id="catalog-3" type="metadata/mpeg-7">
			<mimetype>text/xml</mimetype>
			<checksum type="md5">d41d8cd98f00b204e9800998ecf8427e</checksum>
			<url>metadata/mpeg-76946103693666245002.xml</url>
		</catalog>
	</metadata>
	<attachments>
		<attachment id="cover" ref="track:track-1">
			<url>attachments/cover.jpg</url>
			<mimetype>image/jpeg</mimetype>
			<checksum type="md5">fb5107e56b6762adee0c604348e5dcce</checksum>
			<tags>
				<tag>engage</tag>
			</tags>
		</attachment>
	</attachments>
</mediapackage>
