<?xml version="1.0" encoding="UTF-8"?>
<metadata xmlns="http://www.opencastproject.org/xsd/1.0/dublincore/"
	xmlns:dcterms="http://purl.org/dc/terms/" xmlns:xsi="http://www.w3.org/2001/XMLSchema-instance">
	<dcterms:creator>Wunderli-Allenspach, Heidi</dcterms:creator>
	<dcterms:creator>Riener, Robert</dcterms:creator>
	<dcterms:contributor>ETH Alumni</dcterms:contributor>
	<dcterms:extent xsi:type="dcterms:ISO8601">PT56M35.680S</dcterms:extent>
	<dcterms:isPartOf>AlumniHeadquarter</dcterms:isPartOf>
	<dcterms:license xml:lang="de">http://www.multimedia.ethz.ch/docs/haftungsausschluss/index</dcterms:license>
	<dcterms:license xml:lang="en">http://www.multimedia.ethz.ch/docs/disclaimer/index</dcterms:license>
	<dcterms:created xsi:type="dcterms:W3CDTF">2009-09-19</dcterms:created>
	<dcterms:abstract>ETH Alumni Homecoming Day</dcterms:abstract>
	<dcterms:language>deu</dcterms:language>
	<dcterms:rightsHolder xml:lang="de">ETH Zürich, Schweiz</dcterms:rightsHolder>
	<dcterms:rightsHolder xml:lang="en">ETH Zurich,
		Switzerland</dcterms:rightsHolder>
	<dcterms:publisher xml:lang="de">ETH Zürich, ID-MMS;
		Schweiz</dcterms:publisher>
	<dcterms:publisher xml:lang="en">ETH Zurich, ITS-MMS;
		Switzerland</dcterms:publisher>
	<dcterms:identifier>1f70de7f-f6a7-433f-83a4-e6d62dbd8658</dcterms:identifier>
	<dcterms:title>Medizintechnik</dcterms:title>
</metadata>
