<?xml version="1.0" encoding="UTF-8"?>
<mediapackage>
	<media>
		<track id="track-1" type="presentation/engage">
			<url>tracks/movie.flv</url>
			<mimetype>video/x-flv</mimetype>
			<checksum type="md5">7b3c7e8cc2cba2f5b7af4fd4224f3005</checksum>
			<tags>
				<tag>engage</tag>
			</tags>
		</track>
	</media>
	<metadata>
		<catalog id="catalog-2" type="metadata/dublincore">
			<mimetype>text/xml</mimetype>
			<checksum type="md5">5f0f344312bc4aace862bba0b020c4e9</checksum>
			<url>metadata/dublincore-e-EAV_M_R_Meyer.xml</url>
		</catalog>
		<catalog id="catalog-1" ref="series:BIB-0001-00V" type="metadata/dublincore">
			<mimetype>text/xml</mimetype>
			<checksum type="md5">6a013c1eb0081e939bf211bfdf499b31</checksum>
			<url>metadata/dublincore1837355891489997735.xml</url>
		</catalog>
		<catalog id="catalog-3" type="segments/slides">
			<mimetype>text/xml</mimetype>
			<checksum type="md5">d41d8cd98f00b204e9800998ecf8427e</checksum>
			<url>metadata/mpeg-77800562941213054254.xml</url>
		</catalog>
	</metadata>
</mediapackage>
