<?xml version="1.0" encoding="UTF-8"?>
<mediapackage>
	<media>
		<track id="track-1" type="presentation/engage">
			<url>tracks/movie.flv</url>
			<mimetype>video/x-flv</mimetype>
			<checksum type="md5">7b3c7e8cc2cba2f5b7af4fd4224f3005</checksum>
			<tags>
				<tag>engage</tag>
			</tags>
		</track>
	</media>
	<metadata>
		<catalog id="catalog-2" type="metadata/dublincore">
			<mimetype>text/xml</mimetype>
			<checksum type="md5">f44c33f5af59f4adc7999fec3456068c</checksum>
			<url>metadata/dublincore-e-Kossmann20091118.xml</url>
		</catalog>
		<catalog id="catalog-1" ref="series:251-0317-00L-2009W" type="metadata/dublincore">
			<mimetype>text/xml</mimetype>
			<checksum type="md5">6d52b789094a7a47cf9ac9c4df2b924b</checksum>
			<url>metadata/dublincore-s-Kossmann09.xml</url>
		</catalog>
		<catalog id="catalog-3" type="segments/slides">
			<mimetype>text/xml</mimetype>
			<checksum type="md5">d41d8cd98f00b204e9800998ecf8427e</checksum>
			<url>metadata/mpeg-71110229903753226967.xml</url>
		</catalog>
	</metadata>
</mediapackage>
