<?xml version="1.0" encoding="UTF-8"?>
<metadata xmlns="http://www.opencastproject.org/xsd/1.0/dublincore/"
	xmlns:dcterms="http://purl.org/dc/terms/" xmlns:xsi="http://www.w3.org/2001/XMLSchema-instance">
	<dcterms:creator>Boutellier, Roman</dcterms:creator>
	<dcterms:creator>Knecht, Thomas</dcterms:creator>
	<dcterms:creator>Anttila, Juhani</dcterms:creator>
	<dcterms:creator>Gantner, Alfred</dcterms:creator>
	<dcterms:creator>Grieder, Calvin</dcterms:creator>
	<dcterms:creator>Lichtner, Katharina</dcterms:creator>
	<dcterms:creator>Reinhart, Matthias</dcterms:creator>
	<dcterms:creator>Schläpfer, Hans-Walter</dcterms:creator>
	<dcterms:creator>Bopp, Martin</dcterms:creator>
	<dcterms:creator>Blum, Mark</dcterms:creator>
	<dcterms:extent xsi:type="dcterms:ISO8601">PT1H38M23.040S</dcterms:extent>
	<dcterms:isPartOf>249a8764-acf9-48bc-bfbd-30a76a7954e5</dcterms:isPartOf>
	<dcterms:license xml:lang="de">http://www.multimedia.ethz.ch/docs/haftungsausschluss/index</dcterms:license>
	<dcterms:license xml:lang="en">http://www.multimedia.ethz.ch/docs/disclaimer/index</dcterms:license>
	<dcterms:created xsi:type="dcterms:W3CDTF">2009-10-01</dcterms:created>
	<dcterms:language>deu</dcterms:language>
	<dcterms:rightsHolder xml:lang="de">ETH Zürich, Schweiz</dcterms:rightsHolder>
	<dcterms:rightsHolder xml:lang="en">ETH Zurich,
		Switzerland</dcterms:rightsHolder>
	<dcterms:publisher xml:lang="de">ETH Zürich, ID-MMS;
		Schweiz</dcterms:publisher>
	<dcterms:publisher xml:lang="en">ETH Zurich, ITS-MMS;
		Switzerland</dcterms:publisher>
	<dcterms:identifier>7951660b-2513-413f-ac88-b9e6c62be99b</dcterms:identifier>
	<dcterms:title>Eröffnungsveranstaltung</dcterms:title>
</metadata>
