<?xml version="1.0" encoding="UTF-8"?>
<Mpeg7 xmlns="urn:mpeg:mpeg7:schema:2001" xmlns:mpeg7="urn:mpeg7:schema:2001"
	xmlns:xsi="http://www.w3.org/2001/XMLSchema-instance/">
	<Description xsi:type="ContentEntityType">
		<MultimediaContent xsi:type="AudioVisualType">
			<AudioVisual id="track-1">
				<mediaLocator>
					<mediaUri>file:tracks/camera.avi</mediaUri>
				</mediaLocator>
				<mediaTime>
					<mediaTimePoint>T00:00:00:0F25</mediaTimePoint>
					<mediaDuration>PT22M10S10N1000F</mediaDuration>
				</mediaTime>
			</AudioVisual>
			<AudioVisual id="track-0">
				<mediaLocator>
					<mediaUri>file:tracks/grabber.avi</mediaUri>
				</mediaLocator>
				<mediaTime>
					<mediaTimePoint>T00:00:00:0F5</mediaTimePoint>
					<mediaDuration>PT22M10S10N1000F</mediaDuration>
				</mediaTime>
				<TemporalDecomposition criteria="temporal"
					gap="false" overlap="false">
					<AudioVisualSegment id="track-0.segment-1">
						<mediaTime>
							<mediaRelTimePoint>T00:00:00:0F1000</mediaRelTimePoint>
							<mediaDuration>PT14S0N1000F</mediaDuration>
						</mediaTime>
						<TextAnnotation confidence="0.5" relevance="0.5"
							xml:lang="de">
							<KeywordAnnotation>
								<Keyword>Network</Keyword>
								<Keyword>Security</Keyword>
							</KeywordAnnotation>
						</TextAnnotation>
						<TextAnnotation confidence="0.5" relevance="0.4"
							xml:lang="de">
							<KeywordAnnotation>
								<Keyword>Authentication</Keyword>
								<Keyword>Channels</Keyword>
								<Keyword>Denial</Keyword>
								<Keyword>Exercise</Keyword>
								<Keyword>Secure</Keyword>
								<Keyword>Service</Keyword>
								<Keyword>and</Keyword>
							</KeywordAnnotation>
						</TextAnnotation>
						<TextAnnotation confidence="0.5" relevance="0.0"
							xml:lang="de">
							<KeywordAnnotation>
								<Keyword>HS</Keyword>
								<Keyword>il</Keyword>
								<Keyword>of</Keyword>
							</KeywordAnnotation>
						</TextAnnotation>
						<TextAnnotation confidence="0.0" relevance="0.0"
							xml:lang="de">
							<KeywordAnnotation>
								<Keyword>E</Keyword>
								<Keyword>T</Keyword>
							</KeywordAnnotation>
						</TextAnnotation>
					</AudioVisualSegment>
					<AudioVisualSegment id="track-0.segment-2">
						<mediaTime>
							<mediaRelTimePoint>T00:00:14:0F1000</mediaRelTimePoint>
							<mediaDuration>PT18S0N1000F</mediaDuration>
						</mediaTime>
						<TextAnnotation confidence="0.5" relevance="0.4"
							xml:lang="en">
							<KeywordAnnotation>
								<Keyword>Authentication</Keyword>
								<Keyword>How</Keyword>
								<Keyword>Network</Keyword>
								<Keyword>Security</Keyword>
								<Keyword>Solutions</Keyword>
								<Keyword>Survey</Keyword>
								<Keyword>Task</Keyword>
								<Keyword>Three</Keyword>
								<Keyword>What</Keyword>
								<Keyword>Which</Keyword>
								<Keyword>achieve</Keyword>
								<Keyword>and</Keyword>
								<Keyword>answer</Keyword>
								<Keyword>are</Keyword>
								<Keyword>authentication</Keyword>
								<Keyword>between</Keyword>
								<Keyword>can</Keyword>
								<Keyword>consider</Keyword>
								<Keyword>control</Keyword>
								<Keyword>example</Keyword>
								<Keyword>factors</Keyword>
								<Keyword>following</Keyword>
								<Keyword>for</Keyword>
								<Keyword>four</Keyword>
								<Keyword>general</Keyword>
								<Keyword>has</Keyword>
								<Keyword>knows</Keyword>
								<Keyword>lecture</Keyword>
								<Keyword>mTan</Keyword>
								<Keyword>most</Keyword>
								<Keyword>person</Keyword>
								<Keyword>reader</Keyword>
								<Keyword>relation</Keyword>
								<Keyword>secure</Keyword>
								<Keyword>signature</Keyword>
								<Keyword>something</Keyword>
								<Keyword>strong</Keyword>
								<Keyword>system</Keyword>
								<Keyword>systems</Keyword>
								<Keyword>the</Keyword>
								<Keyword>used</Keyword>
								<Keyword>why</Keyword>
								<Keyword>with</Keyword>
								<Keyword>you</Keyword>
								<Keyword>your</Keyword>
							</KeywordAnnotation>
						</TextAnnotation>
						<TextAnnotation confidence="0.5" relevance="0.0"
							xml:lang="en">
							<KeywordAnnotation>
								<Keyword>an</Keyword>
								<Keyword>be</Keyword>
								<Keyword>by</Keyword>
								<Keyword>do</Keyword>
								<Keyword>in</Keyword>
								<Keyword>is</Keyword>
								<Keyword>of</Keyword>
								<Keyword>or</Keyword>
							</KeywordAnnotation>
						</TextAnnotation>
						<TextAnnotation confidence="0.0" relevance="0.4"
							xml:lang="en">
							<KeywordAnnotation>
								<Keyword>PassFaws</Keyword>
								<Keyword>Passport</Keyword>
								<Keyword>Psylcck</Keyword>
								<Keyword>SecLc0kOn</Keyword>
								<Keyword>acwss</Keyword>
								<Keyword>authorization</Keyword>
								<Keyword>desuibed</Keyword>
								<Keyword>digitized</Keyword>
								<Keyword>fauors</Keyword>
								<Keyword>iTAN</Keyword>
								<Keyword>identitimtion</Keyword>
								<Keyword>lllustrate</Keyword>
								<Keyword>lntemet</Keyword>
								<Keyword>tems</Keyword>
							</KeywordAnnotation>
						</TextAnnotation>
						<TextAnnotation confidence="0.0" relevance="0.0"
							xml:lang="en">
							<KeywordAnnotation>
								<Keyword>a</Keyword>
								<Keyword>b</Keyword>
								<Keyword>c</Keyword>
							</KeywordAnnotation>
						</TextAnnotation>
					</AudioVisualSegment>
					<AudioVisualSegment id="track-0.segment-3">
						<mediaTime>
							<mediaRelTimePoint>T00:00:32:0F1000</mediaRelTimePoint>
							<mediaDuration>PT25S0N1000F</mediaDuration>
						</mediaTime>
						<TextAnnotation confidence="0.5" relevance="0.5"
							xml:lang="en">
							<KeywordAnnotation>
								<Keyword>Authentication</Keyword>
								<Keyword>Task</Keyword>
							</KeywordAnnotation>
						</TextAnnotation>
						<TextAnnotation confidence="0.5" relevance="0.4"
							xml:lang="en">
							<KeywordAnnotation>
								<Keyword>Subjects</Keyword>
								<Keyword>entities</Keyword>
								<Keyword>perform</Keyword>
								<Keyword>system</Keyword>
								<Keyword>that</Keyword>
								<Keyword>the</Keyword>
							</KeywordAnnotation>
						</TextAnnotation>
						<TextAnnotation confidence="0.5" relevance="0.3"
							xml:lang="en">
							<KeywordAnnotation>
								<Keyword>actions</Keyword>
							</KeywordAnnotation>
						</TextAnnotation>
						<TextAnnotation confidence="0.5" relevance="0.0"
							xml:lang="en">
							<KeywordAnnotation>
								<Keyword>in</Keyword>
							</KeywordAnnotation>
						</TextAnnotation>
						<TextAnnotation confidence="0.0" relevance="0.0"
							xml:lang="en">
							<KeywordAnnotation>
								<Keyword>a</Keyword>
								<Keyword>r</Keyword>
							</KeywordAnnotation>
						</TextAnnotation>
					</AudioVisualSegment>
					<AudioVisualSegment id="track-0.segment-4">
						<mediaTime>
							<mediaRelTimePoint>T00:00:57:0F1000</mediaRelTimePoint>
							<mediaDuration>PT19S0N1000F</mediaDuration>
						</mediaTime>
						<TextAnnotation confidence="0.5" relevance="0.5"
							xml:lang="en">
							<KeywordAnnotation>
								<Keyword>Authentication</Keyword>
								<Keyword>Task</Keyword>
							</KeywordAnnotation>
						</TextAnnotation>
						<TextAnnotation confidence="0.5" relevance="0.4"
							xml:lang="en">
							<KeywordAnnotation>
								<Keyword>Objects</Keyword>
								<Keyword>Subjects</Keyword>
								<Keyword>entities</Keyword>
								<Keyword>system</Keyword>
								<Keyword>that</Keyword>
								<Keyword>the</Keyword>
							</KeywordAnnotation>
						</TextAnnotation>
						<TextAnnotation confidence="0.5" relevance="0.3"
							xml:lang="en">
							<KeywordAnnotation>
								<Keyword>actions</Keyword>
							</KeywordAnnotation>
						</TextAnnotation>
						<TextAnnotation confidence="0.5" relevance="0.0"
							xml:lang="en">
							<KeywordAnnotation>
								<Keyword>in</Keyword>
							</KeywordAnnotation>
						</TextAnnotation>
						<TextAnnotation confidence="0.0" relevance="0.4"
							xml:lang="en">
							<KeywordAnnotation>
								<Keyword>cntmes</Keyword>
								<Keyword>pcrfcnn</Keyword>
								<Keyword>rcprcsemmg</Keyword>
							</KeywordAnnotation>
						</TextAnnotation>
						<TextAnnotation confidence="0.0" relevance="0.3"
							xml:lang="en">
							<KeywordAnnotation>
								<Keyword>TCSOUICCS</Keyword>
							</KeywordAnnotation>
						</TextAnnotation>
						<TextAnnotation confidence="0.0" relevance="0.0"
							xml:lang="en">
							<KeywordAnnotation>
								<Keyword>a</Keyword>
								<Keyword>r</Keyword>
							</KeywordAnnotation>
						</TextAnnotation>
					</AudioVisualSegment>
					<AudioVisualSegment id="track-0.segment-5">
						<mediaTime>
							<mediaRelTimePoint>T00:01:16:0F1000</mediaRelTimePoint>
							<mediaDuration>PT24S0N1000F</mediaDuration>
						</mediaTime>
						<TextAnnotation confidence="0.5" relevance="0.5"
							xml:lang="de">
							<KeywordAnnotation>
								<Keyword>Authentication</Keyword>
								<Keyword>Task</Keyword>
							</KeywordAnnotation>
						</TextAnnotation>
						<TextAnnotation confidence="0.5" relevance="0.4"
							xml:lang="de">
							<KeywordAnnotation>
								<Keyword>Subjects</Keyword>
								<Keyword>entities</Keyword>
								<Keyword>system</Keyword>
								<Keyword>that</Keyword>
								<Keyword>the</Keyword>
							</KeywordAnnotation>
						</TextAnnotation>
						<TextAnnotation confidence="0.5" relevance="0.3"
							xml:lang="de">
							<KeywordAnnotation>
								<Keyword>actions</Keyword>
							</KeywordAnnotation>
						</TextAnnotation>
						<TextAnnotation confidence="0.5" relevance="0.0"
							xml:lang="de">
							<KeywordAnnotation>
								<Keyword>II</Keyword>
								<Keyword>in</Keyword>
							</KeywordAnnotation>
						</TextAnnotation>
						<TextAnnotation confidence="0.0" relevance="0.5"
							xml:lang="de">
							<KeywordAnnotation>
								<Keyword>Objccu</Keyword>
								<Keyword>enutnesreprcwnung</Keyword>
							</KeywordAnnotation>
						</TextAnnotation>
						<TextAnnotation confidence="0.0" relevance="0.4"
							xml:lang="de">
							<KeywordAnnotation>
								<Keyword>pcrfcnn</Keyword>
								<Keyword>rcsourcs</Keyword>
							</KeywordAnnotation>
						</TextAnnotation>
						<TextAnnotation confidence="0.0" relevance="0.0"
							xml:lang="de">
							<KeywordAnnotation>
								<Keyword>J</Keyword>
								<Keyword>a</Keyword>
								<Keyword>l</Keyword>
								<Keyword>n</Keyword>
							</KeywordAnnotation>
						</TextAnnotation>
					</AudioVisualSegment>
					<AudioVisualSegment id="track-0.segment-6">
						<mediaTime>
							<mediaRelTimePoint>T00:01:40:0F1000</mediaRelTimePoint>
							<mediaDuration>PT46S0N1000F</mediaDuration>
						</mediaTime>
						<TextAnnotation confidence="0.5" relevance="0.5"
							xml:lang="de">
							<KeywordAnnotation>
								<Keyword>Authentication</Keyword>
								<Keyword>Task</Keyword>
							</KeywordAnnotation>
						</TextAnnotation>
						<TextAnnotation confidence="0.5" relevance="0.4"
							xml:lang="de">
							<KeywordAnnotation>
								<Keyword>Subjects</Keyword>
								<Keyword>entities</Keyword>
								<Keyword>perform</Keyword>
								<Keyword>system</Keyword>
								<Keyword>that</Keyword>
							</KeywordAnnotation>
						</TextAnnotation>
						<TextAnnotation confidence="0.5" relevance="0.0"
							xml:lang="de">
							<KeywordAnnotation>
								<Keyword>Id</Keyword>
								<Keyword>in</Keyword>
								<Keyword>nh</Keyword>
							</KeywordAnnotation>
						</TextAnnotation>
						<TextAnnotation confidence="0.0" relevance="0.5"
							xml:lang="de">
							<KeywordAnnotation>
								<Keyword>LK-i--</Keyword>
								<Keyword>Uhjecn</Keyword>
								<Keyword>enmnesrcprcserulmg</Keyword>
								<Keyword>rewuuc</Keyword>
							</KeywordAnnotation>
						</TextAnnotation>
						<TextAnnotation confidence="0.0" relevance="0.4"
							xml:lang="de">
							<KeywordAnnotation>
								<Keyword>lluthorizadon</Keyword>
								<Keyword>mions</Keyword>
								<Keyword>nMed</Keyword>
							</KeywordAnnotation>
						</TextAnnotation>
						<TextAnnotation confidence="0.0" relevance="0.0"
							xml:lang="de">
							<KeywordAnnotation>
								<Keyword>--</Keyword>
								<Keyword>a</Keyword>
								<Keyword>n</Keyword>
							</KeywordAnnotation>
						</TextAnnotation>
					</AudioVisualSegment>
					<AudioVisualSegment id="track-0.segment-7">
						<mediaTime>
							<mediaRelTimePoint>T00:02:26:0F1000</mediaRelTimePoint>
							<mediaDuration>PT48S0N1000F</mediaDuration>
						</mediaTime>
						<TextAnnotation confidence="0.5" relevance="0.5"
							xml:lang="de">
							<KeywordAnnotation>
								<Keyword>Authentication</Keyword>
								<Keyword>Task</Keyword>
							</KeywordAnnotation>
						</TextAnnotation>
						<TextAnnotation confidence="0.5" relevance="0.4"
							xml:lang="de">
							<KeywordAnnotation>
								<Keyword>Subjects</Keyword>
								<Keyword>entities</Keyword>
								<Keyword>perform</Keyword>
								<Keyword>that</Keyword>
							</KeywordAnnotation>
						</TextAnnotation>
						<TextAnnotation confidence="0.5" relevance="0.0"
							xml:lang="de">
							<KeywordAnnotation>
								<Keyword>Au</Keyword>
								<Keyword>in</Keyword>
								<Keyword>me</Keyword>
							</KeywordAnnotation>
						</TextAnnotation>
						<TextAnnotation confidence="0.0" relevance="0.5"
							xml:lang="de">
							<KeywordAnnotation>
								<Keyword>-nw-</Keyword>
								<Keyword>Ubjecn</Keyword>
								<Keyword>enmncvrcprcscrulrng</Keyword>
								<Keyword>rsuurua</Keyword>
							</KeywordAnnotation>
						</TextAnnotation>
						<TextAnnotation confidence="0.0" relevance="0.4"
							xml:lang="de">
							<KeywordAnnotation>
								<Keyword>J.AuUs</Keyword>
								<Keyword>Lldnrdcdon</Keyword>
								<Keyword>riza60n</Keyword>
								<Keyword>sysxcm</Keyword>
								<Keyword>wimns</Keyword>
							</KeywordAnnotation>
						</TextAnnotation>
						<TextAnnotation confidence="0.0" relevance="0.0"
							xml:lang="de">
							<KeywordAnnotation>
								<Keyword>a</Keyword>
								<Keyword>d</Keyword>
								<Keyword>n</Keyword>
								<Keyword>r</Keyword>
							</KeywordAnnotation>
						</TextAnnotation>
					</AudioVisualSegment>
					<AudioVisualSegment id="track-0.segment-8">
						<mediaTime>
							<mediaRelTimePoint>T00:03:14:0F1000</mediaRelTimePoint>
							<mediaDuration>PT20S0N1000F</mediaDuration>
						</mediaTime>
						<TextAnnotation confidence="0.5" relevance="0.4"
							xml:lang="en">
							<KeywordAnnotation>
								<Keyword>Authentication</Keyword>
								<Keyword>How</Keyword>
								<Keyword>Network</Keyword>
								<Keyword>Security</Keyword>
								<Keyword>Solutions</Keyword>
								<Keyword>Survey</Keyword>
								<Keyword>Task</Keyword>
								<Keyword>Three</Keyword>
								<Keyword>What</Keyword>
								<Keyword>Which</Keyword>
								<Keyword>access</Keyword>
								<Keyword>achieve</Keyword>
								<Keyword>and</Keyword>
								<Keyword>answer</Keyword>
								<Keyword>are</Keyword>
								<Keyword>authentication</Keyword>
								<Keyword>between</Keyword>
								<Keyword>can</Keyword>
								<Keyword>consider</Keyword>
								<Keyword>control</Keyword>
								<Keyword>example</Keyword>
								<Keyword>factors</Keyword>
								<Keyword>following</Keyword>
								<Keyword>for</Keyword>
								<Keyword>four</Keyword>
								<Keyword>general</Keyword>
								<Keyword>has</Keyword>
								<Keyword>identification</Keyword>
								<Keyword>knows</Keyword>
								<Keyword>mTan</Keyword>
								<Keyword>most</Keyword>
								<Keyword>person</Keyword>
								<Keyword>reader</Keyword>
								<Keyword>relation</Keyword>
								<Keyword>secure</Keyword>
								<Keyword>signature</Keyword>
								<Keyword>something</Keyword>
								<Keyword>strong</Keyword>
								<Keyword>system</Keyword>
								<Keyword>systems</Keyword>
								<Keyword>terms</Keyword>
								<Keyword>the</Keyword>
								<Keyword>used</Keyword>
								<Keyword>why</Keyword>
								<Keyword>with</Keyword>
								<Keyword>you</Keyword>
								<Keyword>your</Keyword>
							</KeywordAnnotation>
						</TextAnnotation>
						<TextAnnotation confidence="0.5" relevance="0.0"
							xml:lang="en">
							<KeywordAnnotation>
								<Keyword>AN</Keyword>
								<Keyword>FI</Keyword>
								<Keyword>an</Keyword>
								<Keyword>be</Keyword>
								<Keyword>by</Keyword>
								<Keyword>do</Keyword>
								<Keyword>in</Keyword>
								<Keyword>is</Keyword>
								<Keyword>ls</Keyword>
								<Keyword>of</Keyword>
								<Keyword>or</Keyword>
							</KeywordAnnotation>
						</TextAnnotation>
						<TextAnnotation confidence="0.0" relevance="0.4"
							xml:lang="en">
							<KeywordAnnotation>
								<Keyword>Iedure</Keyword>
								<Keyword>Illustrate</Keyword>
								<Keyword>Intemet</Keyword>
								<Keyword>PassFaces</Keyword>
								<Keyword>Passport</Keyword>
								<Keyword>Psylcck</Keyword>
								<Keyword>SecL0ckOn</Keyword>
								<Keyword>Whidu</Keyword>
								<Keyword>authcntmtion</Keyword>
								<Keyword>authentmticn</Keyword>
								<Keyword>authorization</Keyword>
								<Keyword>desuibed</Keyword>
								<Keyword>digitized</Keyword>
							</KeywordAnnotation>
						</TextAnnotation>
						<TextAnnotation confidence="0.0" relevance="0.0"
							xml:lang="en">
							<KeywordAnnotation>
								<Keyword>a</Keyword>
								<Keyword>b</Keyword>
								<Keyword>c</Keyword>
							</KeywordAnnotation>
						</TextAnnotation>
					</AudioVisualSegment>
					<AudioVisualSegment id="track-0.segment-9">
						<mediaTime>
							<mediaRelTimePoint>T00:03:34:0F1000</mediaRelTimePoint>
							<mediaDuration>PT01M34S0N1000F</mediaDuration>
						</mediaTime>
						<TextAnnotation confidence="0.5" relevance="0.3"
							xml:lang="de">
							<KeywordAnnotation>
								<Keyword>Pagan</Keyword>
								<Keyword>annuals</Keyword>
								<Keyword>keys</Keyword>
								<Keyword>puma</Keyword>
							</KeywordAnnotation>
						</TextAnnotation>
						<TextAnnotation confidence="0.5" relevance="0.0"
							xml:lang="de">
							<KeywordAnnotation>
								<Keyword>In</Keyword>
								<Keyword>ad</Keyword>
								<Keyword>bd</Keyword>
								<Keyword>dS</Keyword>
								<Keyword>eb</Keyword>
								<Keyword>hx</Keyword>
								<Keyword>ls</Keyword>
								<Keyword>mt</Keyword>
								<Keyword>ph</Keyword>
							</KeywordAnnotation>
						</TextAnnotation>
						<TextAnnotation confidence="0.0" relevance="0.4"
							xml:lang="de">
							<KeywordAnnotation>
								<Keyword>ITAR</Keyword>
								<Keyword>Scndqnpaun</Keyword>
								<Keyword>lblfiiuiccohpuv</Keyword>
							</KeywordAnnotation>
						</TextAnnotation>
						<TextAnnotation confidence="0.0" relevance="0.3"
							xml:lang="de">
							<KeywordAnnotation>
								<Keyword>Sandhngapcsnbns</Keyword>
								<Keyword>Sanding</Keyword>
								<Keyword>Scanlan</Keyword>
								<Keyword>curls</Keyword>
								<Keyword>dence</Keyword>
								<Keyword>fngapnl</Keyword>
								<Keyword>lyenet</Keyword>
								<Keyword>nkxsadqapuvak</Keyword>
								<Keyword>wnnuncdicu</Keyword>
								<Keyword>wypogqhnc</Keyword>
							</KeywordAnnotation>
						</TextAnnotation>
						<TextAnnotation confidence="0.0" relevance="0.2"
							xml:lang="de">
							<KeywordAnnotation>
								<Keyword>NXa</Keyword>
							</KeywordAnnotation>
						</TextAnnotation>
						<TextAnnotation confidence="0.0" relevance="0.0"
							xml:lang="de">
							<KeywordAnnotation>
								<Keyword>A</Keyword>
								<Keyword>I</Keyword>
								<Keyword>S</Keyword>
								<Keyword>a</Keyword>
							</KeywordAnnotation>
						</TextAnnotation>
					</AudioVisualSegment>
					<AudioVisualSegment id="track-0.segment-10">
						<mediaTime>
							<mediaRelTimePoint>T00:05:08:0F1000</mediaRelTimePoint>
							<mediaDuration>PT27S0N1000F</mediaDuration>
						</mediaTime>
						<TextAnnotation confidence="0.5" relevance="0.3"
							xml:lang="de">
							<KeywordAnnotation>
								<Keyword>and</Keyword>
								<Keyword>authentication</Keyword>
								<Keyword>has</Keyword>
								<Keyword>set</Keyword>
								<Keyword>strong</Keyword>
							</KeywordAnnotation>
						</TextAnnotation>
						<TextAnnotation confidence="0.5" relevance="0.0"
							xml:lang="de">
							<KeywordAnnotation>
								<Keyword>Di</Keyword>
								<Keyword>Sn</Keyword>
								<Keyword>nn</Keyword>
								<Keyword>pu</Keyword>
							</KeywordAnnotation>
						</TextAnnotation>
						<TextAnnotation confidence="0.0" relevance="0.4"
							xml:lang="de">
							<KeywordAnnotation>
								<Keyword>Sadhigaparmk</Keyword>
								<Keyword>nklca</Keyword>
								<Keyword>qapcvanh</Keyword>
							</KeywordAnnotation>
						</TextAnnotation>
						<TextAnnotation confidence="0.0" relevance="0.3"
							xml:lang="de">
							<KeywordAnnotation>
								<Keyword>Sonelling</Keyword>
								<Keyword>Suatqapcsahws</Keyword>
								<Keyword>adla</Keyword>
								<Keyword>apcsanhn</Keyword>
								<Keyword>chxnl</Keyword>
								<Keyword>cmnuncdicu</Keyword>
								<Keyword>crypto</Keyword>
								<Keyword>curls</Keyword>
								<Keyword>dSIp</Keyword>
								<Keyword>darnocvh</Keyword>
								<Keyword>gapr</Keyword>
								<Keyword>lyorntfsqct</Keyword>
								<Keyword>mate</Keyword>
								<Keyword>muldfactor</Keyword>
								<Keyword>tig</Keyword>
								<Keyword>ucoad</Keyword>
							</KeywordAnnotation>
						</TextAnnotation>
						<TextAnnotation confidence="0.0" relevance="0.0"
							xml:lang="de">
							<KeywordAnnotation>
								<Keyword>A</Keyword>
								<Keyword>D</Keyword>
								<Keyword>N</Keyword>
								<Keyword>S</Keyword>
								<Keyword>W</Keyword>
								<Keyword>a</Keyword>
								<Keyword>b</Keyword>
								<Keyword>f</Keyword>
								<Keyword>k</Keyword>
								<Keyword>l</Keyword>
								<Keyword>n</Keyword>
								<Keyword>p</Keyword>
								<Keyword>s</Keyword>
							</KeywordAnnotation>
						</TextAnnotation>
					</AudioVisualSegment>
					<AudioVisualSegment id="track-0.segment-11">
						<mediaTime>
							<mediaRelTimePoint>T00:05:35:0F1000</mediaRelTimePoint>
							<mediaDuration>PT20S0N1000F</mediaDuration>
						</mediaTime>
						<TextAnnotation confidence="0.5" relevance="0.5"
							xml:lang="de">
							<KeywordAnnotation>
								<Keyword>Authentication</Keyword>
								<Keyword>Task</Keyword>
							</KeywordAnnotation>
						</TextAnnotation>
						<TextAnnotation confidence="0.5" relevance="0.4"
							xml:lang="de">
							<KeywordAnnotation>
								<Keyword>pam</Keyword>
							</KeywordAnnotation>
						</TextAnnotation>
						<TextAnnotation confidence="0.5" relevance="0.3"
							xml:lang="de">
							<KeywordAnnotation>
								<Keyword>allan</Keyword>
								<Keyword>and</Keyword>
								<Keyword>authentication</Keyword>
								<Keyword>spawn</Keyword>
								<Keyword>strong</Keyword>
							</KeywordAnnotation>
						</TextAnnotation>
						<TextAnnotation confidence="0.5" relevance="0.2"
							xml:lang="de">
							<KeywordAnnotation>
								<Keyword>How</Keyword>
								<Keyword>can</Keyword>
								<Keyword>you</Keyword>
							</KeywordAnnotation>
						</TextAnnotation>
						<TextAnnotation confidence="0.5" relevance="0.0"
							xml:lang="de">
							<KeywordAnnotation>
								<Keyword>Dl</Keyword>
								<Keyword>So</Keyword>
								<Keyword>is</Keyword>
								<Keyword>lb</Keyword>
								<Keyword>rn</Keyword>
								<Keyword>sa</Keyword>
							</KeywordAnnotation>
						</TextAnnotation>
						<TextAnnotation confidence="0.0" relevance="0.4"
							xml:lang="de">
							<KeywordAnnotation>
								<Keyword>ITAN</Keyword>
								<Keyword>Sadtign</Keyword>
								<Keyword>cobpuvl</Keyword>
								<Keyword>nklca</Keyword>
								<Keyword>qapcnala</Keyword>
							</KeywordAnnotation>
						</TextAnnotation>
						<TextAnnotation confidence="0.0" relevance="0.3"
							xml:lang="de">
							<KeywordAnnotation>
								<Keyword>Lfhapi</Keyword>
								<Keyword>Qennfsqut</Keyword>
								<Keyword>Scndhigapenoalvhs</Keyword>
								<Keyword>Soudling</Keyword>
								<Keyword>acaadcannnncdica</Keyword>
								<Keyword>ayptopisckqsb</Keyword>
								<Keyword>chxnl</Keyword>
								<Keyword>crypto</Keyword>
								<Keyword>dSlph</Keyword>
								<Keyword>dcvnccwd</Keyword>
								<Keyword>mic</Keyword>
								<Keyword>tngap</Keyword>
							</KeywordAnnotation>
						</TextAnnotation>
						<TextAnnotation confidence="0.0" relevance="0.2"
							xml:lang="de">
							<KeywordAnnotation>
								<Keyword>achievesvong</Keyword>
								<Keyword>authenticabbn</Keyword>
								<Keyword>authenticavon</Keyword>
								<Keyword>combin</Keyword>
								<Keyword>facmrs</Keyword>
								<Keyword>muldfaclor</Keyword>
							</KeywordAnnotation>
						</TextAnnotation>
						<TextAnnotation confidence="0.0" relevance="0.0"
							xml:lang="de">
							<KeywordAnnotation>
								<Keyword>L</Keyword>
								<Keyword>Q</Keyword>
								<Keyword>S</Keyword>
								<Keyword>a</Keyword>
								<Keyword>b</Keyword>
								<Keyword>c</Keyword>
								<Keyword>h</Keyword>
								<Keyword>k</Keyword>
								<Keyword>s</Keyword>
							</KeywordAnnotation>
						</TextAnnotation>
					</AudioVisualSegment>
					<AudioVisualSegment id="track-0.segment-12">
						<mediaTime>
							<mediaRelTimePoint>T00:05:55:0F1000</mediaRelTimePoint>
							<mediaDuration>PT26S0N1000F</mediaDuration>
						</mediaTime>
						<TextAnnotation confidence="0.5" relevance="0.5"
							xml:lang="en">
							<KeywordAnnotation>
								<Keyword>Task</Keyword>
							</KeywordAnnotation>
						</TextAnnotation>
						<TextAnnotation confidence="0.5" relevance="0.4"
							xml:lang="en">
							<KeywordAnnotation>
								<Keyword>Aut</Keyword>
								<Keyword>Compare</Keyword>
								<Keyword>Encryption</Keyword>
								<Keyword>Icn</Keyword>
								<Keyword>Swiss</Keyword>
								<Keyword>aspects</Keyword>
								<Keyword>bank</Keyword>
								<Keyword>developed</Keyword>
								<Keyword>free</Keyword>
								<Keyword>network</Keyword>
								<Keyword>private</Keyword>
								<Keyword>proprietary</Keyword>
								<Keyword>regarding</Keyword>
								<Keyword>their</Keyword>
								<Keyword>these</Keyword>
								<Keyword>virtual</Keyword>
								<Keyword>with</Keyword>
							</KeywordAnnotation>
						</TextAnnotation>
						<TextAnnotation confidence="0.5" relevance="0.3"
							xml:lang="en">
							<KeywordAnnotation>
								<Keyword>List</Keyword>
								<Keyword>and</Keyword>
								<Keyword>arguments</Keyword>
								<Keyword>facts</Keyword>
								<Keyword>least</Keyword>
								<Keyword>not</Keyword>
								<Keyword>private</Keyword>
								<Keyword>security</Keyword>
								<Keyword>supported</Keyword>
								<Keyword>three</Keyword>
								<Keyword>used</Keyword>
								<Keyword>virtual</Keyword>
								<Keyword>well</Keyword>
								<Keyword>why</Keyword>
								<Keyword>would</Keyword>
								<Keyword>you</Keyword>
							</KeywordAnnotation>
						</TextAnnotation>
						<TextAnnotation confidence="0.5" relevance="0.0"
							xml:lang="en">
							<KeywordAnnotation>
								<Keyword>as</Keyword>
								<Keyword>at</Keyword>
								<Keyword>be</Keyword>
								<Keyword>by</Keyword>
								<Keyword>ca</Keyword>
								<Keyword>is</Keyword>
								<Keyword>re</Keyword>
								<Keyword>to</Keyword>
								<Keyword>vs</Keyword>
							</KeywordAnnotation>
						</TextAnnotation>
						<TextAnnotation confidence="0.0" relevance="0.5"
							xml:lang="en">
							<KeywordAnnotation>
								<Keyword>Hamachi</Keyword>
								<Keyword>OpenVPN</Keyword>
							</KeywordAnnotation>
						</TextAnnotation>
						<TextAnnotation confidence="0.0" relevance="0.4"
							xml:lang="en">
							<KeywordAnnotation>
								<Keyword>Accessbllty-Ccst</Keyword>
								<Keyword>Hamachi</Keyword>
								<Keyword>Hamadni</Keyword>
								<Keyword>LogMeIn</Keyword>
								<Keyword>TSUSSL</Keyword>
								<Keyword>fusa-S</Keyword>
								<Keyword>hschnology</Keyword>
								<Keyword>lderM</Keyword>
								<Keyword>ppormdsorvices</Keyword>
								<Keyword>softw</Keyword>
								<Keyword>soluiion</Keyword>
							</KeywordAnnotation>
						</TextAnnotation>
						<TextAnnotation confidence="0.0" relevance="0.3"
							xml:lang="en">
							<KeywordAnnotation>
								<Keyword>Exnnsbitity</Keyword>
								<Keyword>Hamachi</Keyword>
								<Keyword>Netwo</Keyword>
								<Keyword>kn0d</Keyword>
								<Keyword>lnsuIati</Keyword>
								<Keyword>n-E</Keyword>
								<Keyword>n9cvRy</Keyword>
								<Keyword>oonceps</Keyword>
								<Keyword>recommend</Keyword>
							</KeywordAnnotation>
						</TextAnnotation>
						<TextAnnotation confidence="0.0" relevance="0.0"
							xml:lang="en">
							<KeywordAnnotation>
								<Keyword>-</Keyword>
								<Keyword>-L</Keyword>
								<Keyword>a</Keyword>
								<Keyword>e</Keyword>
								<Keyword>n</Keyword>
								<Keyword>n-</Keyword>
							</KeywordAnnotation>
						</TextAnnotation>
					</AudioVisualSegment>
					<AudioVisualSegment id="track-0.segment-13">
						<mediaTime>
							<mediaRelTimePoint>T00:06:21:0F1000</mediaRelTimePoint>
							<mediaDuration>PT01M15S0N1000F</mediaDuration>
						</mediaTime>
						<TextAnnotation confidence="0.5" relevance="0.5"
							xml:lang="en">
							<KeywordAnnotation>
								<Keyword>Task</Keyword>
							</KeywordAnnotation>
						</TextAnnotation>
						<TextAnnotation confidence="0.5" relevance="0.4"
							xml:lang="en">
							<KeywordAnnotation>
								<Keyword>and</Keyword>
								<Keyword>based</Keyword>
								<Keyword>chem</Keyword>
								<Keyword>data</Keyword>
								<Keyword>network</Keyword>
								<Keyword>server</Keyword>
								<Keyword>the</Keyword>
							</KeywordAnnotation>
						</TextAnnotation>
						<TextAnnotation confidence="0.5" relevance="0.3"
							xml:lang="en">
							<KeywordAnnotation>
								<Keyword>NAT</Keyword>
								<Keyword>UDP</Keyword>
								<Keyword>VPN</Keyword>
								<Keyword>for</Keyword>
								<Keyword>outbound</Keyword>
								<Keyword>supports</Keyword>
								<Keyword>used</Keyword>
							</KeywordAnnotation>
						</TextAnnotation>
						<TextAnnotation confidence="0.5" relevance="0.0"
							xml:lang="en">
							<KeywordAnnotation>
								<Keyword>on</Keyword>
								<Keyword>vs</Keyword>
							</KeywordAnnotation>
						</TextAnnotation>
						<TextAnnotation confidence="0.0" relevance="0.5"
							xml:lang="en">
							<KeywordAnnotation>
								<Keyword>Hamachi</Keyword>
								<Keyword>OpenVPN</Keyword>
							</KeywordAnnotation>
						</TextAnnotation>
						<TextAnnotation confidence="0.0" relevance="0.4"
							xml:lang="en">
							<KeywordAnnotation>
								<Keyword>Hamachl</Keyword>
								<Keyword>authenucates</Keyword>
								<Keyword>encrypts</Keyword>
								<Keyword>logmr</Keyword>
								<Keyword>mtcrtmc</Keyword>
								<Keyword>mxftic</Keyword>
								<Keyword>trcqunrcs</Keyword>
							</KeywordAnnotation>
						</TextAnnotation>
						<TextAnnotation confidence="0.0" relevance="0.3"
							xml:lang="en">
							<KeywordAnnotation>
								<Keyword>adds</Keyword>
								<Keyword>mbonmd</Keyword>
								<Keyword>mes</Keyword>
								<Keyword>punchmg</Keyword>
								<Keyword>vmual</Keyword>
							</KeywordAnnotation>
						</TextAnnotation>
						<TextAnnotation confidence="0.0" relevance="0.0"
							xml:lang="en">
							<KeywordAnnotation>
								<Keyword>n</Keyword>
							</KeywordAnnotation>
						</TextAnnotation>
					</AudioVisualSegment>
					<AudioVisualSegment id="track-0.segment-14">
						<mediaTime>
							<mediaRelTimePoint>T00:07:36:0F1000</mediaRelTimePoint>
							<mediaDuration>PT01M04S0N1000F</mediaDuration>
						</mediaTime>
						<TextAnnotation confidence="0.5" relevance="0.5"
							xml:lang="en">
							<KeywordAnnotation>
								<Keyword>Task</Keyword>
							</KeywordAnnotation>
						</TextAnnotation>
						<TextAnnotation confidence="0.5" relevance="0.4"
							xml:lang="en">
							<KeywordAnnotation>
								<Keyword>VPN</Keyword>
								<Keyword>and</Keyword>
								<Keyword>chem</Keyword>
								<Keyword>dam</Keyword>
								<Keyword>network</Keyword>
								<Keyword>the</Keyword>
							</KeywordAnnotation>
						</TextAnnotation>
						<TextAnnotation confidence="0.5" relevance="0.3"
							xml:lang="en">
							<KeywordAnnotation>
								<Keyword>NAT</Keyword>
								<Keyword>allows</Keyword>
								<Keyword>between</Keyword>
								<Keyword>for</Keyword>
								<Keyword>keys</Keyword>
								<Keyword>outbound</Keyword>
								<Keyword>supports</Keyword>
								<Keyword>used</Keyword>
							</KeywordAnnotation>
						</TextAnnotation>
						<TextAnnotation confidence="0.5" relevance="0.0"
							xml:lang="en">
							<KeywordAnnotation>
								<Keyword>DP</Keyword>
								<Keyword>on</Keyword>
								<Keyword>vs</Keyword>
							</KeywordAnnotation>
						</TextAnnotation>
						<TextAnnotation confidence="0.0" relevance="0.5"
							xml:lang="en">
							<KeywordAnnotation>
								<Keyword>Hamachi</Keyword>
								<Keyword>Harmchl</Keyword>
								<Keyword>OpenVPN</Keyword>
							</KeywordAnnotation>
						</TextAnnotation>
						<TextAnnotation confidence="0.0" relevance="0.4"
							xml:lang="en">
							<KeywordAnnotation>
								<Keyword>adds</Keyword>
								<Keyword>autlxcnucatcs</Keyword>
								<Keyword>encrypts</Keyword>
								<Keyword>lognm</Keyword>
								<Keyword>mtcrthce</Keyword>
								<Keyword>senubascdwrcquns</Keyword>
								<Keyword>tmftic</Keyword>
								<Keyword>vmunl</Keyword>
							</KeywordAnnotation>
						</TextAnnotation>
						<TextAnnotation confidence="0.0" relevance="0.3"
							xml:lang="en">
							<KeywordAnnotation>
								<Keyword>OpenSSL</Keyword>
								<Keyword>authcnuumon</Keyword>
								<Keyword>ccmhcatcs</Keyword>
								<Keyword>chcnts</Keyword>
								<Keyword>conncctxon</Keyword>
								<Keyword>cstabhsh</Keyword>
								<Keyword>encrypuon</Keyword>
								<Keyword>mbound</Keyword>
								<Keyword>pcrfomas</Keyword>
								<Keyword>penVPN</Keyword>
								<Keyword>punchmg</Keyword>
								<Keyword>ticcand0pcns0urcc</Keyword>
								<Keyword>usesU</Keyword>
								<Keyword>usmg</Keyword>
							</KeywordAnnotation>
						</TextAnnotation>
						<TextAnnotation confidence="0.0" relevance="0.0"
							xml:lang="en">
							<KeywordAnnotation>
								<Keyword>I</Keyword>
								<Keyword>N</Keyword>
								<Keyword>PN</Keyword>
								<Keyword>a</Keyword>
								<Keyword>d</Keyword>
								<Keyword>l</Keyword>
							</KeywordAnnotation>
						</TextAnnotation>
					</AudioVisualSegment>
					<AudioVisualSegment id="track-0.segment-15">
						<mediaTime>
							<mediaRelTimePoint>T00:08:40:0F1000</mediaRelTimePoint>
							<mediaDuration>PT04M47S0N1000F</mediaDuration>
						</mediaTime>
						<TextAnnotation confidence="0.5" relevance="0.5"
							xml:lang="de">
							<KeywordAnnotation>
								<Keyword>Ias</Keyword>
							</KeywordAnnotation>
						</TextAnnotation>
						<TextAnnotation confidence="0.5" relevance="0.0"
							xml:lang="de">
							<KeywordAnnotation>
								<Keyword>an</Keyword>
								<Keyword>gs</Keyword>
								<Keyword>ns</Keyword>
							</KeywordAnnotation>
						</TextAnnotation>
						<TextAnnotation confidence="0.0" relevance="0.5"
							xml:lang="de">
							<KeywordAnnotation>
								<Keyword>rLv</Keyword>
							</KeywordAnnotation>
						</TextAnnotation>
						<TextAnnotation confidence="0.0" relevance="0.0"
							xml:lang="de">
							<KeywordAnnotation>
								<Keyword>L</Keyword>
								<Keyword>Q</Keyword>
							</KeywordAnnotation>
						</TextAnnotation>
					</AudioVisualSegment>
					<AudioVisualSegment id="track-0.segment-16">
						<mediaTime>
							<mediaRelTimePoint>T00:13:27:0F1000</mediaRelTimePoint>
							<mediaDuration>PT18S0N1000F</mediaDuration>
						</mediaTime>
						<TextAnnotation confidence="0.5" relevance="0.5"
							xml:lang="en">
							<KeywordAnnotation>
								<Keyword>Task</Keyword>
							</KeywordAnnotation>
						</TextAnnotation>
						<TextAnnotation confidence="0.5" relevance="0.4"
							xml:lang="en">
							<KeywordAnnotation>
								<Keyword>Compare</Keyword>
								<Keyword>Cost</Keyword>
								<Keyword>Encryption</Keyword>
								<Keyword>developed</Keyword>
								<Keyword>free</Keyword>
								<Keyword>network</Keyword>
								<Keyword>private</Keyword>
								<Keyword>proprietary</Keyword>
								<Keyword>regarding</Keyword>
								<Keyword>services</Keyword>
								<Keyword>software</Keyword>
								<Keyword>these</Keyword>
								<Keyword>use</Keyword>
								<Keyword>virtual</Keyword>
								<Keyword>with</Keyword>
							</KeywordAnnotation>
						</TextAnnotation>
						<TextAnnotation confidence="0.5" relevance="0.3"
							xml:lang="en">
							<KeywordAnnotation>
								<Keyword>and</Keyword>
								<Keyword>concept</Keyword>
								<Keyword>mast</Keyword>
								<Keyword>network</Keyword>
								<Keyword>private</Keyword>
								<Keyword>security</Keyword>
								<Keyword>supported</Keyword>
								<Keyword>three</Keyword>
								<Keyword>well</Keyword>
							</KeywordAnnotation>
						</TextAnnotation>
						<TextAnnotation confidence="0.5" relevance="0.0"
							xml:lang="en">
							<KeywordAnnotation>
								<Keyword>by</Keyword>
								<Keyword>is</Keyword>
								<Keyword>vs</Keyword>
							</KeywordAnnotation>
						</TextAnnotation>
						<TextAnnotation confidence="0.0" relevance="0.5"
							xml:lang="en">
							<KeywordAnnotation>
								<Keyword>Hamachi</Keyword>
								<Keyword>OpenVPN</Keyword>
							</KeywordAnnotation>
						</TextAnnotation>
						<TextAnnotation confidence="0.0" relevance="0.4"
							xml:lang="en">
							<KeywordAnnotation>
								<Keyword>-Aum</Keyword>
								<Keyword>Easocf</Keyword>
								<Keyword>Hamachi</Keyword>
								<Keyword>Insulaton</Keyword>
								<Keyword>LogMeIn</Keyword>
								<Keyword>Suppomd</Keyword>
								<Keyword>TSUSSL</Keyword>
								<Keyword>aspocux</Keyword>
								<Keyword>ca60n</Keyword>
								<Keyword>hsdmology</Keyword>
								<Keyword>ldcnihutcn</Keyword>
							</KeywordAnnotation>
						</TextAnnotation>
						<TextAnnotation confidence="0.0" relevance="0.3"
							xml:lang="en">
							<KeywordAnnotation>
								<Keyword>Accessibllty</Keyword>
								<Keyword>Listat</Keyword>
								<Keyword>Netwcrk</Keyword>
								<Keyword>fads</Keyword>
								<Keyword>n9ev</Keyword>
								<Keyword>nods</Keyword>
								<Keyword>soluuon</Keyword>
								<Keyword>sxnmanuny</Keyword>
								<Keyword>ugumens</Keyword>
								<Keyword>virtud</Keyword>
								<Keyword>whyyouwoudnotroc0mmendHamachitobeusedbyaSwissbankasmeir</Keyword>
							</KeywordAnnotation>
						</TextAnnotation>
						<TextAnnotation confidence="0.0" relevance="0.0"
							xml:lang="en">
							<KeywordAnnotation>
								<Keyword>-</Keyword>
								<Keyword>-L</Keyword>
								<Keyword>a</Keyword>
								<Keyword>n</Keyword>
								<Keyword>v</Keyword>
							</KeywordAnnotation>
						</TextAnnotation>
					</AudioVisualSegment>
					<AudioVisualSegment id="track-0.segment-17">
						<mediaTime>
							<mediaRelTimePoint>T00:13:45:0F1000</mediaRelTimePoint>
							<mediaDuration>PT01M17S0N1000F</mediaDuration>
						</mediaTime>
						<TextAnnotation confidence="0.5" relevance="0.4"
							xml:lang="en">
							<KeywordAnnotation>
								<Keyword>add</Keyword>
								<Keyword>analysis</Keyword>
								<Keyword>and</Keyword>
								<Keyword>assigned</Keyword>
								<Keyword>check</Keyword>
								<Keyword>closed</Keyword>
								<Keyword>code</Keyword>
								<Keyword>connection</Keyword>
								<Keyword>drawbacks</Keyword>
								<Keyword>ess</Keyword>
								<Keyword>for</Keyword>
								<Keyword>known</Keyword>
								<Keyword>man</Keyword>
								<Keyword>middle</Keyword>
								<Keyword>not</Keyword>
								<Keyword>obscurity</Keyword>
								<Keyword>only</Keyword>
								<Keyword>operated</Keyword>
								<Keyword>partially</Keyword>
								<Keyword>possible</Keyword>
								<Keyword>range</Keyword>
								<Keyword>secure</Keyword>
								<Keyword>security</Keyword>
								<Keyword>server</Keyword>
								<Keyword>setup</Keyword>
								<Keyword>solution</Keyword>
								<Keyword>source</Keyword>
								<Keyword>technology</Keyword>
								<Keyword>use</Keyword>
								<Keyword>used</Keyword>
								<Keyword>with</Keyword>
							</KeywordAnnotation>
						</TextAnnotation>
						<TextAnnotation confidence="0.5" relevance="0.0"
							xml:lang="en">
							<KeywordAnnotation>
								<Keyword>IP</Keyword>
								<Keyword>Pr</Keyword>
								<Keyword>as</Keyword>
								<Keyword>bi</Keyword>
								<Keyword>by</Keyword>
								<Keyword>if</Keyword>
								<Keyword>in</Keyword>
								<Keyword>is</Keyword>
								<Keyword>me</Keyword>
								<Keyword>ri</Keyword>
							</KeywordAnnotation>
						</TextAnnotation>
						<TextAnnotation confidence="0.0" relevance="0.4"
							xml:lang="en">
							<KeywordAnnotation>
								<Keyword>Hamachi</Keyword>
								<Keyword>IRNA</Keyword>
								<Keyword>Lognaln</Keyword>
								<Keyword>adiess</Keyword>
								<Keyword>assigns</Keyword>
								<Keyword>circs</Keyword>
								<Keyword>conflics</Keyword>
								<Keyword>nee</Keyword>
								<Keyword>ofhcially</Keyword>
								<Keyword>trafic</Keyword>
								<Keyword>urft</Keyword>
							</KeywordAnnotation>
						</TextAnnotation>
						<TextAnnotation confidence="0.0" relevance="0.0"
							xml:lang="en">
							<KeywordAnnotation>
								<Keyword>-</Keyword>
								<Keyword>a</Keyword>
								<Keyword>c</Keyword>
								<Keyword>d</Keyword>
								<Keyword>e</Keyword>
								<Keyword>rv</Keyword>
							</KeywordAnnotation>
						</TextAnnotation>
					</AudioVisualSegment>
					<AudioVisualSegment id="track-0.segment-18">
						<mediaTime>
							<mediaRelTimePoint>T00:15:02:0F1000</mediaRelTimePoint>
							<mediaDuration>PT14S0N1000F</mediaDuration>
						</mediaTime>
						<TextAnnotation confidence="0.5" relevance="0.4"
							xml:lang="en">
							<KeywordAnnotation>
								<Keyword>List</Keyword>
								<Keyword>SSL</Keyword>
								<Keyword>Task</Keyword>
								<Keyword>and</Keyword>
								<Keyword>each</Keyword>
								<Keyword>encryption</Keyword>
								<Keyword>for</Keyword>
								<Keyword>layer</Keyword>
								<Keyword>operation</Keyword>
								<Keyword>protocol</Keyword>
								<Keyword>protocols</Keyword>
								<Keyword>specify</Keyword>
								<Keyword>the</Keyword>
							</KeywordAnnotation>
						</TextAnnotation>
						<TextAnnotation confidence="0.5" relevance="0.0"
							xml:lang="en">
							<KeywordAnnotation>
								<Keyword>of</Keyword>
							</KeywordAnnotation>
						</TextAnnotation>
						<TextAnnotation confidence="0.0" relevance="0.4"
							xml:lang="en">
							<KeywordAnnotation>
								<Keyword>IPSec</Keyword>
								<Keyword>frve</Keyword>
							</KeywordAnnotation>
						</TextAnnotation>
						<TextAnnotation confidence="0.0" relevance="0.0"
							xml:lang="en">
							<KeywordAnnotation>
								<Keyword>a</Keyword>
							</KeywordAnnotation>
						</TextAnnotation>
					</AudioVisualSegment>
					<AudioVisualSegment id="track-0.segment-19">
						<mediaTime>
							<mediaRelTimePoint>T00:15:16:0F1000</mediaRelTimePoint>
							<mediaDuration>PT41S0N1000F</mediaDuration>
						</mediaTime>
						<TextAnnotation confidence="0.5" relevance="0.4"
							xml:lang="en">
							<KeywordAnnotation>
								<Keyword>List</Keyword>
								<Keyword>SSL</Keyword>
								<Keyword>Task</Keyword>
								<Keyword>and</Keyword>
								<Keyword>application</Keyword>
								<Keyword>each</Keyword>
								<Keyword>encryption</Keyword>
								<Keyword>for</Keyword>
								<Keyword>layer</Keyword>
								<Keyword>operate</Keyword>
								<Keyword>operates</Keyword>
								<Keyword>operation</Keyword>
								<Keyword>protocol</Keyword>
								<Keyword>protocols</Keyword>
								<Keyword>specify</Keyword>
								<Keyword>the</Keyword>
								<Keyword>transport</Keyword>
							</KeywordAnnotation>
						</TextAnnotation>
						<TextAnnotation confidence="0.5" relevance="0.3"
							xml:lang="en">
							<KeywordAnnotation>
								<Keyword>Kerberos</Keyword>
								<Keyword>PGP</Keyword>
								<Keyword>SSH</Keyword>
								<Keyword>and</Keyword>
								<Keyword>network</Keyword>
								<Keyword>operates</Keyword>
								<Keyword>the</Keyword>
							</KeywordAnnotation>
						</TextAnnotation>
						<TextAnnotation confidence="0.5" relevance="0.0"
							xml:lang="en">
							<KeywordAnnotation>
								<Keyword>IP</Keyword>
								<Keyword>me</Keyword>
								<Keyword>of</Keyword>
								<Keyword>on</Keyword>
							</KeywordAnnotation>
						</TextAnnotation>
						<TextAnnotation confidence="0.0" relevance="0.4"
							xml:lang="en">
							<KeywordAnnotation>
								<Keyword>IPSec</Keyword>
								<Keyword>SSUTLS</Keyword>
								<Keyword>frve</Keyword>
							</KeywordAnnotation>
						</TextAnnotation>
						<TextAnnotation confidence="0.0" relevance="0.0"
							xml:lang="en">
							<KeywordAnnotation>
								<Keyword>a</Keyword>
								<Keyword>c</Keyword>
							</KeywordAnnotation>
						</TextAnnotation>
					</AudioVisualSegment>
					<AudioVisualSegment id="track-0.segment-20">
						<mediaTime>
							<mediaRelTimePoint>T00:15:57:0F1000</mediaRelTimePoint>
							<mediaDuration>PT17S0N1000F</mediaDuration>
						</mediaTime>
						<TextAnnotation confidence="0.5" relevance="0.4"
							xml:lang="en">
							<KeywordAnnotation>
								<Keyword>SSL</Keyword>
								<Keyword>Task</Keyword>
								<Keyword>What</Keyword>
								<Keyword>and</Keyword>
								<Keyword>benefit</Keyword>
								<Keyword>different</Keyword>
								<Keyword>modes</Keyword>
								<Keyword>over</Keyword>
								<Keyword>supports</Keyword>
								<Keyword>the</Keyword>
								<Keyword>two</Keyword>
							</KeywordAnnotation>
						</TextAnnotation>
						<TextAnnotation confidence="0.5" relevance="0.0"
							xml:lang="en">
							<KeywordAnnotation>
								<Keyword>AH</Keyword>
								<Keyword>is</Keyword>
								<Keyword>of</Keyword>
							</KeywordAnnotation>
						</TextAnnotation>
						<TextAnnotation confidence="0.0" relevance="0.4"
							xml:lang="en">
							<KeywordAnnotation>
								<Keyword>Auth</Keyword>
								<Keyword>ESP</Keyword>
								<Keyword>IPSec</Keyword>
							</KeywordAnnotation>
						</TextAnnotation>
						<TextAnnotation confidence="0.0" relevance="0.0"
							xml:lang="en">
							<KeywordAnnotation>
								<Keyword>b</Keyword>
							</KeywordAnnotation>
						</TextAnnotation>
					</AudioVisualSegment>
					<AudioVisualSegment id="track-0.segment-21">
						<mediaTime>
							<mediaRelTimePoint>T00:16:14:0F1000</mediaRelTimePoint>
							<mediaDuration>PT01M51S0N1000F</mediaDuration>
						</mediaTime>
						<TextAnnotation confidence="0.5" relevance="0.4"
							xml:lang="en">
							<KeywordAnnotation>
								<Keyword>SSL</Keyword>
								<Keyword>Task</Keyword>
								<Keyword>What</Keyword>
								<Keyword>allows</Keyword>
								<Keyword>and</Keyword>
								<Keyword>authentication</Keyword>
								<Keyword>benefit</Keyword>
								<Keyword>different</Keyword>
								<Keyword>entities</Keyword>
								<Keyword>firewall</Keyword>
								<Keyword>for</Keyword>
								<Keyword>header</Keyword>
								<Keyword>modes</Keyword>
								<Keyword>over</Keyword>
								<Keyword>supports</Keyword>
								<Keyword>the</Keyword>
								<Keyword>two</Keyword>
							</KeywordAnnotation>
						</TextAnnotation>
						<TextAnnotation confidence="0.5" relevance="0.0"
							xml:lang="en">
							<KeywordAnnotation>
								<Keyword>AH</Keyword>
								<Keyword>IP</Keyword>
								<Keyword>be</Keyword>
								<Keyword>by</Keyword>
								<Keyword>is</Keyword>
								<Keyword>of</Keyword>
								<Keyword>on</Keyword>
								<Keyword>to</Keyword>
							</KeywordAnnotation>
						</TextAnnotation>
						<TextAnnotation confidence="0.0" relevance="0.4"
							xml:lang="en">
							<KeywordAnnotation>
								<Keyword>Auth</Keyword>
								<Keyword>ESP</Keyword>
								<Keyword>IPSec</Keyword>
								<Keyword>authenicaicn</Keyword>
								<Keyword>e.g</Keyword>
								<Keyword>encrymon</Keyword>
								<Keyword>encrypion</Keyword>
								<Keyword>endhost</Keyword>
								<Keyword>handled</Keyword>
							</KeywordAnnotation>
						</TextAnnotation>
						<TextAnnotation confidence="0.0" relevance="0.0"
							xml:lang="en">
							<KeywordAnnotation>
								<Keyword>-</Keyword>
								<Keyword>b</Keyword>
							</KeywordAnnotation>
						</TextAnnotation>
					</AudioVisualSegment>
					<AudioVisualSegment id="track-0.segment-22">
						<mediaTime>
							<mediaRelTimePoint>T00:18:05:0F1000</mediaRelTimePoint>
							<mediaDuration>PT14S0N1000F</mediaDuration>
						</mediaTime>
						<TextAnnotation confidence="0.5" relevance="0.4"
							xml:lang="en">
							<KeywordAnnotation>
								<Keyword>SSL</Keyword>
								<Keyword>Task</Keyword>
								<Keyword>What</Keyword>
								<Keyword>and</Keyword>
								<Keyword>apply</Keyword>
								<Keyword>attacks</Keyword>
								<Keyword>does</Keyword>
								<Keyword>features</Keyword>
								<Keyword>order</Keyword>
								<Keyword>prevent</Keyword>
								<Keyword>security</Keyword>
							</KeywordAnnotation>
						</TextAnnotation>
						<TextAnnotation confidence="0.5" relevance="0.3"
							xml:lang="en">
							<KeywordAnnotation>
								<Keyword>and</Keyword>
							</KeywordAnnotation>
						</TextAnnotation>
						<TextAnnotation confidence="0.5" relevance="0.0"
							xml:lang="en">
							<KeywordAnnotation>
								<Keyword>in</Keyword>
								<Keyword>to</Keyword>
							</KeywordAnnotation>
						</TextAnnotation>
						<TextAnnotation confidence="0.0" relevance="0.4"
							xml:lang="en">
							<KeywordAnnotation>
								<Keyword>IPSec</Keyword>
								<Keyword>brute-force</Keyword>
								<Keyword>man-in-the-middle</Keyword>
								<Keyword>replay</Keyword>
							</KeywordAnnotation>
						</TextAnnotation>
						<TextAnnotation confidence="0.0" relevance="0.0"
							xml:lang="en">
							<KeywordAnnotation>
								<Keyword>-</Keyword>
								<Keyword>c</Keyword>
							</KeywordAnnotation>
						</TextAnnotation>
					</AudioVisualSegment>
					<AudioVisualSegment id="track-0.segment-23">
						<mediaTime>
							<mediaRelTimePoint>T00:18:19:0F1000</mediaRelTimePoint>
							<mediaDuration>PT50S0N1000F</mediaDuration>
						</mediaTime>
						<TextAnnotation confidence="0.5" relevance="0.4"
							xml:lang="en">
							<KeywordAnnotation>
								<Keyword>SSL</Keyword>
								<Keyword>Task</Keyword>
								<Keyword>What</Keyword>
								<Keyword>and</Keyword>
								<Keyword>apply</Keyword>
								<Keyword>attacks</Keyword>
								<Keyword>does</Keyword>
								<Keyword>features</Keyword>
								<Keyword>order</Keyword>
								<Keyword>prevent</Keyword>
								<Keyword>security</Keyword>
							</KeywordAnnotation>
						</TextAnnotation>
						<TextAnnotation confidence="0.5" relevance="0.3"
							xml:lang="en">
							<KeywordAnnotation>
								<Keyword>DES</Keyword>
								<Keyword>RSA</Keyword>
								<Keyword>SSL</Keyword>
								<Keyword>Security</Keyword>
								<Keyword>also</Keyword>
								<Keyword>and</Keyword>
								<Keyword>authentication</Keyword>
								<Keyword>before</Keyword>
								<Keyword>bits</Keyword>
								<Keyword>but</Keyword>
								<Keyword>exchange</Keyword>
								<Keyword>for</Keyword>
								<Keyword>initial</Keyword>
								<Keyword>kay</Keyword>
								<Keyword>keys</Keyword>
								<Keyword>longer</Keyword>
								<Keyword>man</Keyword>
								<Keyword>not</Keyword>
								<Keyword>numbers</Keyword>
								<Keyword>option</Keyword>
								<Keyword>possible</Keyword>
								<Keyword>prevent</Keyword>
								<Keyword>sequence</Keyword>
								<Keyword>this</Keyword>
								<Keyword>used</Keyword>
								<Keyword>uses</Keyword>
								<Keyword>with</Keyword>
							</KeywordAnnotation>
						</TextAnnotation>
						<TextAnnotation confidence="0.5" relevance="0.0"
							xml:lang="en">
							<KeywordAnnotation>
								<Keyword>If</Keyword>
								<Keyword>in</Keyword>
								<Keyword>is</Keyword>
								<Keyword>me</Keyword>
								<Keyword>of</Keyword>
								<Keyword>or</Keyword>
								<Keyword>to</Keyword>
							</KeywordAnnotation>
						</TextAnnotation>
						<TextAnnotation confidence="0.0" relevance="0.4"
							xml:lang="en">
							<KeywordAnnotation>
								<Keyword>IPSec</Keyword>
								<Keyword>brute-force</Keyword>
								<Keyword>replay</Keyword>
							</KeywordAnnotation>
						</TextAnnotation>
						<TextAnnotation confidence="0.0" relevance="0.3"
							xml:lang="en">
							<KeywordAnnotation>
								<Keyword>-bit</Keyword>
								<Keyword>Brute-Force</Keyword>
								<Keyword>Man-in-the-middle</Keyword>
								<Keyword>Replay</Keyword>
								<Keyword>ands</Keyword>
								<Keyword>guaranteed</Keyword>
								<Keyword>in-me-middle</Keyword>
								<Keyword>man-in-the-middle</Keyword>
								<Keyword>replay</Keyword>
								<Keyword>suppom</Keyword>
								<Keyword>suppors</Keyword>
							</KeywordAnnotation>
						</TextAnnotation>
						<TextAnnotation confidence="0.0" relevance="0.0"
							xml:lang="en">
							<KeywordAnnotation>
								<Keyword>-</Keyword>
								<Keyword>c</Keyword>
								<Keyword>m</Keyword>
							</KeywordAnnotation>
						</TextAnnotation>
					</AudioVisualSegment>
					<AudioVisualSegment id="track-0.segment-24">
						<mediaTime>
							<mediaRelTimePoint>T00:19:09:0F1000</mediaRelTimePoint>
							<mediaDuration>PT21S0N1000F</mediaDuration>
						</mediaTime>
						<TextAnnotation confidence="0.5" relevance="0.4"
							xml:lang="de">
							<KeywordAnnotation>
								<Keyword>Denial</Keyword>
								<Keyword>Service</Keyword>
								<Keyword>Task</Keyword>
								<Keyword>active</Keyword>
								<Keyword>ati</Keyword>
								<Keyword>lPS</Keyword>
								<Keyword>pad</Keyword>
								<Keyword>system</Keyword>
							</KeywordAnnotation>
						</TextAnnotation>
						<TextAnnotation confidence="0.5" relevance="0.0"
							xml:lang="de">
							<KeywordAnnotation>
								<Keyword>IP</Keyword>
								<Keyword>cs</Keyword>
								<Keyword>ln</Keyword>
								<Keyword>of</Keyword>
								<Keyword>vn</Keyword>
							</KeywordAnnotation>
						</TextAnnotation>
						<TextAnnotation confidence="0.0" relevance="0.4"
							xml:lang="de">
							<KeywordAnnotation>
								<Keyword>Accrmgnyips</Keyword>
								<Keyword>DbShmsimpmmr6ursysbm</Keyword>
								<Keyword>ThslPSwIIm0nitormep</Keyword>
								<Keyword>amwmt</Keyword>
								<Keyword>asds</Keyword>
								<Keyword>caaddrss.Ifathr</Keyword>
								<Keyword>cketrat</Keyword>
								<Keyword>dfu</Keyword>
								<Keyword>dhch</Keyword>
								<Keyword>ebdmpp</Keyword>
								<Keyword>encxt48l</Keyword>
								<Keyword>isbl</Keyword>
								<Keyword>isuu</Keyword>
								<Keyword>minsexcaedod.mcahcklPsoicaaddr</Keyword>
								<Keyword>n.Discn</Keyword>
								<Keyword>ngtt</Keyword>
								<Keyword>perIPs</Keyword>
								<Keyword>r0u</Keyword>
								<Keyword>tupin</Keyword>
							</KeywordAnnotation>
						</TextAnnotation>
						<TextAnnotation confidence="0.0" relevance="0.0"
							xml:lang="de">
							<KeywordAnnotation>
								<Keyword>a</Keyword>
								<Keyword>e</Keyword>
								<Keyword>h</Keyword>
								<Keyword>n</Keyword>
								<Keyword>o</Keyword>
								<Keyword>s</Keyword>
								<Keyword>u</Keyword>
								<Keyword>x</Keyword>
							</KeywordAnnotation>
						</TextAnnotation>
					</AudioVisualSegment>
					<AudioVisualSegment id="track-0.segment-25">
						<mediaTime>
							<mediaRelTimePoint>T00:19:30:0F1000</mediaRelTimePoint>
							<mediaDuration>PT02M39S0N1000F</mediaDuration>
						</mediaTime>
						<TextAnnotation confidence="0.5" relevance="0.4"
							xml:lang="de">
							<KeywordAnnotation>
								<Keyword>Denial</Keyword>
								<Keyword>IPS</Keyword>
								<Keyword>Imc</Keyword>
								<Keyword>Service</Keyword>
								<Keyword>Task</Keyword>
								<Keyword>ati</Keyword>
								<Keyword>attack</Keyword>
								<Keyword>cIs</Keyword>
								<Keyword>can</Keyword>
								<Keyword>con</Keyword>
								<Keyword>dar</Keyword>
								<Keyword>guAr</Keyword>
								<Keyword>lPs</Keyword>
								<Keyword>men</Keyword>
								<Keyword>non</Keyword>
								<Keyword>pack</Keyword>
								<Keyword>the</Keyword>
								<Keyword>would</Keyword>
							</KeywordAnnotation>
						</TextAnnotation>
						<TextAnnotation confidence="0.5" relevance="0.0"
							xml:lang="de">
							<KeywordAnnotation>
								<Keyword>II</Keyword>
								<Keyword>IP</Keyword>
								<Keyword>Uu</Keyword>
								<Keyword>aD</Keyword>
								<Keyword>au</Keyword>
								<Keyword>av</Keyword>
								<Keyword>aw</Keyword>
								<Keyword>be</Keyword>
								<Keyword>by</Keyword>
								<Keyword>df</Keyword>
								<Keyword>es</Keyword>
								<Keyword>gs</Keyword>
								<Keyword>ho</Keyword>
								<Keyword>im</Keyword>
								<Keyword>lP</Keyword>
								<Keyword>me</Keyword>
								<Keyword>mu</Keyword>
								<Keyword>nn</Keyword>
								<Keyword>nu</Keyword>
								<Keyword>of</Keyword>
								<Keyword>rc</Keyword>
								<Keyword>rm</Keyword>
								<Keyword>um</Keyword>
								<Keyword>vs</Keyword>
								<Keyword>wa</Keyword>
								<Keyword>wo</Keyword>
							</KeywordAnnotation>
						</TextAnnotation>
						<TextAnnotation confidence="0.0" relevance="0.5"
							xml:lang="de">
							<KeywordAnnotation>
								<Keyword>Jgu</Keyword>
								<Keyword>n0u0op</Keyword>
							</KeywordAnnotation>
						</TextAnnotation>
						<TextAnnotation confidence="0.0" relevance="0.4"
							xml:lang="de">
							<KeywordAnnotation>
								<Keyword>Awmpawp</Keyword>
								<Keyword>DDcSims</Keyword>
								<Keyword>Eg.DNS</Keyword>
								<Keyword>Intpn</Keyword>
								<Keyword>ThBlPSwlIm0nib</Keyword>
								<Keyword>accusto</Keyword>
								<Keyword>adve</Keyword>
								<Keyword>aervenvtddr</Keyword>
								<Keyword>bemase</Keyword>
								<Keyword>bhctdd</Keyword>
								<Keyword>ccnnmyneea</Keyword>
								<Keyword>csver</Keyword>
								<Keyword>ere</Keyword>
								<Keyword>gtsar</Keyword>
								<Keyword>hcfr</Keyword>
								<Keyword>hhdm</Keyword>
								<Keyword>hmsho</Keyword>
								<Keyword>htunqad</Keyword>
								<Keyword>inbound</Keyword>
								<Keyword>isbl</Keyword>
								<Keyword>kcsaddr</Keyword>
								<Keyword>khgpp</Keyword>
								<Keyword>l00h0stsappea1under</Keyword>
								<Keyword>lnt1tamadod.maab</Keyword>
								<Keyword>mha</Keyword>
								<Keyword>mhpuIPsuxuadd</Keyword>
								<Keyword>mpmnn</Keyword>
								<Keyword>mpp</Keyword>
								<Keyword>mrkscny</Keyword>
								<Keyword>mwmt</Keyword>
								<Keyword>nIgctaat</Keyword>
								<Keyword>ngqqIj</Keyword>
								<Keyword>ngvMh</Keyword>
								<Keyword>nmmE</Keyword>
								<Keyword>nydS</Keyword>
								<Keyword>o-ann1apgingofw1r</Keyword>
								<Keyword>r0u</Keyword>
								<Keyword>rs.Discn</Keyword>
								<Keyword>s.I1e.g</Keyword>
								<Keyword>scurcels</Keyword>
								<Keyword>svo</Keyword>
								<Keyword>sysnm</Keyword>
								<Keyword>tfa</Keyword>
								<Keyword>tupM</Keyword>
								<Keyword>txt</Keyword>
								<Keyword>une</Keyword>
								<Keyword>unsyshm</Keyword>
								<Keyword>vnksony.IU</Keyword>
								<Keyword>woakrxsofs1achan</Keyword>
								<Keyword>wum</Keyword>
							</KeywordAnnotation>
						</TextAnnotation>
						<TextAnnotation confidence="0.0" relevance="0.3"
							xml:lang="de">
							<KeywordAnnotation>
								<Keyword>ylwuro</Keyword>
							</KeywordAnnotation>
						</TextAnnotation>
						<TextAnnotation confidence="0.0" relevance="0.0"
							xml:lang="de">
							<KeywordAnnotation>
								<Keyword>I</Keyword>
								<Keyword>M</Keyword>
								<Keyword>Q</Keyword>
								<Keyword>U</Keyword>
								<Keyword>a</Keyword>
								<Keyword>b</Keyword>
								<Keyword>c</Keyword>
								<Keyword>d</Keyword>
								<Keyword>e</Keyword>
								<Keyword>f</Keyword>
								<Keyword>h</Keyword>
								<Keyword>i</Keyword>
								<Keyword>m</Keyword>
								<Keyword>n</Keyword>
								<Keyword>o</Keyword>
								<Keyword>p</Keyword>
								<Keyword>r</Keyword>
								<Keyword>s</Keyword>
								<Keyword>t</Keyword>
								<Keyword>u</Keyword>
								<Keyword>v</Keyword>
								<Keyword>w</Keyword>
								<Keyword>y</Keyword>
							</KeywordAnnotation>
						</TextAnnotation>
					</AudioVisualSegment>
					<AudioVisualSegment id="track-0.segment-26">
						<mediaTime>
							<mediaRelTimePoint>T00:22:09:0F1000</mediaRelTimePoint>
							<mediaDuration>PT01S10N1000F</mediaDuration>
						</mediaTime>
						<TextAnnotation confidence="0.5" relevance="0.4"
							xml:lang="en">
							<KeywordAnnotation>
								<Keyword>Questions</Keyword>
							</KeywordAnnotation>
						</TextAnnotation>
					</AudioVisualSegment>
				</TemporalDecomposition>
			</AudioVisual>
		</MultimediaContent>
	</Description>
</Mpeg7>
