<?xml version="1.0" encoding="UTF-8"?>
<Mpeg7 xmlns="urn:mpeg:mpeg7:schema:2001" xmlns:mpeg7="urn:mpeg7:schema:2001"
	xmlns:xsi="http://www.w3.org/2001/XMLSchema-instance/">
	<Description xsi:type="ContentEntityType">
		<MultimediaContent xsi:type="VideoType">
			<Video id="track-1">
				<mediaLocator>
					<mediaUri>file:tracks/grabber.mp4</mediaUri>
				</mediaLocator>
				<mediaTime>
					<mediaTimePoint>T00:00:00:0F4</mediaTimePoint>
					<mediaDuration>PT10M0N1000F</mediaDuration>
				</mediaTime>
				<TemporalDecomposition criteria="temporal"
					gap="false" overlap="false">
					<VideoSegment id="track-1.segment-1">
						<mediaTime>
							<mediaRelTimePoint>T00:00:00:0F1000</mediaRelTimePoint>
							<mediaDuration>PT54S0N1000F</mediaDuration>
						</mediaTime>
						<TextAnnotation confidence="0.5" relevance="0.5"
							xml:lang="de">
							<KeywordAnnotation>
								<Keyword>Throughput</Keyword>
								<Keyword>non</Keyword>
							</KeywordAnnotation>
						</TextAnnotation>
						<TextAnnotation confidence="0.5" relevance="0.4"
							xml:lang="de">
							<KeywordAnnotation>
								<Keyword>Graph</Keyword>
								<Keyword>Tan</Keyword>
								<Keyword>attempts</Keyword>
								<Keyword>for</Keyword>
								<Keyword>pads</Keyword>
								<Keyword>time</Keyword>
							</KeywordAnnotation>
						</TextAnnotation>
						<TextAnnotation confidence="0.5" relevance="0.3"
							xml:lang="de">
							<KeywordAnnotation>
								<Keyword>analysis</Keyword>
								<Keyword>performance</Keyword>
							</KeywordAnnotation>
						</TextAnnotation>
						<TextAnnotation confidence="0.5" relevance="0.0"
							xml:lang="de">
							<KeywordAnnotation>
								<Keyword>Ge</Keyword>
								<Keyword>gu</Keyword>
								<Keyword>lj</Keyword>
								<Keyword>me</Keyword>
								<Keyword>of</Keyword>
								<Keyword>rN</Keyword>
							</KeywordAnnotation>
						</TextAnnotation>
						<TextAnnotation confidence="0.0" relevance="0.5"
							xml:lang="de">
							<KeywordAnnotation>
								<Keyword>Aloha</Keyword>
								<Keyword>cse</Keyword>
							</KeywordAnnotation>
						</TextAnnotation>
						<TextAnnotation confidence="0.0" relevance="0.4"
							xml:lang="de">
							<KeywordAnnotation>
								<Keyword>ALOHA</Keyword>
								<Keyword>Slotted</Keyword>
								<Keyword>nbaum.Com9ut</Keyword>
								<Keyword>nmts</Keyword>
								<Keyword>oar</Keyword>
								<Keyword>sown</Keyword>
							</KeywordAnnotation>
						</TextAnnotation>
						<TextAnnotation confidence="0.0" relevance="0.0"
							xml:lang="de">
							<KeywordAnnotation>
								<Keyword>E</Keyword>
								<Keyword>G</Keyword>
								<Keyword>S</Keyword>
								<Keyword>V</Keyword>
								<Keyword>X</Keyword>
								<Keyword>g</Keyword>
								<Keyword>qw</Keyword>
								<Keyword>s</Keyword>
								<Keyword>u</Keyword>
							</KeywordAnnotation>
						</TextAnnotation>
					</VideoSegment>
					<VideoSegment id="track-1.segment-2">
						<mediaTime>
							<mediaRelTimePoint>T00:00:54:0F1000</mediaRelTimePoint>
							<mediaDuration>PT01M34S0N1000F</mediaDuration>
						</mediaTime>
						<TextAnnotation confidence="0.5" relevance="0.5"
							xml:lang="en">
							<KeywordAnnotation>
								<Keyword>Throughput</Keyword>
							</KeywordAnnotation>
						</TextAnnotation>
						<TextAnnotation confidence="0.5" relevance="0.4"
							xml:lang="en">
							<KeywordAnnotation>
								<Keyword>Graph</Keyword>
								<Keyword>attempts</Keyword>
								<Keyword>mime</Keyword>
								<Keyword>par</Keyword>
								<Keyword>reader</Keyword>
							</KeywordAnnotation>
						</TextAnnotation>
						<TextAnnotation confidence="0.5" relevance="0.3"
							xml:lang="en">
							<KeywordAnnotation>
								<Keyword>analysis</Keyword>
								<Keyword>for</Keyword>
								<Keyword>performance</Keyword>
							</KeywordAnnotation>
						</TextAnnotation>
						<TextAnnotation confidence="0.5" relevance="0.0"
							xml:lang="en">
							<KeywordAnnotation>
								<Keyword>As</Keyword>
								<Keyword>GH</Keyword>
								<Keyword>Ge</Keyword>
								<Keyword>lw</Keyword>
								<Keyword>of</Keyword>
								<Keyword>rN</Keyword>
							</KeywordAnnotation>
						</TextAnnotation>
						<TextAnnotation confidence="0.0" relevance="0.5"
							xml:lang="en">
							<KeywordAnnotation>
								<Keyword>Aloha</Keyword>
								<Keyword>guwf</Keyword>
							</KeywordAnnotation>
						</TextAnnotation>
						<TextAnnotation confidence="0.0" relevance="0.4"
							xml:lang="en">
							<KeywordAnnotation>
								<Keyword>ALOHA</Keyword>
								<Keyword>Aloha</Keyword>
								<Keyword>Comput</Keyword>
								<Keyword>Slotted</Keyword>
								<Keyword>Tanmbaum</Keyword>
								<Keyword>padmr</Keyword>
								<Keyword>souruz</Keyword>
							</KeywordAnnotation>
						</TextAnnotation>
						<TextAnnotation confidence="0.0" relevance="0.0"
							xml:lang="en">
							<KeywordAnnotation>
								<Keyword>-</Keyword>
								<Keyword>G</Keyword>
								<Keyword>S</Keyword>
								<Keyword>i</Keyword>
								<Keyword>k</Keyword>
								<Keyword>s</Keyword>
							</KeywordAnnotation>
						</TextAnnotation>
					</VideoSegment>
					<VideoSegment id="track-1.segment-3">
						<mediaTime>
							<mediaRelTimePoint>T00:02:28:0F1000</mediaRelTimePoint>
							<mediaDuration>PT22S0N1000F</mediaDuration>
						</mediaTime>
						<TextAnnotation confidence="0.5" relevance="0.5"
							xml:lang="en">
							<KeywordAnnotation>
								<Keyword>Throughput</Keyword>
							</KeywordAnnotation>
						</TextAnnotation>
						<TextAnnotation confidence="0.5" relevance="0.4"
							xml:lang="en">
							<KeywordAnnotation>
								<Keyword>Computer</Keyword>
								<Keyword>Tan</Keyword>
								<Keyword>lime</Keyword>
								<Keyword>www</Keyword>
							</KeywordAnnotation>
						</TextAnnotation>
						<TextAnnotation confidence="0.5" relevance="0.3"
							xml:lang="en">
							<KeywordAnnotation>
								<Keyword>analysis</Keyword>
								<Keyword>for</Keyword>
								<Keyword>performance</Keyword>
							</KeywordAnnotation>
						</TextAnnotation>
						<TextAnnotation confidence="0.5" relevance="0.0"
							xml:lang="en">
							<KeywordAnnotation>
								<Keyword>gf</Keyword>
								<Keyword>mo</Keyword>
								<Keyword>of</Keyword>
								<Keyword>ts</Keyword>
							</KeywordAnnotation>
						</TextAnnotation>
						<TextAnnotation confidence="0.0" relevance="0.5"
							xml:lang="en">
							<KeywordAnnotation>
								<Keyword>Aloha</Keyword>
							</KeywordAnnotation>
						</TextAnnotation>
						<TextAnnotation confidence="0.0" relevance="0.4"
							xml:lang="en">
							<KeywordAnnotation>
								<Keyword>ALOHAS</Keyword>
								<Keyword>GTG</Keyword>
								<Keyword>Grlvh</Keyword>
								<Keyword>Slotted</Keyword>
								<Keyword>anempts</Keyword>
								<Keyword>nada</Keyword>
								<Keyword>nhaum</Keyword>
								<Keyword>oar</Keyword>
							</KeywordAnnotation>
						</TextAnnotation>
						<TextAnnotation confidence="0.0" relevance="0.3"
							xml:lang="en">
							<KeywordAnnotation>
								<Keyword>ALOHAr</Keyword>
								<Keyword>ure</Keyword>
							</KeywordAnnotation>
						</TextAnnotation>
						<TextAnnotation confidence="0.0" relevance="0.0"
							xml:lang="en">
							<KeywordAnnotation>
								<Keyword>G</Keyword>
								<Keyword>J</Keyword>
								<Keyword>N</Keyword>
								<Keyword>S</Keyword>
								<Keyword>i</Keyword>
								<Keyword>m</Keyword>
								<Keyword>n</Keyword>
							</KeywordAnnotation>
						</TextAnnotation>
					</VideoSegment>
					<VideoSegment id="track-1.segment-4">
						<mediaTime>
							<mediaRelTimePoint>T00:02:50:0F1000</mediaRelTimePoint>
							<mediaDuration>PT01M26S0N1000F</mediaDuration>
						</mediaTime>
					</VideoSegment>
					<VideoSegment id="track-1.segment-5">
						<mediaTime>
							<mediaRelTimePoint>T00:04:16:0F1000</mediaRelTimePoint>
							<mediaDuration>PT45S0N1000F</mediaDuration>
						</mediaTime>
						<TextAnnotation confidence="0.0" relevance="0.0"
							xml:lang="en">
							<KeywordAnnotation>
								<Keyword>L</Keyword>
								<Keyword>t</Keyword>
							</KeywordAnnotation>
						</TextAnnotation>
					</VideoSegment>
					<VideoSegment id="track-1.segment-6">
						<mediaTime>
							<mediaRelTimePoint>T00:05:01:0F1000</mediaRelTimePoint>
							<mediaDuration>PT01M02S0N1000F</mediaDuration>
						</mediaTime>
						<TextAnnotation confidence="0.5" relevance="0.5"
							xml:lang="en">
							<KeywordAnnotation>
								<Keyword>CSMA</Keyword>
								<Keyword>Vulnerable</Keyword>
								<Keyword>interval</Keyword>
								<Keyword>with</Keyword>
							</KeywordAnnotation>
						</TextAnnotation>
						<TextAnnotation confidence="0.5" relevance="0.2"
							xml:lang="en">
							<KeywordAnnotation>
								<Keyword>intern</Keyword>
								<Keyword>vulnerable</Keyword>
							</KeywordAnnotation>
						</TextAnnotation>
						<TextAnnotation confidence="0.5" relevance="0.0"
							xml:lang="en">
							<KeywordAnnotation>
								<Keyword>mm</Keyword>
							</KeywordAnnotation>
						</TextAnnotation>
						<TextAnnotation confidence="0.0" relevance="0.0"
							xml:lang="en">
							<KeywordAnnotation>
								<Keyword>A</Keyword>
								<Keyword>p</Keyword>
								<Keyword>r</Keyword>
								<Keyword>x</Keyword>
								<Keyword>xg</Keyword>
							</KeywordAnnotation>
						</TextAnnotation>
					</VideoSegment>
					<VideoSegment id="track-1.segment-7">
						<mediaTime>
							<mediaRelTimePoint>T00:06:03:0F1000</mediaRelTimePoint>
							<mediaDuration>PT01M30S0N1000F</mediaDuration>
						</mediaTime>
						<TextAnnotation confidence="0.5" relevance="0.5"
							xml:lang="de">
							<KeywordAnnotation>
								<Keyword>Backoff</Keyword>
								<Keyword>Binary</Keyword>
								<Keyword>CSMA</Keyword>
								<Keyword>Collision</Keyword>
								<Keyword>Detection</Keyword>
								<Keyword>Ethernet</Keyword>
								<Keyword>Exponential</Keyword>
								<Keyword>Random</Keyword>
								<Keyword>Stations</Keyword>
								<Keyword>collision</Keyword>
								<Keyword>collisions</Keyword>
								<Keyword>dated</Keyword>
								<Keyword>frame</Keyword>
								<Keyword>has</Keyword>
								<Keyword>length</Keyword>
								<Keyword>makes</Keyword>
								<Keyword>minimum</Keyword>
								<Keyword>only</Keyword>
								<Keyword>signal</Keyword>
								<Keyword>state</Keyword>
								<Keyword>station</Keyword>
								<Keyword>sure</Keyword>
								<Keyword>thai</Keyword>
								<Keyword>time</Keyword>
								<Keyword>with</Keyword>
								<Keyword>www</Keyword>
							</KeywordAnnotation>
						</TextAnnotation>
						<TextAnnotation confidence="0.5" relevance="0.0"
							xml:lang="de">
							<KeywordAnnotation>
								<Keyword>if</Keyword>
								<Keyword>in</Keyword>
								<Keyword>mm</Keyword>
								<Keyword>mn</Keyword>
							</KeywordAnnotation>
						</TextAnnotation>
						<TextAnnotation confidence="0.0" relevance="0.6"
							xml:lang="de">
							<KeywordAnnotation>
								<Keyword>A,,p</Keyword>
								<Keyword>Q..-</Keyword>
								<Keyword>expcnsptjally</Keyword>
							</KeywordAnnotation>
						</TextAnnotation>
						<TextAnnotation confidence="0.0" relevance="0.5"
							xml:lang="de">
							<KeywordAnnotation>
								<Keyword>Aww</Keyword>
								<Keyword>Jamming</Keyword>
								<Keyword>KMQHQEQIQ</Keyword>
								<Keyword>evgry</Keyword>
								<Keyword>inuaases</Keyword>
								<Keyword>knowsmatthedwannelis</Keyword>
								<Keyword>mpeam</Keyword>
								<Keyword>oornssms</Keyword>
								<Keyword>panies</Keyword>
								<Keyword>reliably</Keyword>
								<Keyword>wait</Keyword>
							</KeywordAnnotation>
						</TextAnnotation>
						<TextAnnotation confidence="0.0" relevance="0.0"
							xml:lang="de">
							<KeywordAnnotation>
								<Keyword>-</Keyword>
								<Keyword>A</Keyword>
								<Keyword>B</Keyword>
								<Keyword>I</Keyword>
								<Keyword>QQ</Keyword>
								<Keyword>T</Keyword>
								<Keyword>a</Keyword>
								<Keyword>g</Keyword>
								<Keyword>x</Keyword>
							</KeywordAnnotation>
						</TextAnnotation>
					</VideoSegment>
					<VideoSegment id="track-1.segment-8">
						<mediaTime>
							<mediaRelTimePoint>T00:07:33:0F1000</mediaRelTimePoint>
							<mediaDuration>PT26S0N1000F</mediaDuration>
						</mediaTime>
						<TextAnnotation confidence="0.5" relevance="0.5"
							xml:lang="en">
							<KeywordAnnotation>
								<Keyword>Algorithm</Keyword>
								<Keyword>Backoff</Keyword>
								<Keyword>and</Keyword>
								<Keyword>collision</Keyword>
								<Keyword>mary</Keyword>
								<Keyword>then</Keyword>
							</KeywordAnnotation>
						</TextAnnotation>
						<TextAnnotation confidence="0.5" relevance="0.4"
							xml:lang="en">
							<KeywordAnnotation>
								<Keyword>Repeat</Keyword>
								<Keyword>available</Keyword>
								<Keyword>channel</Keyword>
								<Keyword>data</Keyword>
								<Keyword>frame</Keyword>
								<Keyword>monitor</Keyword>
								<Keyword>one</Keyword>
								<Keyword>send</Keyword>
								<Keyword>success</Keyword>
								<Keyword>until</Keyword>
								<Keyword>while</Keyword>
							</KeywordAnnotation>
						</TextAnnotation>
						<TextAnnotation confidence="0.5" relevance="0.0"
							xml:lang="en">
							<KeywordAnnotation>
								<Keyword>Ll</Keyword>
								<Keyword>if</Keyword>
								<Keyword>mn</Keyword>
								<Keyword>om</Keyword>
							</KeywordAnnotation>
						</TextAnnotation>
						<TextAnnotation confidence="0.0" relevance="0.5"
							xml:lang="en">
							<KeywordAnnotation>
								<Keyword>CSMAICD</Keyword>
								<Keyword>rgmmm</Keyword>
							</KeywordAnnotation>
						</TextAnnotation>
						<TextAnnotation confidence="0.0" relevance="0.4"
							xml:lang="en">
							<KeywordAnnotation>
								<Keyword>sending</Keyword>
								<Keyword>wait</Keyword>
							</KeywordAnnotation>
						</TextAnnotation>
						<TextAnnotation confidence="0.0" relevance="0.0"
							xml:lang="en">
							<KeywordAnnotation>
								<Keyword>B</Keyword>
								<Keyword>l</Keyword>
								<Keyword>r</Keyword>
							</KeywordAnnotation>
						</TextAnnotation>
					</VideoSegment>
					<VideoSegment id="track-1.segment-9">
						<mediaTime>
							<mediaRelTimePoint>T00:07:59:0F1000</mediaRelTimePoint>
							<mediaDuration>PT02M01S0N1000F</mediaDuration>
						</mediaTime>
						<TextAnnotation confidence="0.5" relevance="0.5"
							xml:lang="de">
							<KeywordAnnotation>
								<Keyword>Algorithm</Keyword>
								<Keyword>Backoff</Keyword>
								<Keyword>CSMA</Keyword>
								<Keyword>collision</Keyword>
								<Keyword>then</Keyword>
							</KeywordAnnotation>
						</TextAnnotation>
						<TextAnnotation confidence="0.5" relevance="0.4"
							xml:lang="de">
							<KeywordAnnotation>
								<Keyword>Repeat</Keyword>
								<Keyword>available</Keyword>
								<Keyword>channel</Keyword>
								<Keyword>frame</Keyword>
								<Keyword>one</Keyword>
								<Keyword>send</Keyword>
								<Keyword>success</Keyword>
							</KeywordAnnotation>
						</TextAnnotation>
						<TextAnnotation confidence="0.5" relevance="0.3"
							xml:lang="de">
							<KeywordAnnotation>
								<Keyword>until</Keyword>
							</KeywordAnnotation>
						</TextAnnotation>
						<TextAnnotation confidence="0.5" relevance="0.0"
							xml:lang="de">
							<KeywordAnnotation>
								<Keyword>CD</Keyword>
								<Keyword>if</Keyword>
								<Keyword>nn</Keyword>
							</KeywordAnnotation>
						</TextAnnotation>
						<TextAnnotation confidence="0.0" relevance="0.4"
							xml:lang="de">
							<KeywordAnnotation>
								<Keyword>wait</Keyword>
							</KeywordAnnotation>
						</TextAnnotation>
						<TextAnnotation confidence="0.0" relevance="0.0"
							xml:lang="de">
							<KeywordAnnotation>
								<Keyword>A</Keyword>
								<Keyword>B</Keyword>
								<Keyword>F</Keyword>
								<Keyword>Y</Keyword>
								<Keyword>a</Keyword>
								<Keyword>m</Keyword>
								<Keyword>r</Keyword>
							</KeywordAnnotation>
						</TextAnnotation>
					</VideoSegment>
				</TemporalDecomposition>
			</Video>
		</MultimediaContent>
	</Description>
</Mpeg7>
