<?xml version="1.0" encoding="UTF-8"?>
<mediapackage duration="3495640">
	<media>
		<track id="track-1" type="engage/presenter">
			<url>tracks/movie.flv</url>
			<mimetype>video/x-flv</mimetype>
			<checksum type="md5">7b3c7e8cc2cba2f5b7af4fd4224f3005</checksum>
			<tags>
				<tag>engage</tag>
			</tags>
		</track>
	</media>
	<metadata>
		<catalog id="catalog-2" type="metadata/dublincore">
			<mimetype>text/xml</mimetype>
			<checksum type="md5">8f0137eaee550d3665fd0f5a1eb85a3f</checksum>
			<url>metadata/dublincore-e-zkm_Part2.xml</url>
		</catalog>
		<catalog id="catalog-1" ref="series:6d39892a-6560-4799-91e9-1f014d8b9676"
			type="metadata/dublincore">
			<mimetype>text/xml</mimetype>
			<checksum type="md5">57ae741634661463c6d4ac8aa036a11f</checksum>
			<url>metadata/dublincore-s-00003.xml</url>
		</catalog>
		<catalog id="catalog-3" type="metadata/mpeg-7">
			<mimetype>text/xml</mimetype>
			<checksum type="md5">d41d8cd98f00b204e9800998ecf8427e</checksum>
			<url>metadata/mpeg-73519692497081880083.xml</url>
		</catalog>
	</metadata>
	<attachments>
		<attachment id="cover" type="cover/source" ref="track:track-1">
			<url>attachments/cover.jpg</url>
			<mimetype>image/jpeg</mimetype>
			<checksum type="md5">fb5107e56b6762adee0c604348e5dcce</checksum>
			<tags>
				<tag>engage</tag>
			</tags>
		</attachment>
	</attachments>
</mediapackage>
