<?xml version="1.0" encoding="UTF-8"?>
<Mpeg7 xmlns="urn:mpeg:mpeg7:schema:2001" xmlns:mpeg7="urn:mpeg7:schema:2001"
	xmlns:xsi="http://www.w3.org/2001/XMLSchema-instance/">
	<Description xsi:type="ContentEntityType">
		<MultimediaContent xsi:type="AudioVisualType">
			<AudioVisual id="track-1">
				<MediaLocator>
					<MediaUri>file:tracks/camera.avi</MediaUri>
				</MediaLocator>
				<MediaTime>
					<MediaTimePoint>T00:00:00:0F25</MediaTimePoint>
					<MediaDuration>PT49M42S8N1000F</MediaDuration>
				</MediaTime>
			</AudioVisual>
			<AudioVisual id="track-0">
				<MediaLocator>
					<MediaUri>file:tracks/grabber.avi</MediaUri>
				</MediaLocator>
				<MediaTime>
					<MediaTimePoint>T00:00:00:0F5</MediaTimePoint>
					<MediaDuration>PT49M42S8N1000F</MediaDuration>
				</MediaTime>
				<TemporalDecomposition criteria="temporal"
					gap="false" overlap="false">
					<AudioVisualSegment id="track-0.segment-1">
						<MediaTime>
							<MediaRelTimePoint>T00:00:00:0F1000</MediaRelTimePoint>
							<MediaDuration>PT03M10S0N1000F</MediaDuration>
						</MediaTime>
						<TextAnnotation confidence="0.5" relevance="0.3"
							xml:lang="en">
							<KeywordAnnotation>
								<Keyword>How</Keyword>
								<Keyword>Jones</Keyword>
								<Keyword>are</Keyword>
								<Keyword>the</Keyword>
								<Keyword>you</Keyword>
							</KeywordAnnotation>
						</TextAnnotation>
						<TextAnnotation confidence="0.5" relevance="0.2"
							xml:lang="en">
							<KeywordAnnotation>
								<Keyword>Good</Keyword>
								<Keyword>Make</Keyword>
								<Keyword>and</Keyword>
								<Keyword>how</Keyword>
							</KeywordAnnotation>
						</TextAnnotation>
						<TextAnnotation confidence="0.5" relevance="0.0"
							xml:lang="en">
							<KeywordAnnotation>
								<Keyword>Hi</Keyword>
								<Keyword>Iy</Keyword>
								<Keyword>ns</Keyword>
							</KeywordAnnotation>
						</TextAnnotation>
						<TextAnnotation confidence="0.0" relevance="0.3"
							xml:lang="en">
							<KeywordAnnotation>
								<Keyword>Eliot</Keyword>
								<Keyword>fam</Keyword>
							</KeywordAnnotation>
						</TextAnnotation>
						<TextAnnotation confidence="0.0" relevance="0.2"
							xml:lang="en">
							<KeywordAnnotation>
								<Keyword>Qllauvm</Keyword>
							</KeywordAnnotation>
						</TextAnnotation>
						<TextAnnotation confidence="0.0" relevance="0.0"
							xml:lang="en">
							<KeywordAnnotation>
								<Keyword>H</Keyword>
							</KeywordAnnotation>
						</TextAnnotation>
					</AudioVisualSegment>
					<AudioVisualSegment id="track-0.segment-2">
						<MediaTime>
							<MediaRelTimePoint>T00:03:10:0F1000</MediaRelTimePoint>
							<MediaDuration>PT12S0N1000F</MediaDuration>
						</MediaTime>
						<TextAnnotation confidence="0.5" relevance="0.4"
							xml:lang="de">
							<KeywordAnnotation>
								<Keyword>London</Keyword>
								<Keyword>Road</Keyword>
								<Keyword>Town</Keyword>
								<Keyword>address</Keyword>
								<Keyword>the</Keyword>
							</KeywordAnnotation>
						</TextAnnotation>
						<TextAnnotation confidence="0.5" relevance="0.3"
							xml:lang="de">
							<KeywordAnnotation>
								<Keyword>Hello</Keyword>
								<Keyword>INS</Keyword>
								<Keyword>don</Keyword>
								<Keyword>there</Keyword>
							</KeywordAnnotation>
						</TextAnnotation>
						<TextAnnotation confidence="0.5" relevance="0.0"
							xml:lang="de">
							<KeywordAnnotation>
								<Keyword>bu</Keyword>
								<Keyword>fi</Keyword>
								<Keyword>rs</Keyword>
							</KeywordAnnotation>
						</TextAnnotation>
						<TextAnnotation confidence="0.0" relevance="0.4"
							xml:lang="de">
							<KeywordAnnotation>
								<Keyword>Ksnlssh</Keyword>
							</KeywordAnnotation>
						</TextAnnotation>
						<TextAnnotation confidence="0.0" relevance="0.3"
							xml:lang="de">
							<KeywordAnnotation>
								<Keyword>hava</Keyword>
							</KeywordAnnotation>
						</TextAnnotation>
						<TextAnnotation confidence="0.0" relevance="0.0"
							xml:lang="de">
							<KeywordAnnotation>
								<Keyword>H</Keyword>
								<Keyword>I</Keyword>
								<Keyword>R</Keyword>
								<Keyword>U</Keyword>
								<Keyword>h</Keyword>
								<Keyword>l</Keyword>
							</KeywordAnnotation>
						</TextAnnotation>
					</AudioVisualSegment>
					<AudioVisualSegment id="track-0.segment-3">
						<MediaTime>
							<MediaRelTimePoint>T00:03:22:0F1000</MediaRelTimePoint>
							<MediaDuration>PT01M51S0N1000F</MediaDuration>
						</MediaTime>
						<TextAnnotation confidence="0.5" relevance="0.4"
							xml:lang="en">
							<KeywordAnnotation>
								<Keyword>How</Keyword>
								<Keyword>Jones</Keyword>
								<Keyword>London</Keyword>
								<Keyword>Mike</Keyword>
								<Keyword>What</Keyword>
								<Keyword>When</Keyword>
								<Keyword>Who</Keyword>
								<Keyword>ago</Keyword>
								<Keyword>and</Keyword>
								<Keyword>are</Keyword>
								<Keyword>aren</Keyword>
								<Keyword>card</Keyword>
								<Keyword>could</Keyword>
								<Keyword>credit</Keyword>
								<Keyword>did</Keyword>
								<Keyword>friend</Keyword>
								<Keyword>friendly</Keyword>
								<Keyword>from</Keyword>
								<Keyword>gets</Keyword>
								<Keyword>held</Keyword>
								<Keyword>hotel</Keyword>
								<Keyword>imprint</Keyword>
								<Keyword>keep</Keyword>
								<Keyword>kind</Keyword>
								<Keyword>know</Keyword>
								<Keyword>not</Keyword>
								<Keyword>number</Keyword>
								<Keyword>over</Keyword>
								<Keyword>phone</Keyword>
								<Keyword>scam</Keyword>
								<Keyword>someone</Keyword>
								<Keyword>that</Keyword>
								<Keyword>the</Keyword>
								<Keyword>they</Keyword>
								<Keyword>was</Keyword>
								<Keyword>years</Keyword>
							</KeywordAnnotation>
						</TextAnnotation>
						<TextAnnotation confidence="0.5" relevance="0.0"
							xml:lang="en">
							<KeywordAnnotation>
								<Keyword>He</Keyword>
								<Keyword>at</Keyword>
								<Keyword>in</Keyword>
								<Keyword>it</Keyword>
								<Keyword>of</Keyword>
							</KeywordAnnotation>
						</TextAnnotation>
						<TextAnnotation confidence="0.0" relevance="0.4"
							xml:lang="en">
							<KeywordAnnotation>
								<Keyword>Clues</Keyword>
								<Keyword>doesn</Keyword>
								<Keyword>gunpoint</Keyword>
								<Keyword>hnq</Keyword>
								<Keyword>staying</Keyword>
							</KeywordAnnotation>
						</TextAnnotation>
						<TextAnnotation confidence="0.0" relevance="0.0"
							xml:lang="en">
							<KeywordAnnotation>
								<Keyword>I</Keyword>
								<Keyword>a</Keyword>
								<Keyword>s</Keyword>
							</KeywordAnnotation>
						</TextAnnotation>
					</AudioVisualSegment>
					<AudioVisualSegment id="track-0.segment-4">
						<MediaTime>
							<MediaRelTimePoint>T00:05:13:0F1000</MediaRelTimePoint>
							<MediaDuration>PT29S0N1000F</MediaDuration>
						</MediaTime>
						<TextAnnotation confidence="0.5" relevance="0.4"
							xml:lang="en">
							<KeywordAnnotation>
								<Keyword>How</Keyword>
								<Keyword>Jones</Keyword>
								<Keyword>London</Keyword>
								<Keyword>Mike</Keyword>
								<Keyword>Some</Keyword>
								<Keyword>What</Keyword>
								<Keyword>When</Keyword>
								<Keyword>Who</Keyword>
								<Keyword>ago</Keyword>
								<Keyword>and</Keyword>
								<Keyword>are</Keyword>
								<Keyword>aren</Keyword>
								<Keyword>card</Keyword>
								<Keyword>could</Keyword>
								<Keyword>credit</Keyword>
								<Keyword>did</Keyword>
								<Keyword>friend</Keyword>
								<Keyword>friendly</Keyword>
								<Keyword>from</Keyword>
								<Keyword>gets</Keyword>
								<Keyword>held</Keyword>
								<Keyword>hotel</Keyword>
								<Keyword>imprint</Keyword>
								<Keyword>keep</Keyword>
								<Keyword>kind</Keyword>
								<Keyword>know</Keyword>
								<Keyword>not</Keyword>
								<Keyword>number</Keyword>
								<Keyword>over</Keyword>
								<Keyword>phone</Keyword>
								<Keyword>scam</Keyword>
								<Keyword>someone</Keyword>
								<Keyword>that</Keyword>
								<Keyword>the</Keyword>
								<Keyword>they</Keyword>
								<Keyword>was</Keyword>
								<Keyword>were</Keyword>
								<Keyword>years</Keyword>
							</KeywordAnnotation>
						</TextAnnotation>
						<TextAnnotation confidence="0.5" relevance="0.0"
							xml:lang="en">
							<KeywordAnnotation>
								<Keyword>He</Keyword>
								<Keyword>at</Keyword>
								<Keyword>in</Keyword>
								<Keyword>it</Keyword>
								<Keyword>of</Keyword>
							</KeywordAnnotation>
						</TextAnnotation>
						<TextAnnotation confidence="0.0" relevance="0.4"
							xml:lang="en">
							<KeywordAnnotation>
								<Keyword>Clues</Keyword>
								<Keyword>doesn</Keyword>
								<Keyword>eole</Keyword>
								<Keyword>finq</Keyword>
								<Keyword>fooled</Keyword>
								<Keyword>gunpoint</Keyword>
								<Keyword>staying</Keyword>
							</KeywordAnnotation>
						</TextAnnotation>
						<TextAnnotation confidence="0.0" relevance="0.0"
							xml:lang="en">
							<KeywordAnnotation>
								<Keyword>-</Keyword>
								<Keyword>I</Keyword>
								<Keyword>a</Keyword>
								<Keyword>l</Keyword>
								<Keyword>s</Keyword>
								<Keyword>t</Keyword>
							</KeywordAnnotation>
						</TextAnnotation>
					</AudioVisualSegment>
					<AudioVisualSegment id="track-0.segment-5">
						<MediaTime>
							<MediaRelTimePoint>T00:05:42:0F1000</MediaRelTimePoint>
							<MediaDuration>PT57S0N1000F</MediaDuration>
						</MediaTime>
						<TextAnnotation confidence="0.0" relevance="0.3"
							xml:lang="en">
							<KeywordAnnotation>
								<Keyword>EDB</Keyword>
								<Keyword>mam</Keyword>
							</KeywordAnnotation>
						</TextAnnotation>
						<TextAnnotation confidence="0.0" relevance="0.0"
							xml:lang="en">
							<KeywordAnnotation>
								<Keyword>K-</Keyword>
								<Keyword>O</Keyword>
								<Keyword>d</Keyword>
							</KeywordAnnotation>
						</TextAnnotation>
					</AudioVisualSegment>
					<AudioVisualSegment id="track-0.segment-6">
						<MediaTime>
							<MediaRelTimePoint>T00:06:39:0F1000</MediaRelTimePoint>
							<MediaDuration>PT01M23S0N1000F</MediaDuration>
						</MediaTime>
						<TextAnnotation confidence="0.5" relevance="0.4"
							xml:lang="en">
							<KeywordAnnotation>
								<Keyword>How</Keyword>
								<Keyword>goes</Keyword>
								<Keyword>much</Keyword>
								<Keyword>this</Keyword>
							</KeywordAnnotation>
						</TextAnnotation>
						<TextAnnotation confidence="0.5" relevance="0.3"
							xml:lang="en">
							<KeywordAnnotation>
								<Keyword>ICS</Keyword>
								<Keyword>Reo</Keyword>
								<Keyword>Top</Keyword>
								<Keyword>may</Keyword>
								<Keyword>row</Keyword>
							</KeywordAnnotation>
						</TextAnnotation>
						<TextAnnotation confidence="0.5" relevance="0.2"
							xml:lang="en">
							<KeywordAnnotation>
								<Keyword>Ill</Keyword>
								<Keyword>Source</Keyword>
							</KeywordAnnotation>
						</TextAnnotation>
						<TextAnnotation confidence="0.5" relevance="0.0"
							xml:lang="en">
							<KeywordAnnotation>
								<Keyword>US</Keyword>
								<Keyword>of</Keyword>
								<Keyword>on</Keyword>
							</KeywordAnnotation>
						</TextAnnotation>
						<TextAnnotation confidence="0.0" relevance="0.3"
							xml:lang="en">
							<KeywordAnnotation>
								<Keyword>Cjtogodes</Keyword>
								<Keyword>Pmm</Keyword>
								<Keyword>Q.J</Keyword>
								<Keyword>Qompldnt</Keyword>
								<Keyword>an-qvm</Keyword>
								<Keyword>comuamm</Keyword>
								<Keyword>iin</Keyword>
								<Keyword>mauuncusnue</Keyword>
							</KeywordAnnotation>
						</TextAnnotation>
						<TextAnnotation confidence="0.0" relevance="0.2"
							xml:lang="en">
							<KeywordAnnotation>
								<Keyword>IC3.g0v</Keyword>
								<Keyword>QBQABQKEGIKQBQGMQQK</Keyword>
								<Keyword>stalsuu</Keyword>
							</KeywordAnnotation>
						</TextAnnotation>
						<TextAnnotation confidence="0.0" relevance="0.0"
							xml:lang="en">
							<KeywordAnnotation>
								<Keyword>--</Keyword>
								<Keyword>I</Keyword>
								<Keyword>L</Keyword>
								<Keyword>Q</Keyword>
								<Keyword>W</Keyword>
								<Keyword>n</Keyword>
							</KeywordAnnotation>
						</TextAnnotation>
					</AudioVisualSegment>
					<AudioVisualSegment id="track-0.segment-7">
						<MediaTime>
							<MediaRelTimePoint>T00:08:02:0F1000</MediaRelTimePoint>
							<MediaDuration>PT01M02S0N1000F</MediaDuration>
						</MediaTime>
						<TextAnnotation confidence="0.5" relevance="0.4"
							xml:lang="en">
							<KeywordAnnotation>
								<Keyword>How</Keyword>
								<Keyword>did</Keyword>
								<Keyword>get</Keyword>
								<Keyword>person</Keyword>
								<Keyword>this</Keyword>
							</KeywordAnnotation>
						</TextAnnotation>
						<TextAnnotation confidence="0.5" relevance="0.0"
							xml:lang="en">
							<KeywordAnnotation>
								<Keyword>me</Keyword>
								<Keyword>to</Keyword>
							</KeywordAnnotation>
						</TextAnnotation>
						<TextAnnotation confidence="0.0" relevance="0.0"
							xml:lang="en">
							<KeywordAnnotation>
								<Keyword>E</Keyword>
								<Keyword>K</Keyword>
								<Keyword>X</Keyword>
								<Keyword>n</Keyword>
							</KeywordAnnotation>
						</TextAnnotation>
					</AudioVisualSegment>
					<AudioVisualSegment id="track-0.segment-8">
						<MediaTime>
							<MediaRelTimePoint>T00:09:04:0F1000</MediaRelTimePoint>
							<MediaDuration>PT01M0N1000F</MediaDuration>
						</MediaTime>
						<TextAnnotation confidence="0.5" relevance="0.4"
							xml:lang="en">
							<KeywordAnnotation>
								<Keyword>Federated</Keyword>
								<Keyword>Hate</Keyword>
								<Keyword>Identity</Keyword>
								<Keyword>Labs</Keyword>
								<Keyword>Passwords</Keyword>
								<Keyword>bad</Keyword>
								<Keyword>can</Keyword>
								<Keyword>for</Keyword>
								<Keyword>passwords</Keyword>
								<Keyword>their</Keyword>
							</KeywordAnnotation>
						</TextAnnotation>
						<TextAnnotation confidence="0.5" relevance="0.3"
							xml:lang="en">
							<KeywordAnnotation>
								<Keyword>accounts</Keyword>
							</KeywordAnnotation>
						</TextAnnotation>
						<TextAnnotation confidence="0.5" relevance="0.0"
							xml:lang="en">
							<KeywordAnnotation>
								<Keyword>ET</Keyword>
								<Keyword>ac</Keyword>
								<Keyword>an</Keyword>
								<Keyword>as</Keyword>
								<Keyword>xa</Keyword>
							</KeywordAnnotation>
						</TextAnnotation>
						<TextAnnotation confidence="0.0" relevance="0.4"
							xml:lang="en">
							<KeywordAnnotation>
								<Keyword>-Kaspersky</Keyword>
								<Keyword>Ihiilu</Keyword>
								<Keyword>bejust</Keyword>
								<Keyword>cunu</Keyword>
							</KeywordAnnotation>
						</TextAnnotation>
						<TextAnnotation confidence="0.0" relevance="0.0"
							xml:lang="en">
							<KeywordAnnotation>
								<Keyword>E</Keyword>
								<Keyword>I</Keyword>
								<Keyword>J</Keyword>
								<Keyword>Z</Keyword>
								<Keyword>a</Keyword>
								<Keyword>e</Keyword>
								<Keyword>y</Keyword>
							</KeywordAnnotation>
						</TextAnnotation>
					</AudioVisualSegment>
					<AudioVisualSegment id="track-0.segment-9">
						<MediaTime>
							<MediaRelTimePoint>T00:10:04:0F1000</MediaRelTimePoint>
							<MediaDuration>PT02M33S0N1000F</MediaDuration>
						</MediaTime>
						<TextAnnotation confidence="0.5" relevance="0.4"
							xml:lang="en">
							<KeywordAnnotation>
								<Keyword>Attack</Keyword>
								<Keyword>Not</Keyword>
								<Keyword>Number</Keyword>
								<Keyword>Security</Keyword>
								<Keyword>What</Keyword>
								<Keyword>accounts</Keyword>
								<Keyword>address</Keyword>
								<Keyword>and</Keyword>
								<Keyword>can</Keyword>
								<Keyword>combo</Keyword>
								<Keyword>email</Keyword>
								<Keyword>information</Keyword>
								<Keyword>just</Keyword>
								<Keyword>login</Keyword>
								<Keyword>numbers</Keyword>
								<Keyword>other</Keyword>
								<Keyword>people</Keyword>
								<Keyword>telephone</Keyword>
								<Keyword>theft</Keyword>
								<Keyword>via</Keyword>
								<Keyword>when</Keyword>
								<Keyword>winning</Keyword>
								<Keyword>with</Keyword>
							</KeywordAnnotation>
						</TextAnnotation>
						<TextAnnotation confidence="0.5" relevance="0.3"
							xml:lang="en">
							<KeywordAnnotation>
								<Keyword>Physical</Keyword>
								<Keyword>Potential</Keyword>
								<Keyword>SSN</Keyword>
								<Keyword>Social</Keyword>
								<Keyword>Take</Keyword>
								<Keyword>address</Keyword>
								<Keyword>attack</Keyword>
								<Keyword>presence</Keyword>
							</KeywordAnnotation>
						</TextAnnotation>
						<TextAnnotation confidence="0.5" relevance="0.2"
							xml:lang="en">
							<KeywordAnnotation>
								<Keyword>Source</Keyword>
							</KeywordAnnotation>
						</TextAnnotation>
						<TextAnnotation confidence="0.5" relevance="0.0"
							xml:lang="en">
							<KeywordAnnotation>
								<Keyword>IM</Keyword>
								<Keyword>an</Keyword>
								<Keyword>do</Keyword>
								<Keyword>is</Keyword>
								<Keyword>my</Keyword>
								<Keyword>to</Keyword>
							</KeywordAnnotation>
						</TextAnnotation>
						<TextAnnotation confidence="0.0" relevance="0.4"
							xml:lang="en">
							<KeywordAnnotation>
								<Keyword>attacker</Keyword>
								<Keyword>burglars</Keyword>
							</KeywordAnnotation>
						</TextAnnotation>
						<TextAnnotation confidence="0.0" relevance="0.3"
							xml:lang="en">
							<KeywordAnnotation>
								<Keyword>Sell</Keyword>
								<Keyword>U.S</Keyword>
								<Keyword>brute-force</Keyword>
								<Keyword>maui</Keyword>
							</KeywordAnnotation>
						</TextAnnotation>
						<TextAnnotation confidence="0.0" relevance="0.0"
							xml:lang="en">
							<KeywordAnnotation>
								<Keyword>O</Keyword>
								<Keyword>a</Keyword>
							</KeywordAnnotation>
						</TextAnnotation>
					</AudioVisualSegment>
					<AudioVisualSegment id="track-0.segment-10">
						<MediaTime>
							<MediaRelTimePoint>T00:12:37:0F1000</MediaRelTimePoint>
							<MediaDuration>PT01M43S0N1000F</MediaDuration>
						</MediaTime>
						<TextAnnotation confidence="0.5" relevance="0.4"
							xml:lang="en">
							<KeywordAnnotation>
								<Keyword>Gris</Keyword>
								<Keyword>How</Keyword>
								<Keyword>and</Keyword>
								<Keyword>birthday</Keyword>
								<Keyword>data</Keyword>
								<Keyword>get</Keyword>
								<Keyword>hot</Keyword>
								<Keyword>irq</Keyword>
								<Keyword>that</Keyword>
								<Keyword>users</Keyword>
								<Keyword>worth</Keyword>
								<Keyword>you</Keyword>
							</KeywordAnnotation>
						</TextAnnotation>
						<TextAnnotation confidence="0.5" relevance="0.3"
							xml:lang="en">
							<KeywordAnnotation>
								<Keyword>How</Keyword>
								<Keyword>much</Keyword>
								<Keyword>others</Keyword>
								<Keyword>pri</Keyword>
								<Keyword>that</Keyword>
								<Keyword>the</Keyword>
							</KeywordAnnotation>
						</TextAnnotation>
						<TextAnnotation confidence="0.5" relevance="0.0"
							xml:lang="en">
							<KeywordAnnotation>
								<Keyword>We</Keyword>
								<Keyword>bu</Keyword>
								<Keyword>cy</Keyword>
								<Keyword>in</Keyword>
								<Keyword>ip</Keyword>
								<Keyword>is</Keyword>
								<Keyword>to</Keyword>
							</KeywordAnnotation>
						</TextAnnotation>
						<TextAnnotation confidence="0.0" relevance="0.4"
							xml:lang="en">
							<KeywordAnnotation>
								<Keyword>BonheauO</Keyword>
								<Keyword>aqy</Keyword>
								<Keyword>c0IYecti0r</Keyword>
								<Keyword>contqcls</Keyword>
								<Keyword>dysfzfgctional</Keyword>
								<Keyword>effgQiveIy</Keyword>
								<Keyword>gfcrmatiqn</Keyword>
								<Keyword>gnAific</Keyword>
								<Keyword>hometown</Keyword>
								<Keyword>it5s</Keyword>
								<Keyword>oqyqyed</Keyword>
								<Keyword>pglicfes</Keyword>
								<Keyword>priy</Keyword>
								<Keyword>qstwqrks</Keyword>
								<Keyword>soc</Keyword>
								<Keyword>tfgerq</Keyword>
								<Keyword>variatiqn</Keyword>
							</KeywordAnnotation>
						</TextAnnotation>
						<TextAnnotation confidence="0.0" relevance="0.3"
							xml:lang="en">
							<KeywordAnnotation>
								<Keyword>conclude</Keyword>
								<Keyword>mqrketfcq</Keyword>
								<Keyword>prfvagy</Keyword>
								<Keyword>tha</Keyword>
							</KeywordAnnotation>
						</TextAnnotation>
						<TextAnnotation confidence="0.0" relevance="0.0"
							xml:lang="en">
							<KeywordAnnotation>
								<Keyword>E</Keyword>
								<Keyword>I</Keyword>
								<Keyword>T</Keyword>
								<Keyword>a</Keyword>
								<Keyword>n</Keyword>
							</KeywordAnnotation>
						</TextAnnotation>
					</AudioVisualSegment>
					<AudioVisualSegment id="track-0.segment-11">
						<MediaTime>
							<MediaRelTimePoint>T00:14:20:0F1000</MediaRelTimePoint>
							<MediaDuration>PT02M26S0N1000F</MediaDuration>
						</MediaTime>
						<TextAnnotation confidence="0.5" relevance="0.4"
							xml:lang="en">
							<KeywordAnnotation>
								<Keyword>But</Keyword>
								<Keyword>Yes</Keyword>
								<Keyword>all</Keyword>
								<Keyword>attempt</Keyword>
								<Keyword>comes</Keyword>
								<Keyword>email</Keyword>
								<Keyword>even</Keyword>
								<Keyword>fashion</Keyword>
								<Keyword>final</Keyword>
								<Keyword>fraud</Keyword>
								<Keyword>from</Keyword>
								<Keyword>generally</Keyword>
								<Keyword>has</Keyword>
								<Keyword>have</Keyword>
								<Keyword>monitor</Keyword>
								<Keyword>must</Keyword>
								<Keyword>not</Keyword>
								<Keyword>notice</Keyword>
								<Keyword>report</Keyword>
								<Keyword>reverse</Keyword>
								<Keyword>that</Keyword>
								<Keyword>the</Keyword>
								<Keyword>they</Keyword>
								<Keyword>timely</Keyword>
								<Keyword>transaction</Keyword>
								<Keyword>whether</Keyword>
								<Keyword>will</Keyword>
								<Keyword>word</Keyword>
								<Keyword>you</Keyword>
							</KeywordAnnotation>
						</TextAnnotation>
						<TextAnnotation confidence="0.5" relevance="0.3"
							xml:lang="en">
							<KeywordAnnotation>
								<Keyword>User</Keyword>
							</KeywordAnnotation>
						</TextAnnotation>
						<TextAnnotation confidence="0.5" relevance="0.0"
							xml:lang="en">
							<KeywordAnnotation>
								<Keyword>as</Keyword>
								<Keyword>in</Keyword>
								<Keyword>or</Keyword>
								<Keyword>tc</Keyword>
								<Keyword>to</Keyword>
							</KeywordAnnotation>
						</TextAnnotation>
						<TextAnnotation confidence="0.0" relevance="0.4"
							xml:lang="en">
							<KeywordAnnotation>
								<Keyword>-You</Keyword>
								<Keyword>PayPaI</Keyword>
								<Keyword>PayPal</Keyword>
								<Keyword>Surely</Keyword>
								<Keyword>occuned</Keyword>
								<Keyword>protecti0ns</Keyword>
							</KeywordAnnotation>
						</TextAnnotation>
						<TextAnnotation confidence="0.0" relevance="0.3"
							xml:lang="en">
							<KeywordAnnotation>
								<Keyword>Agraamom</Keyword>
								<Keyword>PayPal</Keyword>
								<Keyword>Scum</Keyword>
								<Keyword>Swm</Keyword>
							</KeywordAnnotation>
						</TextAnnotation>
						<TextAnnotation confidence="0.0" relevance="0.0"
							xml:lang="en">
							<KeywordAnnotation>
								<Keyword>a</Keyword>
							</KeywordAnnotation>
						</TextAnnotation>
					</AudioVisualSegment>
					<AudioVisualSegment id="track-0.segment-12">
						<MediaTime>
							<MediaRelTimePoint>T00:16:46:0F1000</MediaRelTimePoint>
							<MediaDuration>PT02M03S0N1000F</MediaDuration>
						</MediaTime>
						<TextAnnotation confidence="0.5" relevance="0.4"
							xml:lang="en">
							<KeywordAnnotation>
								<Keyword>EMail</Keyword>
								<Keyword>Monitoring</Keyword>
								<Keyword>because</Keyword>
								<Keyword>obvious</Keyword>
								<Keyword>rem</Keyword>
								<Keyword>such</Keyword>
								<Keyword>the</Keyword>
							</KeywordAnnotation>
						</TextAnnotation>
						<TextAnnotation confidence="0.5" relevance="0.3"
							xml:lang="en">
							<KeywordAnnotation>
								<Keyword>Certain</Keyword>
								<Keyword>ISPs</Keyword>
								<Keyword>This</Keyword>
								<Keyword>address</Keyword>
								<Keyword>all</Keyword>
								<Keyword>check</Keyword>
								<Keyword>drop</Keyword>
								<Keyword>email</Keyword>
								<Keyword>from</Keyword>
								<Keyword>garbage</Keyword>
								<Keyword>gets</Keyword>
								<Keyword>large</Keyword>
								<Keyword>mail</Keyword>
								<Keyword>still</Keyword>
								<Keyword>this</Keyword>
								<Keyword>through</Keyword>
								<Keyword>will</Keyword>
								<Keyword>you</Keyword>
							</KeywordAnnotation>
						</TextAnnotation>
						<TextAnnotation confidence="0.5" relevance="0.0"
							xml:lang="en">
							<KeywordAnnotation>
								<Keyword>Is</Keyword>
								<Keyword>an</Keyword>
								<Keyword>is</Keyword>
								<Keyword>it</Keyword>
								<Keyword>of</Keyword>
							</KeywordAnnotation>
						</TextAnnotation>
						<TextAnnotation confidence="0.0" relevance="0.4"
							xml:lang="en">
							<KeywordAnnotation>
								<Keyword>forgery</Keyword>
							</KeywordAnnotation>
						</TextAnnotation>
						<TextAnnotation confidence="0.0" relevance="0.3"
							xml:lang="en">
							<KeywordAnnotation>
								<Keyword>Lots</Keyword>
								<Keyword>PayPal</Keyword>
								<Keyword>WTODQ</Keyword>
								<Keyword>unverified</Keyword>
							</KeywordAnnotation>
						</TextAnnotation>
						<TextAnnotation confidence="0.0" relevance="0.0"
							xml:lang="en">
							<KeywordAnnotation>
								<Keyword>-</Keyword>
								<Keyword>D</Keyword>
							</KeywordAnnotation>
						</TextAnnotation>
					</AudioVisualSegment>
					<AudioVisualSegment id="track-0.segment-13">
						<MediaTime>
							<MediaRelTimePoint>T00:18:49:0F1000</MediaRelTimePoint>
							<MediaDuration>PT52S0N1000F</MediaDuration>
						</MediaTime>
						<TextAnnotation confidence="0.5" relevance="0.4"
							xml:lang="en">
							<KeywordAnnotation>
								<Keyword>Email</Keyword>
								<Keyword>What</Keyword>
								<Keyword>does</Keyword>
								<Keyword>like</Keyword>
								<Keyword>look</Keyword>
								<Keyword>real</Keyword>
							</KeywordAnnotation>
						</TextAnnotation>
						<TextAnnotation confidence="0.0" relevance="0.4"
							xml:lang="en">
							<KeywordAnnotation>
								<Keyword>PayPal</Keyword>
							</KeywordAnnotation>
						</TextAnnotation>
						<TextAnnotation confidence="0.0" relevance="0.0"
							xml:lang="en">
							<KeywordAnnotation>
								<Keyword>a</Keyword>
							</KeywordAnnotation>
						</TextAnnotation>
					</AudioVisualSegment>
					<AudioVisualSegment id="track-0.segment-14">
						<MediaTime>
							<MediaRelTimePoint>T00:19:41:0F1000</MediaRelTimePoint>
							<MediaDuration>PT01M40S0N1000F</MediaDuration>
						</MediaTime>
						<TextAnnotation confidence="0.5" relevance="0.4"
							xml:lang="en">
							<KeywordAnnotation>
								<Keyword>Confederations</Keyword>
								<Keyword>Each</Keyword>
								<Keyword>all</Keyword>
								<Keyword>are</Keyword>
								<Keyword>authentication</Keyword>
								<Keyword>bad</Keyword>
								<Keyword>banking</Keyword>
								<Keyword>banks</Keyword>
								<Keyword>better</Keyword>
								<Keyword>factor</Keyword>
								<Keyword>for</Keyword>
								<Keyword>goals</Keyword>
								<Keyword>good</Keyword>
								<Keyword>impossible</Keyword>
								<Keyword>passwords</Keyword>
								<Keyword>require</Keyword>
								<Keyword>similar</Keyword>
								<Keyword>standards</Keyword>
								<Keyword>these</Keyword>
								<Keyword>two</Keyword>
								<Keyword>what</Keyword>
							</KeywordAnnotation>
						</TextAnnotation>
						<TextAnnotation confidence="0.5" relevance="0.0"
							xml:lang="en">
							<KeywordAnnotation>
								<Keyword>If</Keyword>
								<Keyword>It</Keyword>
								<Keyword>QS</Keyword>
								<Keyword>cf</Keyword>
								<Keyword>in</Keyword>
								<Keyword>is</Keyword>
								<Keyword>to</Keyword>
								<Keyword>wi</Keyword>
							</KeywordAnnotation>
						</TextAnnotation>
						<TextAnnotation confidence="0.0" relevance="0.4"
							xml:lang="en">
							<KeywordAnnotation>
								<Keyword>GTS</Keyword>
								<Keyword>Oauth</Keyword>
								<Keyword>OpenID</Keyword>
								<Keyword>Qg3uth.ngg</Keyword>
								<Keyword>SAML</Keyword>
								<Keyword>SGVSYGI</Keyword>
								<Keyword>Two-factor</Keyword>
								<Keyword>W8I</Keyword>
								<Keyword>accomplishes</Keyword>
								<Keyword>eliminate</Keyword>
								<Keyword>isopgggg</Keyword>
								<Keyword>jlp</Keyword>
								<Keyword>mtg</Keyword>
								<Keyword>on-line</Keyword>
								<Keyword>p3S</Keyword>
								<Keyword>ppf03Ch6S</Keyword>
								<Keyword>vogue</Keyword>
								<Keyword>www.ogenid.net</Keyword>
							</KeywordAnnotation>
						</TextAnnotation>
						<TextAnnotation confidence="0.0" relevance="0.0"
							xml:lang="en">
							<KeywordAnnotation>
								<Keyword>-</Keyword>
								<Keyword>O</Keyword>
								<Keyword>T</Keyword>
								<Keyword>W</Keyword>
								<Keyword>a</Keyword>
								<Keyword>d</Keyword>
								<Keyword>f</Keyword>
								<Keyword>m</Keyword>
								<Keyword>s</Keyword>
								<Keyword>t</Keyword>
							</KeywordAnnotation>
						</TextAnnotation>
					</AudioVisualSegment>
					<AudioVisualSegment id="track-0.segment-15">
						<MediaTime>
							<MediaRelTimePoint>T00:21:21:0F1000</MediaRelTimePoint>
							<MediaDuration>PT03M57S0N1000F</MediaDuration>
						</MediaTime>
						<TextAnnotation confidence="0.5" relevance="0.4"
							xml:lang="en">
							<KeywordAnnotation>
								<Keyword>Assurance</Keyword>
								<Keyword>Level</Keyword>
								<Keyword>What</Keyword>
								<Keyword>cost</Keyword>
								<Keyword>lot</Keyword>
								<Keyword>money</Keyword>
								<Keyword>possible</Keyword>
								<Keyword>the</Keyword>
								<Keyword>token</Keyword>
								<Keyword>value</Keyword>
							</KeywordAnnotation>
						</TextAnnotation>
						<TextAnnotation confidence="0.5" relevance="0.3"
							xml:lang="en">
							<KeywordAnnotation>
								<Keyword>How</Keyword>
								<Keyword>IBM</Keyword>
								<Keyword>carry</Keyword>
								<Keyword>courtesy</Keyword>
								<Keyword>many</Keyword>
								<Keyword>often</Keyword>
								<Keyword>them</Keyword>
								<Keyword>these</Keyword>
								<Keyword>use</Keyword>
								<Keyword>want</Keyword>
								<Keyword>whole</Keyword>
								<Keyword>you</Keyword>
							</KeywordAnnotation>
						</TextAnnotation>
						<TextAnnotation confidence="0.5" relevance="0.0"
							xml:lang="en">
							<KeywordAnnotation>
								<Keyword>Gr</Keyword>
								<Keyword>IO</Keyword>
								<Keyword>do</Keyword>
								<Keyword>is</Keyword>
								<Keyword>of</Keyword>
								<Keyword>to</Keyword>
							</KeywordAnnotation>
						</TextAnnotation>
						<TextAnnotation confidence="0.0" relevance="0.4"
							xml:lang="en">
							<KeywordAnnotation>
								<Keyword>Cust</Keyword>
								<Keyword>IDCODVGDIGFICG</Keyword>
								<Keyword>UTS</Keyword>
							</KeywordAnnotation>
						</TextAnnotation>
						<TextAnnotation confidence="0.0" relevance="0.3"
							xml:lang="en">
							<KeywordAnnotation>
								<Keyword>Alad</Keyword>
								<Keyword>Klida</Keyword>
								<Keyword>USGT</Keyword>
								<Keyword>dAIexand</Keyword>
							</KeywordAnnotation>
						</TextAnnotation>
						<TextAnnotation confidence="0.0" relevance="0.2"
							xml:lang="en">
							<KeywordAnnotation>
								<Keyword>Picwms</Keyword>
							</KeywordAnnotation>
						</TextAnnotation>
						<TextAnnotation confidence="0.0" relevance="0.0"
							xml:lang="en">
							<KeywordAnnotation>
								<Keyword>-</Keyword>
								<Keyword>I</Keyword>
								<Keyword>X</Keyword>
								<Keyword>a</Keyword>
								<Keyword>m</Keyword>
								<Keyword>r</Keyword>
								<Keyword>t</Keyword>
								<Keyword>u</Keyword>
							</KeywordAnnotation>
						</TextAnnotation>
					</AudioVisualSegment>
					<AudioVisualSegment id="track-0.segment-16">
						<MediaTime>
							<MediaRelTimePoint>T00:25:18:0F1000</MediaRelTimePoint>
							<MediaDuration>PT01M19S0N1000F</MediaDuration>
						</MediaTime>
						<TextAnnotation confidence="0.5" relevance="0.4"
							xml:lang="de">
							<KeywordAnnotation>
								<Keyword>Example</Keyword>
								<Keyword>Wild</Keyword>
								<Keyword>the</Keyword>
							</KeywordAnnotation>
						</TextAnnotation>
						<TextAnnotation confidence="0.5" relevance="0.0"
							xml:lang="de">
							<KeywordAnnotation>
								<Keyword>in</Keyword>
								<Keyword>ps</Keyword>
								<Keyword>rr</Keyword>
							</KeywordAnnotation>
						</TextAnnotation>
						<TextAnnotation confidence="0.0" relevance="0.4"
							xml:lang="de">
							<KeywordAnnotation>
								<Keyword>Facebook</Keyword>
								<Keyword>OpenID</Keyword>
							</KeywordAnnotation>
						</TextAnnotation>
						<TextAnnotation confidence="0.0" relevance="0.1"
							xml:lang="de">
							<KeywordAnnotation>
								<Keyword>ditacwnnLpI</Keyword>
								<Keyword>r.Iaceb0ok.o</Keyword>
							</KeywordAnnotation>
						</TextAnnotation>
						<TextAnnotation confidence="0.0" relevance="0.0"
							xml:lang="de">
							<KeywordAnnotation>
								<Keyword>E</Keyword>
								<Keyword>I</Keyword>
								<Keyword>Y</Keyword>
								<Keyword>h</Keyword>
								<Keyword>r</Keyword>
								<Keyword>s</Keyword>
							</KeywordAnnotation>
						</TextAnnotation>
					</AudioVisualSegment>
					<AudioVisualSegment id="track-0.segment-17">
						<MediaTime>
							<MediaRelTimePoint>T00:26:37:0F1000</MediaRelTimePoint>
							<MediaDuration>PT50S0N1000F</MediaDuration>
						</MediaTime>
						<TextAnnotation confidence="0.5" relevance="0.4"
							xml:lang="en">
							<KeywordAnnotation>
								<Keyword>The</Keyword>
								<Keyword>Web</Keyword>
							</KeywordAnnotation>
						</TextAnnotation>
						<TextAnnotation confidence="0.5" relevance="0.0"
							xml:lang="en">
							<KeywordAnnotation>
								<Keyword>UI</Keyword>
							</KeywordAnnotation>
						</TextAnnotation>
						<TextAnnotation confidence="0.0" relevance="0.4"
							xml:lang="en">
							<KeywordAnnotation>
								<Keyword>OpenID</Keyword>
							</KeywordAnnotation>
						</TextAnnotation>
						<TextAnnotation confidence="0.0" relevance="0.0"
							xml:lang="en">
							<KeywordAnnotation>
								<Keyword>I</Keyword>
							</KeywordAnnotation>
						</TextAnnotation>
					</AudioVisualSegment>
					<AudioVisualSegment id="track-0.segment-18">
						<MediaTime>
							<MediaRelTimePoint>T00:27:27:0F1000</MediaRelTimePoint>
							<MediaDuration>PT01M20S0N1000F</MediaDuration>
						</MediaTime>
						<TextAnnotation confidence="0.5" relevance="0.4"
							xml:lang="en">
							<KeywordAnnotation>
								<Keyword>The</Keyword>
								<Keyword>Web</Keyword>
							</KeywordAnnotation>
						</TextAnnotation>
						<TextAnnotation confidence="0.5" relevance="0.0"
							xml:lang="en">
							<KeywordAnnotation>
								<Keyword>UI</Keyword>
							</KeywordAnnotation>
						</TextAnnotation>
						<TextAnnotation confidence="0.0" relevance="0.4"
							xml:lang="en">
							<KeywordAnnotation>
								<Keyword>OpenID</Keyword>
							</KeywordAnnotation>
						</TextAnnotation>
						<TextAnnotation confidence="0.0" relevance="0.0"
							xml:lang="en">
							<KeywordAnnotation>
								<Keyword>K</Keyword>
							</KeywordAnnotation>
						</TextAnnotation>
					</AudioVisualSegment>
					<AudioVisualSegment id="track-0.segment-19">
						<MediaTime>
							<MediaRelTimePoint>T00:28:47:0F1000</MediaRelTimePoint>
							<MediaDuration>PT48S0N1000F</MediaDuration>
						</MediaTime>
						<TextAnnotation confidence="0.5" relevance="0.4"
							xml:lang="en">
							<KeywordAnnotation>
								<Keyword>Can</Keyword>
								<Keyword>Like</Keyword>
								<Keyword>being</Keyword>
								<Keyword>device</Keyword>
								<Keyword>into</Keyword>
								<Keyword>issues</Keyword>
								<Keyword>know</Keyword>
								<Keyword>not</Keyword>
								<Keyword>password</Keyword>
								<Keyword>providing</Keyword>
								<Keyword>that</Keyword>
								<Keyword>the</Keyword>
								<Keyword>things</Keyword>
							</KeywordAnnotation>
						</TextAnnotation>
						<TextAnnotation confidence="0.5" relevance="0.3"
							xml:lang="en">
							<KeywordAnnotation>
								<Keyword>How</Keyword>
							</KeywordAnnotation>
						</TextAnnotation>
						<TextAnnotation confidence="0.5" relevance="0.0"
							xml:lang="en">
							<KeywordAnnotation>
								<Keyword>UI</Keyword>
								<Keyword>am</Keyword>
								<Keyword>an</Keyword>
								<Keyword>be</Keyword>
								<Keyword>do</Keyword>
								<Keyword>ls</Keyword>
								<Keyword>my</Keyword>
								<Keyword>on</Keyword>
								<Keyword>to</Keyword>
							</KeywordAnnotation>
						</TextAnnotation>
						<TextAnnotation confidence="0.0" relevance="0.4"
							xml:lang="en">
							<KeywordAnnotation>
								<Keyword>OpenID</Keyword>
								<Keyword>attacker</Keyword>
								<Keyword>authenticating</Keyword>
								<Keyword>compromised</Keyword>
								<Keyword>doing</Keyword>
								<Keyword>spoofed</Keyword>
								<Keyword>st00pid</Keyword>
								<Keyword>tricked</Keyword>
							</KeywordAnnotation>
						</TextAnnotation>
						<TextAnnotation confidence="0.0" relevance="0.0"
							xml:lang="en">
							<KeywordAnnotation>
								<Keyword>-</Keyword>
								<Keyword>I</Keyword>
								<Keyword>m</Keyword>
							</KeywordAnnotation>
						</TextAnnotation>
					</AudioVisualSegment>
					<AudioVisualSegment id="track-0.segment-20">
						<MediaTime>
							<MediaRelTimePoint>T00:29:35:0F1000</MediaRelTimePoint>
							<MediaDuration>PT49S0N1000F</MediaDuration>
						</MediaTime>
						<TextAnnotation confidence="0.5" relevance="0.4"
							xml:lang="en">
							<KeywordAnnotation>
								<Keyword>Can</Keyword>
								<Keyword>Like</Keyword>
								<Keyword>being</Keyword>
								<Keyword>device</Keyword>
								<Keyword>into</Keyword>
								<Keyword>issues</Keyword>
								<Keyword>not</Keyword>
								<Keyword>password</Keyword>
								<Keyword>providing</Keyword>
								<Keyword>that</Keyword>
								<Keyword>the</Keyword>
								<Keyword>things</Keyword>
							</KeywordAnnotation>
						</TextAnnotation>
						<TextAnnotation confidence="0.5" relevance="0.3"
							xml:lang="en">
							<KeywordAnnotation>
								<Keyword>How</Keyword>
								<Keyword>know</Keyword>
							</KeywordAnnotation>
						</TextAnnotation>
						<TextAnnotation confidence="0.5" relevance="0.0"
							xml:lang="en">
							<KeywordAnnotation>
								<Keyword>Is</Keyword>
								<Keyword>UI</Keyword>
								<Keyword>am</Keyword>
								<Keyword>an</Keyword>
								<Keyword>be</Keyword>
								<Keyword>do</Keyword>
								<Keyword>my</Keyword>
								<Keyword>on</Keyword>
								<Keyword>to</Keyword>
							</KeywordAnnotation>
						</TextAnnotation>
						<TextAnnotation confidence="0.0" relevance="0.4"
							xml:lang="en">
							<KeywordAnnotation>
								<Keyword>OpenID</Keyword>
								<Keyword>attacker</Keyword>
								<Keyword>authenticating</Keyword>
								<Keyword>compromised</Keyword>
								<Keyword>doing</Keyword>
								<Keyword>spoofed</Keyword>
								<Keyword>st00pid</Keyword>
								<Keyword>tricked</Keyword>
							</KeywordAnnotation>
						</TextAnnotation>
						<TextAnnotation confidence="0.0" relevance="0.0"
							xml:lang="en">
							<KeywordAnnotation>
								<Keyword>I</Keyword>
								<Keyword>m</Keyword>
							</KeywordAnnotation>
						</TextAnnotation>
					</AudioVisualSegment>
					<AudioVisualSegment id="track-0.segment-21">
						<MediaTime>
							<MediaRelTimePoint>T00:30:24:0F1000</MediaRelTimePoint>
							<MediaDuration>PT01M31S0N1000F</MediaDuration>
						</MediaTime>
					</AudioVisualSegment>
					<AudioVisualSegment id="track-0.segment-22">
						<MediaTime>
							<MediaRelTimePoint>T00:31:55:0F1000</MediaRelTimePoint>
							<MediaDuration>PT01M24S0N1000F</MediaDuration>
						</MediaTime>
						<TextAnnotation confidence="0.5" relevance="0.4"
							xml:lang="en">
							<KeywordAnnotation>
								<Keyword>Interfaces</Keyword>
								<Keyword>Privileged</Keyword>
								<Keyword>Problems</Keyword>
								<Keyword>Requires</Keyword>
								<Keyword>They</Keyword>
								<Keyword>You</Keyword>
								<Keyword>and</Keyword>
								<Keyword>are</Keyword>
								<Keyword>blog</Keyword>
								<Keyword>browser</Keyword>
								<Keyword>can</Keyword>
								<Keyword>enough</Keyword>
								<Keyword>extremely</Keyword>
								<Keyword>fragile</Keyword>
								<Keyword>may</Keyword>
								<Keyword>never</Keyword>
								<Keyword>privileged</Keyword>
								<Keyword>software</Keyword>
								<Keyword>synchronization</Keyword>
								<Keyword>take</Keyword>
								<Keyword>them</Keyword>
								<Keyword>they</Keyword>
								<Keyword>today</Keyword>
								<Keyword>with</Keyword>
								<Keyword>you</Keyword>
							</KeywordAnnotation>
						</TextAnnotation>
						<TextAnnotation confidence="0.5" relevance="0.0"
							xml:lang="en">
							<KeywordAnnotation>
								<Keyword>OS</Keyword>
								<Keyword>On</Keyword>
								<Keyword>PC</Keyword>
								<Keyword>be</Keyword>
							</KeywordAnnotation>
						</TextAnnotation>
						<TextAnnotation confidence="0.0" relevance="0.0"
							xml:lang="en">
							<KeywordAnnotation>
								<Keyword>a</Keyword>
								<Keyword>t</Keyword>
							</KeywordAnnotation>
						</TextAnnotation>
					</AudioVisualSegment>
					<AudioVisualSegment id="track-0.segment-23">
						<MediaTime>
							<MediaRelTimePoint>T00:33:19:0F1000</MediaRelTimePoint>
							<MediaDuration>PT28S0N1000F</MediaDuration>
						</MediaTime>
						<TextAnnotation confidence="0.5" relevance="0.0"
							xml:lang="de">
							<KeywordAnnotation>
								<Keyword>iI</Keyword>
							</KeywordAnnotation>
						</TextAnnotation>
						<TextAnnotation confidence="0.0" relevance="0.3"
							xml:lang="de">
							<KeywordAnnotation>
								<Keyword>HIH</Keyword>
								<Keyword>QIi</Keyword>
							</KeywordAnnotation>
						</TextAnnotation>
						<TextAnnotation confidence="0.0" relevance="0.0"
							xml:lang="de">
							<KeywordAnnotation>
								<Keyword>m</Keyword>
							</KeywordAnnotation>
						</TextAnnotation>
					</AudioVisualSegment>
					<AudioVisualSegment id="track-0.segment-24">
						<MediaTime>
							<MediaRelTimePoint>T00:33:47:0F1000</MediaRelTimePoint>
							<MediaDuration>PT01M30S0N1000F</MediaDuration>
						</MediaTime>
						<TextAnnotation confidence="0.5" relevance="0.4"
							xml:lang="en">
							<KeywordAnnotation>
								<Keyword>Who</Keyword>
								<Keyword>identity</Keyword>
								<Keyword>loss</Keyword>
								<Keyword>provider</Keyword>
								<Keyword>should</Keyword>
								<Keyword>who</Keyword>
								<Keyword>will</Keyword>
							</KeywordAnnotation>
						</TextAnnotation>
						<TextAnnotation confidence="0.5" relevance="0.2"
							xml:lang="en">
							<KeywordAnnotation>
								<Keyword>Concentrated</Keyword>
								<Keyword>increases</Keyword>
								<Keyword>likelihood</Keyword>
								<Keyword>probability</Keyword>
								<Keyword>risk</Keyword>
								<Keyword>ruin</Keyword>
								<Keyword>safety</Keyword>
								<Keyword>the</Keyword>
							</KeywordAnnotation>
						</TextAnnotation>
						<TextAnnotation confidence="0.5" relevance="0.0"
							xml:lang="en">
							<KeywordAnnotation>
								<Keyword>Or</Keyword>
								<Keyword>an</Keyword>
								<Keyword>be</Keyword>
								<Keyword>of</Keyword>
							</KeywordAnnotation>
						</TextAnnotation>
						<TextAnnotation confidence="0.0" relevance="0.4"
							xml:lang="en">
							<KeywordAnnotation>
								<Keyword>insure</Keyword>
							</KeywordAnnotation>
						</TextAnnotation>
						<TextAnnotation confidence="0.0" relevance="0.2"
							xml:lang="en">
							<KeywordAnnotation>
								<Keyword>loading</Keyword>
								<Keyword>som</Keyword>
								<Keyword>swm</Keyword>
							</KeywordAnnotation>
						</TextAnnotation>
						<TextAnnotation confidence="0.0" relevance="0.0"
							xml:lang="en">
							<KeywordAnnotation>
								<Keyword>a</Keyword>
								<Keyword>c</Keyword>
								<Keyword>z</Keyword>
							</KeywordAnnotation>
						</TextAnnotation>
					</AudioVisualSegment>
					<AudioVisualSegment id="track-0.segment-25">
						<MediaTime>
							<MediaRelTimePoint>T00:35:17:0F1000</MediaRelTimePoint>
							<MediaDuration>PT28S0N1000F</MediaDuration>
						</MediaTime>
						<TextAnnotation confidence="0.5" relevance="0.4"
							xml:lang="de">
							<KeywordAnnotation>
								<Keyword>Chains</Keyword>
								<Keyword>Creating</Keyword>
								<Keyword>Square</Keyword>
								<Keyword>Trust</Keyword>
							</KeywordAnnotation>
						</TextAnnotation>
						<TextAnnotation confidence="0.5" relevance="0.2"
							xml:lang="de">
							<KeywordAnnotation>
								<Keyword>Old</Keyword>
								<Keyword>Town</Keyword>
								<Keyword>Wikimedia</Keyword>
								<Keyword>courtesy</Keyword>
							</KeywordAnnotation>
						</TextAnnotation>
						<TextAnnotation confidence="0.5" relevance="0.0"
							xml:lang="de">
							<KeywordAnnotation>
								<Keyword>LL</Keyword>
								<Keyword>Ye</Keyword>
								<Keyword>of</Keyword>
								<Keyword>ol</Keyword>
								<Keyword>pr</Keyword>
							</KeywordAnnotation>
						</TextAnnotation>
						<TextAnnotation confidence="0.0" relevance="0.5"
							xml:lang="de">
							<KeywordAnnotation>
								<Keyword>LlI</Keyword>
								<Keyword>dir-</Keyword>
								<Keyword>e4L</Keyword>
							</KeywordAnnotation>
						</TextAnnotation>
						<TextAnnotation confidence="0.0" relevance="0.4"
							xml:lang="de">
							<KeywordAnnotation>
								<Keyword>Olde</Keyword>
								<Keyword>Towne</Keyword>
								<Keyword>m.a</Keyword>
							</KeywordAnnotation>
						</TextAnnotation>
						<TextAnnotation confidence="0.0" relevance="0.2"
							xml:lang="de">
							<KeywordAnnotation>
								<Keyword>Prsguo</Keyword>
								<Keyword>Swan</Keyword>
							</KeywordAnnotation>
						</TextAnnotation>
						<TextAnnotation confidence="0.0" relevance="0.0"
							xml:lang="de">
							<KeywordAnnotation>
								<Keyword>-</Keyword>
								<Keyword>A</Keyword>
								<Keyword>C</Keyword>
								<Keyword>L</Keyword>
								<Keyword>T</Keyword>
								<Keyword>l</Keyword>
								<Keyword>m</Keyword>
								<Keyword>q</Keyword>
								<Keyword>u</Keyword>
							</KeywordAnnotation>
						</TextAnnotation>
					</AudioVisualSegment>
					<AudioVisualSegment id="track-0.segment-26">
						<MediaTime>
							<MediaRelTimePoint>T00:35:45:0F1000</MediaRelTimePoint>
							<MediaDuration>PT26S0N1000F</MediaDuration>
						</MediaTime>
						<TextAnnotation confidence="0.5" relevance="0.4"
							xml:lang="de">
							<KeywordAnnotation>
								<Keyword>Chains</Keyword>
								<Keyword>Creating</Keyword>
								<Keyword>Square</Keyword>
								<Keyword>Trust</Keyword>
							</KeywordAnnotation>
						</TextAnnotation>
						<TextAnnotation confidence="0.5" relevance="0.0"
							xml:lang="de">
							<KeywordAnnotation>
								<Keyword>Ye</Keyword>
								<Keyword>of</Keyword>
							</KeywordAnnotation>
						</TextAnnotation>
						<TextAnnotation confidence="0.0" relevance="0.4"
							xml:lang="de">
							<KeywordAnnotation>
								<Keyword>Olde</Keyword>
								<Keyword>Towne</Keyword>
							</KeywordAnnotation>
						</TextAnnotation>
					</AudioVisualSegment>
					<AudioVisualSegment id="track-0.segment-27">
						<MediaTime>
							<MediaRelTimePoint>T00:36:11:0F1000</MediaRelTimePoint>
							<MediaDuration>PT01M10S0N1000F</MediaDuration>
						</MediaTime>
						<TextAnnotation confidence="0.5" relevance="0.4"
							xml:lang="en">
							<KeywordAnnotation>
								<Keyword>Banks</Keyword>
								<Keyword>Chain</Keyword>
								<Keyword>The</Keyword>
								<Keyword>Trust</Keyword>
								<Keyword>amounts</Keyword>
								<Keyword>any</Keyword>
								<Keyword>basis</Keyword>
								<Keyword>can</Keyword>
								<Keyword>each</Keyword>
								<Keyword>entities</Keyword>
								<Keyword>for</Keyword>
								<Keyword>group</Keyword>
								<Keyword>know</Keyword>
								<Keyword>place</Keyword>
								<Keyword>risk</Keyword>
								<Keyword>small</Keyword>
								<Keyword>some</Keyword>
								<Keyword>trust</Keyword>
							</KeywordAnnotation>
						</TextAnnotation>
						<TextAnnotation confidence="0.5" relevance="0.3"
							xml:lang="en">
							<KeywordAnnotation>
								<Keyword>Those</Keyword>
								<Keyword>less</Keyword>
								<Keyword>mediation</Keyword>
								<Keyword>transactions</Keyword>
							</KeywordAnnotation>
						</TextAnnotation>
						<TextAnnotation confidence="0.5" relevance="0.0"
							xml:lang="en">
							<KeywordAnnotation>
								<Keyword>We</Keyword>
								<Keyword>in</Keyword>
								<Keyword>nu</Keyword>
								<Keyword>of</Keyword>
								<Keyword>or</Keyword>
							</KeywordAnnotation>
						</TextAnnotation>
						<TextAnnotation confidence="0.0" relevance="0.4"
							xml:lang="en">
							<KeywordAnnotation>
								<Keyword>A.m</Keyword>
								<Keyword>Gmup</Keyword>
								<Keyword>Nobody</Keyword>
								<Keyword>SSSUITIG</Keyword>
								<Keyword>V9I</Keyword>
								<Keyword>Vafying</Keyword>
								<Keyword>cansulws</Keyword>
								<Keyword>ecosystem</Keyword>
								<Keyword>hnancial</Keyword>
								<Keyword>y0f</Keyword>
							</KeywordAnnotation>
						</TextAnnotation>
						<TextAnnotation confidence="0.0" relevance="0.3"
							xml:lang="en">
							<KeywordAnnotation>
								<Keyword>requir</Keyword>
							</KeywordAnnotation>
						</TextAnnotation>
						<TextAnnotation confidence="0.0" relevance="0.0"
							xml:lang="en">
							<KeywordAnnotation>
								<Keyword>A</Keyword>
								<Keyword>E</Keyword>
								<Keyword>a</Keyword>
							</KeywordAnnotation>
						</TextAnnotation>
					</AudioVisualSegment>
					<AudioVisualSegment id="track-0.segment-28">
						<MediaTime>
							<MediaRelTimePoint>T00:37:21:0F1000</MediaRelTimePoint>
							<MediaDuration>PT01M31S0N1000F</MediaDuration>
						</MediaTime>
						<TextAnnotation confidence="0.5" relevance="0.4"
							xml:lang="en">
							<KeywordAnnotation>
								<Keyword>Chain</Keyword>
								<Keyword>Group</Keyword>
								<Keyword>Small</Keyword>
								<Keyword>The</Keyword>
								<Keyword>Trust</Keyword>
								<Keyword>Very</Keyword>
								<Keyword>center</Keyword>
								<Keyword>concerns</Keyword>
								<Keyword>creep</Keyword>
								<Keyword>number</Keyword>
							</KeywordAnnotation>
						</TextAnnotation>
						<TextAnnotation confidence="0.5" relevance="0.3"
							xml:lang="en">
							<KeywordAnnotation>
								<Keyword>due</Keyword>
								<Keyword>non</Keyword>
								<Keyword>rises</Keyword>
								<Keyword>that</Keyword>
								<Keyword>transactions</Keyword>
							</KeywordAnnotation>
						</TextAnnotation>
						<TextAnnotation confidence="0.5" relevance="0.0"
							xml:lang="en">
							<KeywordAnnotation>
								<Keyword>Of</Keyword>
								<Keyword>in</Keyword>
								<Keyword>mm</Keyword>
								<Keyword>of</Keyword>
								<Keyword>to</Keyword>
							</KeywordAnnotation>
						</TextAnnotation>
						<TextAnnotation confidence="0.0" relevance="0.4"
							xml:lang="en">
							<KeywordAnnotation>
								<Keyword>Anti-trust</Keyword>
								<Keyword>juicy</Keyword>
								<Keyword>mediators</Keyword>
							</KeywordAnnotation>
						</TextAnnotation>
						<TextAnnotation confidence="0.0" relevance="0.3"
							xml:lang="en">
							<KeywordAnnotation>
								<Keyword>COSI</Keyword>
								<Keyword>Ccnsuinars</Keyword>
								<Keyword>mediators</Keyword>
								<Keyword>ahackers</Keyword>
								<Keyword>mighi</Keyword>
							</KeywordAnnotation>
						</TextAnnotation>
					</AudioVisualSegment>
					<AudioVisualSegment id="track-0.segment-29">
						<MediaTime>
							<MediaRelTimePoint>T00:38:52:0F1000</MediaRelTimePoint>
							<MediaDuration>PT28S0N1000F</MediaDuration>
						</MediaTime>
						<TextAnnotation confidence="0.5" relevance="0.4"
							xml:lang="en">
							<KeywordAnnotation>
								<Keyword>Chain</Keyword>
								<Keyword>Groups</Keyword>
								<Keyword>Large</Keyword>
								<Keyword>Lower</Keyword>
								<Keyword>The</Keyword>
								<Keyword>Trust</Keyword>
								<Keyword>between</Keyword>
								<Keyword>cannot</Keyword>
								<Keyword>don</Keyword>
								<Keyword>hmm</Keyword>
								<Keyword>number</Keyword>
								<Keyword>point</Keyword>
								<Keyword>scale</Keyword>
								<Keyword>the</Keyword>
								<Keyword>value</Keyword>
								<Keyword>was</Keyword>
								<Keyword>what</Keyword>
							</KeywordAnnotation>
						</TextAnnotation>
						<TextAnnotation confidence="0.5" relevance="0.3"
							xml:lang="en">
							<KeywordAnnotation>
								<Keyword>High</Keyword>
								<Keyword>and</Keyword>
								<Keyword>value</Keyword>
							</KeywordAnnotation>
						</TextAnnotation>
						<TextAnnotation confidence="0.5" relevance="0.0"
							xml:lang="en">
							<KeywordAnnotation>
								<Keyword>of</Keyword>
							</KeywordAnnotation>
						</TextAnnotation>
						<TextAnnotation confidence="0.0" relevance="0.4"
							xml:lang="en">
							<KeywordAnnotation>
								<Keyword>Irust</Keyword>
								<Keyword>Mmmm</Keyword>
								<Keyword>ientIy</Keyword>
								<Keyword>mediators</Keyword>
								<Keyword>sufG</Keyword>
								<Keyword>transaciions</Keyword>
							</KeywordAnnotation>
						</TextAnnotation>
						<TextAnnotation confidence="0.0" relevance="0.3"
							xml:lang="en">
							<KeywordAnnotation>
								<Keyword>UCUU</Keyword>
							</KeywordAnnotation>
						</TextAnnotation>
						<TextAnnotation confidence="0.0" relevance="0.0"
							xml:lang="en">
							<KeywordAnnotation>
								<Keyword>T</Keyword>
								<Keyword>f</Keyword>
								<Keyword>m</Keyword>
								<Keyword>t</Keyword>
								<Keyword>v</Keyword>
							</KeywordAnnotation>
						</TextAnnotation>
					</AudioVisualSegment>
					<AudioVisualSegment id="track-0.segment-30">
						<MediaTime>
							<MediaRelTimePoint>T00:39:20:0F1000</MediaRelTimePoint>
							<MediaDuration>PT01M07S0N1000F</MediaDuration>
						</MediaTime>
						<TextAnnotation confidence="0.5" relevance="0.5"
							xml:lang="en">
							<KeywordAnnotation>
								<Keyword>They</Keyword>
								<Keyword>assume</Keyword>
								<Keyword>may</Keyword>
								<Keyword>men</Keyword>
								<Keyword>new</Keyword>
								<Keyword>usa</Keyword>
								<Keyword>would</Keyword>
							</KeywordAnnotation>
						</TextAnnotation>
						<TextAnnotation confidence="0.5" relevance="0.4"
							xml:lang="en">
							<KeywordAnnotation>
								<Keyword>Banks</Keyword>
								<Keyword>IdP</Keyword>
								<Keyword>Should</Keyword>
								<Keyword>Who</Keyword>
								<Keyword>aan</Keyword>
								<Keyword>assume</Keyword>
								<Keyword>mechanisms</Keyword>
								<Keyword>risk</Keyword>
							</KeywordAnnotation>
						</TextAnnotation>
						<TextAnnotation confidence="0.5" relevance="0.3"
							xml:lang="en">
							<KeywordAnnotation>
								<Keyword>They</Keyword>
								<Keyword>already</Keyword>
							</KeywordAnnotation>
						</TextAnnotation>
						<TextAnnotation confidence="0.5" relevance="0.0"
							xml:lang="en">
							<KeywordAnnotation>
								<Keyword>An</Keyword>
								<Keyword>Be</Keyword>
								<Keyword>Ii</Keyword>
								<Keyword>Tn</Keyword>
								<Keyword>aa</Keyword>
								<Keyword>ao</Keyword>
								<Keyword>be</Keyword>
								<Keyword>pm</Keyword>
								<Keyword>vm</Keyword>
							</KeywordAnnotation>
						</TextAnnotation>
						<TextAnnotation confidence="0.0" relevance="0.5"
							xml:lang="en">
							<KeywordAnnotation>
								<Keyword>amuy</Keyword>
								<Keyword>cuseomey</Keyword>
								<Keyword>emubne</Keyword>
								<Keyword>wam</Keyword>
							</KeywordAnnotation>
						</TextAnnotation>
						<TextAnnotation confidence="0.0" relevance="0.4"
							xml:lang="en">
							<KeywordAnnotation>
								<Keyword>CODSUUIST</Keyword>
								<Keyword>Fmwuumunmusm</Keyword>
								<Keyword>IIl</Keyword>
								<Keyword>IdIIIbIII</Keyword>
								<Keyword>VGDGOI</Keyword>
								<Keyword>authemicalion</Keyword>
								<Keyword>iK.EXE</Keyword>
							</KeywordAnnotation>
						</TextAnnotation>
						<TextAnnotation confidence="0.0" relevance="0.0"
							xml:lang="en">
							<KeywordAnnotation>
								<Keyword>-</Keyword>
								<Keyword>C</Keyword>
								<Keyword>P</Keyword>
								<Keyword>Q</Keyword>
								<Keyword>V</Keyword>
								<Keyword>a</Keyword>
								<Keyword>b</Keyword>
								<Keyword>n</Keyword>
								<Keyword>r</Keyword>
								<Keyword>s</Keyword>
								<Keyword>u</Keyword>
								<Keyword>xg</Keyword>
							</KeywordAnnotation>
						</TextAnnotation>
					</AudioVisualSegment>
					<AudioVisualSegment id="track-0.segment-31">
						<MediaTime>
							<MediaRelTimePoint>T00:40:27:0F1000</MediaRelTimePoint>
							<MediaDuration>PT01M11S0N1000F</MediaDuration>
						</MediaTime>
						<TextAnnotation confidence="0.5" relevance="0.4"
							xml:lang="en">
							<KeywordAnnotation>
								<Keyword>Employers</Keyword>
								<Keyword>IdP</Keyword>
								<Keyword>Schools</Keyword>
								<Keyword>Should</Keyword>
								<Keyword>They</Keyword>
								<Keyword>Who</Keyword>
								<Keyword>already</Keyword>
								<Keyword>ars</Keyword>
								<Keyword>assume</Keyword>
								<Keyword>have</Keyword>
								<Keyword>iii</Keyword>
								<Keyword>methods</Keyword>
								<Keyword>one</Keyword>
								<Keyword>those</Keyword>
								<Keyword>vary</Keyword>
								<Keyword>www</Keyword>
							</KeywordAnnotation>
						</TextAnnotation>
						<TextAnnotation confidence="0.5" relevance="0.3"
							xml:lang="en">
							<KeywordAnnotation>
								<Keyword>Authentication</Keyword>
								<Keyword>Because</Keyword>
								<Keyword>Employers</Keyword>
								<Keyword>Just</Keyword>
								<Keyword>Schools</Keyword>
								<Keyword>additional</Keyword>
								<Keyword>and</Keyword>
								<Keyword>aren</Keyword>
								<Keyword>can</Keyword>
								<Keyword>change</Keyword>
								<Keyword>each</Keyword>
								<Keyword>our</Keyword>
								<Keyword>risk</Keyword>
								<Keyword>situations</Keyword>
								<Keyword>take</Keyword>
								<Keyword>tend</Keyword>
								<Keyword>them</Keyword>
								<Keyword>when</Keyword>
								<Keyword>with</Keyword>
							</KeywordAnnotation>
						</TextAnnotation>
						<TextAnnotation confidence="0.5" relevance="0.0"
							xml:lang="en">
							<KeywordAnnotation>
								<Keyword>AJ</Keyword>
								<Keyword>We</Keyword>
								<Keyword>an</Keyword>
								<Keyword>be</Keyword>
								<Keyword>of</Keyword>
								<Keyword>to</Keyword>
								<Keyword>us</Keyword>
							</KeywordAnnotation>
						</TextAnnotation>
						<TextAnnotation confidence="0.0" relevance="0.3"
							xml:lang="en">
							<KeywordAnnotation>
								<Keyword>willing</Keyword>
							</KeywordAnnotation>
						</TextAnnotation>
						<TextAnnotation confidence="0.0" relevance="0.0"
							xml:lang="en">
							<KeywordAnnotation>
								<Keyword>I</Keyword>
								<Keyword>t</Keyword>
							</KeywordAnnotation>
						</TextAnnotation>
					</AudioVisualSegment>
					<AudioVisualSegment id="track-0.segment-32">
						<MediaTime>
							<MediaRelTimePoint>T00:41:38:0F1000</MediaRelTimePoint>
							<MediaDuration>PT01M12S0N1000F</MediaDuration>
						</MediaTime>
						<TextAnnotation confidence="0.5" relevance="0.4"
							xml:lang="en">
							<KeywordAnnotation>
								<Keyword>Governments</Keyword>
								<Keyword>Should</Keyword>
								<Keyword>They</Keyword>
								<Keyword>Who</Keyword>
								<Keyword>already</Keyword>
								<Keyword>are</Keyword>
								<Keyword>computers</Keyword>
								<Keyword>ldP</Keyword>
							</KeywordAnnotation>
						</TextAnnotation>
						<TextAnnotation confidence="0.5" relevance="0.3"
							xml:lang="en">
							<KeywordAnnotation>
								<Keyword>But</Keyword>
								<Keyword>One</Keyword>
								<Keyword>What</Keyword>
								<Keyword>all</Keyword>
								<Keyword>for</Keyword>
								<Keyword>gain</Keyword>
								<Keyword>information</Keyword>
								<Keyword>much</Keyword>
								<Keyword>not</Keyword>
								<Keyword>parties</Keyword>
								<Keyword>size</Keyword>
								<Keyword>them</Keyword>
								<Keyword>they</Keyword>
								<Keyword>when</Keyword>
							</KeywordAnnotation>
						</TextAnnotation>
						<TextAnnotation confidence="0.5" relevance="0.0"
							xml:lang="en">
							<KeywordAnnotation>
								<Keyword>an</Keyword>
								<Keyword>be</Keyword>
								<Keyword>do</Keyword>
								<Keyword>on</Keyword>
								<Keyword>so</Keyword>
							</KeywordAnnotation>
						</TextAnnotation>
						<TextAnnotation confidence="0.0" relevance="0.3"
							xml:lang="en">
							<KeywordAnnotation>
								<Keyword>fits</Keyword>
								<Keyword>iuemny</Keyword>
								<Keyword>rely</Keyword>
							</KeywordAnnotation>
						</TextAnnotation>
						<TextAnnotation confidence="0.0" relevance="0.0"
							xml:lang="en">
							<KeywordAnnotation>
								<Keyword>-</Keyword>
								<Keyword>I</Keyword>
							</KeywordAnnotation>
						</TextAnnotation>
					</AudioVisualSegment>
					<AudioVisualSegment id="track-0.segment-33">
						<MediaTime>
							<MediaRelTimePoint>T00:42:50:0F1000</MediaRelTimePoint>
							<MediaDuration>PT01M09S0N1000F</MediaDuration>
						</MediaTime>
						<TextAnnotation confidence="0.5" relevance="0.5"
							xml:lang="en">
							<KeywordAnnotation>
								<Keyword>The</Keyword>
							</KeywordAnnotation>
						</TextAnnotation>
						<TextAnnotation confidence="0.5" relevance="0.4"
							xml:lang="en">
							<KeywordAnnotation>
								<Keyword>IdP</Keyword>
								<Keyword>Machines</Keyword>
								<Keyword>Providers</Keyword>
								<Keyword>Service</Keyword>
								<Keyword>Telecom</Keyword>
								<Keyword>Who</Keyword>
								<Keyword>should</Keyword>
							</KeywordAnnotation>
						</TextAnnotation>
						<TextAnnotation confidence="0.5" relevance="0.3"
							xml:lang="en">
							<KeywordAnnotation>
								<Keyword>Poor</Keyword>
								<Keyword>and</Keyword>
								<Keyword>between</Keyword>
								<Keyword>cell</Keyword>
								<Keyword>computers</Keyword>
								<Keyword>function</Keyword>
								<Keyword>integration</Keyword>
								<Keyword>other</Keyword>
								<Keyword>phone</Keyword>
							</KeywordAnnotation>
						</TextAnnotation>
						<TextAnnotation confidence="0.5" relevance="0.0"
							xml:lang="en">
							<KeywordAnnotation>
								<Keyword>an</Keyword>
								<Keyword>be</Keyword>
								<Keyword>in</Keyword>
								<Keyword>is</Keyword>
							</KeywordAnnotation>
						</TextAnnotation>
						<TextAnnotation confidence="0.0" relevance="0.5"
							xml:lang="en">
							<KeywordAnnotation>
								<Keyword>Drsam</Keyword>
								<Keyword>Nckian</Keyword>
							</KeywordAnnotation>
						</TextAnnotation>
						<TextAnnotation confidence="0.0" relevance="0.4"
							xml:lang="en">
							<KeywordAnnotation>
								<Keyword>Finlahd</Keyword>
								<Keyword>mediator</Keyword>
							</KeywordAnnotation>
						</TextAnnotation>
						<TextAnnotation confidence="0.0" relevance="0.0"
							xml:lang="en">
							<KeywordAnnotation>
								<Keyword>I</Keyword>
								<Keyword>J</Keyword>
								<Keyword>M</Keyword>
								<Keyword>O-</Keyword>
								<Keyword>a</Keyword>
							</KeywordAnnotation>
						</TextAnnotation>
					</AudioVisualSegment>
					<AudioVisualSegment id="track-0.segment-34">
						<MediaTime>
							<MediaRelTimePoint>T00:43:59:0F1000</MediaRelTimePoint>
							<MediaDuration>PT01M26S0N1000F</MediaDuration>
						</MediaTime>
						<TextAnnotation confidence="0.5" relevance="0.5"
							xml:lang="de">
							<KeywordAnnotation>
								<Keyword>does</Keyword>
								<Keyword>expensive</Keyword>
								<Keyword>mac</Keyword>
								<Keyword>mum</Keyword>
								<Keyword>sSm</Keyword>
								<Keyword>web</Keyword>
							</KeywordAnnotation>
						</TextAnnotation>
						<TextAnnotation confidence="0.5" relevance="0.4"
							xml:lang="de">
							<KeywordAnnotation>
								<Keyword>All</Keyword>
								<Keyword>Lost</Keyword>
								<Keyword>Privileged</Keyword>
								<Keyword>Uls</Keyword>
								<Keyword>agg</Keyword>
								<Keyword>are</Keyword>
								<Keyword>hard</Keyword>
							</KeywordAnnotation>
						</TextAnnotation>
						<TextAnnotation confidence="0.5" relevance="0.3"
							xml:lang="de">
							<KeywordAnnotation>
								<Keyword>There</Keyword>
								<Keyword>substantial</Keyword>
								<Keyword>web</Keyword>
							</KeywordAnnotation>
						</TextAnnotation>
						<TextAnnotation confidence="0.5" relevance="0.0"
							xml:lang="de">
							<KeywordAnnotation>
								<Keyword>EK</Keyword>
								<Keyword>EY</Keyword>
								<Keyword>Ie</Keyword>
								<Keyword>Is</Keyword>
								<Keyword>ae</Keyword>
								<Keyword>ar</Keyword>
								<Keyword>cy</Keyword>
								<Keyword>es</Keyword>
								<Keyword>gg</Keyword>
								<Keyword>is</Keyword>
								<Keyword>lr</Keyword>
								<Keyword>mk</Keyword>
								<Keyword>of</Keyword>
								<Keyword>on</Keyword>
								<Keyword>ra</Keyword>
								<Keyword>rm</Keyword>
								<Keyword>rs</Keyword>
								<Keyword>su</Keyword>
								<Keyword>we</Keyword>
								<Keyword>yu</Keyword>
							</KeywordAnnotation>
						</TextAnnotation>
						<TextAnnotation confidence="0.0" relevance="0.5"
							xml:lang="de">
							<KeywordAnnotation>
								<Keyword>esns</Keyword>
								<Keyword>maa</Keyword>
								<Keyword>mnmnutan</Keyword>
								<Keyword>onmunng</Keyword>
								<Keyword>plemumpf</Keyword>
								<Keyword>sixes</Keyword>
								<Keyword>uummms</Keyword>
							</KeywordAnnotation>
						</TextAnnotation>
						<TextAnnotation confidence="0.0" relevance="0.4"
							xml:lang="de">
							<KeywordAnnotation>
								<Keyword>Guwninscnvunwn</Keyword>
								<Keyword>HsY</Keyword>
								<Keyword>nicks</Keyword>
								<Keyword>nj-</Keyword>
								<Keyword>suidrbsj</Keyword>
							</KeywordAnnotation>
						</TextAnnotation>
						<TextAnnotation confidence="0.0" relevance="0.0"
							xml:lang="de">
							<KeywordAnnotation>
								<Keyword>-</Keyword>
								<Keyword>-u</Keyword>
								<Keyword>A</Keyword>
								<Keyword>F</Keyword>
								<Keyword>I</Keyword>
								<Keyword>J</Keyword>
								<Keyword>L</Keyword>
								<Keyword>V</Keyword>
								<Keyword>Y</Keyword>
								<Keyword>a</Keyword>
								<Keyword>g</Keyword>
								<Keyword>p</Keyword>
								<Keyword>r</Keyword>
								<Keyword>s</Keyword>
								<Keyword>u</Keyword>
							</KeywordAnnotation>
						</TextAnnotation>
					</AudioVisualSegment>
					<AudioVisualSegment id="track-0.segment-35">
						<MediaTime>
							<MediaRelTimePoint>T00:45:25:0F1000</MediaRelTimePoint>
							<MediaDuration>PT01M48S0N1000F</MediaDuration>
						</MediaTime>
						<TextAnnotation confidence="0.5" relevance="0.5"
							xml:lang="en">
							<KeywordAnnotation>
								<Keyword>The</Keyword>
								<Keyword>already</Keyword>
								<Keyword>banking</Keyword>
								<Keyword>been</Keyword>
								<Keyword>have</Keyword>
								<Keyword>las</Keyword>
								<Keyword>space</Keyword>
								<Keyword>this</Keyword>
								<Keyword>three</Keyword>
							</KeywordAnnotation>
						</TextAnnotation>
						<TextAnnotation confidence="0.5" relevance="0.4"
							xml:lang="en">
							<KeywordAnnotation>
								<Keyword>Banks</Keyword>
								<Keyword>Many</Keyword>
								<Keyword>Mayhem</Keyword>
								<Keyword>Watch</Keyword>
								<Keyword>addresses</Keyword>
								<Keyword>and</Keyword>
								<Keyword>both</Keyword>
								<Keyword>centuries</Keyword>
								<Keyword>fur</Keyword>
								<Keyword>have</Keyword>
								<Keyword>not</Keyword>
								<Keyword>others</Keyword>
								<Keyword>sam</Keyword>
								<Keyword>save</Keyword>
								<Keyword>shown</Keyword>
								<Keyword>software</Keyword>
								<Keyword>space</Keyword>
								<Keyword>that</Keyword>
								<Keyword>thus</Keyword>
								<Keyword>want</Keyword>
								<Keyword>you</Keyword>
							</KeywordAnnotation>
						</TextAnnotation>
						<TextAnnotation confidence="0.5" relevance="0.0"
							xml:lang="en">
							<KeywordAnnotation>
								<Keyword>Jp</Keyword>
								<Keyword>RE</Keyword>
								<Keyword>Ry</Keyword>
								<Keyword>Sc</Keyword>
								<Keyword>do</Keyword>
								<Keyword>kw</Keyword>
								<Keyword>la</Keyword>
								<Keyword>me</Keyword>
								<Keyword>ns</Keyword>
								<Keyword>pf</Keyword>
								<Keyword>so</Keyword>
								<Keyword>to</Keyword>
							</KeywordAnnotation>
						</TextAnnotation>
						<TextAnnotation confidence="0.0" relevance="0.5"
							xml:lang="en">
							<KeywordAnnotation>
								<Keyword>curani</Keyword>
								<Keyword>dewdes</Keyword>
								<Keyword>emyslem</Keyword>
								<Keyword>evolve</Keyword>
								<Keyword>revcluucn</Keyword>
							</KeywordAnnotation>
						</TextAnnotation>
						<TextAnnotation confidence="0.0" relevance="0.4"
							xml:lang="en">
							<KeywordAnnotation>
								<Keyword>Conclusions</Keyword>
								<Keyword>Emglmsvs</Keyword>
								<Keyword>Illook</Keyword>
								<Keyword>Maybe</Keyword>
								<Keyword>REjedgraggd</Keyword>
								<Keyword>az2w1v.,e.dps</Keyword>
								<Keyword>cse</Keyword>
								<Keyword>harmvarg</Keyword>
								<Keyword>iaB</Keyword>
								<Keyword>m0n8Y</Keyword>
								<Keyword>pasgyvoids</Keyword>
								<Keyword>sclparale</Keyword>
								<Keyword>solumns</Keyword>
								<Keyword>univsrsiue</Keyword>
							</KeywordAnnotation>
						</TextAnnotation>
						<TextAnnotation confidence="0.0" relevance="0.3"
							xml:lang="en">
							<KeywordAnnotation>
								<Keyword>Pru</Keyword>
								<Keyword>aumyD</Keyword>
							</KeywordAnnotation>
						</TextAnnotation>
						<TextAnnotation confidence="0.0" relevance="0.0"
							xml:lang="en">
							<KeywordAnnotation>
								<Keyword>B</Keyword>
								<Keyword>I</Keyword>
								<Keyword>Q</Keyword>
								<Keyword>S</Keyword>
								<Keyword>T</Keyword>
								<Keyword>a</Keyword>
								<Keyword>e</Keyword>
								<Keyword>m</Keyword>
								<Keyword>n</Keyword>
								<Keyword>z</Keyword>
							</KeywordAnnotation>
						</TextAnnotation>
					</AudioVisualSegment>
					<AudioVisualSegment id="track-0.segment-36">
						<MediaTime>
							<MediaRelTimePoint>T00:47:13:0F1000</MediaRelTimePoint>
							<MediaDuration>PT50S0N1000F</MediaDuration>
						</MediaTime>
						<TextAnnotation confidence="0.5" relevance="0.4"
							xml:lang="en">
							<KeywordAnnotation>
								<Keyword>Earl</Keyword>
								<Keyword>Fair</Keyword>
								<Keyword>Frei</Keyword>
								<Keyword>Isaac</Keyword>
								<Keyword>Microsoft</Keyword>
								<Keyword>Pamela</Keyword>
								<Keyword>Professor</Keyword>
								<Keyword>Project</Keyword>
								<Keyword>William</Keyword>
								<Keyword>almost</Keyword>
								<Keyword>and</Keyword>
								<Keyword>articulated</Keyword>
								<Keyword>consumer</Keyword>
								<Keyword>creator</Keyword>
								<Keyword>exclusively</Keyword>
								<Keyword>extended</Keyword>
								<Keyword>for</Keyword>
								<Keyword>from</Keyword>
								<Keyword>had</Keyword>
								<Keyword>has</Keyword>
								<Keyword>help</Keyword>
								<Keyword>here</Keyword>
								<Keyword>notion</Keyword>
								<Keyword>principle</Keyword>
								<Keyword>speak</Keyword>
								<Keyword>square</Keyword>
								<Keyword>taken</Keyword>
								<Keyword>the</Keyword>
								<Keyword>this</Keyword>
								<Keyword>today</Keyword>
								<Keyword>town</Keyword>
								<Keyword>was</Keyword>
								<Keyword>you</Keyword>
							</KeywordAnnotation>
						</TextAnnotation>
						<TextAnnotation confidence="0.5" relevance="0.0"
							xml:lang="en">
							<KeywordAnnotation>
								<Keyword>Dr</Keyword>
								<Keyword>He</Keyword>
								<Keyword>an</Keyword>
								<Keyword>in</Keyword>
								<Keyword>is</Keyword>
								<Keyword>of</Keyword>
								<Keyword>to</Keyword>
							</KeywordAnnotation>
						</TextAnnotation>
						<TextAnnotation confidence="0.0" relevance="0.4"
							xml:lang="en">
							<KeywordAnnotation>
								<Keyword>Acknowledgments</Keyword>
								<Keyword>Clipart</Keyword>
								<Keyword>Dingle</Keyword>
								<Keyword>Eduroam</Keyword>
								<Keyword>Kipp</Keyword>
								<Keyword>Klaas</Keyword>
								<Keyword>Kqmeron</Keyword>
								<Keyword>Plattner</Keyword>
								<Keyword>SAML</Keyword>
								<Keyword>Wierenga</Keyword>
								<Keyword>Wikimediaorg</Keyword>
								<Keyword>iqt</Keyword>
								<Keyword>operationalized</Keyword>
								<Keyword>pgesergtation</Keyword>
							</KeywordAnnotation>
						</TextAnnotation>
						<TextAnnotation confidence="0.0" relevance="0.3"
							xml:lang="en">
							<KeywordAnnotation>
								<Keyword>Thgnlg</Keyword>
								<Keyword>invitation</Keyword>
							</KeywordAnnotation>
						</TextAnnotation>
						<TextAnnotation confidence="0.0" relevance="0.0"
							xml:lang="en">
							<KeywordAnnotation>
								<Keyword>-</Keyword>
								<Keyword>a</Keyword>
							</KeywordAnnotation>
						</TextAnnotation>
					</AudioVisualSegment>
					<AudioVisualSegment id="track-0.segment-37">
						<MediaTime>
							<MediaRelTimePoint>T00:48:03:0F1000</MediaRelTimePoint>
							<MediaDuration>PT01M38S0N1000F</MediaDuration>
						</MediaTime>
						<TextAnnotation confidence="0.5" relevance="0.0"
							xml:lang="de">
							<KeywordAnnotation>
								<Keyword>HI</Keyword>
								<Keyword>LK</Keyword>
								<Keyword>lg</Keyword>
							</KeywordAnnotation>
						</TextAnnotation>
						<TextAnnotation confidence="0.0" relevance="0.4"
							xml:lang="de">
							<KeywordAnnotation>
								<Keyword>ThankYcu</Keyword>
							</KeywordAnnotation>
						</TextAnnotation>
						<TextAnnotation confidence="0.0" relevance="0.0"
							xml:lang="de">
							<KeywordAnnotation>
								<Keyword>H</Keyword>
								<Keyword>Q</Keyword>
								<Keyword>i</Keyword>
								<Keyword>k</Keyword>
								<Keyword>u</Keyword>
								<Keyword>v</Keyword>
							</KeywordAnnotation>
						</TextAnnotation>
					</AudioVisualSegment>
					<AudioVisualSegment id="track-0.segment-38">
						<MediaTime>
							<MediaRelTimePoint>T00:49:41:0F1000</MediaRelTimePoint>
							<MediaDuration>PT01S8N1000F</MediaDuration>
						</MediaTime>
						<TextAnnotation confidence="0.5" relevance="0.4"
							xml:lang="de">
							<KeywordAnnotation>
								<Keyword>Thank</Keyword>
								<Keyword>You</Keyword>
							</KeywordAnnotation>
						</TextAnnotation>
						<TextAnnotation confidence="0.5" relevance="0.0"
							xml:lang="de">
							<KeywordAnnotation>
								<Keyword>II</Keyword>
								<Keyword>In</Keyword>
								<Keyword>JH</Keyword>
							</KeywordAnnotation>
						</TextAnnotation>
						<TextAnnotation confidence="0.0" relevance="0.0"
							xml:lang="de">
							<KeywordAnnotation>
								<Keyword>-</Keyword>
								<Keyword>I</Keyword>
								<Keyword>L</Keyword>
								<Keyword>gx</Keyword>
								<Keyword>u</Keyword>
							</KeywordAnnotation>
						</TextAnnotation>
					</AudioVisualSegment>
				</TemporalDecomposition>
			</AudioVisual>
		</MultimediaContent>
	</Description>
</Mpeg7>
