<?xml version="1.0" encoding="UTF-8"?>
<Mpeg7 xmlns="urn:mpeg:mpeg7:schema:2001" xmlns:mpeg7="urn:mpeg7:schema:2001"
	xmlns:xsi="http://www.w3.org/2001/XMLSchema-instance/">
	<Description xsi:type="ContentEntityType">
		<MultimediaContent xsi:type="AudioVisualType">
			<AudioVisual id="track-1">
				<mediaLocator>
					<mediaUri>file:tracks/camera.avi</mediaUri>
				</mediaLocator>
				<mediaTime>
					<mediaTimePoint>T00:00:00:0F25</mediaTimePoint>
					<mediaDuration>PT01H46M32S0N1000F</mediaDuration>
				</mediaTime>
			</AudioVisual>
			<AudioVisual id="track-0">
				<mediaLocator>
					<mediaUri>file:tracks/grabber.avi</mediaUri>
				</mediaLocator>
				<mediaTime>
					<mediaTimePoint>T00:00:00:0F5</mediaTimePoint>
					<mediaDuration>PT01H46M32S0N1000F</mediaDuration>
				</mediaTime>
				<TemporalDecomposition criteria="temporal"
					gap="false" overlap="false">
					<AudioVisualSegment id="track-0.segment-1">
						<mediaTime>
							<mediaRelTimePoint>T00:00:00:0F1000</mediaRelTimePoint>
							<mediaDuration>PT01M52S0N1000F</mediaDuration>
						</mediaTime>
						<TextAnnotation confidence="0.5" relevance="0.7"
							xml:lang="de">
							<KeywordAnnotation>
								<Keyword>Ima</Keyword>
							</KeywordAnnotation>
						</TextAnnotation>
						<TextAnnotation confidence="0.0" relevance="0.0"
							xml:lang="de">
							<KeywordAnnotation>
								<Keyword>H</Keyword>
								<Keyword>I</Keyword>
								<Keyword>K</Keyword>
								<Keyword>Q</Keyword>
								<Keyword>T</Keyword>
								<Keyword>r</Keyword>
							</KeywordAnnotation>
						</TextAnnotation>
					</AudioVisualSegment>
					<AudioVisualSegment id="track-0.segment-2">
						<mediaTime>
							<mediaRelTimePoint>T00:01:52:0F1000</mediaRelTimePoint>
							<mediaDuration>PT28S0N1000F</mediaDuration>
						</mediaTime>
						<TextAnnotation confidence="0.5" relevance="0.0"
							xml:lang="de">
							<KeywordAnnotation>
								<Keyword>Bm</Keyword>
							</KeywordAnnotation>
						</TextAnnotation>
						<TextAnnotation confidence="0.0" relevance="0.5"
							xml:lang="de">
							<KeywordAnnotation>
								<Keyword>-grit</Keyword>
							</KeywordAnnotation>
						</TextAnnotation>
						<TextAnnotation confidence="0.0" relevance="0.0"
							xml:lang="de">
							<KeywordAnnotation>
								<Keyword>I</Keyword>
								<Keyword>M</Keyword>
								<Keyword>g</Keyword>
								<Keyword>gk</Keyword>
							</KeywordAnnotation>
						</TextAnnotation>
					</AudioVisualSegment>
					<AudioVisualSegment id="track-0.segment-3">
						<mediaTime>
							<mediaRelTimePoint>T00:02:20:0F1000</mediaRelTimePoint>
							<mediaDuration>PT01M08S0N1000F</mediaDuration>
						</mediaTime>
						<TextAnnotation confidence="0.0" relevance="0.0"
							xml:lang="en">
							<KeywordAnnotation>
								<Keyword>-</Keyword>
								<Keyword>-q</Keyword>
								<Keyword>D</Keyword>
								<Keyword>r</Keyword>
								<Keyword>v</Keyword>
							</KeywordAnnotation>
						</TextAnnotation>
					</AudioVisualSegment>
					<AudioVisualSegment id="track-0.segment-4">
						<mediaTime>
							<mediaRelTimePoint>T00:03:28:0F1000</mediaRelTimePoint>
							<mediaDuration>PT27M48S0N1000F</mediaDuration>
						</mediaTime>
						<TextAnnotation confidence="0.5" relevance="0.0"
							xml:lang="en">
							<KeywordAnnotation>
								<Keyword>aT</Keyword>
							</KeywordAnnotation>
						</TextAnnotation>
						<TextAnnotation confidence="0.0" relevance="0.2"
							xml:lang="en">
							<KeywordAnnotation>
								<Keyword>R-.--</Keyword>
							</KeywordAnnotation>
						</TextAnnotation>
						<TextAnnotation confidence="0.0" relevance="0.0"
							xml:lang="en">
							<KeywordAnnotation>
								<Keyword>--</Keyword>
								<Keyword>I</Keyword>
								<Keyword>g</Keyword>
							</KeywordAnnotation>
						</TextAnnotation>
					</AudioVisualSegment>
					<AudioVisualSegment id="track-0.segment-5">
						<mediaTime>
							<mediaRelTimePoint>T00:31:16:0F1000</mediaRelTimePoint>
							<mediaDuration>PT40S0N1000F</mediaDuration>
						</mediaTime>
						<TextAnnotation confidence="0.5" relevance="0.0"
							xml:lang="de">
							<KeywordAnnotation>
								<Keyword>RT</Keyword>
							</KeywordAnnotation>
						</TextAnnotation>
						<TextAnnotation confidence="0.0" relevance="0.5"
							xml:lang="de">
							<KeywordAnnotation>
								<Keyword>rqprgsnnunu</Keyword>
							</KeywordAnnotation>
						</TextAnnotation>
						<TextAnnotation confidence="0.0" relevance="0.3"
							xml:lang="de">
							<KeywordAnnotation>
								<Keyword>RI---</Keyword>
							</KeywordAnnotation>
						</TextAnnotation>
						<TextAnnotation confidence="0.0" relevance="0.0"
							xml:lang="de">
							<KeywordAnnotation>
								<Keyword>--</Keyword>
								<Keyword>E</Keyword>
								<Keyword>I</Keyword>
							</KeywordAnnotation>
						</TextAnnotation>
					</AudioVisualSegment>
					<AudioVisualSegment id="track-0.segment-6">
						<mediaTime>
							<mediaRelTimePoint>T00:31:56:0F1000</mediaRelTimePoint>
							<mediaDuration>PT14M06S0N1000F</mediaDuration>
						</mediaTime>
						<TextAnnotation confidence="0.0" relevance="0.2"
							xml:lang="en">
							<KeywordAnnotation>
								<Keyword>--I</Keyword>
							</KeywordAnnotation>
						</TextAnnotation>
						<TextAnnotation confidence="0.0" relevance="0.1"
							xml:lang="en">
							<KeywordAnnotation>
								<Keyword>IJAT</Keyword>
							</KeywordAnnotation>
						</TextAnnotation>
						<TextAnnotation confidence="0.0" relevance="0.0"
							xml:lang="en">
							<KeywordAnnotation>
								<Keyword>-</Keyword>
								<Keyword>Yn</Keyword>
							</KeywordAnnotation>
						</TextAnnotation>
					</AudioVisualSegment>
					<AudioVisualSegment id="track-0.segment-7">
						<mediaTime>
							<mediaRelTimePoint>T00:46:02:0F1000</mediaRelTimePoint>
							<mediaDuration>PT11S0N1000F</mediaDuration>
						</mediaTime>
						<TextAnnotation confidence="0.0" relevance="0.2"
							xml:lang="en">
							<KeywordAnnotation>
								<Keyword>IJRT</Keyword>
								<Keyword>RI.--</Keyword>
							</KeywordAnnotation>
						</TextAnnotation>
						<TextAnnotation confidence="0.0" relevance="0.0"
							xml:lang="en">
							<KeywordAnnotation>
								<Keyword>--</Keyword>
								<Keyword>v</Keyword>
							</KeywordAnnotation>
						</TextAnnotation>
					</AudioVisualSegment>
					<AudioVisualSegment id="track-0.segment-8">
						<mediaTime>
							<mediaRelTimePoint>T00:46:13:0F1000</mediaRelTimePoint>
							<mediaDuration>PT27S0N1000F</mediaDuration>
						</mediaTime>
						<TextAnnotation confidence="0.5" relevance="0.5"
							xml:lang="de">
							<KeywordAnnotation>
								<Keyword>DIE</Keyword>
							</KeywordAnnotation>
						</TextAnnotation>
						<TextAnnotation confidence="0.5" relevance="0.0"
							xml:lang="de">
							<KeywordAnnotation>
								<Keyword>EE</Keyword>
								<Keyword>El</Keyword>
								<Keyword>IJ</Keyword>
							</KeywordAnnotation>
						</TextAnnotation>
						<TextAnnotation confidence="0.0" relevance="0.4"
							xml:lang="de">
							<KeywordAnnotation>
								<Keyword>I--I</Keyword>
							</KeywordAnnotation>
						</TextAnnotation>
						<TextAnnotation confidence="0.0" relevance="0.0"
							xml:lang="de">
							<KeywordAnnotation>
								<Keyword>--</Keyword>
								<Keyword>B</Keyword>
								<Keyword>D</Keyword>
								<Keyword>T</Keyword>
							</KeywordAnnotation>
						</TextAnnotation>
					</AudioVisualSegment>
					<AudioVisualSegment id="track-0.segment-9">
						<mediaTime>
							<mediaRelTimePoint>T00:46:40:0F1000</mediaRelTimePoint>
							<mediaDuration>PT27M38S0N1000F</mediaDuration>
						</mediaTime>
						<TextAnnotation confidence="0.0" relevance="0.2"
							xml:lang="en">
							<KeywordAnnotation>
								<Keyword>llll</Keyword>
							</KeywordAnnotation>
						</TextAnnotation>
						<TextAnnotation confidence="0.0" relevance="0.1"
							xml:lang="en">
							<KeywordAnnotation>
								<Keyword>l..r</Keyword>
							</KeywordAnnotation>
						</TextAnnotation>
						<TextAnnotation confidence="0.0" relevance="0.0"
							xml:lang="en">
							<KeywordAnnotation>
								<Keyword>--</Keyword>
								<Keyword>R</Keyword>
								<Keyword>T</Keyword>
							</KeywordAnnotation>
						</TextAnnotation>
					</AudioVisualSegment>
					<AudioVisualSegment id="track-0.segment-10">
						<mediaTime>
							<mediaRelTimePoint>T01:14:18:0F1000</mediaRelTimePoint>
							<mediaDuration>PT01M39S0N1000F</mediaDuration>
						</mediaTime>
					</AudioVisualSegment>
					<AudioVisualSegment id="track-0.segment-11">
						<mediaTime>
							<mediaRelTimePoint>T01:15:57:0F1000</mediaRelTimePoint>
							<mediaDuration>PT03M19S0N1000F</mediaDuration>
						</mediaTime>
						<TextAnnotation confidence="0.5" relevance="0.0"
							xml:lang="de">
							<KeywordAnnotation>
								<Keyword>aT</Keyword>
								<Keyword>sl</Keyword>
							</KeywordAnnotation>
						</TextAnnotation>
						<TextAnnotation confidence="0.0" relevance="0.2"
							xml:lang="de">
							<KeywordAnnotation>
								<Keyword>I---</Keyword>
							</KeywordAnnotation>
						</TextAnnotation>
						<TextAnnotation confidence="0.0" relevance="0.0"
							xml:lang="de">
							<KeywordAnnotation>
								<Keyword>--</Keyword>
								<Keyword>Q</Keyword>
							</KeywordAnnotation>
						</TextAnnotation>
					</AudioVisualSegment>
					<AudioVisualSegment id="track-0.segment-12">
						<mediaTime>
							<mediaRelTimePoint>T01:19:16:0F1000</mediaRelTimePoint>
							<mediaDuration>PT38S0N1000F</mediaDuration>
						</mediaTime>
						<TextAnnotation confidence="0.0" relevance="0.0"
							xml:lang="en">
							<KeywordAnnotation>
								<Keyword>Y</Keyword>
							</KeywordAnnotation>
						</TextAnnotation>
					</AudioVisualSegment>
					<AudioVisualSegment id="track-0.segment-13">
						<mediaTime>
							<mediaRelTimePoint>T01:19:54:0F1000</mediaRelTimePoint>
							<mediaDuration>PT26M37S0N1000F</mediaDuration>
						</mediaTime>
						<TextAnnotation confidence="0.5" relevance="0.0"
							xml:lang="de">
							<KeywordAnnotation>
								<Keyword>xT</Keyword>
							</KeywordAnnotation>
						</TextAnnotation>
						<TextAnnotation confidence="0.0" relevance="0.2"
							xml:lang="de">
							<KeywordAnnotation>
								<Keyword>-.-</Keyword>
							</KeywordAnnotation>
						</TextAnnotation>
						<TextAnnotation confidence="0.0" relevance="0.0"
							xml:lang="de">
							<KeywordAnnotation>
								<Keyword>-</Keyword>
								<Keyword>R</Keyword>
							</KeywordAnnotation>
						</TextAnnotation>
					</AudioVisualSegment>
					<AudioVisualSegment id="track-0.segment-14">
						<mediaTime>
							<mediaRelTimePoint>T01:46:31:0F1000</mediaRelTimePoint>
							<mediaDuration>PT01S0N1000F</mediaDuration>
						</mediaTime>
						<TextAnnotation confidence="0.5" relevance="0.0"
							xml:lang="de">
							<KeywordAnnotation>
								<Keyword>xT</Keyword>
							</KeywordAnnotation>
						</TextAnnotation>
						<TextAnnotation confidence="0.0" relevance="0.2"
							xml:lang="de">
							<KeywordAnnotation>
								<Keyword>lllll</Keyword>
							</KeywordAnnotation>
						</TextAnnotation>
						<TextAnnotation confidence="0.0" relevance="0.0"
							xml:lang="de">
							<KeywordAnnotation>
								<Keyword>--</Keyword>
								<Keyword>l</Keyword>
								<Keyword>r</Keyword>
							</KeywordAnnotation>
						</TextAnnotation>
					</AudioVisualSegment>
				</TemporalDecomposition>
			</AudioVisual>
		</MultimediaContent>
	</Description>
</Mpeg7>
