<?xml version="1.0" encoding="UTF-8"?>
<metadata xmlns="http://www.opencastproject.org/xsd/1.0/dublincore/" xmlns:dcterms="http://purl.org/dc/terms/" xmlns:xsi="http://www.w3.org/2001/XMLSchema-instance">
    <dcterms:creator>Lauener, Adrian</dcterms:creator>
    <dcterms:extent xsi:type="dcterms:ISO8601">PT1H15M18.548S</dcterms:extent>
    <dcterms:isPartOf>ID-MMS</dcterms:isPartOf>
    <dcterms:license xml:lang="de">http://www.multimedia.ethz.ch/docs/haftungsausschluss/index</dcterms:license>
    <dcterms:license xml:lang="en">http://www.multimedia.ethz.ch/docs/disclaimer/index</dcterms:license>
    <dcterms:created xsi:type="dcterms:W3CDTF">2009-11-12</dcterms:created>
    <dcterms:language>deu</dcterms:language>
    <dcterms:rightsHolder xml:lang="de">ETH Zürich, Schweiz</dcterms:rightsHolder>
    <dcterms:rightsHolder xml:lang="en">ETH Zurich, Switzerland</dcterms:rightsHolder>
    <dcterms:publisher xml:lang="de">ETH Zürich, ID-MMS; Schweiz</dcterms:publisher>
    <dcterms:publisher xml:lang="en">ETH Zurich, ITS-MMS; Switzerland</dcterms:publisher>
    <dcterms:accessRights>http://www.multimedia.ethz.ch/docs/</dcterms:accessRights>
    <dcterms:spatial>NO C44</dcterms:spatial>
    <dcterms:identifier>10.3930/ETHZ/AV-15dfbfb6-8b20-4157-948c-d974208979f8</dcterms:identifier>
    <dcterms:title>ID-Workshop KomCenter</dcterms:title>
</metadata>
