<?xml version="1.0" encoding="UTF-8"?>
<metadata xmlns="http://www.opencastproject.org/xsd/1.0/dublincore/"
	xmlns:dcterms="http://purl.org/dc/terms/" xmlns:xsi="http://www.w3.org/2001/XMLSchema-instance">
	<dcterms:creator>Bendali, Abderrahmane</dcterms:creator>
	<dcterms:contributor>Mathematics</dcterms:contributor>
	<dcterms:license xml:lang="de">http://www.multimedia.ethz.ch/docs/haftungsausschluss/index</dcterms:license>
	<dcterms:license xml:lang="en">http://www.multimedia.ethz.ch/docs/disclaimer/index</dcterms:license>
	<dcterms:created xsi:type="dcterms:W3CDTF">2009-09-29</dcterms:created>
	<dcterms:description>1. Introduction to regular and singular asymptotic
		expansions.

		2. Scattering by a coated impenetrable obstacle: the Helmholtz
		et the Maxwell equations.

		3. Two scales asymptotic expansion of the field scattered by a
		highly oscillating surface.

		4. Treatment of the penetration of a wave in slot by means of
		the method of matched asymptotic expansions.

		5. Mathematical justification of the cavity model in patch
		antenna analysis by the method of matched asymptotic expansions.

		6. Wave propagation in a domain with a small hole.</dcterms:description>
	<dcterms:language>eng</dcterms:language>
	<dcterms:rightsHolder xml:lang="de">ETH Zürich, Schweiz</dcterms:rightsHolder>
	<dcterms:rightsHolder xml:lang="en">ETH Zurich,
		Switzerland</dcterms:rightsHolder>
	<dcterms:publisher xml:lang="de">ETH Zürich, ID-MMS;
		Schweiz</dcterms:publisher>
	<dcterms:publisher xml:lang="en">ETH Zurich, ITS-MMS;
		Switzerland</dcterms:publisher>
	<dcterms:identifier>401-4781-59L-2009W</dcterms:identifier>
	<dcterms:title xml:lang="en">Asymptotic Methods for Wave
		Propagation Problems</dcterms:title>
</metadata>
