<?xml version="1.0" encoding="UTF-8"?>
<metadata xmlns="http://www.opencastproject.org/xsd/1.0/dublincore/" xmlns:dcterms="http://purl.org/dc/terms/" xmlns:xsi="http://www.w3.org/2001/XMLSchema-instance">
    <dcterms:creator>Kossmann, Donald Alan</dcterms:creator>
    <dcterms:creator>Fischer, Peter Michael</dcterms:creator>
    <dcterms:contributor>Department of Computer Science</dcterms:contributor>
    <dcterms:license xml:lang="de">http://www.multimedia.ethz.ch/docs/haftungsausschluss/index</dcterms:license>
    <dcterms:license xml:lang="en">http://www.multimedia.ethz.ch/docs/disclaimer/index</dcterms:license>
    <dcterms:created xsi:type="dcterms:W3CDTF">2009-09-16</dcterms:created>
    <dcterms:description>XML, XQuery, SQL/XML, XQuery Implementation and Optimization, XML Storage Techniques, Web Services, XL, XUpdate, XML Information Retrieval, XML Information Filtering, Publish and Subscribe, Semantic Web</dcterms:description>
    <dcterms:language>eng</dcterms:language>
    <dcterms:rightsHolder xml:lang="de">ETH Zürich, Schweiz</dcterms:rightsHolder>
    <dcterms:rightsHolder xml:lang="en">ETH Zurich, Switzerland</dcterms:rightsHolder>
    <dcterms:publisher xml:lang="de">ETH Zürich, ID-MMS; Schweiz</dcterms:publisher>
    <dcterms:publisher xml:lang="en">ETH Zurich, ITS-MMS; Switzerland</dcterms:publisher>
    <dcterms:identifier>251-0317-00L-2009W</dcterms:identifier>
    <dcterms:title xml:lang="de">XML and Databases</dcterms:title>
</metadata>
