<?xml version="1.0" encoding="UTF-8"?>
<mediapackage duration="3965818">
	<media>
		<track id="track-1" type="engage/presenter">
			<url>tracks/movie.flv</url>
			<mimetype>video/x-flv</mimetype>
			<checksum type="md5">7b3c7e8cc2cba2f5b7af4fd4224f3005</checksum>
			<tags>
				<tag>engage</tag>
			</tags>
		</track>
	</media>
	<metadata>
		<catalog id="catalog-2" type="metadata/dublincore">
			<mimetype>text/xml</mimetype>
			<checksum type="md5">e50d8f38f465ec2d05f1affcdeab706f</checksum>
			<url>metadata/dublincore-e-talk03.xml</url>
		</catalog>
		<catalog id="catalog-1" ref="series:1cd38174-d51f-4222-8b50-f6116aaf9919"
			type="metadata/dublincore">
			<mimetype>text/xml</mimetype>
			<checksum type="md5">bbfe18027095d06cfe1afdd598060a0a</checksum>
			<url>metadata/dublincore-s-00002.xml</url>
		</catalog>
		<catalog id="catalog-3" type="metadata/mpeg-7">
			<mimetype>text/xml</mimetype>
			<checksum type="md5">d41d8cd98f00b204e9800998ecf8427e</checksum>
			<url>metadata/mpeg-71342416567316771632.xml</url>
		</catalog>
	</metadata>
	<attachments>
		<attachment id="cover" type="cover/source" ref="track:track-1">
			<url>attachments/cover.jpg</url>
			<mimetype>image/jpeg</mimetype>
			<checksum type="md5">fb5107e56b6762adee0c604348e5dcce</checksum>
			<tags>
				<tag>engage</tag>
			</tags>
		</attachment>
	</attachments>
</mediapackage>
