<?xml version="1.0" encoding="UTF-8"?>
<mediapackage duration="3207920" id="10.3930/ETHZ/AV-1636acb3-ae00-4e94-8237-555a836d8086">
<media>
<track id="track-1" type="engage/presenter">
    <url>http://downloads.opencastproject.org/media/car.flv</url>
    <mimetype>video/x-flv</mimetype>
    <checksum type="md5">7b3c7e8cc2cba2f5b7af4fd4224f3005</checksum>
</track>
<mimetype>video/quicktime</mimetype>
<checksum type="md5">9a4e46d379a9c6d5fc0a2b0c57081b80</checksum>
<url>tracks/20090921_F30_M_R_Meyer.mov</url>
<Duration>3207920</Duration>
<Audio id="stream-2">
<Encoder type="PCM"/>
<Channels>2</Channels>
<BitDepth>16</BitDepth>
<BitRate>1536000.0</BitRate>
</Audio>
<Video id="stream-1">
<Encoder type="Digital Video"/>
<Size>720x576</Size>
<BitRate>7378182.0</BitRate>
<FrameRate>25.0</FrameRate>
</Video>
</media>
<metadata>
<catalog id="catalog-2" type="metadata/dublincore">
<mimetype>text/xml</mimetype>
<checksum type="md5">5f0f344312bc4aace862bba0b020c4e9</checksum>
<url>metadata/dublincore-e-EAV_M_R_Meyer.xml</url>
</catalog>
<catalog id="catalog-1" ref="series:BIB-0001-00V" type="metadata/dublincore">
<mimetype>text/xml</mimetype>
<checksum type="md5">6a013c1eb0081e939bf211bfdf499b31</checksum>
<url>metadata/dublincore1837355891489997735.xml</url>
</catalog>
<catalog id="catalog-3" type="metadata/mpeg-7">
<mimetype>text/xml</mimetype>
<checksum type="md5">d41d8cd98f00b204e9800998ecf8427e</checksum>
<url>metadata/mpeg-77800562941213054254.xml</url>
</catalog>
</metadata>
<attachments>
    <attachment id="attachment-1" type="engage/cover">
        <url>http://downloads.opencastproject.org/media/engage-cover.jpg</url>
        <mimetype>image/jpeg</mimetype>
    </attachment>
    <attachment id="attachment-2" type="feed/cover">
        <url>http://downloads.opencastproject.org/media/feed-cover.jpg</url>
        <mimetype>image/jpeg</mimetype>
    </attachment>
</attachments>
</mediapackage>
