<?xml version="1.0" encoding="UTF-8"?>
<mediapackage>
	<media>
		<track id="track-1" type="presentation/engage">
			<url>tracks/movie.flv</url>
			<mimetype>video/x-flv</mimetype>
			<checksum type="md5">7b3c7e8cc2cba2f5b7af4fd4224f3005</checksum>
			<tags>
				<tag>engage</tag>
			</tags>
		</track>
	</media>
	<metadata>
		<catalog id="catalog-2" type="metadata/dublincore">
			<mimetype>text/xml</mimetype>
			<checksum type="md5">48df0d1679a66a198d595415b6571a67</checksum>
			<url>metadata/dublincore-e-Celati_20091106.xml</url>
		</catalog>
		<catalog id="catalog-1" ref="series:851-0131-05L-2009W" type="metadata/dublincore">
			<mimetype>text/xml</mimetype>
			<checksum type="md5">036cf906526499da30257a5aa7246389</checksum>
			<url>metadata/dublincore-s-00009_Celati.xml</url>
		</catalog>
		<catalog id="catalog-3" type="segments/slides">
			<mimetype>text/xml</mimetype>
			<checksum type="md5">d41d8cd98f00b204e9800998ecf8427e</checksum>
			<url>metadata/mpeg-71570423859712639507.xml</url>
		</catalog>
	</metadata>
</mediapackage>
