<?xml version="1.0" encoding="UTF-8"?>
<metadata xmlns="http://www.opencastproject.org/xsd/1.0/dublincore/"
	xmlns:dcterms="http://purl.org/dc/terms/" xmlns:xsi="http://www.w3.org/2001/XMLSchema-instance">
	<dcterms:creator>Plattner, Bernhard</dcterms:creator>
	<dcterms:creator>Frei, Stefan</dcterms:creator>
	<dcterms:creator>Dübendorfer, Thomas Peter</dcterms:creator>
	<dcterms:contributor>Department of Mechanical and Process Engineering</dcterms:contributor>
	<dcterms:extent xsi:type="dcterms:ISO8601">PT42M58.720S</dcterms:extent>
	<dcterms:isPartOf>227-0577-00L-2009W</dcterms:isPartOf>
	<dcterms:license xml:lang="de">http://www.multimedia.ethz.ch/docs/haftungsausschluss/index</dcterms:license>
	<dcterms:license xml:lang="en">http://www.multimedia.ethz.ch/docs/disclaimer/index</dcterms:license>
	<dcterms:created xsi:type="dcterms:W3CDTF">2009-11-10</dcterms:created>
	<dcterms:subject xml:lang="de">Electrical Engineering</dcterms:subject>
	<dcterms:language>eng</dcterms:language>
	<dcterms:rightsHolder xml:lang="de">ETH Zürich, Schweiz</dcterms:rightsHolder>
	<dcterms:rightsHolder xml:lang="en">ETH Zurich,
		Switzerland</dcterms:rightsHolder>
	<dcterms:publisher xml:lang="de">ETH Zürich, ID-MMS;
		Schweiz</dcterms:publisher>
	<dcterms:publisher xml:lang="en">ETH Zurich, ITS-MMS;
		Switzerland</dcterms:publisher>

	<dcterms:spatial>ETF C1</dcterms:spatial>
	<dcterms:identifier>0f8f9008-6382-4a4f-9724-b0ad33160543</dcterms:identifier>
	<dcterms:title xml:lang="de">Network Security</dcterms:title>
</metadata>
