<?xml version="1.0" encoding="UTF-8"?>
<Mpeg7 xmlns="urn:mpeg:mpeg7:schema:2001" xmlns:mpeg7="urn:mpeg7:schema:2001"
	xmlns:xsi="http://www.w3.org/2001/XMLSchema-instance/">
	<Description xsi:type="ContentEntityType">
		<MultimediaContent xsi:type="AudioVisualType">
			<AudioVisual id="track-1">
				<MediaLocator>
					<MediaUri>file:tracks/20090919_g1_energie.mov</MediaUri>
				</MediaLocator>
				<MediaTime>
					<MediaTimePoint>T00:00:00:0F25</MediaTimePoint>
					<MediaDuration>PT01H04M18S400N1000F</MediaDuration>
				</MediaTime>
				<TemporalDecomposition criteria="temporal"
					gap="false" overlap="false">
					<AudioVisualSegment id="track-1.segment-1">
						<MediaTime>
							<MediaRelTimePoint>T00:00:00:0F1000</MediaRelTimePoint>
							<MediaDuration>PT19S0N1000F</MediaDuration>
						</MediaTime>
						<TextAnnotation confidence="0.0" relevance="0.0"
							xml:lang="en">
							<KeywordAnnotation>
								<Keyword>E</Keyword>
								<Keyword>Y</Keyword>
							</KeywordAnnotation>
						</TextAnnotation>
					</AudioVisualSegment>
					<AudioVisualSegment id="track-1.segment-2">
						<MediaTime>
							<MediaRelTimePoint>T00:00:19:0F1000</MediaRelTimePoint>
							<MediaDuration>PT24S0N1000F</MediaDuration>
						</MediaTime>
						<TextAnnotation confidence="0.0" relevance="0.3"
							xml:lang="en">
							<KeywordAnnotation>
								<Keyword>EIIE</Keyword>
							</KeywordAnnotation>
						</TextAnnotation>
						<TextAnnotation confidence="0.0" relevance="0.0"
							xml:lang="en">
							<KeywordAnnotation>
								<Keyword>l</Keyword>
							</KeywordAnnotation>
						</TextAnnotation>
					</AudioVisualSegment>
					<AudioVisualSegment id="track-1.segment-3">
						<MediaTime>
							<MediaRelTimePoint>T00:00:43:0F1000</MediaRelTimePoint>
							<MediaDuration>PT44S0N1000F</MediaDuration>
						</MediaTime>
						<TextAnnotation confidence="0.5" relevance="0.3"
							xml:lang="de">
							<KeywordAnnotation>
								<Keyword>Isl</Keyword>
							</KeywordAnnotation>
						</TextAnnotation>
						<TextAnnotation confidence="0.0" relevance="0.0"
							xml:lang="de">
							<KeywordAnnotation>
								<Keyword>-</Keyword>
								<Keyword>J</Keyword>
							</KeywordAnnotation>
						</TextAnnotation>
					</AudioVisualSegment>
					<AudioVisualSegment id="track-1.segment-4">
						<MediaTime>
							<MediaRelTimePoint>T00:01:27:0F1000</MediaRelTimePoint>
							<MediaDuration>PT42S0N1000F</MediaDuration>
						</MediaTime>
						<TextAnnotation confidence="0.0" relevance="0.2"
							xml:lang="en">
							<KeywordAnnotation>
								<Keyword>mw-</Keyword>
							</KeywordAnnotation>
						</TextAnnotation>
						<TextAnnotation confidence="0.0" relevance="0.0"
							xml:lang="en">
							<KeywordAnnotation>
								<Keyword>W</Keyword>
							</KeywordAnnotation>
						</TextAnnotation>
					</AudioVisualSegment>
					<AudioVisualSegment id="track-1.segment-5">
						<MediaTime>
							<MediaRelTimePoint>T00:02:09:0F1000</MediaRelTimePoint>
							<MediaDuration>PT18S0N1000F</MediaDuration>
						</MediaTime>
						<TextAnnotation confidence="0.5" relevance="0.0"
							xml:lang="de">
							<KeywordAnnotation>
								<Keyword>ll</Keyword>
								<Keyword>wl</Keyword>
							</KeywordAnnotation>
						</TextAnnotation>
						<TextAnnotation confidence="0.0" relevance="0.0"
							xml:lang="de">
							<KeywordAnnotation>
								<Keyword>K</Keyword>
								<Keyword>w</Keyword>
							</KeywordAnnotation>
						</TextAnnotation>
					</AudioVisualSegment>
					<AudioVisualSegment id="track-1.segment-6">
						<MediaTime>
							<MediaRelTimePoint>T00:02:27:0F1000</MediaRelTimePoint>
							<MediaDuration>PT01M22S0N1000F</MediaDuration>
						</MediaTime>
						<TextAnnotation confidence="0.5" relevance="0.0"
							xml:lang="de">
							<KeywordAnnotation>
								<Keyword>wl</Keyword>
							</KeywordAnnotation>
						</TextAnnotation>
						<TextAnnotation confidence="0.0" relevance="0.0"
							xml:lang="de">
							<KeywordAnnotation>
								<Keyword>Q</Keyword>
								<Keyword>l</Keyword>
								<Keyword>x</Keyword>
							</KeywordAnnotation>
						</TextAnnotation>
					</AudioVisualSegment>
					<AudioVisualSegment id="track-1.segment-7">
						<MediaTime>
							<MediaRelTimePoint>T00:03:49:0F1000</MediaRelTimePoint>
							<MediaDuration>PT19S0N1000F</MediaDuration>
						</MediaTime>
						<TextAnnotation confidence="0.5" relevance="0.0"
							xml:lang="de">
							<KeywordAnnotation>
								<Keyword>KI</Keyword>
							</KeywordAnnotation>
						</TextAnnotation>
						<TextAnnotation confidence="0.0" relevance="0.0"
							xml:lang="de">
							<KeywordAnnotation>
								<Keyword>-</Keyword>
								<Keyword>K</Keyword>
								<Keyword>Y</Keyword>
							</KeywordAnnotation>
						</TextAnnotation>
					</AudioVisualSegment>
					<AudioVisualSegment id="track-1.segment-8">
						<MediaTime>
							<MediaRelTimePoint>T00:04:08:0F1000</MediaRelTimePoint>
							<MediaDuration>PT22S0N1000F</MediaDuration>
						</MediaTime>
						<TextAnnotation confidence="0.0" relevance="0.0"
							xml:lang="en">
							<KeywordAnnotation>
								<Keyword>E</Keyword>
								<Keyword>W</Keyword>
							</KeywordAnnotation>
						</TextAnnotation>
					</AudioVisualSegment>
					<AudioVisualSegment id="track-1.segment-9">
						<MediaTime>
							<MediaRelTimePoint>T00:04:30:0F1000</MediaRelTimePoint>
							<MediaDuration>PT11S0N1000F</MediaDuration>
						</MediaTime>
						<TextAnnotation confidence="0.5" relevance="0.0"
							xml:lang="de">
							<KeywordAnnotation>
								<Keyword>Li</Keyword>
								<Keyword>YE</Keyword>
							</KeywordAnnotation>
						</TextAnnotation>
						<TextAnnotation confidence="0.0" relevance="0.0"
							xml:lang="de">
							<KeywordAnnotation>
								<Keyword>E-</Keyword>
								<Keyword>i</Keyword>
							</KeywordAnnotation>
						</TextAnnotation>
					</AudioVisualSegment>
					<AudioVisualSegment id="track-1.segment-10">
						<MediaTime>
							<MediaRelTimePoint>T00:04:41:0F1000</MediaRelTimePoint>
							<MediaDuration>PT20S0N1000F</MediaDuration>
						</MediaTime>
						<TextAnnotation confidence="0.0" relevance="0.0"
							xml:lang="en">
							<KeywordAnnotation>
								<Keyword>E</Keyword>
								<Keyword>Q</Keyword>
								<Keyword>i</Keyword>
							</KeywordAnnotation>
						</TextAnnotation>
					</AudioVisualSegment>
					<AudioVisualSegment id="track-1.segment-11">
						<MediaTime>
							<MediaRelTimePoint>T00:05:01:0F1000</MediaRelTimePoint>
							<MediaDuration>PT29S0N1000F</MediaDuration>
						</MediaTime>
						<TextAnnotation confidence="0.5" relevance="0.4"
							xml:lang="en">
							<KeywordAnnotation>
								<Keyword>Alumni</Keyword>
								<Keyword>Day</Keyword>
								<Keyword>ETH</Keyword>
								<Keyword>Energy</Keyword>
								<Keyword>Engineering</Keyword>
								<Keyword>Homecoming</Keyword>
								<Keyword>Science</Keyword>
								<Keyword>and</Keyword>
							</KeywordAnnotation>
						</TextAnnotation>
						<TextAnnotation confidence="0.0" relevance="0.4"
							xml:lang="en">
							<KeywordAnnotation>
								<Keyword>ALSTOM</Keyword>
							</KeywordAnnotation>
						</TextAnnotation>
						<TextAnnotation confidence="0.0" relevance="0.3"
							xml:lang="en">
							<KeywordAnnotation>
								<Keyword>Guzzella</Keyword>
								<Keyword>Lino</Keyword>
							</KeywordAnnotation>
						</TextAnnotation>
						<TextAnnotation confidence="0.0" relevance="0.2"
							xml:lang="en">
							<KeywordAnnotation>
								<Keyword>LLL</Keyword>
							</KeywordAnnotation>
						</TextAnnotation>
						<TextAnnotation confidence="0.0" relevance="0.0"
							xml:lang="en">
							<KeywordAnnotation>
								<Keyword>-</Keyword>
								<Keyword>E</Keyword>
								<Keyword>T</Keyword>
								<Keyword>U</Keyword>
								<Keyword>p</Keyword>
							</KeywordAnnotation>
						</TextAnnotation>
					</AudioVisualSegment>
					<AudioVisualSegment id="track-1.segment-12">
						<MediaTime>
							<MediaRelTimePoint>T00:05:30:0F1000</MediaRelTimePoint>
							<MediaDuration>PT34S0N1000F</MediaDuration>
						</MediaTime>
						<TextAnnotation confidence="0.0" relevance="0.0"
							xml:lang="en">
							<KeywordAnnotation>
								<Keyword>I</Keyword>
								<Keyword>i</Keyword>
							</KeywordAnnotation>
						</TextAnnotation>
					</AudioVisualSegment>
					<AudioVisualSegment id="track-1.segment-13">
						<MediaTime>
							<MediaRelTimePoint>T00:06:04:0F1000</MediaRelTimePoint>
							<MediaDuration>PT46S0N1000F</MediaDuration>
						</MediaTime>
						<TextAnnotation confidence="0.0" relevance="0.0"
							xml:lang="en">
							<KeywordAnnotation>
								<Keyword>A</Keyword>
								<Keyword>K</Keyword>
							</KeywordAnnotation>
						</TextAnnotation>
					</AudioVisualSegment>
					<AudioVisualSegment id="track-1.segment-14">
						<MediaTime>
							<MediaRelTimePoint>T00:06:50:0F1000</MediaRelTimePoint>
							<MediaDuration>PT22S0N1000F</MediaDuration>
						</MediaTime>
						<TextAnnotation confidence="0.0" relevance="0.0"
							xml:lang="en">
							<KeywordAnnotation>
								<Keyword>E</Keyword>
								<Keyword>K</Keyword>
							</KeywordAnnotation>
						</TextAnnotation>
					</AudioVisualSegment>
					<AudioVisualSegment id="track-1.segment-15">
						<MediaTime>
							<MediaRelTimePoint>T00:07:12:0F1000</MediaRelTimePoint>
							<MediaDuration>PT13S0N1000F</MediaDuration>
						</MediaTime>
						<TextAnnotation confidence="0.0" relevance="0.0"
							xml:lang="en">
							<KeywordAnnotation>
								<Keyword>E</Keyword>
								<Keyword>I</Keyword>
								<Keyword>K</Keyword>
								<Keyword>Y</Keyword>
								<Keyword>i</Keyword>
							</KeywordAnnotation>
						</TextAnnotation>
					</AudioVisualSegment>
					<AudioVisualSegment id="track-1.segment-16">
						<MediaTime>
							<MediaRelTimePoint>T00:07:25:0F1000</MediaRelTimePoint>
							<MediaDuration>PT24S0N1000F</MediaDuration>
						</MediaTime>
						<TextAnnotation confidence="0.5" relevance="0.3"
							xml:lang="en">
							<KeywordAnnotation>
								<Keyword>Jeanne</Keyword>
								<Keyword>all</Keyword>
								<Keyword>and</Keyword>
								<Keyword>associated</Keyword>
								<Keyword>completely</Keyword>
								<Keyword>depend</Keyword>
								<Keyword>economy</Keyword>
								<Keyword>engineering</Keyword>
								<Keyword>industrial</Keyword>
								<Keyword>life</Keyword>
								<Keyword>longer</Keyword>
								<Keyword>possible</Keyword>
								<Keyword>products</Keyword>
								<Keyword>science</Keyword>
								<Keyword>technology</Keyword>
								<Keyword>the</Keyword>
								<Keyword>without</Keyword>
							</KeywordAnnotation>
						</TextAnnotation>
						<TextAnnotation confidence="0.5" relevance="0.0"
							xml:lang="en">
							<KeywordAnnotation>
								<Keyword>We</Keyword>
								<Keyword>an</Keyword>
								<Keyword>is</Keyword>
								<Keyword>no</Keyword>
								<Keyword>of</Keyword>
								<Keyword>on</Keyword>
							</KeywordAnnotation>
						</TextAnnotation>
						<TextAnnotation confidence="0.0" relevance="0.3"
							xml:lang="en">
							<KeywordAnnotation>
								<Keyword>Hersch</Keyword>
								<Keyword>expertise</Keyword>
							</KeywordAnnotation>
						</TextAnnotation>
						<TextAnnotation confidence="0.0" relevance="0.0"
							xml:lang="en">
							<KeywordAnnotation>
								<Keyword>-</Keyword>
								<Keyword>A</Keyword>
							</KeywordAnnotation>
						</TextAnnotation>
					</AudioVisualSegment>
					<AudioVisualSegment id="track-1.segment-17">
						<MediaTime>
							<MediaRelTimePoint>T00:07:49:0F1000</MediaRelTimePoint>
							<MediaDuration>PT12S0N1000F</MediaDuration>
						</MediaTime>
						<TextAnnotation confidence="0.0" relevance="0.0"
							xml:lang="en">
							<KeywordAnnotation>
								<Keyword>I</Keyword>
							</KeywordAnnotation>
						</TextAnnotation>
					</AudioVisualSegment>
					<AudioVisualSegment id="track-1.segment-18">
						<MediaTime>
							<MediaRelTimePoint>T00:08:01:0F1000</MediaRelTimePoint>
							<MediaDuration>PT24S0N1000F</MediaDuration>
						</MediaTime>
						<TextAnnotation confidence="0.5" relevance="0.4"
							xml:lang="en">
							<KeywordAnnotation>
								<Keyword>Food</Keyword>
								<Keyword>Health</Keyword>
								<Keyword>Without</Keyword>
								<Keyword>achievements</Keyword>
								<Keyword>and</Keyword>
								<Keyword>arc</Keyword>
								<Keyword>built</Keyword>
								<Keyword>can</Keyword>
								<Keyword>distribution</Keyword>
								<Keyword>engineering</Keyword>
								<Keyword>free</Keyword>
								<Keyword>humanity</Keyword>
								<Keyword>important</Keyword>
								<Keyword>just</Keyword>
								<Keyword>medical</Keyword>
								<Keyword>most</Keyword>
								<Keyword>production</Keyword>
								<Keyword>services</Keyword>
								<Keyword>society</Keyword>
								<Keyword>storage</Keyword>
								<Keyword>the</Keyword>
								<Keyword>them</Keyword>
								<Keyword>water</Keyword>
							</KeywordAnnotation>
						</TextAnnotation>
						<TextAnnotation confidence="0.5" relevance="0.3"
							xml:lang="en">
							<KeywordAnnotation>
								<Keyword>Communication</Keyword>
								<Keyword>Protection</Keyword>
								<Keyword>Science</Keyword>
								<Keyword>Thesis</Keyword>
								<Keyword>clothes</Keyword>
								<Keyword>housing</Keyword>
								<Keyword>internet</Keyword>
								<Keyword>newspapers</Keyword>
							</KeywordAnnotation>
						</TextAnnotation>
						<TextAnnotation confidence="0.5" relevance="0.0"
							xml:lang="en">
							<KeywordAnnotation>
								<Keyword>be</Keyword>
								<Keyword>no</Keyword>
								<Keyword>of</Keyword>
							</KeywordAnnotation>
						</TextAnnotation>
					</AudioVisualSegment>
					<AudioVisualSegment id="track-1.segment-19">
						<MediaTime>
							<MediaRelTimePoint>T00:08:25:0F1000</MediaRelTimePoint>
							<MediaDuration>PT01M0N1000F</MediaDuration>
						</MediaTime>
						<TextAnnotation confidence="0.5" relevance="0.4"
							xml:lang="en">
							<KeywordAnnotation>
								<Keyword>Agriculture</Keyword>
								<Keyword>Assumption</Keyword>
								<Keyword>Bread</Keyword>
								<Keyword>Daily</Keyword>
								<Keyword>Energy</Keyword>
								<Keyword>Example</Keyword>
								<Keyword>Fossil</Keyword>
								<Keyword>Mill</Keyword>
								<Keyword>Our</Keyword>
								<Keyword>Sum</Keyword>
								<Keyword>Transportation</Keyword>
								<Keyword>Useful</Keyword>
								<Keyword>efficiency</Keyword>
								<Keyword>electric</Keyword>
								<Keyword>energy</Keyword>
								<Keyword>fossil</Keyword>
								<Keyword>generated</Keyword>
								<Keyword>primary</Keyword>
								<Keyword>sources</Keyword>
								<Keyword>using</Keyword>
								<Keyword>with</Keyword>
							</KeywordAnnotation>
						</TextAnnotation>
						<TextAnnotation confidence="0.5" relevance="0.3"
							xml:lang="en">
							<KeywordAnnotation>
								<Keyword>Store</Keyword>
							</KeywordAnnotation>
						</TextAnnotation>
						<TextAnnotation confidence="0.5" relevance="0.0"
							xml:lang="en">
							<KeywordAnnotation>
								<Keyword>MJ</Keyword>
								<Keyword>kg</Keyword>
							</KeywordAnnotation>
						</TextAnnotation>
						<TextAnnotation confidence="0.0" relevance="0.4"
							xml:lang="en">
							<KeywordAnnotation>
								<Keyword>MJIkg</Keyword>
								<Keyword>asc</Keyword>
								<Keyword>au1oo</Keyword>
								<Keyword>kmamex</Keyword>
								<Keyword>kwmkg</Keyword>
								<Keyword>kwmxg</Keyword>
								<Keyword>mnanzoc</Keyword>
								<Keyword>o.c</Keyword>
								<Keyword>o.s</Keyword>
								<Keyword>uaesemna</Keyword>
								<Keyword>wneavna</Keyword>
							</KeywordAnnotation>
						</TextAnnotation>
						<TextAnnotation confidence="0.0" relevance="0.3"
							xml:lang="en">
							<KeywordAnnotation>
								<Keyword>Bakery</Keyword>
							</KeywordAnnotation>
						</TextAnnotation>
						<TextAnnotation confidence="0.0" relevance="0.0"
							xml:lang="en">
							<KeywordAnnotation>
								<Keyword>-</Keyword>
								<Keyword>T</Keyword>
								<Keyword>g</Keyword>
								<Keyword>q</Keyword>
								<Keyword>r</Keyword>
								<Keyword>s</Keyword>
								<Keyword>x</Keyword>
							</KeywordAnnotation>
						</TextAnnotation>
					</AudioVisualSegment>
					<AudioVisualSegment id="track-1.segment-20">
						<MediaTime>
							<MediaRelTimePoint>T00:09:25:0F1000</MediaRelTimePoint>
							<MediaDuration>PT45S0N1000F</MediaDuration>
						</MediaTime>
						<TextAnnotation confidence="0.0" relevance="0.0"
							xml:lang="en">
							<KeywordAnnotation>
								<Keyword>E</Keyword>
								<Keyword>K</Keyword>
								<Keyword>Y</Keyword>
							</KeywordAnnotation>
						</TextAnnotation>
					</AudioVisualSegment>
					<AudioVisualSegment id="track-1.segment-21">
						<MediaTime>
							<MediaRelTimePoint>T00:10:10:0F1000</MediaRelTimePoint>
							<MediaDuration>PT43S0N1000F</MediaDuration>
						</MediaTime>
						<TextAnnotation confidence="0.5" relevance="0.4"
							xml:lang="de">
							<KeywordAnnotation>
								<Keyword>Energy</Keyword>
								<Keyword>Use</Keyword>
							</KeywordAnnotation>
						</TextAnnotation>
						<TextAnnotation confidence="0.5" relevance="0.3"
							xml:lang="de">
							<KeywordAnnotation>
								<Keyword>Diesel</Keyword>
								<Keyword>Hut</Keyword>
								<Keyword>Neil</Keyword>
							</KeywordAnnotation>
						</TextAnnotation>
						<TextAnnotation confidence="0.5" relevance="0.2"
							xml:lang="de">
							<KeywordAnnotation>
								<Keyword>Source</Keyword>
							</KeywordAnnotation>
						</TextAnnotation>
						<TextAnnotation confidence="0.5" relevance="0.0"
							xml:lang="de">
							<KeywordAnnotation>
								<Keyword>Fm</Keyword>
								<Keyword>hi</Keyword>
								<Keyword>ru</Keyword>
							</KeywordAnnotation>
						</TextAnnotation>
						<TextAnnotation confidence="0.0" relevance="0.4"
							xml:lang="de">
							<KeywordAnnotation>
								<Keyword>Ere</Keyword>
								<Keyword>mgs</Keyword>
								<Keyword>mrpranus</Keyword>
								<Keyword>snspsm</Keyword>
								<Keyword>ysu</Keyword>
							</KeywordAnnotation>
						</TextAnnotation>
						<TextAnnotation confidence="0.0" relevance="0.3"
							xml:lang="de">
							<KeywordAnnotation>
								<Keyword>Bulldng</Keyword>
								<Keyword>Indusvy</Keyword>
							</KeywordAnnotation>
						</TextAnnotation>
						<TextAnnotation confidence="0.0" relevance="0.2"
							xml:lang="de">
							<KeywordAnnotation>
								<Keyword>ETHZ</Keyword>
							</KeywordAnnotation>
						</TextAnnotation>
						<TextAnnotation confidence="0.0" relevance="0.0"
							xml:lang="de">
							<KeywordAnnotation>
								<Keyword>A</Keyword>
								<Keyword>E</Keyword>
								<Keyword>H</Keyword>
								<Keyword>N</Keyword>
								<Keyword>S</Keyword>
								<Keyword>U</Keyword>
								<Keyword>W</Keyword>
								<Keyword>m</Keyword>
								<Keyword>v</Keyword>
							</KeywordAnnotation>
						</TextAnnotation>
					</AudioVisualSegment>
					<AudioVisualSegment id="track-1.segment-22">
						<MediaTime>
							<MediaRelTimePoint>T00:10:53:0F1000</MediaRelTimePoint>
							<MediaDuration>PT17S0N1000F</MediaDuration>
						</MediaTime>
						<TextAnnotation confidence="0.5" relevance="0.4"
							xml:lang="en">
							<KeywordAnnotation>
								<Keyword>Economic</Keyword>
								<Keyword>From</Keyword>
								<Keyword>Science</Keyword>
								<Keyword>Success</Keyword>
							</KeywordAnnotation>
						</TextAnnotation>
						<TextAnnotation confidence="0.5" relevance="0.3"
							xml:lang="en">
							<KeywordAnnotation>
								<Keyword>aus</Keyword>
							</KeywordAnnotation>
						</TextAnnotation>
						<TextAnnotation confidence="0.5" relevance="0.0"
							xml:lang="en">
							<KeywordAnnotation>
								<Keyword>QM</Keyword>
								<Keyword>to</Keyword>
								<Keyword>us</Keyword>
							</KeywordAnnotation>
						</TextAnnotation>
						<TextAnnotation confidence="0.0" relevance="0.3"
							xml:lang="en">
							<KeywordAnnotation>
								<Keyword>-IMS</Keyword>
								<Keyword>A.sm</Keyword>
								<Keyword>R.c</Keyword>
								<Keyword>wmaupen</Keyword>
							</KeywordAnnotation>
						</TextAnnotation>
						<TextAnnotation confidence="0.0" relevance="0.0"
							xml:lang="en">
							<KeywordAnnotation>
								<Keyword>-</Keyword>
								<Keyword>L</Keyword>
								<Keyword>Q</Keyword>
								<Keyword>b</Keyword>
								<Keyword>n</Keyword>
								<Keyword>z</Keyword>
							</KeywordAnnotation>
						</TextAnnotation>
					</AudioVisualSegment>
					<AudioVisualSegment id="track-1.segment-23">
						<MediaTime>
							<MediaRelTimePoint>T00:11:10:0F1000</MediaRelTimePoint>
							<MediaDuration>PT01M01S0N1000F</MediaDuration>
						</MediaTime>
						<TextAnnotation confidence="0.0" relevance="0.0"
							xml:lang="en">
							<KeywordAnnotation>
								<Keyword>E</Keyword>
							</KeywordAnnotation>
						</TextAnnotation>
					</AudioVisualSegment>
					<AudioVisualSegment id="track-1.segment-24">
						<MediaTime>
							<MediaRelTimePoint>T00:12:11:0F1000</MediaRelTimePoint>
							<MediaDuration>PT41S0N1000F</MediaDuration>
						</MediaTime>
						<TextAnnotation confidence="0.5" relevance="0.4"
							xml:lang="en">
							<KeywordAnnotation>
								<Keyword>Fossil</Keyword>
								<Keyword>Population</Keyword>
								<Keyword>Science</Keyword>
								<Keyword>Substantial</Keyword>
								<Keyword>Thesis</Keyword>
								<Keyword>and</Keyword>
								<Keyword>are</Keyword>
								<Keyword>assure</Keyword>
								<Keyword>best</Keyword>
								<Keyword>billion</Keyword>
								<Keyword>case</Keyword>
								<Keyword>chance</Keyword>
								<Keyword>close</Keyword>
								<Keyword>demand</Keyword>
								<Keyword>energy</Keyword>
								<Keyword>engineering</Keyword>
								<Keyword>existing</Keyword>
								<Keyword>expected</Keyword>
								<Keyword>future</Keyword>
								<Keyword>growth</Keyword>
								<Keyword>human</Keyword>
								<Keyword>instrumental</Keyword>
								<Keyword>living</Keyword>
								<Keyword>needed</Keyword>
								<Keyword>opportunity</Keyword>
								<Keyword>people</Keyword>
								<Keyword>progress</Keyword>
								<Keyword>reserves</Keyword>
								<Keyword>right</Keyword>
								<Keyword>satisfy</Keyword>
								<Keyword>second</Keyword>
								<Keyword>stabilization</Keyword>
								<Keyword>standards</Keyword>
								<Keyword>sustainable</Keyword>
								<Keyword>there</Keyword>
								<Keyword>unique</Keyword>
								<Keyword>will</Keyword>
							</KeywordAnnotation>
						</TextAnnotation>
						<TextAnnotation confidence="0.5" relevance="0.0"
							xml:lang="en">
							<KeywordAnnotation>
								<Keyword>be</Keyword>
								<Keyword>is</Keyword>
								<Keyword>no</Keyword>
								<Keyword>to</Keyword>
							</KeywordAnnotation>
						</TextAnnotation>
						<TextAnnotation confidence="0.0" relevance="0.4"
							xml:lang="en">
							<KeywordAnnotation>
								<Keyword>Decent</Keyword>
								<Keyword>inexorable</Keyword>
								<Keyword>peaceful</Keyword>
							</KeywordAnnotation>
						</TextAnnotation>
						<TextAnnotation confidence="0.0" relevance="0.0"
							xml:lang="en">
							<KeywordAnnotation>
								<Keyword>U</Keyword>
								<Keyword>a</Keyword>
							</KeywordAnnotation>
						</TextAnnotation>
					</AudioVisualSegment>
					<AudioVisualSegment id="track-1.segment-25">
						<MediaTime>
							<MediaRelTimePoint>T00:12:52:0F1000</MediaRelTimePoint>
							<MediaDuration>PT30S0N1000F</MediaDuration>
						</MediaTime>
					</AudioVisualSegment>
					<AudioVisualSegment id="track-1.segment-26">
						<MediaTime>
							<MediaRelTimePoint>T00:13:22:0F1000</MediaRelTimePoint>
							<MediaDuration>PT24S0N1000F</MediaDuration>
						</MediaTime>
						<TextAnnotation confidence="0.5" relevance="0.4"
							xml:lang="de">
							<KeywordAnnotation>
								<Keyword>Cars</Keyword>
								<Keyword>World</Keyword>
								<Keyword>the</Keyword>
							</KeywordAnnotation>
						</TextAnnotation>
						<TextAnnotation confidence="0.5" relevance="0.2"
							xml:lang="de">
							<KeywordAnnotation>
								<Keyword>Gross</Keyword>
								<Keyword>domestic</Keyword>
							</KeywordAnnotation>
						</TextAnnotation>
						<TextAnnotation confidence="0.5" relevance="0.0"
							xml:lang="de">
							<KeywordAnnotation>
								<Keyword>MM</Keyword>
								<Keyword>US</Keyword>
								<Keyword>an</Keyword>
								<Keyword>ec</Keyword>
								<Keyword>in</Keyword>
								<Keyword>of</Keyword>
								<Keyword>um</Keyword>
								<Keyword>za</Keyword>
							</KeywordAnnotation>
						</TextAnnotation>
						<TextAnnotation confidence="0.0" relevance="0.3"
							xml:lang="de">
							<KeywordAnnotation>
								<Keyword>neygcuumy</Keyword>
							</KeywordAnnotation>
						</TextAnnotation>
						<TextAnnotation confidence="0.0" relevance="0.2"
							xml:lang="de">
							<KeywordAnnotation>
								<Keyword>isflycnn</Keyword>
								<Keyword>pwnu</Keyword>
							</KeywordAnnotation>
						</TextAnnotation>
						<TextAnnotation confidence="0.0" relevance="0.0"
							xml:lang="de">
							<KeywordAnnotation>
								<Keyword>-A</Keyword>
								<Keyword>A</Keyword>
								<Keyword>E</Keyword>
								<Keyword>I</Keyword>
								<Keyword>N</Keyword>
								<Keyword>Q</Keyword>
								<Keyword>S</Keyword>
								<Keyword>T</Keyword>
								<Keyword>e</Keyword>
								<Keyword>n</Keyword>
								<Keyword>s</Keyword>
								<Keyword>u</Keyword>
							</KeywordAnnotation>
						</TextAnnotation>
					</AudioVisualSegment>
					<AudioVisualSegment id="track-1.segment-27">
						<MediaTime>
							<MediaRelTimePoint>T00:13:46:0F1000</MediaRelTimePoint>
							<MediaDuration>PT17S0N1000F</MediaDuration>
						</MediaTime>
						<TextAnnotation confidence="0.5" relevance="0.4"
							xml:lang="en">
							<KeywordAnnotation>
								<Keyword>Next</Keyword>
								<Keyword>The</Keyword>
								<Keyword>Tin</Keyword>
							</KeywordAnnotation>
						</TextAnnotation>
						<TextAnnotation confidence="0.5" relevance="0.2"
							xml:lang="en">
							<KeywordAnnotation>
								<Keyword>domestic</Keyword>
								<Keyword>product</Keyword>
							</KeywordAnnotation>
						</TextAnnotation>
						<TextAnnotation confidence="0.5" relevance="0.1"
							xml:lang="en">
							<KeywordAnnotation>
								<Keyword>Gross</Keyword>
							</KeywordAnnotation>
						</TextAnnotation>
						<TextAnnotation confidence="0.5" relevance="0.0"
							xml:lang="en">
							<KeywordAnnotation>
								<Keyword>US</Keyword>
								<Keyword>in</Keyword>
								<Keyword>vi</Keyword>
							</KeywordAnnotation>
						</TextAnnotation>
						<TextAnnotation confidence="0.0" relevance="0.4"
							xml:lang="en">
							<KeywordAnnotation>
								<Keyword>Lizzie</Keyword>
							</KeywordAnnotation>
						</TextAnnotation>
						<TextAnnotation confidence="0.0" relevance="0.0"
							xml:lang="en">
							<KeywordAnnotation>
								<Keyword>E</Keyword>
								<Keyword>I</Keyword>
								<Keyword>S</Keyword>
								<Keyword>c</Keyword>
								<Keyword>q</Keyword>
								<Keyword>s</Keyword>
								<Keyword>z</Keyword>
							</KeywordAnnotation>
						</TextAnnotation>
					</AudioVisualSegment>
					<AudioVisualSegment id="track-1.segment-28">
						<MediaTime>
							<MediaRelTimePoint>T00:14:03:0F1000</MediaRelTimePoint>
							<MediaDuration>PT29S0N1000F</MediaDuration>
						</MediaTime>
						<TextAnnotation confidence="0.5" relevance="0.4"
							xml:lang="en">
							<KeywordAnnotation>
								<Keyword>Future</Keyword>
							</KeywordAnnotation>
						</TextAnnotation>
						<TextAnnotation confidence="0.5" relevance="0.3"
							xml:lang="en">
							<KeywordAnnotation>
								<Keyword>Source</Keyword>
							</KeywordAnnotation>
						</TextAnnotation>
						<TextAnnotation confidence="0.5" relevance="0.0"
							xml:lang="en">
							<KeywordAnnotation>
								<Keyword>An</Keyword>
							</KeywordAnnotation>
						</TextAnnotation>
						<TextAnnotation confidence="0.0" relevance="0.4"
							xml:lang="en">
							<KeywordAnnotation>
								<Keyword>Optimistic</Keyword>
								<Keyword>Scenario</Keyword>
							</KeywordAnnotation>
						</TextAnnotation>
						<TextAnnotation confidence="0.0" relevance="0.3"
							xml:lang="en">
							<KeywordAnnotation>
								<Keyword>IEA</Keyword>
								<Keyword>IHMo</Keyword>
								<Keyword>Ilwm</Keyword>
								<Keyword>Ky0t</Keyword>
								<Keyword>Scenari</Keyword>
								<Keyword>hse</Keyword>
							</KeywordAnnotation>
						</TextAnnotation>
						<TextAnnotation confidence="0.0" relevance="0.2"
							xml:lang="en">
							<KeywordAnnotation>
								<Keyword>IBi</Keyword>
							</KeywordAnnotation>
						</TextAnnotation>
						<TextAnnotation confidence="0.0" relevance="0.0"
							xml:lang="en">
							<KeywordAnnotation>
								<Keyword>D</Keyword>
								<Keyword>I</Keyword>
								<Keyword>W</Keyword>
								<Keyword>m</Keyword>
							</KeywordAnnotation>
						</TextAnnotation>
					</AudioVisualSegment>
					<AudioVisualSegment id="track-1.segment-29">
						<MediaTime>
							<MediaRelTimePoint>T00:14:32:0F1000</MediaRelTimePoint>
							<MediaDuration>PT01M02S0N1000F</MediaDuration>
						</MediaTime>
						<TextAnnotation confidence="0.5" relevance="0.4"
							xml:lang="de">
							<KeywordAnnotation>
								<Keyword>Online</Keyword>
							</KeywordAnnotation>
						</TextAnnotation>
						<TextAnnotation confidence="0.5" relevance="0.3"
							xml:lang="de">
							<KeywordAnnotation>
								<Keyword>Fsi</Keyword>
								<Keyword>hll</Keyword>
								<Keyword>utI</Keyword>
							</KeywordAnnotation>
						</TextAnnotation>
						<TextAnnotation confidence="0.5" relevance="0.0"
							xml:lang="de">
							<KeywordAnnotation>
								<Keyword>Ad</Keyword>
								<Keyword>SE</Keyword>
								<Keyword>bc</Keyword>
								<Keyword>hp</Keyword>
								<Keyword>iM</Keyword>
								<Keyword>in</Keyword>
								<Keyword>kn</Keyword>
								<Keyword>nn</Keyword>
								<Keyword>nw</Keyword>
								<Keyword>sw</Keyword>
								<Keyword>tb</Keyword>
								<Keyword>vu</Keyword>
								<Keyword>wa</Keyword>
							</KeywordAnnotation>
						</TextAnnotation>
						<TextAnnotation confidence="0.0" relevance="0.4"
							xml:lang="de">
							<KeywordAnnotation>
								<Keyword>NZZ</Keyword>
								<Keyword>iGrh</Keyword>
								<Keyword>oh,dew</Keyword>
								<Keyword>rnu</Keyword>
							</KeywordAnnotation>
						</TextAnnotation>
						<TextAnnotation confidence="0.0" relevance="0.3"
							xml:lang="de">
							<KeywordAnnotation>
								<Keyword>Bctricb</Keyword>
								<Keyword>E1dd</Keyword>
								<Keyword>Emtm</Keyword>
								<Keyword>F.n</Keyword>
								<Keyword>Krahwcrk</Keyword>
								<Keyword>Wasscrst0H</Keyword>
								<Keyword>hih</Keyword>
								<Keyword>ijid-</Keyword>
								<Keyword>jlni</Keyword>
								<Keyword>n.8hBd</Keyword>
								<Keyword>nirdh</Keyword>
								<Keyword>vda</Keyword>
							</KeywordAnnotation>
						</TextAnnotation>
						<TextAnnotation confidence="0.0" relevance="0.0"
							xml:lang="de">
							<KeywordAnnotation>
								<Keyword>-</Keyword>
								<Keyword>E</Keyword>
								<Keyword>I</Keyword>
								<Keyword>N</Keyword>
								<Keyword>Q</Keyword>
								<Keyword>T</Keyword>
								<Keyword>W</Keyword>
								<Keyword>Y</Keyword>
								<Keyword>Z</Keyword>
								<Keyword>a</Keyword>
								<Keyword>d</Keyword>
								<Keyword>f</Keyword>
								<Keyword>h</Keyword>
								<Keyword>i</Keyword>
								<Keyword>k</Keyword>
								<Keyword>m</Keyword>
								<Keyword>q</Keyword>
								<Keyword>r</Keyword>
								<Keyword>t</Keyword>
								<Keyword>u</Keyword>
								<Keyword>v</Keyword>
							</KeywordAnnotation>
						</TextAnnotation>
					</AudioVisualSegment>
					<AudioVisualSegment id="track-1.segment-30">
						<MediaTime>
							<MediaRelTimePoint>T00:15:34:0F1000</MediaRelTimePoint>
							<MediaDuration>PT32S0N1000F</MediaDuration>
						</MediaTime>
						<TextAnnotation confidence="0.0" relevance="0.0"
							xml:lang="en">
							<KeywordAnnotation>
								<Keyword>L</Keyword>
								<Keyword>Z</Keyword>
							</KeywordAnnotation>
						</TextAnnotation>
					</AudioVisualSegment>
					<AudioVisualSegment id="track-1.segment-31">
						<MediaTime>
							<MediaRelTimePoint>T00:16:06:0F1000</MediaRelTimePoint>
							<MediaDuration>PT20S0N1000F</MediaDuration>
						</MediaTime>
						<TextAnnotation confidence="0.5" relevance="0.0"
							xml:lang="de">
							<KeywordAnnotation>
								<Keyword>Go</Keyword>
							</KeywordAnnotation>
						</TextAnnotation>
						<TextAnnotation confidence="0.0" relevance="0.4"
							xml:lang="de">
							<KeywordAnnotation>
								<Keyword>EHR</Keyword>
							</KeywordAnnotation>
						</TextAnnotation>
						<TextAnnotation confidence="0.0" relevance="0.1"
							xml:lang="de">
							<KeywordAnnotation>
								<Keyword>Sou</Keyword>
							</KeywordAnnotation>
						</TextAnnotation>
						<TextAnnotation confidence="0.0" relevance="0.0"
							xml:lang="de">
							<KeywordAnnotation>
								<Keyword>Mq</Keyword>
								<Keyword>c</Keyword>
								<Keyword>s</Keyword>
							</KeywordAnnotation>
						</TextAnnotation>
					</AudioVisualSegment>
					<AudioVisualSegment id="track-1.segment-32">
						<MediaTime>
							<MediaRelTimePoint>T00:16:26:0F1000</MediaRelTimePoint>
							<MediaDuration>PT19S0N1000F</MediaDuration>
						</MediaTime>
						<TextAnnotation confidence="0.5" relevance="0.4"
							xml:lang="de">
							<KeywordAnnotation>
								<Keyword>HCI</Keyword>
							</KeywordAnnotation>
						</TextAnnotation>
						<TextAnnotation confidence="0.5" relevance="0.0"
							xml:lang="de">
							<KeywordAnnotation>
								<Keyword>QE</Keyword>
								<Keyword>ih</Keyword>
								<Keyword>ll</Keyword>
							</KeywordAnnotation>
						</TextAnnotation>
						<TextAnnotation confidence="0.0" relevance="0.0"
							xml:lang="de">
							<KeywordAnnotation>
								<Keyword>-C</Keyword>
								<Keyword>A</Keyword>
								<Keyword>C</Keyword>
								<Keyword>H</Keyword>
								<Keyword>J</Keyword>
								<Keyword>N</Keyword>
								<Keyword>Y</Keyword>
								<Keyword>l</Keyword>
								<Keyword>r</Keyword>
								<Keyword>v</Keyword>
							</KeywordAnnotation>
						</TextAnnotation>
					</AudioVisualSegment>
					<AudioVisualSegment id="track-1.segment-33">
						<MediaTime>
							<MediaRelTimePoint>T00:16:45:0F1000</MediaRelTimePoint>
							<MediaDuration>PT47S0N1000F</MediaDuration>
						</MediaTime>
						<TextAnnotation confidence="0.0" relevance="0.0"
							xml:lang="en">
							<KeywordAnnotation>
								<Keyword>I</Keyword>
								<Keyword>Z</Keyword>
							</KeywordAnnotation>
						</TextAnnotation>
					</AudioVisualSegment>
					<AudioVisualSegment id="track-1.segment-34">
						<MediaTime>
							<MediaRelTimePoint>T00:17:32:0F1000</MediaRelTimePoint>
							<MediaDuration>PT18S0N1000F</MediaDuration>
						</MediaTime>
						<TextAnnotation confidence="0.5" relevance="0.2"
							xml:lang="de">
							<KeywordAnnotation>
								<Keyword>consumption</Keyword>
								<Keyword>fuel</Keyword>
							</KeywordAnnotation>
						</TextAnnotation>
						<TextAnnotation confidence="0.5" relevance="0.0"
							xml:lang="de">
							<KeywordAnnotation>
								<Keyword>Ki</Keyword>
								<Keyword>km</Keyword>
							</KeywordAnnotation>
						</TextAnnotation>
						<TextAnnotation confidence="0.0" relevance="0.0"
							xml:lang="de">
							<KeywordAnnotation>
								<Keyword>I</Keyword>
							</KeywordAnnotation>
						</TextAnnotation>
					</AudioVisualSegment>
					<AudioVisualSegment id="track-1.segment-35">
						<MediaTime>
							<MediaRelTimePoint>T00:17:50:0F1000</MediaRelTimePoint>
							<MediaDuration>PT13S0N1000F</MediaDuration>
						</MediaTime>
						<TextAnnotation confidence="0.5" relevance="0.4"
							xml:lang="en">
							<KeywordAnnotation>
								<Keyword>Energy</Keyword>
								<Keyword>Human</Keyword>
								<Keyword>Price</Keyword>
								<Keyword>The</Keyword>
								<Keyword>Value</Keyword>
								<Keyword>and</Keyword>
								<Keyword>electric</Keyword>
								<Keyword>energy</Keyword>
								<Keyword>hour</Keyword>
								<Keyword>mechanical</Keyword>
								<Keyword>per</Keyword>
								<Keyword>power</Keyword>
								<Keyword>the</Keyword>
							</KeywordAnnotation>
						</TextAnnotation>
						<TextAnnotation confidence="0.5" relevance="0.3"
							xml:lang="en">
							<KeywordAnnotation>
								<Keyword>energy</Keyword>
								<Keyword>hours</Keyword>
								<Keyword>produce</Keyword>
								<Keyword>that</Keyword>
							</KeywordAnnotation>
						</TextAnnotation>
						<TextAnnotation confidence="0.5" relevance="0.0"
							xml:lang="en">
							<KeywordAnnotation>
								<Keyword>an</Keyword>
								<Keyword>of</Keyword>
								<Keyword>to</Keyword>
							</KeywordAnnotation>
						</TextAnnotation>
						<TextAnnotation confidence="0.0" relevance="0.4"
							xml:lang="en">
							<KeywordAnnotation>
								<Keyword>Wage</Keyword>
								<Keyword>cents</Keyword>
								<Keyword>iTTJ</Keyword>
								<Keyword>kWh</Keyword>
							</KeywordAnnotation>
						</TextAnnotation>
						<TextAnnotation confidence="0.0" relevance="0.3"
							xml:lang="en">
							<KeywordAnnotation>
								<Keyword>Iime</Keyword>
								<Keyword>cents</Keyword>
							</KeywordAnnotation>
						</TextAnnotation>
						<TextAnnotation confidence="0.0" relevance="0.0"
							xml:lang="en">
							<KeywordAnnotation>
								<Keyword>I</Keyword>
								<Keyword>K</Keyword>
								<Keyword>L</Keyword>
								<Keyword>Q</Keyword>
								<Keyword>U</Keyword>
								<Keyword>W</Keyword>
								<Keyword>Z</Keyword>
							</KeywordAnnotation>
						</TextAnnotation>
					</AudioVisualSegment>
					<AudioVisualSegment id="track-1.segment-36">
						<MediaTime>
							<MediaRelTimePoint>T00:18:03:0F1000</MediaRelTimePoint>
							<MediaDuration>PT31S0N1000F</MediaDuration>
						</MediaTime>
						<TextAnnotation confidence="0.5" relevance="0.0"
							xml:lang="de">
							<KeywordAnnotation>
								<Keyword>EQ</Keyword>
							</KeywordAnnotation>
						</TextAnnotation>
						<TextAnnotation confidence="0.0" relevance="0.0"
							xml:lang="de">
							<KeywordAnnotation>
								<Keyword>D</Keyword>
							</KeywordAnnotation>
						</TextAnnotation>
					</AudioVisualSegment>
					<AudioVisualSegment id="track-1.segment-37">
						<MediaTime>
							<MediaRelTimePoint>T00:18:34:0F1000</MediaRelTimePoint>
							<MediaDuration>PT23S0N1000F</MediaDuration>
						</MediaTime>
						<TextAnnotation confidence="0.5" relevance="0.4"
							xml:lang="en">
							<KeywordAnnotation>
								<Keyword>Energy</Keyword>
								<Keyword>Price</Keyword>
								<Keyword>The</Keyword>
								<Keyword>Value</Keyword>
								<Keyword>and</Keyword>
								<Keyword>electric</Keyword>
								<Keyword>energy</Keyword>
								<Keyword>hour</Keyword>
								<Keyword>mechanical</Keyword>
								<Keyword>per</Keyword>
								<Keyword>power</Keyword>
								<Keyword>the</Keyword>
							</KeywordAnnotation>
						</TextAnnotation>
						<TextAnnotation confidence="0.5" relevance="0.3"
							xml:lang="en">
							<KeywordAnnotation>
								<Keyword>Human</Keyword>
								<Keyword>Price</Keyword>
								<Keyword>energy</Keyword>
								<Keyword>hours</Keyword>
								<Keyword>produce</Keyword>
								<Keyword>that</Keyword>
							</KeywordAnnotation>
						</TextAnnotation>
						<TextAnnotation confidence="0.5" relevance="0.0"
							xml:lang="en">
							<KeywordAnnotation>
								<Keyword>AU</Keyword>
								<Keyword>an</Keyword>
								<Keyword>of</Keyword>
								<Keyword>to</Keyword>
							</KeywordAnnotation>
						</TextAnnotation>
						<TextAnnotation confidence="0.0" relevance="0.4"
							xml:lang="en">
							<KeywordAnnotation>
								<Keyword>Wage</Keyword>
								<Keyword>cents</Keyword>
								<Keyword>kWh</Keyword>
								<Keyword>nmeq</Keyword>
							</KeywordAnnotation>
						</TextAnnotation>
						<TextAnnotation confidence="0.0" relevance="0.3"
							xml:lang="en">
							<KeywordAnnotation>
								<Keyword>CBTIIS</Keyword>
								<Keyword>Iime</Keyword>
							</KeywordAnnotation>
						</TextAnnotation>
						<TextAnnotation confidence="0.0" relevance="0.0"
							xml:lang="en">
							<KeywordAnnotation>
								<Keyword>K</Keyword>
								<Keyword>V</Keyword>
								<Keyword>W</Keyword>
								<Keyword>c</Keyword>
							</KeywordAnnotation>
						</TextAnnotation>
					</AudioVisualSegment>
					<AudioVisualSegment id="track-1.segment-38">
						<MediaTime>
							<MediaRelTimePoint>T00:18:57:0F1000</MediaRelTimePoint>
							<MediaDuration>PT49S0N1000F</MediaDuration>
						</MediaTime>
						<TextAnnotation confidence="0.0" relevance="0.0"
							xml:lang="en">
							<KeywordAnnotation>
								<Keyword>K</Keyword>
								<Keyword>Y</Keyword>
							</KeywordAnnotation>
						</TextAnnotation>
					</AudioVisualSegment>
					<AudioVisualSegment id="track-1.segment-39">
						<MediaTime>
							<MediaRelTimePoint>T00:19:46:0F1000</MediaRelTimePoint>
							<MediaDuration>PT01M12S0N1000F</MediaDuration>
						</MediaTime>
						<TextAnnotation confidence="0.5" relevance="0.0"
							xml:lang="de">
							<KeywordAnnotation>
								<Keyword>ur</Keyword>
							</KeywordAnnotation>
						</TextAnnotation>
						<TextAnnotation confidence="0.0" relevance="0.1"
							xml:lang="de">
							<KeywordAnnotation>
								<Keyword>FWELLE</Keyword>
							</KeywordAnnotation>
						</TextAnnotation>
						<TextAnnotation confidence="0.0" relevance="0.0"
							xml:lang="de">
							<KeywordAnnotation>
								<Keyword>E</Keyword>
								<Keyword>i</Keyword>
							</KeywordAnnotation>
						</TextAnnotation>
					</AudioVisualSegment>
					<AudioVisualSegment id="track-1.segment-40">
						<MediaTime>
							<MediaRelTimePoint>T00:20:58:0F1000</MediaRelTimePoint>
							<MediaDuration>PT01M36S0N1000F</MediaDuration>
						</MediaTime>
						<TextAnnotation confidence="0.5" relevance="0.0"
							xml:lang="de">
							<KeywordAnnotation>
								<Keyword>LL</Keyword>
								<Keyword>TF</Keyword>
							</KeywordAnnotation>
						</TextAnnotation>
						<TextAnnotation confidence="0.0" relevance="0.0"
							xml:lang="de">
							<KeywordAnnotation>
								<Keyword>H</Keyword>
								<Keyword>J</Keyword>
								<Keyword>Q</Keyword>
								<Keyword>V</Keyword>
								<Keyword>W</Keyword>
								<Keyword>Z</Keyword>
								<Keyword>l</Keyword>
							</KeywordAnnotation>
						</TextAnnotation>
					</AudioVisualSegment>
					<AudioVisualSegment id="track-1.segment-41">
						<MediaTime>
							<MediaRelTimePoint>T00:22:34:0F1000</MediaRelTimePoint>
							<MediaDuration>PT14S0N1000F</MediaDuration>
						</MediaTime>
						<TextAnnotation confidence="0.0" relevance="0.0"
							xml:lang="en">
							<KeywordAnnotation>
								<Keyword>A</Keyword>
								<Keyword>I</Keyword>
								<Keyword>Q</Keyword>
								<Keyword>V</Keyword>
								<Keyword>f</Keyword>
								<Keyword>l</Keyword>
							</KeywordAnnotation>
						</TextAnnotation>
					</AudioVisualSegment>
					<AudioVisualSegment id="track-1.segment-42">
						<MediaTime>
							<MediaRelTimePoint>T00:22:48:0F1000</MediaRelTimePoint>
							<MediaDuration>PT04M22S0N1000F</MediaDuration>
						</MediaTime>
						<TextAnnotation confidence="0.5" relevance="0.5"
							xml:lang="de">
							<KeywordAnnotation>
								<Keyword>mls</Keyword>
							</KeywordAnnotation>
						</TextAnnotation>
						<TextAnnotation confidence="0.5" relevance="0.0"
							xml:lang="de">
							<KeywordAnnotation>
								<Keyword>qi</Keyword>
							</KeywordAnnotation>
						</TextAnnotation>
						<TextAnnotation confidence="0.0" relevance="0.3"
							xml:lang="de">
							<KeywordAnnotation>
								<Keyword>I.-</Keyword>
								<Keyword>vufu</Keyword>
							</KeywordAnnotation>
						</TextAnnotation>
						<TextAnnotation confidence="0.0" relevance="0.0"
							xml:lang="de">
							<KeywordAnnotation>
								<Keyword>I</Keyword>
								<Keyword>J</Keyword>
								<Keyword>L</Keyword>
								<Keyword>T</Keyword>
								<Keyword>W</Keyword>
								<Keyword>g</Keyword>
								<Keyword>jg</Keyword>
							</KeywordAnnotation>
						</TextAnnotation>
					</AudioVisualSegment>
					<AudioVisualSegment id="track-1.segment-43">
						<MediaTime>
							<MediaRelTimePoint>T00:27:10:0F1000</MediaRelTimePoint>
							<MediaDuration>PT17M15S0N1000F</MediaDuration>
						</MediaTime>
						<TextAnnotation confidence="0.0" relevance="0.3"
							xml:lang="en">
							<KeywordAnnotation>
								<Keyword>lll</Keyword>
							</KeywordAnnotation>
						</TextAnnotation>
					</AudioVisualSegment>
					<AudioVisualSegment id="track-1.segment-44">
						<MediaTime>
							<MediaRelTimePoint>T00:44:25:0F1000</MediaRelTimePoint>
							<MediaDuration>PT01M05S0N1000F</MediaDuration>
						</MediaTime>
						<TextAnnotation confidence="0.5" relevance="0.0"
							xml:lang="de">
							<KeywordAnnotation>
								<Keyword>Ag</Keyword>
							</KeywordAnnotation>
						</TextAnnotation>
						<TextAnnotation confidence="0.0" relevance="0.2"
							xml:lang="de">
							<KeywordAnnotation>
								<Keyword>siwgqci</Keyword>
							</KeywordAnnotation>
						</TextAnnotation>
						<TextAnnotation confidence="0.0" relevance="0.0"
							xml:lang="de">
							<KeywordAnnotation>
								<Keyword>i</Keyword>
							</KeywordAnnotation>
						</TextAnnotation>
					</AudioVisualSegment>
					<AudioVisualSegment id="track-1.segment-45">
						<MediaTime>
							<MediaRelTimePoint>T00:45:30:0F1000</MediaRelTimePoint>
							<MediaDuration>PT03M01S0N1000F</MediaDuration>
						</MediaTime>
						<TextAnnotation confidence="0.5" relevance="0.0"
							xml:lang="de">
							<KeywordAnnotation>
								<Keyword>HW</Keyword>
								<Keyword>Qi</Keyword>
							</KeywordAnnotation>
						</TextAnnotation>
						<TextAnnotation confidence="0.0" relevance="0.0"
							xml:lang="de">
							<KeywordAnnotation>
								<Keyword>F</Keyword>
								<Keyword>I</Keyword>
								<Keyword>J</Keyword>
								<Keyword>L</Keyword>
								<Keyword>PW</Keyword>
								<Keyword>Q</Keyword>
								<Keyword>T</Keyword>
								<Keyword>U</Keyword>
								<Keyword>V</Keyword>
								<Keyword>Y</Keyword>
								<Keyword>i</Keyword>
								<Keyword>u</Keyword>
							</KeywordAnnotation>
						</TextAnnotation>
					</AudioVisualSegment>
					<AudioVisualSegment id="track-1.segment-46">
						<MediaTime>
							<MediaRelTimePoint>T00:48:31:0F1000</MediaRelTimePoint>
							<MediaDuration>PT01M43S0N1000F</MediaDuration>
						</MediaTime>
						<TextAnnotation confidence="0.5" relevance="0.0"
							xml:lang="de">
							<KeywordAnnotation>
								<Keyword>JZ</Keyword>
							</KeywordAnnotation>
						</TextAnnotation>
						<TextAnnotation confidence="0.0" relevance="0.0"
							xml:lang="de">
							<KeywordAnnotation>
								<Keyword>T</Keyword>
								<Keyword>b</Keyword>
								<Keyword>f</Keyword>
								<Keyword>i</Keyword>
							</KeywordAnnotation>
						</TextAnnotation>
					</AudioVisualSegment>
					<AudioVisualSegment id="track-1.segment-47">
						<MediaTime>
							<MediaRelTimePoint>T00:50:14:0F1000</MediaRelTimePoint>
							<MediaDuration>PT02M15S0N1000F</MediaDuration>
						</MediaTime>
						<TextAnnotation confidence="0.5" relevance="0.0"
							xml:lang="de">
							<KeywordAnnotation>
								<Keyword>Am</Keyword>
								<Keyword>gf</Keyword>
								<Keyword>wm</Keyword>
							</KeywordAnnotation>
						</TextAnnotation>
						<TextAnnotation confidence="0.0" relevance="0.0"
							xml:lang="de">
							<KeywordAnnotation>
								<Keyword>-</Keyword>
								<Keyword>--</Keyword>
								<Keyword>A</Keyword>
								<Keyword>E</Keyword>
								<Keyword>K</Keyword>
								<Keyword>V</Keyword>
								<Keyword>Y</Keyword>
								<Keyword>f</Keyword>
								<Keyword>v</Keyword>
							</KeywordAnnotation>
						</TextAnnotation>
					</AudioVisualSegment>
					<AudioVisualSegment id="track-1.segment-48">
						<MediaTime>
							<MediaRelTimePoint>T00:52:29:0F1000</MediaRelTimePoint>
							<MediaDuration>PT01M38S0N1000F</MediaDuration>
						</MediaTime>
						<TextAnnotation confidence="0.0" relevance="0.0"
							xml:lang="en">
							<KeywordAnnotation>
								<Keyword>E</Keyword>
								<Keyword>g</Keyword>
							</KeywordAnnotation>
						</TextAnnotation>
					</AudioVisualSegment>
					<AudioVisualSegment id="track-1.segment-49">
						<MediaTime>
							<MediaRelTimePoint>T00:54:07:0F1000</MediaRelTimePoint>
							<MediaDuration>PT02M29S0N1000F</MediaDuration>
						</MediaTime>
						<TextAnnotation confidence="0.5" relevance="0.0"
							xml:lang="de">
							<KeywordAnnotation>
								<Keyword>EA</Keyword>
								<Keyword>Wg</Keyword>
								<Keyword>dv</Keyword>
							</KeywordAnnotation>
						</TextAnnotation>
						<TextAnnotation confidence="0.0" relevance="0.0"
							xml:lang="de">
							<KeywordAnnotation>
								<Keyword>-</Keyword>
								<Keyword>--</Keyword>
								<Keyword>E</Keyword>
								<Keyword>I</Keyword>
								<Keyword>J</Keyword>
								<Keyword>V</Keyword>
								<Keyword>ZQ</Keyword>
								<Keyword>s</Keyword>
								<Keyword>v</Keyword>
								<Keyword>x</Keyword>
							</KeywordAnnotation>
						</TextAnnotation>
					</AudioVisualSegment>
					<AudioVisualSegment id="track-1.segment-50">
						<MediaTime>
							<MediaRelTimePoint>T00:56:36:0F1000</MediaRelTimePoint>
							<MediaDuration>PT03M45S0N1000F</MediaDuration>
						</MediaTime>
						<TextAnnotation confidence="0.5" relevance="0.0"
							xml:lang="de">
							<KeywordAnnotation>
								<Keyword>lu</Keyword>
							</KeywordAnnotation>
						</TextAnnotation>
						<TextAnnotation confidence="0.0" relevance="0.0"
							xml:lang="de">
							<KeywordAnnotation>
								<Keyword>I</Keyword>
							</KeywordAnnotation>
						</TextAnnotation>
					</AudioVisualSegment>
					<AudioVisualSegment id="track-1.segment-51">
						<MediaTime>
							<MediaRelTimePoint>T01:00:21:0F1000</MediaRelTimePoint>
							<MediaDuration>PT17S0N1000F</MediaDuration>
						</MediaTime>
						<TextAnnotation confidence="0.5" relevance="0.0"
							xml:lang="en">
							<KeywordAnnotation>
								<Keyword>if</Keyword>
							</KeywordAnnotation>
						</TextAnnotation>
						<TextAnnotation confidence="0.0" relevance="0.0"
							xml:lang="en">
							<KeywordAnnotation>
								<Keyword>-</Keyword>
								<Keyword>I</Keyword>
								<Keyword>d</Keyword>
							</KeywordAnnotation>
						</TextAnnotation>
					</AudioVisualSegment>
					<AudioVisualSegment id="track-1.segment-52">
						<MediaTime>
							<MediaRelTimePoint>T01:00:38:0F1000</MediaRelTimePoint>
							<MediaDuration>PT02M42S0N1000F</MediaDuration>
						</MediaTime>
						<TextAnnotation confidence="0.5" relevance="0.0"
							xml:lang="de">
							<KeywordAnnotation>
								<Keyword>Bb</Keyword>
								<Keyword>LT</Keyword>
								<Keyword>xa</Keyword>
							</KeywordAnnotation>
						</TextAnnotation>
						<TextAnnotation confidence="0.0" relevance="0.4"
							xml:lang="de">
							<KeywordAnnotation>
								<Keyword>rtgi</Keyword>
							</KeywordAnnotation>
						</TextAnnotation>
						<TextAnnotation confidence="0.0" relevance="0.1"
							xml:lang="de">
							<KeywordAnnotation>
								<Keyword>J1-</Keyword>
							</KeywordAnnotation>
						</TextAnnotation>
						<TextAnnotation confidence="0.0" relevance="0.0"
							xml:lang="de">
							<KeywordAnnotation>
								<Keyword>-</Keyword>
								<Keyword>A</Keyword>
								<Keyword>E</Keyword>
								<Keyword>H</Keyword>
								<Keyword>I</Keyword>
								<Keyword>L</Keyword>
								<Keyword>i</Keyword>
								<Keyword>j</Keyword>
								<Keyword>l</Keyword>
								<Keyword>r</Keyword>
								<Keyword>w</Keyword>
							</KeywordAnnotation>
						</TextAnnotation>
					</AudioVisualSegment>
					<AudioVisualSegment id="track-1.segment-53">
						<MediaTime>
							<MediaRelTimePoint>T01:03:20:0F1000</MediaRelTimePoint>
							<MediaDuration>PT57S0N1000F</MediaDuration>
						</MediaTime>
						<TextAnnotation confidence="0.5" relevance="0.0"
							xml:lang="de">
							<KeywordAnnotation>
								<Keyword>AL</Keyword>
								<Keyword>fi</Keyword>
								<Keyword>iv</Keyword>
							</KeywordAnnotation>
						</TextAnnotation>
						<TextAnnotation confidence="0.0" relevance="0.0"
							xml:lang="de">
							<KeywordAnnotation>
								<Keyword>E</Keyword>
								<Keyword>E-</Keyword>
								<Keyword>F</Keyword>
								<Keyword>I</Keyword>
								<Keyword>J</Keyword>
								<Keyword>L</Keyword>
								<Keyword>M</Keyword>
								<Keyword>Q</Keyword>
								<Keyword>V</Keyword>
								<Keyword>X</Keyword>
								<Keyword>Y</Keyword>
							</KeywordAnnotation>
						</TextAnnotation>
					</AudioVisualSegment>
					<AudioVisualSegment id="track-1.segment-54">
						<MediaTime>
							<MediaRelTimePoint>T01:04:17:0F1000</MediaRelTimePoint>
							<MediaDuration>PT01S400N1000F</MediaDuration>
						</MediaTime>
						<TextAnnotation confidence="0.5" relevance="0.0"
							xml:lang="de">
							<KeywordAnnotation>
								<Keyword>Zg</Keyword>
								<Keyword>gw</Keyword>
								<Keyword>vv</Keyword>
							</KeywordAnnotation>
						</TextAnnotation>
						<TextAnnotation confidence="0.0" relevance="0.2"
							xml:lang="de">
							<KeywordAnnotation>
								<Keyword>F-K</Keyword>
							</KeywordAnnotation>
						</TextAnnotation>
						<TextAnnotation confidence="0.0" relevance="0.0"
							xml:lang="de">
							<KeywordAnnotation>
								<Keyword>A</Keyword>
								<Keyword>E</Keyword>
								<Keyword>F</Keyword>
								<Keyword>VT</Keyword>
								<Keyword>i</Keyword>
								<Keyword>s</Keyword>
							</KeywordAnnotation>
						</TextAnnotation>
					</AudioVisualSegment>
				</TemporalDecomposition>
			</AudioVisual>
		</MultimediaContent>
	</Description>
</Mpeg7>
