<?xml version="1.0" encoding="UTF-8"?>
<mediapackage>
	<media>
		<track id="track-1" type="presentation/engage">
			<url>tracks/movie.flv</url>
			<mimetype>video/x-flv</mimetype>
			<checksum type="md5">7b3c7e8cc2cba2f5b7af4fd4224f3005</checksum>
			<tags>
				<tag>engage</tag>
			</tags>
		</track>
	</media>
	<metadata>
		<catalog id="catalog-2" ref="series:401-4781-59L" type="metadata/dublincore">
			<mimetype>text/xml</mimetype>
			<checksum type="md5">7f6a01e11ae1b60f9bdaf154a7f5c9c1</checksum>
			<url>metadata/dublincore2020216730616073721.xml</url>
		</catalog>
		<catalog id="catalog-1" type="metadata/dublincore">
			<mimetype>text/xml</mimetype>
			<checksum type="md5">b74d59d460c3c07dbe5b3fe138d73238</checksum>
			<url>metadata/dublincore934227643696989517.xml</url>
		</catalog>
		<catalog id="catalog-3" type="segments/slides">
			<mimetype>text/xml</mimetype>
			<checksum type="md5">d41d8cd98f00b204e9800998ecf8427e</checksum>
			<url>metadata/mpeg-77198507840062739613.xml</url>
		</catalog>
	</metadata>
</mediapackage>
