<?xml version="1.0" encoding="UTF-8"?>
<mediapackage duration="2261560" id="10.3930/ETHZ/AV-09099ccc-468c-424e-b5b3-8f0b57c3bca7">
<media>
<track id="track-1" type="engage/presenter">
    <url>http://downloads.opencastproject.org/media/car.flv</url>
    <mimetype>video/x-flv</mimetype>
    <checksum type="md5">7b3c7e8cc2cba2f5b7af4fd4224f3005</checksum>
</track>
<mimetype>video/quicktime</mimetype>
<checksum type="md5">33d74c7e210a4216b6eec9596ae92c59</checksum>
<url>tracks/20091112_Klimawandel_Part_04.mov</url>
<Duration>2261560</Duration>
<Audio id="stream-2">
<Encoder type="PCM"/>
<Channels>2</Channels>
<BitDepth>16</BitDepth>
<BitRate>1536000.0</BitRate>
</Audio>
<Video id="stream-1">
<Encoder type="Digital Video"/>
<Size>720x576</Size>
<BitRate>1.3607063E7</BitRate>
<FrameRate>25.0</FrameRate>
</Video>
</media>
<metadata>
<catalog id="catalog-2" type="metadata/dublincore">
<mimetype>text/xml</mimetype>
<checksum type="md5">96f683fbd42f1aae932a7edba7782a32</checksum>
<url>metadata/dublincore-e-CCES_04.xml</url>
</catalog>
<catalog id="catalog-1" ref="series:10.3930/ETHZ/AV-74c13b81-caba-44f1-b2fa-46692e0ca1f3" type="metadata/dublincore">
<mimetype>text/xml</mimetype>
<checksum type="md5">1c560fabc86b4c8389a9d533e8611e48</checksum>
<url>metadata/dublincore-s-00014_CCES.xml</url>
</catalog>
<catalog id="catalog-3" type="metadata/mpeg-7">
<mimetype>text/xml</mimetype>
<checksum type="md5">d41d8cd98f00b204e9800998ecf8427e</checksum>
<url>metadata/mpeg-76227172764021163003.xml</url>
</catalog>
</metadata>
<attachments>
    <attachment id="attachment-1" type="engage/cover">
        <url>http://downloads.opencastproject.org/media/engage-cover.jpg</url>
        <mimetype>image/jpeg</mimetype>
    </attachment>
    <attachment id="attachment-2" type="feed/cover">
        <url>http://downloads.opencastproject.org/media/feed-cover.jpg</url>
        <mimetype>image/jpeg</mimetype>
    </attachment>
</attachments>
</mediapackage>
