<?xml version="1.0" encoding="UTF-8"?>
<mediapackage duration="3965818" id="10.3930/ETHZ/AV-6256b225-9e82-41d2-a606-8404dfbca8af">
<media>
<track id="track-1" type="engage/presenter">
    <url>http://downloads.opencastproject.org/media/car.flv</url>
    <mimetype>video/x-flv</mimetype>
    <checksum type="md5">7b3c7e8cc2cba2f5b7af4fd4224f3005</checksum>
</track>
<mimetype>video/quicktime</mimetype>
<checksum type="md5">de5e13108fc417dfc66a426a9c4818c6</checksum>
<url>tracks/20090910_zisc_talk03.mov</url>
<Duration>3965818</Duration>
<Audio id="stream-2">
<Encoder type="AAC"/>
<Channels>2</Channels>
<BitDepth>16</BitDepth>
<BitRate>256000.0</BitRate>
</Audio>
<Video id="stream-1">
<Encoder type="AVC"/>
<Size>1024x768</Size>
<ScanType type="Progressive"/>
<BitRate>899523.0</BitRate>
<FrameRate>1.993</FrameRate>
</Video>
</media>
<metadata>
<catalog id="catalog-2" type="metadata/dublincore">
<mimetype>text/xml</mimetype>
<checksum type="md5">e50d8f38f465ec2d05f1affcdeab706f</checksum>
<url>metadata/dublincore-e-talk03.xml</url>
</catalog>
<catalog id="catalog-1" ref="series:10.3930/ETHZ/AV-1cd38174-d51f-4222-8b50-f6116aaf9919" type="metadata/dublincore">
<mimetype>text/xml</mimetype>
<checksum type="md5">bbfe18027095d06cfe1afdd598060a0a</checksum>
<url>metadata/dublincore-s-00002.xml</url>
</catalog>
<catalog id="catalog-3" type="metadata/mpeg-7">
<mimetype>text/xml</mimetype>
<checksum type="md5">d41d8cd98f00b204e9800998ecf8427e</checksum>
<url>metadata/mpeg-71342416567316771632.xml</url>
</catalog>
</metadata>
<attachments>
    <attachment id="attachment-1" type="engage/cover">
        <url>http://downloads.opencastproject.org/media/engage-cover.jpg</url>
        <mimetype>image/jpeg</mimetype>
    </attachment>
    <attachment id="attachment-2" type="feed/cover">
        <url>http://downloads.opencastproject.org/media/feed-cover.jpg</url>
        <mimetype>image/jpeg</mimetype>
    </attachment>
</attachments>
</mediapackage>
