<?xml version="1.0" encoding="UTF-8"?>
<mediapackage duration="4499531" id="10.3930/ETHZ/AV-5555f05c-c4e9-41e2-8414-e9a9f2e098fe">
<media>
<track id="track-1" type="engage/presenter">
    <url>http://downloads.opencastproject.org/media/car.flv</url>
    <mimetype>video/x-flv</mimetype>
    <checksum type="md5">7b3c7e8cc2cba2f5b7af4fd4224f3005</checksum>
</track>
<mimetype>video/quicktime</mimetype>
<checksum type="md5">06a9c2796589c883e6e46b2069807e4b</checksum>
<url>tracks/20090915_Pendry.mov</url>
<Duration>4499531</Duration>
<Audio id="stream-2">
<Encoder type="AAC"/>
<Channels>2</Channels>
<BitDepth>16</BitDepth>
<BitRate>256000.0</BitRate>
</Audio>
<Video id="stream-1">
<Encoder type="AVC"/>
<Size>1024x768</Size>
<ScanType type="Progressive"/>
<BitRate>1436829.0</BitRate>
<FrameRate>1.994</FrameRate>
</Video>
</media>
<metadata>
<catalog id="catalog-2" type="metadata/dublincore">
<mimetype>text/xml</mimetype>
<checksum type="md5">7b9484a2930d57cf5ae505696d207b17</checksum>
<url>metadata/dublincore-e-pendry.xml</url>
</catalog>
<catalog id="catalog-1" ref="series:PHYS-0001-00X" type="metadata/dublincore">
<mimetype>text/xml</mimetype>
<checksum type="md5">d32d4a7a4d381f878ae22d60121de2ea</checksum>
<url>metadata/dublincore5685421320474000369.xml</url>
</catalog>
<catalog id="catalog-3" type="metadata/mpeg-7">
<mimetype>text/xml</mimetype>
<checksum type="md5">d41d8cd98f00b204e9800998ecf8427e</checksum>
<url>metadata/mpeg-78028973274682274885.xml</url>
</catalog>
</metadata>
<attachments>
    <attachment id="attachment-1" type="engage/cover">
        <url>http://downloads.opencastproject.org/media/engage-cover.jpg</url>
        <mimetype>image/jpeg</mimetype>
    </attachment>
    <attachment id="attachment-2" type="feed/cover">
        <url>http://downloads.opencastproject.org/media/feed-cover.jpg</url>
        <mimetype>image/jpeg</mimetype>
    </attachment>
</attachments>
</mediapackage>
