<?xml version="1.0" encoding="UTF-8"?>
<Mpeg7 xmlns="urn:mpeg:mpeg7:schema:2001" xmlns:mpeg7="urn:mpeg7:schema:2001"
	xmlns:xsi="http://www.w3.org/2001/XMLSchema-instance/">
	<Description xsi:type="ContentEntityType">
		<MultimediaContent xsi:type="AudioVisualType">
			<AudioVisual id="track-1">
				<mediaLocator>
					<mediaUri>file:tracks/20091012_E3_Meyer.mov</mediaUri>
				</mediaLocator>
				<mediaTime>
					<mediaTimePoint>T00:00:00:0F1</mediaTimePoint>
					<mediaDuration>PT01H23M51S758N1000F</mediaDuration>
				</mediaTime>
				<TemporalDecomposition criteria="temporal"
					gap="false" overlap="false">
					<AudioVisualSegment id="track-1.segment-1">
						<mediaTime>
							<mediaRelTimePoint>T00:00:00:0F1000</mediaRelTimePoint>
							<mediaDuration>PT21S0N1000F</mediaDuration>
						</mediaTime>
						<TextAnnotation confidence="0.5" relevance="0.4"
							xml:lang="de">
							<KeywordAnnotation>
								<Keyword>Ber</Keyword>
								<Keyword>EinfUhr</Keyword>
								<Keyword>Meyer</Keyword>
								<Keyword>Prof</Keyword>
								<Keyword>die</Keyword>
								<Keyword>mnd</Keyword>
							</KeywordAnnotation>
						</TextAnnotation>
						<TextAnnotation confidence="0.5" relevance="0.3"
							xml:lang="de">
							<KeywordAnnotation>
								<Keyword>Assignment</Keyword>
								<Keyword>Lecture</Keyword>
								<Keyword>References</Keyword>
								<Keyword>and</Keyword>
							</KeywordAnnotation>
						</TextAnnotation>
						<TextAnnotation confidence="0.5" relevance="0.0"
							xml:lang="de">
							<KeywordAnnotation>
								<Keyword>Dr</Keyword>
								<Keyword>To</Keyword>
								<Keyword>bd</Keyword>
								<Keyword>in</Keyword>
							</KeywordAnnotation>
						</TextAnnotation>
						<TextAnnotation confidence="0.0" relevance="0.4"
							xml:lang="de">
							<KeywordAnnotation>
								<Keyword>HUM</Keyword>
								<Keyword>Introddcficn</Keyword>
								<Keyword>Prbgrnmming</Keyword>
								<Keyword>Progrummicrung</Keyword>
								<Keyword>upg</Keyword>
							</KeywordAnnotation>
						</TextAnnotation>
						<TextAnnotation confidence="0.0" relevance="0.0"
							xml:lang="de">
							<KeywordAnnotation>
								<Keyword>l</Keyword>
								<Keyword>m</Keyword>
								<Keyword>r</Keyword>
							</KeywordAnnotation>
						</TextAnnotation>
					</AudioVisualSegment>
					<AudioVisualSegment id="track-1.segment-2">
						<mediaTime>
							<mediaRelTimePoint>T00:00:21:0F1000</mediaRelTimePoint>
							<mediaDuration>PT26S0N1000F</mediaDuration>
						</mediaTime>
						<TextAnnotation confidence="0.5" relevance="0.4"
							xml:lang="de">
							<KeywordAnnotation>
								<Keyword>Meyer</Keyword>
								<Keyword>die</Keyword>
							</KeywordAnnotation>
						</TextAnnotation>
						<TextAnnotation confidence="0.5" relevance="0.3"
							xml:lang="de">
							<KeywordAnnotation>
								<Keyword>Assignment</Keyword>
								<Keyword>Lecture</Keyword>
								<Keyword>Prof</Keyword>
								<Keyword>References</Keyword>
								<Keyword>and</Keyword>
							</KeywordAnnotation>
						</TextAnnotation>
						<TextAnnotation confidence="0.5" relevance="0.0"
							xml:lang="de">
							<KeywordAnnotation>
								<Keyword>Dr</Keyword>
								<Keyword>in</Keyword>
							</KeywordAnnotation>
						</TextAnnotation>
						<TextAnnotation confidence="0.0" relevance="0.4"
							xml:lang="de">
							<KeywordAnnotation>
								<Keyword>Berfmnd</Keyword>
								<Keyword>Einflihrupg</Keyword>
								<Keyword>HUM</Keyword>
								<Keyword>Infroddcfion</Keyword>
								<Keyword>Prbgrumming</Keyword>
								<Keyword>Progrummicrung</Keyword>
								<Keyword>bdWkr</Keyword>
							</KeywordAnnotation>
						</TextAnnotation>
						<TextAnnotation confidence="0.0" relevance="0.0"
							xml:lang="de">
							<KeywordAnnotation>
								<Keyword>V</Keyword>
								<Keyword>f</Keyword>
							</KeywordAnnotation>
						</TextAnnotation>
					</AudioVisualSegment>
					<AudioVisualSegment id="track-1.segment-3">
						<mediaTime>
							<mediaRelTimePoint>T00:00:47:0F1000</mediaRelTimePoint>
							<mediaDuration>PT01M21S0N1000F</mediaDuration>
						</mediaTime>
						<TextAnnotation confidence="0.5" relevance="0.5"
							xml:lang="en">
							<KeywordAnnotation>
								<Keyword>today</Keyword>
							</KeywordAnnotation>
						</TextAnnotation>
						<TextAnnotation confidence="0.5" relevance="0.4"
							xml:lang="en">
							<KeywordAnnotation>
								<Keyword>How</Keyword>
								<Keyword>Program</Keyword>
								<Keyword>Their</Keyword>
								<Keyword>are</Keyword>
								<Keyword>contents</Keyword>
								<Keyword>for</Keyword>
								<Keyword>made</Keyword>
								<Keyword>modify</Keyword>
								<Keyword>objects</Keyword>
							</KeywordAnnotation>
						</TextAnnotation>
						<TextAnnotation confidence="0.5" relevance="0.0"
							xml:lang="en">
							<KeywordAnnotation>
								<Keyword>do</Keyword>
								<Keyword>we</Keyword>
							</KeywordAnnotation>
						</TextAnnotation>
					</AudioVisualSegment>
					<AudioVisualSegment id="track-1.segment-4">
						<mediaTime>
							<mediaRelTimePoint>T00:02:08:0F1000</mediaRelTimePoint>
							<mediaDuration>PT18S0N1000F</mediaDuration>
						</mediaTime>
						<TextAnnotation confidence="0.5" relevance="0.4"
							xml:lang="en">
							<KeywordAnnotation>
								<Keyword>hard</Keyword>
								<Keyword>lives</Keyword>
								<Keyword>require</Keyword>
								<Keyword>ried</Keyword>
								<Keyword>sister</Keyword>
							</KeywordAnnotation>
						</TextAnnotation>
						<TextAnnotation confidence="0.5" relevance="0.0"
							xml:lang="en">
							<KeywordAnnotation>
								<Keyword>My</Keyword>
								<Keyword>in</Keyword>
								<Keyword>is</Keyword>
							</KeywordAnnotation>
						</TextAnnotation>
						<TextAnnotation confidence="0.0" relevance="0.4"
							xml:lang="en">
							<KeywordAnnotation>
								<Keyword>Dicflikon</Keyword>
								<Keyword>Referencesare</Keyword>
								<Keyword>sisfcr</Keyword>
								<Keyword>unmur</Keyword>
							</KeywordAnnotation>
						</TextAnnotation>
					</AudioVisualSegment>
					<AudioVisualSegment id="track-1.segment-5">
						<mediaTime>
							<mediaRelTimePoint>T00:02:26:0F1000</mediaRelTimePoint>
							<mediaDuration>PT01M59S0N1000F</mediaDuration>
						</mediaTime>
						<TextAnnotation confidence="0.5" relevance="0.4"
							xml:lang="en">
							<KeywordAnnotation>
								<Keyword>hard</Keyword>
								<Keyword>lives</Keyword>
								<Keyword>require</Keyword>
								<Keyword>sister</Keyword>
								<Keyword>unmarried</Keyword>
							</KeywordAnnotation>
						</TextAnnotation>
						<TextAnnotation confidence="0.5" relevance="0.0"
							xml:lang="en">
							<KeywordAnnotation>
								<Keyword>My</Keyword>
								<Keyword>in</Keyword>
								<Keyword>is</Keyword>
							</KeywordAnnotation>
						</TextAnnotation>
						<TextAnnotation confidence="0.0" relevance="0.4"
							xml:lang="en">
							<KeywordAnnotation>
								<Keyword>DicfIikon</Keyword>
								<Keyword>Referencesare</Keyword>
							</KeywordAnnotation>
						</TextAnnotation>
						<TextAnnotation confidence="0.0" relevance="0.0"
							xml:lang="en">
							<KeywordAnnotation>
								<Keyword>YD</Keyword>
							</KeywordAnnotation>
						</TextAnnotation>
					</AudioVisualSegment>
					<AudioVisualSegment id="track-1.segment-6">
						<mediaTime>
							<mediaRelTimePoint>T00:04:25:0F1000</mediaRelTimePoint>
							<mediaDuration>PT59S0N1000F</mediaDuration>
						</mediaTime>
						<TextAnnotation confidence="0.5" relevance="0.4"
							xml:lang="en">
							<KeywordAnnotation>
								<Keyword>References</Keyword>
								<Keyword>Tin</Keyword>
								<Keyword>are</Keyword>
								<Keyword>hard</Keyword>
								<Keyword>lives</Keyword>
								<Keyword>require</Keyword>
								<Keyword>sister</Keyword>
								<Keyword>unmarried</Keyword>
							</KeywordAnnotation>
						</TextAnnotation>
						<TextAnnotation confidence="0.5" relevance="0.0"
							xml:lang="en">
							<KeywordAnnotation>
								<Keyword>My</Keyword>
								<Keyword>in</Keyword>
								<Keyword>is</Keyword>
							</KeywordAnnotation>
						</TextAnnotation>
						<TextAnnotation confidence="0.0" relevance="0.4"
							xml:lang="en">
							<KeywordAnnotation>
								<Keyword>Dic</Keyword>
								<Keyword>EIM</Keyword>
								<Keyword>lnkon</Keyword>
							</KeywordAnnotation>
						</TextAnnotation>
						<TextAnnotation confidence="0.0" relevance="0.0"
							xml:lang="en">
							<KeywordAnnotation>
								<Keyword>-</Keyword>
								<Keyword>YG</Keyword>
							</KeywordAnnotation>
						</TextAnnotation>
					</AudioVisualSegment>
					<AudioVisualSegment id="track-1.segment-7">
						<mediaTime>
							<mediaRelTimePoint>T00:05:24:0F1000</mediaRelTimePoint>
							<mediaDuration>PT11S0N1000F</mediaDuration>
						</mediaTime>
						<TextAnnotation confidence="0.5" relevance="0.4"
							xml:lang="en">
							<KeywordAnnotation>
								<Keyword>References</Keyword>
								<Keyword>are</Keyword>
								<Keyword>hard</Keyword>
								<Keyword>ikon</Keyword>
								<Keyword>lives</Keyword>
								<Keyword>require</Keyword>
								<Keyword>sister</Keyword>
								<Keyword>unmarried</Keyword>
							</KeywordAnnotation>
						</TextAnnotation>
						<TextAnnotation confidence="0.5" relevance="0.3"
							xml:lang="en">
							<KeywordAnnotation>
								<Keyword>Igj</Keyword>
								<Keyword>and</Keyword>
								<Keyword>sister</Keyword>
							</KeywordAnnotation>
						</TextAnnotation>
						<TextAnnotation confidence="0.5" relevance="0.0"
							xml:lang="en">
							<KeywordAnnotation>
								<Keyword>My</Keyword>
								<Keyword>ZW</Keyword>
								<Keyword>in</Keyword>
								<Keyword>is</Keyword>
							</KeywordAnnotation>
						</TextAnnotation>
						<TextAnnotation confidence="0.0" relevance="0.4"
							xml:lang="en">
							<KeywordAnnotation>
								<Keyword>Dic</Keyword>
								<Keyword>Inkon</Keyword>
							</KeywordAnnotation>
						</TextAnnotation>
						<TextAnnotation confidence="0.0" relevance="0.3"
							xml:lang="en">
							<KeywordAnnotation>
								<Keyword>BDSLIPB</Keyword>
								<Keyword>Dic</Keyword>
								<Keyword>IivcQ</Keyword>
								<Keyword>unm</Keyword>
							</KeywordAnnotation>
						</TextAnnotation>
						<TextAnnotation confidence="0.0" relevance="0.0"
							xml:lang="en">
							<KeywordAnnotation>
								<Keyword>-</Keyword>
								<Keyword>--</Keyword>
								<Keyword>i</Keyword>
								<Keyword>r</Keyword>
							</KeywordAnnotation>
						</TextAnnotation>
					</AudioVisualSegment>
					<AudioVisualSegment id="track-1.segment-8">
						<mediaTime>
							<mediaRelTimePoint>T00:05:35:0F1000</mediaRelTimePoint>
							<mediaDuration>PT14S0N1000F</mediaDuration>
						</mediaTime>
						<TextAnnotation confidence="0.5" relevance="0.4"
							xml:lang="en">
							<KeywordAnnotation>
								<Keyword>References</Keyword>
								<Keyword>Tin</Keyword>
								<Keyword>and</Keyword>
								<Keyword>are</Keyword>
								<Keyword>hard</Keyword>
								<Keyword>lives</Keyword>
								<Keyword>require</Keyword>
								<Keyword>sister</Keyword>
								<Keyword>unmarried</Keyword>
							</KeywordAnnotation>
						</TextAnnotation>
						<TextAnnotation confidence="0.5" relevance="0.3"
							xml:lang="en">
							<KeywordAnnotation>
								<Keyword>ikon</Keyword>
								<Keyword>sister</Keyword>
							</KeywordAnnotation>
						</TextAnnotation>
						<TextAnnotation confidence="0.5" relevance="0.0"
							xml:lang="en">
							<KeywordAnnotation>
								<Keyword>Ig</Keyword>
								<Keyword>My</Keyword>
								<Keyword>in</Keyword>
								<Keyword>is</Keyword>
							</KeywordAnnotation>
						</TextAnnotation>
						<TextAnnotation confidence="0.0" relevance="0.4"
							xml:lang="en">
							<KeywordAnnotation>
								<Keyword>DicfInkon</Keyword>
							</KeywordAnnotation>
						</TextAnnotation>
						<TextAnnotation confidence="0.0" relevance="0.3"
							xml:lang="en">
							<KeywordAnnotation>
								<Keyword>CIISLIPB</Keyword>
								<Keyword>Dic</Keyword>
								<Keyword>ivc</Keyword>
								<Keyword>sisfer</Keyword>
								<Keyword>unmuryiea</Keyword>
							</KeywordAnnotation>
						</TextAnnotation>
						<TextAnnotation confidence="0.0" relevance="0.0"
							xml:lang="en">
							<KeywordAnnotation>
								<Keyword>-</Keyword>
								<Keyword>--</Keyword>
								<Keyword>F</Keyword>
							</KeywordAnnotation>
						</TextAnnotation>
					</AudioVisualSegment>
					<AudioVisualSegment id="track-1.segment-9">
						<mediaTime>
							<mediaRelTimePoint>T00:05:49:0F1000</mediaRelTimePoint>
							<mediaDuration>PT01M20S0N1000F</mediaDuration>
						</mediaTime>
						<TextAnnotation confidence="0.5" relevance="0.5"
							xml:lang="en">
							<KeywordAnnotation>
								<Keyword>and</Keyword>
								<Keyword>yesterday</Keyword>
							</KeywordAnnotation>
						</TextAnnotation>
						<TextAnnotation confidence="0.5" relevance="0.4"
							xml:lang="en">
							<KeywordAnnotation>
								<Keyword>References</Keyword>
								<Keyword>are</Keyword>
								<Keyword>cousin</Keyword>
								<Keyword>got</Keyword>
								<Keyword>hard</Keyword>
								<Keyword>ikon</Keyword>
								<Keyword>lives</Keyword>
								<Keyword>require</Keyword>
								<Keyword>sister</Keyword>
								<Keyword>unmarried</Keyword>
							</KeywordAnnotation>
						</TextAnnotation>
						<TextAnnotation confidence="0.5" relevance="0.0"
							xml:lang="en">
							<KeywordAnnotation>
								<Keyword>Ii</Keyword>
								<Keyword>My</Keyword>
								<Keyword>in</Keyword>
								<Keyword>is</Keyword>
								<Keyword>ln</Keyword>
								<Keyword>to</Keyword>
							</KeywordAnnotation>
						</TextAnnotation>
						<TextAnnotation confidence="0.0" relevance="0.5"
							xml:lang="en">
							<KeywordAnnotation>
								<Keyword>dccfcr</Keyword>
							</KeywordAnnotation>
						</TextAnnotation>
						<TextAnnotation confidence="0.0" relevance="0.4"
							xml:lang="en">
							<KeywordAnnotation>
								<Keyword>BDSLIPB</Keyword>
								<Keyword>Dic</Keyword>
								<Keyword>IivcQ</Keyword>
								<Keyword>Inkon</Keyword>
								<Keyword>neighb</Keyword>
								<Keyword>unmaryi</Keyword>
								<Keyword>ydnzy</Keyword>
							</KeywordAnnotation>
						</TextAnnotation>
						<TextAnnotation confidence="0.0" relevance="0.0"
							xml:lang="en">
							<KeywordAnnotation>
								<Keyword>-</Keyword>
								<Keyword>--</Keyword>
								<Keyword>r</Keyword>
								<Keyword>s</Keyword>
								<Keyword>u</Keyword>
							</KeywordAnnotation>
						</TextAnnotation>
					</AudioVisualSegment>
					<AudioVisualSegment id="track-1.segment-10">
						<mediaTime>
							<mediaRelTimePoint>T00:07:09:0F1000</mediaRelTimePoint>
							<mediaDuration>PT12S0N1000F</mediaDuration>
						</mediaTime>
						<TextAnnotation confidence="0.5" relevance="0.5"
							xml:lang="en">
							<KeywordAnnotation>
								<Keyword>and</Keyword>
							</KeywordAnnotation>
						</TextAnnotation>
						<TextAnnotation confidence="0.5" relevance="0.4"
							xml:lang="en">
							<KeywordAnnotation>
								<Keyword>References</Keyword>
								<Keyword>are</Keyword>
								<Keyword>cousin</Keyword>
								<Keyword>doctor</Keyword>
								<Keyword>got</Keyword>
								<Keyword>hard</Keyword>
								<Keyword>ikon</Keyword>
								<Keyword>lives</Keyword>
								<Keyword>require</Keyword>
								<Keyword>sister</Keyword>
								<Keyword>unmarried</Keyword>
								<Keyword>yesterday</Keyword>
							</KeywordAnnotation>
						</TextAnnotation>
						<TextAnnotation confidence="0.5" relevance="0.0"
							xml:lang="en">
							<KeywordAnnotation>
								<Keyword>My</Keyword>
								<Keyword>in</Keyword>
								<Keyword>is</Keyword>
								<Keyword>to</Keyword>
							</KeywordAnnotation>
						</TextAnnotation>
						<TextAnnotation confidence="0.0" relevance="0.4"
							xml:lang="en">
							<KeywordAnnotation>
								<Keyword>BIISUFC</Keyword>
								<Keyword>Dic</Keyword>
								<Keyword>DicT</Keyword>
								<Keyword>Inkon</Keyword>
								<Keyword>Nydncy</Keyword>
								<Keyword>ivcQ</Keyword>
								<Keyword>n2nghb0r</Keyword>
								<Keyword>sister-</Keyword>
								<Keyword>unmaryi</Keyword>
							</KeywordAnnotation>
						</TextAnnotation>
						<TextAnnotation confidence="0.0" relevance="0.0"
							xml:lang="en">
							<KeywordAnnotation>
								<Keyword>-</Keyword>
								<Keyword>--</Keyword>
								<Keyword>I</Keyword>
								<Keyword>Z</Keyword>
								<Keyword>c</Keyword>
								<Keyword>s</Keyword>
							</KeywordAnnotation>
						</TextAnnotation>
					</AudioVisualSegment>
					<AudioVisualSegment id="track-1.segment-11">
						<mediaTime>
							<mediaRelTimePoint>T00:07:21:0F1000</mediaRelTimePoint>
							<mediaDuration>PT33S0N1000F</mediaDuration>
						</mediaTime>
						<TextAnnotation confidence="0.5" relevance="0.5"
							xml:lang="en">
							<KeywordAnnotation>
								<Keyword>and</Keyword>
								<Keyword>yesterday</Keyword>
							</KeywordAnnotation>
						</TextAnnotation>
						<TextAnnotation confidence="0.5" relevance="0.4"
							xml:lang="en">
							<KeywordAnnotation>
								<Keyword>References</Keyword>
								<Keyword>are</Keyword>
								<Keyword>cousin</Keyword>
								<Keyword>got</Keyword>
								<Keyword>hard</Keyword>
								<Keyword>lives</Keyword>
								<Keyword>require</Keyword>
								<Keyword>sister</Keyword>
								<Keyword>unmarried</Keyword>
							</KeywordAnnotation>
						</TextAnnotation>
						<TextAnnotation confidence="0.5" relevance="0.0"
							xml:lang="en">
							<KeywordAnnotation>
								<Keyword>My</Keyword>
								<Keyword>is</Keyword>
								<Keyword>to</Keyword>
							</KeywordAnnotation>
						</TextAnnotation>
						<TextAnnotation confidence="0.0" relevance="0.5"
							xml:lang="en">
							<KeywordAnnotation>
								<Keyword>dccicr</Keyword>
							</KeywordAnnotation>
						</TextAnnotation>
						<TextAnnotation confidence="0.0" relevance="0.4"
							xml:lang="en">
							<KeywordAnnotation>
								<Keyword>CUSUPC</Keyword>
								<Keyword>DicT</Keyword>
								<Keyword>Diz</Keyword>
								<Keyword>Eiga</Keyword>
								<Keyword>Ink0n</Keyword>
								<Keyword>ikcn</Keyword>
								<Keyword>ive</Keyword>
								<Keyword>nznghb0r</Keyword>
								<Keyword>sister-</Keyword>
								<Keyword>unmcryi</Keyword>
								<Keyword>ydncy</Keyword>
							</KeywordAnnotation>
						</TextAnnotation>
						<TextAnnotation confidence="0.0" relevance="0.0"
							xml:lang="en">
							<KeywordAnnotation>
								<Keyword>-</Keyword>
								<Keyword>--</Keyword>
								<Keyword>I</Keyword>
								<Keyword>m</Keyword>
								<Keyword>qn</Keyword>
								<Keyword>s</Keyword>
								<Keyword>u</Keyword>
							</KeywordAnnotation>
						</TextAnnotation>
					</AudioVisualSegment>
					<AudioVisualSegment id="track-1.segment-12">
						<mediaTime>
							<mediaRelTimePoint>T00:07:54:0F1000</mediaRelTimePoint>
							<mediaDuration>PT34S0N1000F</mediaDuration>
						</mediaTime>
						<TextAnnotation confidence="0.5" relevance="0.4"
							xml:lang="en">
							<KeywordAnnotation>
								<Keyword>Diet</Keyword>
								<Keyword>and</Keyword>
								<Keyword>doctor</Keyword>
								<Keyword>hard</Keyword>
								<Keyword>ikon</Keyword>
								<Keyword>lives</Keyword>
								<Keyword>require</Keyword>
								<Keyword>sister</Keyword>
								<Keyword>tiLi</Keyword>
								<Keyword>unmarried</Keyword>
								<Keyword>yesterday</Keyword>
							</KeywordAnnotation>
						</TextAnnotation>
						<TextAnnotation confidence="0.5" relevance="0.0"
							xml:lang="en">
							<KeywordAnnotation>
								<Keyword>My</Keyword>
								<Keyword>is</Keyword>
								<Keyword>on</Keyword>
								<Keyword>to</Keyword>
							</KeywordAnnotation>
						</TextAnnotation>
						<TextAnnotation confidence="0.0" relevance="0.4"
							xml:lang="en">
							<KeywordAnnotation>
								<Keyword>DiafIiI</Keyword>
								<Keyword>Referencesare</Keyword>
								<Keyword>TWM</Keyword>
								<Keyword>ive</Keyword>
								<Keyword>r2Lv</Keyword>
								<Keyword>sister-</Keyword>
								<Keyword>unm</Keyword>
								<Keyword>zi2iE</Keyword>
							</KeywordAnnotation>
						</TextAnnotation>
						<TextAnnotation confidence="0.0" relevance="0.3"
							xml:lang="en">
							<KeywordAnnotation>
								<Keyword>CHSUPB</Keyword>
							</KeywordAnnotation>
						</TextAnnotation>
						<TextAnnotation confidence="0.0" relevance="0.0"
							xml:lang="en">
							<KeywordAnnotation>
								<Keyword>-</Keyword>
								<Keyword>--</Keyword>
								<Keyword>E</Keyword>
								<Keyword>S</Keyword>
								<Keyword>YN</Keyword>
								<Keyword>i</Keyword>
								<Keyword>m</Keyword>
								<Keyword>r</Keyword>
							</KeywordAnnotation>
						</TextAnnotation>
					</AudioVisualSegment>
					<AudioVisualSegment id="track-1.segment-13">
						<mediaTime>
							<mediaRelTimePoint>T00:08:28:0F1000</mediaRelTimePoint>
							<mediaDuration>PT04M0N1000F</mediaDuration>
						</mediaTime>
						<TextAnnotation confidence="0.5" relevance="0.5"
							xml:lang="en">
							<KeywordAnnotation>
								<Keyword>for</Keyword>
								<Keyword>yesterday</Keyword>
							</KeywordAnnotation>
						</TextAnnotation>
						<TextAnnotation confidence="0.5" relevance="0.4"
							xml:lang="en">
							<KeywordAnnotation>
								<Keyword>References</Keyword>
								<Keyword>and</Keyword>
								<Keyword>are</Keyword>
								<Keyword>cousin</Keyword>
								<Keyword>got</Keyword>
								<Keyword>hard</Keyword>
								<Keyword>lives</Keyword>
								<Keyword>require</Keyword>
								<Keyword>sister</Keyword>
								<Keyword>unmarried</Keyword>
							</KeywordAnnotation>
						</TextAnnotation>
						<TextAnnotation confidence="0.5" relevance="0.0"
							xml:lang="en">
							<KeywordAnnotation>
								<Keyword>My</Keyword>
								<Keyword>To</Keyword>
								<Keyword>dc</Keyword>
								<Keyword>iE</Keyword>
								<Keyword>if</Keyword>
								<Keyword>in</Keyword>
								<Keyword>is</Keyword>
							</KeywordAnnotation>
						</TextAnnotation>
						<TextAnnotation confidence="0.0" relevance="0.5"
							xml:lang="en">
							<KeywordAnnotation>
								<Keyword>iethkon</Keyword>
							</KeywordAnnotation>
						</TextAnnotation>
						<TextAnnotation confidence="0.0" relevance="0.4"
							xml:lang="en">
							<KeywordAnnotation>
								<Keyword>Amu-</Keyword>
								<Keyword>BIISUPC</Keyword>
								<Keyword>Dnc</Keyword>
								<Keyword>lnv</Keyword>
								<Keyword>nzighbor</Keyword>
								<Keyword>rIikon</Keyword>
								<Keyword>sister-</Keyword>
								<Keyword>snster</Keyword>
								<Keyword>unmury</Keyword>
								<Keyword>ydncy</Keyword>
							</KeywordAnnotation>
						</TextAnnotation>
						<TextAnnotation confidence="0.0" relevance="0.0"
							xml:lang="en">
							<KeywordAnnotation>
								<Keyword>-</Keyword>
								<Keyword>--</Keyword>
								<Keyword>A</Keyword>
								<Keyword>E</Keyword>
								<Keyword>M</Keyword>
								<Keyword>O</Keyword>
								<Keyword>W</Keyword>
								<Keyword>f</Keyword>
								<Keyword>r</Keyword>
								<Keyword>s</Keyword>
								<Keyword>v</Keyword>
							</KeywordAnnotation>
						</TextAnnotation>
					</AudioVisualSegment>
					<AudioVisualSegment id="track-1.segment-14">
						<mediaTime>
							<mediaRelTimePoint>T00:12:28:0F1000</mediaRelTimePoint>
							<mediaDuration>PT34S0N1000F</mediaDuration>
						</mediaTime>
						<TextAnnotation confidence="0.5" relevance="0.5"
							xml:lang="en">
							<KeywordAnnotation>
								<Keyword>class</Keyword>
								<Keyword>its</Keyword>
								<Keyword>other</Keyword>
								<Keyword>procedure</Keyword>
								<Keyword>rom</Keyword>
								<Keyword>ron</Keyword>
								<Keyword>root</Keyword>
								<Keyword>thc</Keyword>
								<Keyword>using</Keyword>
							</KeywordAnnotation>
						</TextAnnotation>
						<TextAnnotation confidence="0.5" relevance="0.4"
							xml:lang="en">
							<KeywordAnnotation>
								<Keyword>Create</Keyword>
								<Keyword>Etc</Keyword>
								<Keyword>How</Keyword>
								<Keyword>Roof</Keyword>
								<Keyword>Them</Keyword>
								<Keyword>all</Keyword>
								<Keyword>create</Keyword>
								<Keyword>creation</Keyword>
								<Keyword>ecTs</Keyword>
								<Keyword>instance</Keyword>
								<Keyword>may</Keyword>
								<Keyword>new</Keyword>
								<Keyword>objects</Keyword>
								<Keyword>procedure</Keyword>
								<Keyword>starts</Keyword>
								<Keyword>which</Keyword>
							</KeywordAnnotation>
						</TextAnnotation>
						<TextAnnotation confidence="0.5" relevance="0.0"
							xml:lang="en">
							<KeywordAnnotation>
								<Keyword>FT</Keyword>
								<Keyword>is</Keyword>
								<Keyword>it</Keyword>
								<Keyword>of</Keyword>
								<Keyword>on</Keyword>
								<Keyword>un</Keyword>
							</KeywordAnnotation>
						</TextAnnotation>
						<TextAnnotation confidence="0.0" relevance="0.5"
							xml:lang="en">
							<KeywordAnnotation>
								<Keyword>F6ccd</Keyword>
								<Keyword>Thu</Keyword>
								<Keyword>WEE</Keyword>
								<Keyword>cullediy</Keyword>
								<Keyword>dzsignqtedfC</Keyword>
								<Keyword>sysTcr</Keyword>
								<Keyword>ure</Keyword>
							</KeywordAnnotation>
						</TextAnnotation>
						<TextAnnotation confidence="0.0" relevance="0.4"
							xml:lang="en">
							<KeywordAnnotation>
								<Keyword>Qall</Keyword>
								<Keyword>dcsign</Keyword>
								<Keyword>fcciurcs</Keyword>
								<Keyword>objccf</Keyword>
							</KeywordAnnotation>
						</TextAnnotation>
						<TextAnnotation confidence="0.0" relevance="0.0"
							xml:lang="en">
							<KeywordAnnotation>
								<Keyword>E</Keyword>
								<Keyword>I</Keyword>
								<Keyword>P</Keyword>
								<Keyword>Y</Keyword>
								<Keyword>a</Keyword>
								<Keyword>b</Keyword>
								<Keyword>cJ</Keyword>
								<Keyword>d</Keyword>
								<Keyword>s</Keyword>
							</KeywordAnnotation>
						</TextAnnotation>
					</AudioVisualSegment>
					<AudioVisualSegment id="track-1.segment-15">
						<mediaTime>
							<mediaRelTimePoint>T00:13:02:0F1000</mediaRelTimePoint>
							<mediaDuration>PT29S0N1000F</mediaDuration>
						</mediaTime>
						<TextAnnotation confidence="0.5" relevance="0.6"
							xml:lang="en">
							<KeywordAnnotation>
								<Keyword>mot</Keyword>
							</KeywordAnnotation>
						</TextAnnotation>
						<TextAnnotation confidence="0.5" relevance="0.5"
							xml:lang="en">
							<KeywordAnnotation>
								<Keyword>Create</Keyword>
								<Keyword>Egg</Keyword>
								<Keyword>Roof</Keyword>
								<Keyword>Them</Keyword>
								<Keyword>create</Keyword>
								<Keyword>features</Keyword>
								<Keyword>its</Keyword>
								<Keyword>may</Keyword>
								<Keyword>new</Keyword>
								<Keyword>other</Keyword>
								<Keyword>procedure</Keyword>
								<Keyword>the</Keyword>
								<Keyword>using</Keyword>
								<Keyword>which</Keyword>
							</KeywordAnnotation>
						</TextAnnotation>
						<TextAnnotation confidence="0.5" relevance="0.4"
							xml:lang="en">
							<KeywordAnnotation>
								<Keyword>How</Keyword>
								<Keyword>all</Keyword>
								<Keyword>starts</Keyword>
							</KeywordAnnotation>
						</TextAnnotation>
						<TextAnnotation confidence="0.5" relevance="0.0"
							xml:lang="en">
							<KeywordAnnotation>
								<Keyword>Pi</Keyword>
								<Keyword>an</Keyword>
								<Keyword>di</Keyword>
								<Keyword>is</Keyword>
								<Keyword>it</Keyword>
								<Keyword>mo</Keyword>
								<Keyword>of</Keyword>
								<Keyword>om</Keyword>
								<Keyword>on</Keyword>
								<Keyword>qf</Keyword>
								<Keyword>ss</Keyword>
							</KeywordAnnotation>
						</TextAnnotation>
						<TextAnnotation confidence="0.0" relevance="0.6"
							xml:lang="en">
							<KeywordAnnotation>
								<Keyword>F6cedyr</Keyword>
								<Keyword>Thu</Keyword>
								<Keyword>calleozij</Keyword>
								<Keyword>clcsg</Keyword>
								<Keyword>procedbrc</Keyword>
							</KeywordAnnotation>
						</TextAnnotation>
						<TextAnnotation confidence="0.0" relevance="0.5"
							xml:lang="en">
							<KeywordAnnotation>
								<Keyword>Qall</Keyword>
								<Keyword>clqss</Keyword>
								<Keyword>crccfion</Keyword>
								<Keyword>dcsignq</Keyword>
								<Keyword>desigmf</Keyword>
								<Keyword>gbjecfs</Keyword>
								<Keyword>instunqg</Keyword>
								<Keyword>miii</Keyword>
								<Keyword>obJecfs</Keyword>
								<Keyword>systenl</Keyword>
							</KeywordAnnotation>
						</TextAnnotation>
						<TextAnnotation confidence="0.0" relevance="0.4"
							xml:lang="en">
							<KeywordAnnotation>
								<Keyword>jecj</Keyword>
								<Keyword>whic</Keyword>
							</KeywordAnnotation>
						</TextAnnotation>
						<TextAnnotation confidence="0.0" relevance="0.0"
							xml:lang="en">
							<KeywordAnnotation>
								<Keyword>C</Keyword>
								<Keyword>E</Keyword>
								<Keyword>F</Keyword>
								<Keyword>I</Keyword>
								<Keyword>a</Keyword>
								<Keyword>c</Keyword>
								<Keyword>d</Keyword>
								<Keyword>f</Keyword>
								<Keyword>h</Keyword>
								<Keyword>i</Keyword>
								<Keyword>r</Keyword>
								<Keyword>u</Keyword>
								<Keyword>v</Keyword>
								<Keyword>y</Keyword>
							</KeywordAnnotation>
						</TextAnnotation>
					</AudioVisualSegment>
					<AudioVisualSegment id="track-1.segment-16">
						<mediaTime>
							<mediaRelTimePoint>T00:13:31:0F1000</mediaRelTimePoint>
							<mediaDuration>PT36S0N1000F</mediaDuration>
						</mediaTime>
						<TextAnnotation confidence="0.5" relevance="0.5"
							xml:lang="de">
							<KeywordAnnotation>
								<Keyword>system</Keyword>
							</KeywordAnnotation>
						</TextAnnotation>
						<TextAnnotation confidence="0.5" relevance="0.4"
							xml:lang="de">
							<KeywordAnnotation>
								<Keyword>Executing</Keyword>
								<Keyword>Roof</Keyword>
								<Keyword>procedure</Keyword>
							</KeywordAnnotation>
						</TextAnnotation>
						<TextAnnotation confidence="0.5" relevance="0.3"
							xml:lang="de">
							<KeywordAnnotation>
								<Keyword>Gent</Keyword>
							</KeywordAnnotation>
						</TextAnnotation>
						<TextAnnotation confidence="0.5" relevance="0.0"
							xml:lang="de">
							<KeywordAnnotation>
								<Keyword>IJ</Keyword>
								<Keyword>TZ</Keyword>
								<Keyword>rz</Keyword>
							</KeywordAnnotation>
						</TextAnnotation>
						<TextAnnotation confidence="0.0" relevance="0.4"
							xml:lang="de">
							<KeywordAnnotation>
								<Keyword>objccf</Keyword>
							</KeywordAnnotation>
						</TextAnnotation>
						<TextAnnotation confidence="0.0" relevance="0.3"
							xml:lang="de">
							<KeywordAnnotation>
								<Keyword>nanfa</Keyword>
								<Keyword>obj</Keyword>
								<Keyword>obll</Keyword>
							</KeywordAnnotation>
						</TextAnnotation>
						<TextAnnotation confidence="0.0" relevance="0.0"
							xml:lang="de">
							<KeywordAnnotation>
								<Keyword>L</Keyword>
								<Keyword>Z</Keyword>
								<Keyword>a</Keyword>
								<Keyword>i</Keyword>
							</KeywordAnnotation>
						</TextAnnotation>
					</AudioVisualSegment>
					<AudioVisualSegment id="track-1.segment-17">
						<mediaTime>
							<mediaRelTimePoint>T00:14:07:0F1000</mediaRelTimePoint>
							<mediaDuration>PT01M13S0N1000F</mediaDuration>
						</mediaTime>
						<TextAnnotation confidence="0.5" relevance="0.5"
							xml:lang="en">
							<KeywordAnnotation>
								<Keyword>object</Keyword>
							</KeywordAnnotation>
						</TextAnnotation>
						<TextAnnotation confidence="0.5" relevance="0.4"
							xml:lang="en">
							<KeywordAnnotation>
								<Keyword>Each</Keyword>
								<Keyword>Object</Keyword>
								<Keyword>another</Keyword>
								<Keyword>character</Keyword>
								<Keyword>expanded</Keyword>
								<Keyword>field</Keyword>
								<Keyword>fields</Keyword>
								<Keyword>integer</Keyword>
								<Keyword>known</Keyword>
								<Keyword>made</Keyword>
								<Keyword>number</Keyword>
								<Keyword>object</Keyword>
								<Keyword>reference</Keyword>
								<Keyword>structure</Keyword>
								<Keyword>value</Keyword>
								<Keyword>which</Keyword>
							</KeywordAnnotation>
						</TextAnnotation>
						<TextAnnotation confidence="0.5" relevance="0.0"
							xml:lang="en">
							<KeywordAnnotation>
								<Keyword>An</Keyword>
								<Keyword>To</Keyword>
								<Keyword>cc</Keyword>
								<Keyword>cn</Keyword>
								<Keyword>is</Keyword>
								<Keyword>of</Keyword>
								<Keyword>us</Keyword>
							</KeywordAnnotation>
						</TextAnnotation>
						<TextAnnotation confidence="0.0" relevance="0.4"
							xml:lang="en">
							<KeywordAnnotation>
								<Keyword>bcsnc</Keyword>
								<Keyword>either-</Keyword>
								<Keyword>vcluc</Keyword>
							</KeywordAnnotation>
						</TextAnnotation>
						<TextAnnotation confidence="0.0" relevance="0.0"
							xml:lang="en">
							<KeywordAnnotation>
								<Keyword>A</Keyword>
								<Keyword>c</Keyword>
								<Keyword>r</Keyword>
							</KeywordAnnotation>
						</TextAnnotation>
					</AudioVisualSegment>
					<AudioVisualSegment id="track-1.segment-18">
						<mediaTime>
							<mediaRelTimePoint>T00:15:20:0F1000</mediaRelTimePoint>
							<mediaDuration>PT46S0N1000F</mediaDuration>
						</mediaTime>
						<TextAnnotation confidence="0.5" relevance="0.5"
							xml:lang="en">
							<KeywordAnnotation>
								<Keyword>Object</Keyword>
								<Keyword>another</Keyword>
								<Keyword>character</Keyword>
								<Keyword>either</Keyword>
								<Keyword>expanded</Keyword>
								<Keyword>integer</Keyword>
								<Keyword>made</Keyword>
								<Keyword>number</Keyword>
								<Keyword>object</Keyword>
								<Keyword>reference</Keyword>
								<Keyword>structure</Keyword>
								<Keyword>value</Keyword>
								<Keyword>which</Keyword>
							</KeywordAnnotation>
						</TextAnnotation>
						<TextAnnotation confidence="0.5" relevance="0.4"
							xml:lang="en">
							<KeywordAnnotation>
								<Keyword>Each</Keyword>
								<Keyword>field</Keyword>
								<Keyword>known</Keyword>
								<Keyword>value</Keyword>
							</KeywordAnnotation>
						</TextAnnotation>
						<TextAnnotation confidence="0.5" relevance="0.0"
							xml:lang="en">
							<KeywordAnnotation>
								<Keyword>An</Keyword>
								<Keyword>No</Keyword>
								<Keyword>To</Keyword>
								<Keyword>as</Keyword>
								<Keyword>is</Keyword>
								<Keyword>of</Keyword>
								<Keyword>on</Keyword>
							</KeywordAnnotation>
						</TextAnnotation>
						<TextAnnotation confidence="0.0" relevance="0.5"
							xml:lang="en">
							<KeywordAnnotation>
								<Keyword>fnclds</Keyword>
								<Keyword>jecT</Keyword>
								<Keyword>rccl</Keyword>
								<Keyword>vcluc</Keyword>
							</KeywordAnnotation>
						</TextAnnotation>
						<TextAnnotation confidence="0.0" relevance="0.4"
							xml:lang="en">
							<KeywordAnnotation>
								<Keyword>busnc</Keyword>
							</KeywordAnnotation>
						</TextAnnotation>
						<TextAnnotation confidence="0.0" relevance="0.0"
							xml:lang="en">
							<KeywordAnnotation>
								<Keyword>-</Keyword>
								<Keyword>A</Keyword>
								<Keyword>F</Keyword>
								<Keyword>M</Keyword>
								<Keyword>O</Keyword>
								<Keyword>b</Keyword>
								<Keyword>c</Keyword>
							</KeywordAnnotation>
						</TextAnnotation>
					</AudioVisualSegment>
					<AudioVisualSegment id="track-1.segment-19">
						<mediaTime>
							<mediaRelTimePoint>T00:16:06:0F1000</mediaRelTimePoint>
							<mediaDuration>PT34S0N1000F</mediaDuration>
						</mediaTime>
						<TextAnnotation confidence="0.5" relevance="0.6"
							xml:lang="en">
							<KeywordAnnotation>
								<Keyword>Each</Keyword>
								<Keyword>arthur</Keyword>
								<Keyword>held</Keyword>
								<Keyword>mad</Keyword>
							</KeywordAnnotation>
						</TextAnnotation>
						<TextAnnotation confidence="0.5" relevance="0.5"
							xml:lang="en">
							<KeywordAnnotation>
								<Keyword>Object</Keyword>
								<Keyword>another</Keyword>
								<Keyword>basic</Keyword>
								<Keyword>character</Keyword>
								<Keyword>expanded</Keyword>
								<Keyword>fields</Keyword>
								<Keyword>integer</Keyword>
								<Keyword>known</Keyword>
								<Keyword>made</Keyword>
								<Keyword>object</Keyword>
								<Keyword>reference</Keyword>
								<Keyword>structure</Keyword>
								<Keyword>value</Keyword>
							</KeywordAnnotation>
						</TextAnnotation>
						<TextAnnotation confidence="0.5" relevance="0.0"
							xml:lang="en">
							<KeywordAnnotation>
								<Keyword>An</Keyword>
								<Keyword>LI</Keyword>
								<Keyword>No</Keyword>
								<Keyword>as</Keyword>
								<Keyword>cn</Keyword>
								<Keyword>cr</Keyword>
								<Keyword>fo</Keyword>
								<Keyword>is</Keyword>
								<Keyword>of</Keyword>
								<Keyword>or</Keyword>
								<Keyword>ws</Keyword>
							</KeywordAnnotation>
						</TextAnnotation>
						<TextAnnotation confidence="0.0" relevance="0.6"
							xml:lang="en">
							<KeywordAnnotation>
								<Keyword>rvelds</Keyword>
								<Keyword>vuluc</Keyword>
								<Keyword>whack</Keyword>
							</KeywordAnnotation>
						</TextAnnotation>
						<TextAnnotation confidence="0.0" relevance="0.5"
							xml:lang="en">
							<KeywordAnnotation>
								<Keyword>numL</Keyword>
								<Keyword>recl</Keyword>
							</KeywordAnnotation>
						</TextAnnotation>
						<TextAnnotation confidence="0.0" relevance="0.4"
							xml:lang="en">
							<KeywordAnnotation>
								<Keyword>objecf</Keyword>
							</KeywordAnnotation>
						</TextAnnotation>
						<TextAnnotation confidence="0.0" relevance="0.0"
							xml:lang="en">
							<KeywordAnnotation>
								<Keyword>-</Keyword>
								<Keyword>A</Keyword>
								<Keyword>G</Keyword>
								<Keyword>L</Keyword>
								<Keyword>T</Keyword>
								<Keyword>W</Keyword>
								<Keyword>s</Keyword>
								<Keyword>u</Keyword>
							</KeywordAnnotation>
						</TextAnnotation>
					</AudioVisualSegment>
					<AudioVisualSegment id="track-1.segment-20">
						<mediaTime>
							<mediaRelTimePoint>T00:16:40:0F1000</mediaRelTimePoint>
							<mediaDuration>PT55S0N1000F</mediaDuration>
						</mediaTime>
						<TextAnnotation confidence="0.5" relevance="0.5"
							xml:lang="en">
							<KeywordAnnotation>
								<Keyword>Object</Keyword>
								<Keyword>WHICH</Keyword>
								<Keyword>another</Keyword>
								<Keyword>basic</Keyword>
								<Keyword>character</Keyword>
								<Keyword>expanded</Keyword>
								<Keyword>integer</Keyword>
								<Keyword>known</Keyword>
								<Keyword>number</Keyword>
								<Keyword>object</Keyword>
								<Keyword>reference</Keyword>
								<Keyword>structure</Keyword>
								<Keyword>value</Keyword>
								<Keyword>was</Keyword>
							</KeywordAnnotation>
						</TextAnnotation>
						<TextAnnotation confidence="0.5" relevance="0.0"
							xml:lang="en">
							<KeywordAnnotation>
								<Keyword>An</Keyword>
								<Keyword>IS</Keyword>
								<Keyword>Ly</Keyword>
								<Keyword>TY</Keyword>
								<Keyword>cn</Keyword>
								<Keyword>fh</Keyword>
								<Keyword>mm</Keyword>
								<Keyword>or</Keyword>
								<Keyword>to</Keyword>
								<Keyword>us</Keyword>
							</KeywordAnnotation>
						</TextAnnotation>
						<TextAnnotation confidence="0.0" relevance="0.6"
							xml:lang="en">
							<KeywordAnnotation>
								<Keyword>Fnrh</Keyword>
								<Keyword>unlua</Keyword>
								<Keyword>wknrk</Keyword>
								<Keyword>wld</Keyword>
							</KeywordAnnotation>
						</TextAnnotation>
						<TextAnnotation confidence="0.0" relevance="0.5"
							xml:lang="en">
							<KeywordAnnotation>
								<Keyword>VGIUC</Keyword>
								<Keyword>mlm</Keyword>
								<Keyword>recl</Keyword>
							</KeywordAnnotation>
						</TextAnnotation>
						<TextAnnotation confidence="0.0" relevance="0.4"
							xml:lang="en">
							<KeywordAnnotation>
								<Keyword>CGCH</Keyword>
								<Keyword>TICIC</Keyword>
							</KeywordAnnotation>
						</TextAnnotation>
						<TextAnnotation confidence="0.0" relevance="0.0"
							xml:lang="en">
							<KeywordAnnotation>
								<Keyword>A</Keyword>
								<Keyword>G</Keyword>
								<Keyword>H</Keyword>
								<Keyword>M</Keyword>
								<Keyword>N</Keyword>
								<Keyword>T</Keyword>
								<Keyword>T-</Keyword>
								<Keyword>W</Keyword>
								<Keyword>Z</Keyword>
								<Keyword>n</Keyword>
								<Keyword>r</Keyword>
								<Keyword>x</Keyword>
								<Keyword>xs</Keyword>
							</KeywordAnnotation>
						</TextAnnotation>
					</AudioVisualSegment>
					<AudioVisualSegment id="track-1.segment-21">
						<mediaTime>
							<mediaRelTimePoint>T00:17:35:0F1000</mediaRelTimePoint>
							<mediaDuration>PT16S0N1000F</mediaDuration>
						</mediaTime>
						<TextAnnotation confidence="0.5" relevance="0.5"
							xml:lang="en">
							<KeywordAnnotation>
								<Keyword>Object</Keyword>
								<Keyword>another</Keyword>
								<Keyword>basic</Keyword>
								<Keyword>character</Keyword>
								<Keyword>either</Keyword>
								<Keyword>expanded</Keyword>
								<Keyword>integer</Keyword>
								<Keyword>known</Keyword>
								<Keyword>number</Keyword>
								<Keyword>object</Keyword>
								<Keyword>reference</Keyword>
								<Keyword>structure</Keyword>
								<Keyword>value</Keyword>
								<Keyword>which</Keyword>
							</KeywordAnnotation>
						</TextAnnotation>
						<TextAnnotation confidence="0.5" relevance="0.4"
							xml:lang="en">
							<KeywordAnnotation>
								<Keyword>Each</Keyword>
								<Keyword>field</Keyword>
							</KeywordAnnotation>
						</TextAnnotation>
						<TextAnnotation confidence="0.5" relevance="0.0"
							xml:lang="en">
							<KeywordAnnotation>
								<Keyword>QM</Keyword>
								<Keyword>To</Keyword>
								<Keyword>Zf</Keyword>
								<Keyword>cn</Keyword>
								<Keyword>is</Keyword>
								<Keyword>ja</Keyword>
								<Keyword>mm</Keyword>
								<Keyword>us</Keyword>
							</KeywordAnnotation>
						</TextAnnotation>
						<TextAnnotation confidence="0.0" relevance="0.5"
							xml:lang="en">
							<KeywordAnnotation>
								<Keyword>r,r</Keyword>
								<Keyword>recl</Keyword>
							</KeywordAnnotation>
						</TextAnnotation>
						<TextAnnotation confidence="0.0" relevance="0.0"
							xml:lang="en">
							<KeywordAnnotation>
								<Keyword>A</Keyword>
								<Keyword>J</Keyword>
								<Keyword>O</Keyword>
								<Keyword>W</Keyword>
								<Keyword>Y</Keyword>
								<Keyword>b</Keyword>
								<Keyword>c</Keyword>
								<Keyword>f</Keyword>
								<Keyword>r</Keyword>
								<Keyword>u</Keyword>
							</KeywordAnnotation>
						</TextAnnotation>
					</AudioVisualSegment>
					<AudioVisualSegment id="track-1.segment-22">
						<mediaTime>
							<mediaRelTimePoint>T00:17:51:0F1000</mediaRelTimePoint>
							<mediaDuration>PT01M51S0N1000F</mediaDuration>
						</mediaTime>
						<TextAnnotation confidence="0.5" relevance="0.5"
							xml:lang="en">
							<KeywordAnnotation>
								<Keyword>another</Keyword>
								<Keyword>character</Keyword>
								<Keyword>either</Keyword>
								<Keyword>integer</Keyword>
								<Keyword>known</Keyword>
								<Keyword>number</Keyword>
								<Keyword>object</Keyword>
								<Keyword>reference</Keyword>
								<Keyword>which</Keyword>
							</KeywordAnnotation>
						</TextAnnotation>
						<TextAnnotation confidence="0.5" relevance="0.4"
							xml:lang="en">
							<KeywordAnnotation>
								<Keyword>Each</Keyword>
								<Keyword>basic</Keyword>
								<Keyword>field</Keyword>
								<Keyword>segment</Keyword>
								<Keyword>uri</Keyword>
								<Keyword>value</Keyword>
							</KeywordAnnotation>
						</TextAnnotation>
						<TextAnnotation confidence="0.5" relevance="0.0"
							xml:lang="en">
							<KeywordAnnotation>
								<Keyword>An</Keyword>
								<Keyword>Dr</Keyword>
								<Keyword>NB</Keyword>
								<Keyword>Qi</Keyword>
								<Keyword>an</Keyword>
								<Keyword>as</Keyword>
								<Keyword>is</Keyword>
								<Keyword>mm</Keyword>
								<Keyword>re</Keyword>
							</KeywordAnnotation>
						</TextAnnotation>
						<TextAnnotation confidence="0.0" relevance="0.6"
							xml:lang="en">
							<KeywordAnnotation>
								<Keyword>nerds</Keyword>
							</KeywordAnnotation>
						</TextAnnotation>
						<TextAnnotation confidence="0.0" relevance="0.5"
							xml:lang="en">
							<KeywordAnnotation>
								<Keyword>L...L</Keyword>
								<Keyword>Objectstructure</Keyword>
								<Keyword>PKI</Keyword>
								<Keyword>upamdvcnuc</Keyword>
								<Keyword>vclue</Keyword>
							</KeywordAnnotation>
						</TextAnnotation>
						<TextAnnotation confidence="0.0" relevance="0.4"
							xml:lang="en">
							<KeywordAnnotation>
								<Keyword>dYI0r</Keyword>
							</KeywordAnnotation>
						</TextAnnotation>
						<TextAnnotation confidence="0.0" relevance="0.3"
							xml:lang="en">
							<KeywordAnnotation>
								<Keyword>STAUOM</Keyword>
								<Keyword>TOh</Keyword>
							</KeywordAnnotation>
						</TextAnnotation>
						<TextAnnotation confidence="0.0" relevance="0.0"
							xml:lang="en">
							<KeywordAnnotation>
								<Keyword>A</Keyword>
								<Keyword>F</Keyword>
								<Keyword>J</Keyword>
								<Keyword>K</Keyword>
								<Keyword>S-</Keyword>
								<Keyword>fw</Keyword>
								<Keyword>u</Keyword>
								<Keyword>x</Keyword>
							</KeywordAnnotation>
						</TextAnnotation>
					</AudioVisualSegment>
					<AudioVisualSegment id="track-1.segment-23">
						<mediaTime>
							<mediaRelTimePoint>T00:19:42:0F1000</mediaRelTimePoint>
							<mediaDuration>PT05M15S0N1000F</mediaDuration>
						</mediaTime>
						<TextAnnotation confidence="0.5" relevance="0.5"
							xml:lang="en">
							<KeywordAnnotation>
								<Keyword>Each</Keyword>
								<Keyword>another</Keyword>
								<Keyword>character</Keyword>
								<Keyword>either</Keyword>
								<Keyword>field</Keyword>
								<Keyword>integer</Keyword>
								<Keyword>known</Keyword>
								<Keyword>number</Keyword>
								<Keyword>object</Keyword>
								<Keyword>reference</Keyword>
								<Keyword>value</Keyword>
								<Keyword>was</Keyword>
								<Keyword>which</Keyword>
							</KeywordAnnotation>
						</TextAnnotation>
						<TextAnnotation confidence="0.5" relevance="0.4"
							xml:lang="en">
							<KeywordAnnotation>
								<Keyword>basic</Keyword>
								<Keyword>value</Keyword>
							</KeywordAnnotation>
						</TextAnnotation>
						<TextAnnotation confidence="0.5" relevance="0.0"
							xml:lang="en">
							<KeywordAnnotation>
								<Keyword>An</Keyword>
								<Keyword>KW</Keyword>
								<Keyword>ST</Keyword>
								<Keyword>TA</Keyword>
								<Keyword>UO</Keyword>
								<Keyword>an</Keyword>
								<Keyword>as</Keyword>
								<Keyword>fs</Keyword>
								<Keyword>ll</Keyword>
								<Keyword>mm</Keyword>
								<Keyword>mw</Keyword>
								<Keyword>rs</Keyword>
								<Keyword>rw</Keyword>
								<Keyword>to</Keyword>
								<Keyword>wi</Keyword>
								<Keyword>wm</Keyword>
							</KeywordAnnotation>
						</TextAnnotation>
						<TextAnnotation confidence="0.0" relevance="0.5"
							xml:lang="en">
							<KeywordAnnotation>
								<Keyword>KCC</Keyword>
								<Keyword>Objectslruciure</Keyword>
								<Keyword>SWB</Keyword>
								<Keyword>Z.w</Keyword>
								<Keyword>mmm</Keyword>
								<Keyword>msrnvm</Keyword>
								<Keyword>zxpanaedvunue</Keyword>
							</KeywordAnnotation>
						</TextAnnotation>
						<TextAnnotation confidence="0.0" relevance="0.4"
							xml:lang="en">
							<KeywordAnnotation>
								<Keyword>POSIUOM</Keyword>
							</KeywordAnnotation>
						</TextAnnotation>
						<TextAnnotation confidence="0.0" relevance="0.0"
							xml:lang="en">
							<KeywordAnnotation>
								<Keyword>A</Keyword>
								<Keyword>G</Keyword>
								<Keyword>I</Keyword>
								<Keyword>M</Keyword>
								<Keyword>Q</Keyword>
								<Keyword>R</Keyword>
								<Keyword>V</Keyword>
								<Keyword>a</Keyword>
								<Keyword>e</Keyword>
								<Keyword>h</Keyword>
								<Keyword>l</Keyword>
								<Keyword>q</Keyword>
								<Keyword>r</Keyword>
								<Keyword>x</Keyword>
								<Keyword>y</Keyword>
							</KeywordAnnotation>
						</TextAnnotation>
					</AudioVisualSegment>
					<AudioVisualSegment id="track-1.segment-24">
						<mediaTime>
							<mediaRelTimePoint>T00:24:57:0F1000</mediaRelTimePoint>
							<mediaDuration>PT21S0N1000F</mediaDuration>
						</mediaTime>
						<TextAnnotation confidence="0.5" relevance="0.5"
							xml:lang="en">
							<KeywordAnnotation>
								<Keyword>Object</Keyword>
								<Keyword>basic</Keyword>
								<Keyword>character</Keyword>
								<Keyword>integer</Keyword>
								<Keyword>known</Keyword>
								<Keyword>may</Keyword>
								<Keyword>mud</Keyword>
								<Keyword>number</Keyword>
								<Keyword>object</Keyword>
								<Keyword>real</Keyword>
								<Keyword>reference</Keyword>
								<Keyword>structure</Keyword>
								<Keyword>value</Keyword>
								<Keyword>vpn</Keyword>
								<Keyword>which</Keyword>
							</KeywordAnnotation>
						</TextAnnotation>
						<TextAnnotation confidence="0.5" relevance="0.4"
							xml:lang="en">
							<KeywordAnnotation>
								<Keyword>Each</Keyword>
								<Keyword>arm</Keyword>
								<Keyword>field</Keyword>
							</KeywordAnnotation>
						</TextAnnotation>
						<TextAnnotation confidence="0.5" relevance="0.0"
							xml:lang="en">
							<KeywordAnnotation>
								<Keyword>An</Keyword>
								<Keyword>CE</Keyword>
								<Keyword>Ei</Keyword>
								<Keyword>ML</Keyword>
								<Keyword>QM</Keyword>
								<Keyword>Wm</Keyword>
								<Keyword>ZX</Keyword>
								<Keyword>an</Keyword>
								<Keyword>as</Keyword>
								<Keyword>im</Keyword>
								<Keyword>is</Keyword>
								<Keyword>of</Keyword>
							</KeywordAnnotation>
						</TextAnnotation>
						<TextAnnotation confidence="0.0" relevance="0.5"
							xml:lang="en">
							<KeywordAnnotation>
								<Keyword>L...L</Keyword>
								<Keyword>abpct</Keyword>
								<Keyword>dwvunm</Keyword>
								<Keyword>either-</Keyword>
								<Keyword>fualds</Keyword>
								<Keyword>s1v</Keyword>
								<Keyword>scum</Keyword>
								<Keyword>uncfhct</Keyword>
							</KeywordAnnotation>
						</TextAnnotation>
						<TextAnnotation confidence="0.0" relevance="0.4"
							xml:lang="en">
							<KeywordAnnotation>
								<Keyword>pasznom</Keyword>
								<Keyword>sunam</Keyword>
							</KeywordAnnotation>
						</TextAnnotation>
						<TextAnnotation confidence="0.0" relevance="0.0"
							xml:lang="en">
							<KeywordAnnotation>
								<Keyword>-</Keyword>
								<Keyword>A</Keyword>
								<Keyword>E</Keyword>
								<Keyword>G</Keyword>
								<Keyword>I</Keyword>
								<Keyword>M</Keyword>
								<Keyword>NV</Keyword>
								<Keyword>P</Keyword>
								<Keyword>W</Keyword>
								<Keyword>c</Keyword>
								<Keyword>l</Keyword>
								<Keyword>z</Keyword>
							</KeywordAnnotation>
						</TextAnnotation>
					</AudioVisualSegment>
					<AudioVisualSegment id="track-1.segment-25">
						<mediaTime>
							<mediaRelTimePoint>T00:25:18:0F1000</mediaRelTimePoint>
							<mediaDuration>PT39S0N1000F</mediaDuration>
						</mediaTime>
						<TextAnnotation confidence="0.5" relevance="0.6"
							xml:lang="de">
							<KeywordAnnotation>
								<Keyword>umm</Keyword>
								<Keyword>www</Keyword>
							</KeywordAnnotation>
						</TextAnnotation>
						<TextAnnotation confidence="0.5" relevance="0.5"
							xml:lang="de">
							<KeywordAnnotation>
								<Keyword>News</Keyword>
								<Keyword>Object</Keyword>
								<Keyword>Wye</Keyword>
								<Keyword>character</Keyword>
								<Keyword>integer</Keyword>
								<Keyword>known</Keyword>
								<Keyword>number</Keyword>
								<Keyword>structure</Keyword>
							</KeywordAnnotation>
						</TextAnnotation>
						<TextAnnotation confidence="0.5" relevance="0.4"
							xml:lang="de">
							<KeywordAnnotation>
								<Keyword>basic</Keyword>
								<Keyword>value</Keyword>
							</KeywordAnnotation>
						</TextAnnotation>
						<TextAnnotation confidence="0.5" relevance="0.0"
							xml:lang="de">
							<KeywordAnnotation>
								<Keyword>Ag</Keyword>
								<Keyword>An</Keyword>
								<Keyword>Em</Keyword>
								<Keyword>Fs</Keyword>
								<Keyword>Mn</Keyword>
								<Keyword>an</Keyword>
								<Keyword>ea</Keyword>
								<Keyword>gm</Keyword>
								<Keyword>jr</Keyword>
								<Keyword>me</Keyword>
								<Keyword>mm</Keyword>
								<Keyword>ms</Keyword>
								<Keyword>nr</Keyword>
								<Keyword>rc</Keyword>
								<Keyword>rm</Keyword>
								<Keyword>uf</Keyword>
								<Keyword>us</Keyword>
							</KeywordAnnotation>
						</TextAnnotation>
						<TextAnnotation confidence="0.0" relevance="0.6"
							xml:lang="de">
							<KeywordAnnotation>
								<Keyword>mmm</Keyword>
							</KeywordAnnotation>
						</TextAnnotation>
						<TextAnnotation confidence="0.0" relevance="0.5"
							xml:lang="de">
							<KeywordAnnotation>
								<Keyword>EGMMD</Keyword>
								<Keyword>L...L</Keyword>
								<Keyword>LBL</Keyword>
								<Keyword>mqdz</Keyword>
								<Keyword>pvunam</Keyword>
								<Keyword>ubjw</Keyword>
								<Keyword>v.,Y</Keyword>
								<Keyword>zxpamedvalue</Keyword>
							</KeywordAnnotation>
						</TextAnnotation>
						<TextAnnotation confidence="0.0" relevance="0.4"
							xml:lang="de">
							<KeywordAnnotation>
								<Keyword>Qsrdnv</Keyword>
								<Keyword>sunam</Keyword>
								<Keyword>wasznam</Keyword>
							</KeywordAnnotation>
						</TextAnnotation>
						<TextAnnotation confidence="0.0" relevance="0.0"
							xml:lang="de">
							<KeywordAnnotation>
								<Keyword>A</Keyword>
								<Keyword>L</Keyword>
								<Keyword>Q</Keyword>
								<Keyword>V</Keyword>
								<Keyword>VT</Keyword>
								<Keyword>X</Keyword>
								<Keyword>s</Keyword>
								<Keyword>x</Keyword>
								<Keyword>z</Keyword>
							</KeywordAnnotation>
						</TextAnnotation>
					</AudioVisualSegment>
					<AudioVisualSegment id="track-1.segment-26">
						<mediaTime>
							<mediaRelTimePoint>T00:25:57:0F1000</mediaRelTimePoint>
							<mediaDuration>PT15S0N1000F</mediaDuration>
						</mediaTime>
						<TextAnnotation confidence="0.5" relevance="0.5"
							xml:lang="en">
							<KeywordAnnotation>
								<Keyword>bal</Keyword>
								<Keyword>character</Keyword>
								<Keyword>fields</Keyword>
								<Keyword>mad</Keyword>
								<Keyword>number</Keyword>
								<Keyword>object</Keyword>
							</KeywordAnnotation>
						</TextAnnotation>
						<TextAnnotation confidence="0.5" relevance="0.4"
							xml:lang="en">
							<KeywordAnnotation>
								<Keyword>Each</Keyword>
								<Keyword>basic</Keyword>
								<Keyword>field</Keyword>
								<Keyword>integer</Keyword>
								<Keyword>reference</Keyword>
								<Keyword>value</Keyword>
								<Keyword>which</Keyword>
							</KeywordAnnotation>
						</TextAnnotation>
						<TextAnnotation confidence="0.5" relevance="0.0"
							xml:lang="en">
							<KeywordAnnotation>
								<Keyword>An</Keyword>
								<Keyword>EI</Keyword>
								<Keyword>an</Keyword>
								<Keyword>as</Keyword>
								<Keyword>fo</Keyword>
								<Keyword>fx</Keyword>
								<Keyword>gh</Keyword>
								<Keyword>gn</Keyword>
								<Keyword>is</Keyword>
								<Keyword>of</Keyword>
								<Keyword>rc</Keyword>
								<Keyword>wm</Keyword>
							</KeywordAnnotation>
						</TextAnnotation>
						<TextAnnotation confidence="0.0" relevance="0.5"
							xml:lang="en">
							<KeywordAnnotation>
								<Keyword>Objectstructura</Keyword>
								<Keyword>Omown</Keyword>
								<Keyword>POSIUW</Keyword>
								<Keyword>STAUUM</Keyword>
								<Keyword>Tgq</Keyword>
								<Keyword>ciiher</Keyword>
								<Keyword>cnofhcr</Keyword>
								<Keyword>expandedvulue</Keyword>
								<Keyword>mssasnn</Keyword>
								<Keyword>msznvm</Keyword>
							</KeywordAnnotation>
						</TextAnnotation>
						<TextAnnotation confidence="0.0" relevance="0.0"
							xml:lang="en">
							<KeywordAnnotation>
								<Keyword>A</Keyword>
								<Keyword>F</Keyword>
								<Keyword>G</Keyword>
								<Keyword>L</Keyword>
								<Keyword>T</Keyword>
								<Keyword>X</Keyword>
								<Keyword>Y</Keyword>
								<Keyword>g</Keyword>
								<Keyword>q</Keyword>
								<Keyword>v</Keyword>
								<Keyword>y</Keyword>
							</KeywordAnnotation>
						</TextAnnotation>
					</AudioVisualSegment>
					<AudioVisualSegment id="track-1.segment-27">
						<mediaTime>
							<mediaRelTimePoint>T00:26:12:0F1000</mediaRelTimePoint>
							<mediaDuration>PT01M04S0N1000F</mediaDuration>
						</mediaTime>
						<TextAnnotation confidence="0.5" relevance="0.6"
							xml:lang="en">
							<KeywordAnnotation>
								<Keyword>object</Keyword>
							</KeywordAnnotation>
						</TextAnnotation>
						<TextAnnotation confidence="0.5" relevance="0.5"
							xml:lang="en">
							<KeywordAnnotation>
								<Keyword>character</Keyword>
								<Keyword>either</Keyword>
								<Keyword>integer</Keyword>
								<Keyword>known</Keyword>
								<Keyword>made</Keyword>
								<Keyword>number</Keyword>
								<Keyword>object</Keyword>
								<Keyword>value</Keyword>
								<Keyword>which</Keyword>
							</KeywordAnnotation>
						</TextAnnotation>
						<TextAnnotation confidence="0.5" relevance="0.4"
							xml:lang="en">
							<KeywordAnnotation>
								<Keyword>Each</Keyword>
								<Keyword>basic</Keyword>
								<Keyword>field</Keyword>
								<Keyword>nom</Keyword>
							</KeywordAnnotation>
						</TextAnnotation>
						<TextAnnotation confidence="0.5" relevance="0.0"
							xml:lang="en">
							<KeywordAnnotation>
								<Keyword>Al</Keyword>
								<Keyword>An</Keyword>
								<Keyword>UD</Keyword>
								<Keyword>an</Keyword>
								<Keyword>as</Keyword>
								<Keyword>is</Keyword>
								<Keyword>mL</Keyword>
								<Keyword>ma</Keyword>
								<Keyword>of</Keyword>
								<Keyword>su</Keyword>
								<Keyword>tn</Keyword>
								<Keyword>wm</Keyword>
							</KeywordAnnotation>
						</TextAnnotation>
						<TextAnnotation confidence="0.0" relevance="0.6"
							xml:lang="en">
							<KeywordAnnotation>
								<Keyword>refzrenca</Keyword>
								<Keyword>unmhzr</Keyword>
							</KeywordAnnotation>
						</TextAnnotation>
						<TextAnnotation confidence="0.0" relevance="0.5"
							xml:lang="en">
							<KeywordAnnotation>
								<Keyword>Objectstructure</Keyword>
								<Keyword>expandedvulua</Keyword>
								<Keyword>fnelds</Keyword>
								<Keyword>seamen</Keyword>
								<Keyword>vasznvm</Keyword>
							</KeywordAnnotation>
						</TextAnnotation>
						<TextAnnotation confidence="0.0" relevance="0.4"
							xml:lang="en">
							<KeywordAnnotation>
								<Keyword>posznom</Keyword>
								<Keyword>srm</Keyword>
							</KeywordAnnotation>
						</TextAnnotation>
						<TextAnnotation confidence="0.0" relevance="0.0"
							xml:lang="en">
							<KeywordAnnotation>
								<Keyword>-</Keyword>
								<Keyword>-L</Keyword>
								<Keyword>A</Keyword>
								<Keyword>L</Keyword>
								<Keyword>O</Keyword>
								<Keyword>P</Keyword>
								<Keyword>Q</Keyword>
								<Keyword>T</Keyword>
								<Keyword>a</Keyword>
								<Keyword>c</Keyword>
								<Keyword>i</Keyword>
								<Keyword>r</Keyword>
								<Keyword>xm</Keyword>
								<Keyword>z</Keyword>
							</KeywordAnnotation>
						</TextAnnotation>
					</AudioVisualSegment>
					<AudioVisualSegment id="track-1.segment-28">
						<mediaTime>
							<mediaRelTimePoint>T00:27:16:0F1000</mediaRelTimePoint>
							<mediaDuration>PT37S0N1000F</mediaDuration>
						</mediaTime>
						<TextAnnotation confidence="0.5" relevance="0.6"
							xml:lang="en">
							<KeywordAnnotation>
								<Keyword>another</Keyword>
								<Keyword>reference</Keyword>
							</KeywordAnnotation>
						</TextAnnotation>
						<TextAnnotation confidence="0.5" relevance="0.5"
							xml:lang="en">
							<KeywordAnnotation>
								<Keyword>arm</Keyword>
								<Keyword>either</Keyword>
								<Keyword>known</Keyword>
								<Keyword>made</Keyword>
								<Keyword>number</Keyword>
								<Keyword>object</Keyword>
							</KeywordAnnotation>
						</TextAnnotation>
						<TextAnnotation confidence="0.5" relevance="0.4"
							xml:lang="en">
							<KeywordAnnotation>
								<Keyword>Each</Keyword>
								<Keyword>arm</Keyword>
								<Keyword>basic</Keyword>
								<Keyword>character</Keyword>
								<Keyword>field</Keyword>
								<Keyword>integer</Keyword>
								<Keyword>value</Keyword>
								<Keyword>which</Keyword>
							</KeywordAnnotation>
						</TextAnnotation>
						<TextAnnotation confidence="0.5" relevance="0.0"
							xml:lang="en">
							<KeywordAnnotation>
								<Keyword>Au</Keyword>
								<Keyword>EI</Keyword>
								<Keyword>Wm</Keyword>
								<Keyword>an</Keyword>
								<Keyword>is</Keyword>
								<Keyword>ln</Keyword>
								<Keyword>of</Keyword>
								<Keyword>re</Keyword>
								<Keyword>us</Keyword>
								<Keyword>vn</Keyword>
							</KeywordAnnotation>
						</TextAnnotation>
						<TextAnnotation confidence="0.0" relevance="0.5"
							xml:lang="en">
							<KeywordAnnotation>
								<Keyword>---</Keyword>
								<Keyword>Objectstructure</Keyword>
								<Keyword>a5.mvM</Keyword>
								<Keyword>expandedvulue</Keyword>
								<Keyword>frelds</Keyword>
								<Keyword>sssMs</Keyword>
							</KeywordAnnotation>
						</TextAnnotation>
						<TextAnnotation confidence="0.0" relevance="0.4"
							xml:lang="en">
							<KeywordAnnotation>
								<Keyword>surzam</Keyword>
								<Keyword>vulue</Keyword>
								<Keyword>wsznom</Keyword>
							</KeywordAnnotation>
						</TextAnnotation>
						<TextAnnotation confidence="0.0" relevance="0.0"
							xml:lang="en">
							<KeywordAnnotation>
								<Keyword>-</Keyword>
								<Keyword>A</Keyword>
								<Keyword>F</Keyword>
								<Keyword>I</Keyword>
								<Keyword>M</Keyword>
								<Keyword>Q</Keyword>
								<Keyword>X</Keyword>
								<Keyword>b</Keyword>
								<Keyword>e</Keyword>
								<Keyword>r</Keyword>
								<Keyword>u</Keyword>
								<Keyword>xw</Keyword>
								<Keyword>y</Keyword>
							</KeywordAnnotation>
						</TextAnnotation>
					</AudioVisualSegment>
					<AudioVisualSegment id="track-1.segment-29">
						<mediaTime>
							<mediaRelTimePoint>T00:27:53:0F1000</mediaRelTimePoint>
							<mediaDuration>PT01M0N1000F</mediaDuration>
						</mediaTime>
						<TextAnnotation confidence="0.5" relevance="0.5"
							xml:lang="de">
							<KeywordAnnotation>
								<Keyword>Inn</Keyword>
								<Keyword>known</Keyword>
								<Keyword>mus</Keyword>
								<Keyword>nerd</Keyword>
								<Keyword>number</Keyword>
								<Keyword>structure</Keyword>
							</KeywordAnnotation>
						</TextAnnotation>
						<TextAnnotation confidence="0.5" relevance="0.4"
							xml:lang="de">
							<KeywordAnnotation>
								<Keyword>basic</Keyword>
								<Keyword>character</Keyword>
								<Keyword>value</Keyword>
							</KeywordAnnotation>
						</TextAnnotation>
						<TextAnnotation confidence="0.5" relevance="0.0"
							xml:lang="de">
							<KeywordAnnotation>
								<Keyword>AI</Keyword>
								<Keyword>An</Keyword>
								<Keyword>Em</Keyword>
								<Keyword>Fs</Keyword>
								<Keyword>LT</Keyword>
								<Keyword>QM</Keyword>
								<Keyword>an</Keyword>
								<Keyword>as</Keyword>
								<Keyword>iw</Keyword>
								<Keyword>mm</Keyword>
								<Keyword>mw</Keyword>
								<Keyword>re</Keyword>
								<Keyword>us</Keyword>
								<Keyword>ww</Keyword>
							</KeywordAnnotation>
						</TextAnnotation>
						<TextAnnotation confidence="0.0" relevance="0.5"
							xml:lang="de">
							<KeywordAnnotation>
								<Keyword>SEEMM</Keyword>
								<Keyword>a4.a</Keyword>
								<Keyword>dedvqam</Keyword>
								<Keyword>ltiject</Keyword>
								<Keyword>mmm</Keyword>
								<Keyword>mvm</Keyword>
								<Keyword>r10M</Keyword>
								<Keyword>wane</Keyword>
							</KeywordAnnotation>
						</TextAnnotation>
						<TextAnnotation confidence="0.0" relevance="0.4"
							xml:lang="de">
							<KeywordAnnotation>
								<Keyword>MVK</Keyword>
								<Keyword>Qsrmv</Keyword>
								<Keyword>Vvil</Keyword>
								<Keyword>integer-</Keyword>
								<Keyword>raszrtram</Keyword>
								<Keyword>sunam</Keyword>
							</KeywordAnnotation>
						</TextAnnotation>
						<TextAnnotation confidence="0.0" relevance="0.0"
							xml:lang="de">
							<KeywordAnnotation>
								<Keyword>-</Keyword>
								<Keyword>A</Keyword>
								<Keyword>L</Keyword>
								<Keyword>V</Keyword>
								<Keyword>W</Keyword>
								<Keyword>WD</Keyword>
								<Keyword>gx</Keyword>
								<Keyword>i</Keyword>
								<Keyword>m</Keyword>
								<Keyword>n</Keyword>
								<Keyword>s</Keyword>
								<Keyword>v</Keyword>
								<Keyword>xm</Keyword>
								<Keyword>z</Keyword>
							</KeywordAnnotation>
						</TextAnnotation>
					</AudioVisualSegment>
					<AudioVisualSegment id="track-1.segment-30">
						<mediaTime>
							<mediaRelTimePoint>T00:28:53:0F1000</mediaRelTimePoint>
							<mediaDuration>PT32S0N1000F</mediaDuration>
						</mediaTime>
						<TextAnnotation confidence="0.5" relevance="0.5"
							xml:lang="de">
							<KeywordAnnotation>
								<Keyword>Each</Keyword>
								<Keyword>Object</Keyword>
								<Keyword>another</Keyword>
								<Keyword>character</Keyword>
								<Keyword>number</Keyword>
								<Keyword>reference</Keyword>
								<Keyword>value</Keyword>
								<Keyword>was</Keyword>
								<Keyword>www</Keyword>
							</KeywordAnnotation>
						</TextAnnotation>
						<TextAnnotation confidence="0.5" relevance="0.4"
							xml:lang="de">
							<KeywordAnnotation>
								<Keyword>arm</Keyword>
							</KeywordAnnotation>
						</TextAnnotation>
						<TextAnnotation confidence="0.5" relevance="0.0"
							xml:lang="de">
							<KeywordAnnotation>
								<Keyword>An</Keyword>
								<Keyword>Iv</Keyword>
								<Keyword>VI</Keyword>
								<Keyword>an</Keyword>
								<Keyword>as</Keyword>
								<Keyword>be</Keyword>
								<Keyword>bv</Keyword>
								<Keyword>fa</Keyword>
								<Keyword>ki</Keyword>
								<Keyword>mm</Keyword>
								<Keyword>mv</Keyword>
								<Keyword>mw</Keyword>
								<Keyword>ns</Keyword>
								<Keyword>rw</Keyword>
								<Keyword>ur</Keyword>
								<Keyword>us</Keyword>
								<Keyword>zi</Keyword>
							</KeywordAnnotation>
						</TextAnnotation>
						<TextAnnotation confidence="0.0" relevance="0.6"
							xml:lang="de">
							<KeywordAnnotation>
								<Keyword>znvher</Keyword>
							</KeywordAnnotation>
						</TextAnnotation>
						<TextAnnotation confidence="0.0" relevance="0.5"
							xml:lang="de">
							<KeywordAnnotation>
								<Keyword>RIB</Keyword>
								<Keyword>aww</Keyword>
								<Keyword>busnc</Keyword>
								<Keyword>fneld</Keyword>
								<Keyword>mavqauq</Keyword>
								<Keyword>mtegcrg</Keyword>
								<Keyword>objeci</Keyword>
								<Keyword>rccl</Keyword>
								<Keyword>struciure</Keyword>
								<Keyword>whack</Keyword>
								<Keyword>wmm</Keyword>
								<Keyword>xmsznvrw</Keyword>
							</KeywordAnnotation>
						</TextAnnotation>
						<TextAnnotation confidence="0.0" relevance="0.4"
							xml:lang="de">
							<KeywordAnnotation>
								<Keyword>pasznam</Keyword>
								<Keyword>sunom</Keyword>
								<Keyword>vVVVV</Keyword>
							</KeywordAnnotation>
						</TextAnnotation>
						<TextAnnotation confidence="0.0" relevance="0.0"
							xml:lang="de">
							<KeywordAnnotation>
								<Keyword>A</Keyword>
								<Keyword>E</Keyword>
								<Keyword>F</Keyword>
								<Keyword>J</Keyword>
								<Keyword>K</Keyword>
								<Keyword>L</Keyword>
								<Keyword>N</Keyword>
								<Keyword>Q</Keyword>
								<Keyword>T</Keyword>
								<Keyword>V</Keyword>
								<Keyword>gx</Keyword>
								<Keyword>u</Keyword>
							</KeywordAnnotation>
						</TextAnnotation>
					</AudioVisualSegment>
					<AudioVisualSegment id="track-1.segment-31">
						<mediaTime>
							<mediaRelTimePoint>T00:29:25:0F1000</mediaRelTimePoint>
							<mediaDuration>PT25S0N1000F</mediaDuration>
						</mediaTime>
						<TextAnnotation confidence="0.5" relevance="0.6"
							xml:lang="en">
							<KeywordAnnotation>
								<Keyword>menu</Keyword>
								<Keyword>reference</Keyword>
							</KeywordAnnotation>
						</TextAnnotation>
						<TextAnnotation confidence="0.5" relevance="0.5"
							xml:lang="en">
							<KeywordAnnotation>
								<Keyword>basic</Keyword>
								<Keyword>character</Keyword>
								<Keyword>integer</Keyword>
								<Keyword>known</Keyword>
								<Keyword>made</Keyword>
								<Keyword>number</Keyword>
								<Keyword>object</Keyword>
								<Keyword>value</Keyword>
							</KeywordAnnotation>
						</TextAnnotation>
						<TextAnnotation confidence="0.5" relevance="0.0"
							xml:lang="en">
							<KeywordAnnotation>
								<Keyword>AA</Keyword>
								<Keyword>An</Keyword>
								<Keyword>Em</Keyword>
								<Keyword>It</Keyword>
								<Keyword>LT</Keyword>
								<Keyword>No</Keyword>
								<Keyword>Tm</Keyword>
								<Keyword>WZ</Keyword>
								<Keyword>ZX</Keyword>
								<Keyword>an</Keyword>
								<Keyword>as</Keyword>
								<Keyword>of</Keyword>
								<Keyword>ra</Keyword>
								<Keyword>us</Keyword>
								<Keyword>wm</Keyword>
								<Keyword>wn</Keyword>
							</KeywordAnnotation>
						</TextAnnotation>
						<TextAnnotation confidence="0.0" relevance="0.6"
							xml:lang="en">
							<KeywordAnnotation>
								<Keyword>Pv.sIU0M</Keyword>
								<Keyword>umrhu</Keyword>
								<Keyword>whr</Keyword>
							</KeywordAnnotation>
						</TextAnnotation>
						<TextAnnotation confidence="0.0" relevance="0.5"
							xml:lang="en">
							<KeywordAnnotation>
								<Keyword>L...L</Keyword>
								<Keyword>MSJUOM</Keyword>
								<Keyword>Objectstructure</Keyword>
								<Keyword>cssmmn</Keyword>
								<Keyword>dgdvqauq</Keyword>
								<Keyword>frelds</Keyword>
								<Keyword>rcu</Keyword>
								<Keyword>su170M</Keyword>
							</KeywordAnnotation>
						</TextAnnotation>
						<TextAnnotation confidence="0.0" relevance="0.0"
							xml:lang="en">
							<KeywordAnnotation>
								<Keyword>-</Keyword>
								<Keyword>A</Keyword>
								<Keyword>G</Keyword>
								<Keyword>L</Keyword>
								<Keyword>M</Keyword>
								<Keyword>Q</Keyword>
								<Keyword>T</Keyword>
								<Keyword>V</Keyword>
								<Keyword>b</Keyword>
								<Keyword>e</Keyword>
								<Keyword>f</Keyword>
								<Keyword>n</Keyword>
								<Keyword>r</Keyword>
								<Keyword>s</Keyword>
								<Keyword>u</Keyword>
								<Keyword>x</Keyword>
							</KeywordAnnotation>
						</TextAnnotation>
					</AudioVisualSegment>
					<AudioVisualSegment id="track-1.segment-32">
						<mediaTime>
							<mediaRelTimePoint>T00:29:50:0F1000</mediaRelTimePoint>
							<mediaDuration>PT35S0N1000F</mediaDuration>
						</mediaTime>
						<TextAnnotation confidence="0.5" relevance="0.5"
							xml:lang="de">
							<KeywordAnnotation>
								<Keyword>known</Keyword>
								<Keyword>mud</Keyword>
								<Keyword>reference</Keyword>
								<Keyword>www</Keyword>
							</KeywordAnnotation>
						</TextAnnotation>
						<TextAnnotation confidence="0.5" relevance="0.4"
							xml:lang="de">
							<KeywordAnnotation>
								<Keyword>Wil</Keyword>
								<Keyword>character</Keyword>
								<Keyword>made</Keyword>
								<Keyword>object</Keyword>
								<Keyword>perm</Keyword>
								<Keyword>value</Keyword>
							</KeywordAnnotation>
						</TextAnnotation>
						<TextAnnotation confidence="0.5" relevance="0.0"
							xml:lang="de">
							<KeywordAnnotation>
								<Keyword>An</Keyword>
								<Keyword>Em</Keyword>
								<Keyword>QM</Keyword>
								<Keyword>an</Keyword>
								<Keyword>cm</Keyword>
								<Keyword>dv</Keyword>
								<Keyword>is</Keyword>
								<Keyword>nk</Keyword>
								<Keyword>of</Keyword>
								<Keyword>to</Keyword>
								<Keyword>us</Keyword>
								<Keyword>vn</Keyword>
								<Keyword>wm</Keyword>
								<Keyword>xp</Keyword>
							</KeywordAnnotation>
						</TextAnnotation>
						<TextAnnotation confidence="0.0" relevance="0.5"
							xml:lang="de">
							<KeywordAnnotation>
								<Keyword>Objectstructure</Keyword>
								<Keyword>PDHUOM</Keyword>
								<Keyword>lzfv</Keyword>
								<Keyword>numbcrt</Keyword>
								<Keyword>rghr</Keyword>
								<Keyword>umthzcobjzcf</Keyword>
								<Keyword>upppr</Keyword>
								<Keyword>v,v</Keyword>
								<Keyword>wma</Keyword>
							</KeywordAnnotation>
						</TextAnnotation>
						<TextAnnotation confidence="0.0" relevance="0.4"
							xml:lang="de">
							<KeywordAnnotation>
								<Keyword>busnc</Keyword>
								<Keyword>fnelds</Keyword>
								<Keyword>mtcger</Keyword>
								<Keyword>qwcsznam</Keyword>
								<Keyword>rec</Keyword>
								<Keyword>sunom</Keyword>
							</KeywordAnnotation>
						</TextAnnotation>
						<TextAnnotation confidence="0.0" relevance="0.0"
							xml:lang="de">
							<KeywordAnnotation>
								<Keyword>-</Keyword>
								<Keyword>A</Keyword>
								<Keyword>Q</Keyword>
								<Keyword>W</Keyword>
								<Keyword>X</Keyword>
								<Keyword>Y</Keyword>
								<Keyword>g</Keyword>
								<Keyword>m</Keyword>
								<Keyword>n</Keyword>
								<Keyword>s</Keyword>
								<Keyword>u</Keyword>
								<Keyword>x</Keyword>
								<Keyword>z</Keyword>
							</KeywordAnnotation>
						</TextAnnotation>
					</AudioVisualSegment>
					<AudioVisualSegment id="track-1.segment-33">
						<mediaTime>
							<mediaRelTimePoint>T00:30:25:0F1000</mediaRelTimePoint>
							<mediaDuration>PT29S0N1000F</mediaDuration>
						</mediaTime>
						<TextAnnotation confidence="0.5" relevance="0.5"
							xml:lang="en">
							<KeywordAnnotation>
								<Keyword>Object</Keyword>
								<Keyword>character</Keyword>
								<Keyword>known</Keyword>
								<Keyword>number</Keyword>
								<Keyword>reference</Keyword>
								<Keyword>structure</Keyword>
								<Keyword>www</Keyword>
							</KeywordAnnotation>
						</TextAnnotation>
						<TextAnnotation confidence="0.5" relevance="0.4"
							xml:lang="en">
							<KeywordAnnotation>
								<Keyword>arm</Keyword>
								<Keyword>basic</Keyword>
								<Keyword>made</Keyword>
								<Keyword>object</Keyword>
								<Keyword>value</Keyword>
							</KeywordAnnotation>
						</TextAnnotation>
						<TextAnnotation confidence="0.5" relevance="0.0"
							xml:lang="en">
							<KeywordAnnotation>
								<Keyword>An</Keyword>
								<Keyword>Xp</Keyword>
								<Keyword>an</Keyword>
								<Keyword>as</Keyword>
								<Keyword>em</Keyword>
								<Keyword>fo</Keyword>
								<Keyword>is</Keyword>
								<Keyword>me</Keyword>
								<Keyword>mn</Keyword>
								<Keyword>of</Keyword>
							</KeywordAnnotation>
						</TextAnnotation>
						<TextAnnotation confidence="0.0" relevance="0.6"
							xml:lang="en">
							<KeywordAnnotation>
								<Keyword>FUHUOM</Keyword>
								<Keyword>ais</Keyword>
								<Keyword>ghr</Keyword>
							</KeywordAnnotation>
						</TextAnnotation>
						<TextAnnotation confidence="0.0" relevance="0.5"
							xml:lang="en">
							<KeywordAnnotation>
								<Keyword>fnelds</Keyword>
								<Keyword>integer-</Keyword>
								<Keyword>recI</Keyword>
								<Keyword>srch</Keyword>
								<Keyword>umthzcobject</Keyword>
								<Keyword>usmsun</Keyword>
							</KeywordAnnotation>
						</TextAnnotation>
						<TextAnnotation confidence="0.0" relevance="0.4"
							xml:lang="en">
							<KeywordAnnotation>
								<Keyword>sunam</Keyword>
								<Keyword>wcsznma</Keyword>
							</KeywordAnnotation>
						</TextAnnotation>
						<TextAnnotation confidence="0.0" relevance="0.0"
							xml:lang="en">
							<KeywordAnnotation>
								<Keyword>A</Keyword>
								<Keyword>E</Keyword>
								<Keyword>M</Keyword>
								<Keyword>O</Keyword>
								<Keyword>P</Keyword>
								<Keyword>Q</Keyword>
								<Keyword>W</Keyword>
								<Keyword>WJ</Keyword>
								<Keyword>Y</Keyword>
								<Keyword>f-</Keyword>
								<Keyword>fj</Keyword>
								<Keyword>l</Keyword>
								<Keyword>n</Keyword>
								<Keyword>s</Keyword>
								<Keyword>u</Keyword>
								<Keyword>v</Keyword>
								<Keyword>x</Keyword>
							</KeywordAnnotation>
						</TextAnnotation>
					</AudioVisualSegment>
					<AudioVisualSegment id="track-1.segment-34">
						<mediaTime>
							<mediaRelTimePoint>T00:30:54:0F1000</mediaRelTimePoint>
							<mediaDuration>PT22S0N1000F</mediaDuration>
						</mediaTime>
						<TextAnnotation confidence="0.5" relevance="0.5"
							xml:lang="de">
							<KeywordAnnotation>
								<Keyword>Drum</Keyword>
								<Keyword>Each</Keyword>
								<Keyword>known</Keyword>
								<Keyword>value</Keyword>
								<Keyword>www</Keyword>
							</KeywordAnnotation>
						</TextAnnotation>
						<TextAnnotation confidence="0.5" relevance="0.4"
							xml:lang="de">
							<KeywordAnnotation>
								<Keyword>basic</Keyword>
								<Keyword>character</Keyword>
								<Keyword>integer</Keyword>
								<Keyword>number</Keyword>
								<Keyword>value</Keyword>
							</KeywordAnnotation>
						</TextAnnotation>
						<TextAnnotation confidence="0.5" relevance="0.0"
							xml:lang="de">
							<KeywordAnnotation>
								<Keyword>Fi</Keyword>
								<Keyword>IW</Keyword>
								<Keyword>PL</Keyword>
								<Keyword>QM</Keyword>
								<Keyword>Xp</Keyword>
								<Keyword>as</Keyword>
								<Keyword>dv</Keyword>
								<Keyword>nk</Keyword>
								<Keyword>ns</Keyword>
								<Keyword>un</Keyword>
								<Keyword>vr</Keyword>
							</KeywordAnnotation>
						</TextAnnotation>
						<TextAnnotation confidence="0.0" relevance="0.5"
							xml:lang="de">
							<KeywordAnnotation>
								<Keyword>Objectstructurs</Keyword>
								<Keyword>POHHOM</Keyword>
								<Keyword>SESMHVT</Keyword>
								<Keyword>fnzld</Keyword>
								<Keyword>iiUi</Keyword>
								<Keyword>mmm</Keyword>
								<Keyword>nseithewz</Keyword>
								<Keyword>rghr</Keyword>
								<Keyword>whnch</Keyword>
							</KeywordAnnotation>
						</TextAnnotation>
						<TextAnnotation confidence="0.0" relevance="0.4"
							xml:lang="de">
							<KeywordAnnotation>
								<Keyword>Vfii</Keyword>
								<Keyword>rccI</Keyword>
								<Keyword>sr0n</Keyword>
								<Keyword>sunam</Keyword>
								<Keyword>wosznam</Keyword>
							</KeywordAnnotation>
						</TextAnnotation>
						<TextAnnotation confidence="0.0" relevance="0.0"
							xml:lang="de">
							<KeywordAnnotation>
								<Keyword>A</Keyword>
								<Keyword>E</Keyword>
								<Keyword>I</Keyword>
								<Keyword>M</Keyword>
								<Keyword>T</Keyword>
								<Keyword>W</Keyword>
								<Keyword>WD</Keyword>
								<Keyword>b</Keyword>
								<Keyword>c</Keyword>
								<Keyword>m</Keyword>
								<Keyword>p</Keyword>
								<Keyword>u</Keyword>
								<Keyword>v</Keyword>
								<Keyword>y</Keyword>
							</KeywordAnnotation>
						</TextAnnotation>
					</AudioVisualSegment>
					<AudioVisualSegment id="track-1.segment-35">
						<mediaTime>
							<mediaRelTimePoint>T00:31:16:0F1000</mediaRelTimePoint>
							<mediaDuration>PT13S0N1000F</mediaDuration>
						</mediaTime>
						<TextAnnotation confidence="0.5" relevance="0.6"
							xml:lang="en">
							<KeywordAnnotation>
								<Keyword>sir</Keyword>
							</KeywordAnnotation>
						</TextAnnotation>
						<TextAnnotation confidence="0.5" relevance="0.5"
							xml:lang="en">
							<KeywordAnnotation>
								<Keyword>Object</Keyword>
								<Keyword>amp</Keyword>
								<Keyword>another</Keyword>
								<Keyword>basic</Keyword>
								<Keyword>character</Keyword>
								<Keyword>fir</Keyword>
								<Keyword>integer</Keyword>
								<Keyword>made</Keyword>
								<Keyword>new</Keyword>
								<Keyword>number</Keyword>
								<Keyword>reference</Keyword>
								<Keyword>structure</Keyword>
								<Keyword>value</Keyword>
							</KeywordAnnotation>
						</TextAnnotation>
						<TextAnnotation confidence="0.5" relevance="0.4"
							xml:lang="en">
							<KeywordAnnotation>
								<Keyword>object</Keyword>
							</KeywordAnnotation>
						</TextAnnotation>
						<TextAnnotation confidence="0.5" relevance="0.0"
							xml:lang="en">
							<KeywordAnnotation>
								<Keyword>AL</Keyword>
								<Keyword>An</Keyword>
								<Keyword>Em</Keyword>
								<Keyword>Mn</Keyword>
								<Keyword>Nt</Keyword>
								<Keyword>To</Keyword>
								<Keyword>an</Keyword>
								<Keyword>ex</Keyword>
								<Keyword>is</Keyword>
								<Keyword>li</Keyword>
								<Keyword>lm</Keyword>
								<Keyword>of</Keyword>
								<Keyword>wm</Keyword>
							</KeywordAnnotation>
						</TextAnnotation>
						<TextAnnotation confidence="0.0" relevance="0.6"
							xml:lang="en">
							<KeywordAnnotation>
								<Keyword>yum</Keyword>
							</KeywordAnnotation>
						</TextAnnotation>
						<TextAnnotation confidence="0.0" relevance="0.5"
							xml:lang="en">
							<KeywordAnnotation>
								<Keyword>abject</Keyword>
								<Keyword>clue</Keyword>
								<Keyword>fnclds</Keyword>
								<Keyword>kncwnuscn</Keyword>
								<Keyword>nded</Keyword>
								<Keyword>recI</Keyword>
								<Keyword>upm</Keyword>
								<Keyword>wma</Keyword>
								<Keyword>wmh</Keyword>
							</KeywordAnnotation>
						</TextAnnotation>
						<TextAnnotation confidence="0.0" relevance="0.4"
							xml:lang="en">
							<KeywordAnnotation>
								<Keyword>Qsrmy</Keyword>
								<Keyword>pasznam</Keyword>
								<Keyword>sunam</Keyword>
							</KeywordAnnotation>
						</TextAnnotation>
						<TextAnnotation confidence="0.0" relevance="0.0"
							xml:lang="en">
							<KeywordAnnotation>
								<Keyword>-</Keyword>
								<Keyword>A</Keyword>
								<Keyword>B</Keyword>
								<Keyword>I</Keyword>
								<Keyword>K</Keyword>
								<Keyword>L</Keyword>
								<Keyword>N</Keyword>
								<Keyword>P</Keyword>
								<Keyword>Q</Keyword>
								<Keyword>T</Keyword>
								<Keyword>Y</Keyword>
								<Keyword>i</Keyword>
								<Keyword>o</Keyword>
								<Keyword>r</Keyword>
								<Keyword>s</Keyword>
								<Keyword>v</Keyword>
								<Keyword>x</Keyword>
								<Keyword>z</Keyword>
							</KeywordAnnotation>
						</TextAnnotation>
					</AudioVisualSegment>
					<AudioVisualSegment id="track-1.segment-36">
						<mediaTime>
							<mediaRelTimePoint>T00:31:29:0F1000</mediaRelTimePoint>
							<mediaDuration>PT19S0N1000F</mediaDuration>
						</mediaTime>
						<TextAnnotation confidence="0.5" relevance="0.5"
							xml:lang="en">
							<KeywordAnnotation>
								<Keyword>CNY</Keyword>
								<Keyword>type</Keyword>
							</KeywordAnnotation>
						</TextAnnotation>
						<TextAnnotation confidence="0.5" relevance="0.4"
							xml:lang="en">
							<KeywordAnnotation>
								<Keyword>Expanded</Keyword>
								<Keyword>HON</Keyword>
								<Keyword>Two</Keyword>
								<Keyword>kinds</Keyword>
								<Keyword>object</Keyword>
								<Keyword>types</Keyword>
								<Keyword>value</Keyword>
							</KeywordAnnotation>
						</TextAnnotation>
						<TextAnnotation confidence="0.5" relevance="0.0"
							xml:lang="en">
							<KeywordAnnotation>
								<Keyword>Of</Keyword>
								<Keyword>TA</Keyword>
								<Keyword>be</Keyword>
								<Keyword>cn</Keyword>
								<Keyword>iS</Keyword>
								<Keyword>is</Keyword>
								<Keyword>of</Keyword>
								<Keyword>sr</Keyword>
								<Keyword>su</Keyword>
								<Keyword>un</Keyword>
							</KeywordAnnotation>
						</TextAnnotation>
						<TextAnnotation confidence="0.0" relevance="0.5"
							xml:lang="en">
							<KeywordAnnotation>
								<Keyword>BHTEYY</Keyword>
							</KeywordAnnotation>
						</TextAnnotation>
						<TextAnnotation confidence="0.0" relevance="0.4"
							xml:lang="en">
							<KeywordAnnotation>
								<Keyword>CY1C</Keyword>
								<Keyword>Typ2S</Keyword>
								<Keyword>VGILIC</Keyword>
								<Keyword>cnfity</Keyword>
								<Keyword>fBl</Keyword>
							</KeywordAnnotation>
						</TextAnnotation>
						<TextAnnotation confidence="0.0" relevance="0.3"
							xml:lang="en">
							<KeywordAnnotation>
								<Keyword>nav</Keyword>
							</KeywordAnnotation>
						</TextAnnotation>
						<TextAnnotation confidence="0.0" relevance="0.0"
							xml:lang="en">
							<KeywordAnnotation>
								<Keyword>C</Keyword>
								<Keyword>E</Keyword>
								<Keyword>G</Keyword>
								<Keyword>I</Keyword>
								<Keyword>R</Keyword>
								<Keyword>T</Keyword>
								<Keyword>U</Keyword>
								<Keyword>e</Keyword>
								<Keyword>f</Keyword>
								<Keyword>v</Keyword>
							</KeywordAnnotation>
						</TextAnnotation>
					</AudioVisualSegment>
					<AudioVisualSegment id="track-1.segment-37">
						<mediaTime>
							<mediaRelTimePoint>T00:31:48:0F1000</mediaRelTimePoint>
							<mediaDuration>PT28S0N1000F</mediaDuration>
						</mediaTime>
						<TextAnnotation confidence="0.5" relevance="0.5"
							xml:lang="en">
							<KeywordAnnotation>
								<Keyword>reference</Keyword>
								<Keyword>type</Keyword>
							</KeywordAnnotation>
						</TextAnnotation>
						<TextAnnotation confidence="0.5" relevance="0.4"
							xml:lang="en">
							<KeywordAnnotation>
								<Keyword>Reference</Keyword>
								<Keyword>Two</Keyword>
								<Keyword>any</Keyword>
								<Keyword>entity</Keyword>
								<Keyword>kinds</Keyword>
								<Keyword>object</Keyword>
								<Keyword>types</Keyword>
								<Keyword>value</Keyword>
							</KeywordAnnotation>
						</TextAnnotation>
						<TextAnnotation confidence="0.5" relevance="0.3"
							xml:lang="en">
							<KeywordAnnotation>
								<Keyword>Expanded</Keyword>
								<Keyword>value</Keyword>
							</KeywordAnnotation>
						</TextAnnotation>
						<TextAnnotation confidence="0.5" relevance="0.0"
							xml:lang="en">
							<KeywordAnnotation>
								<Keyword>TA</Keyword>
								<Keyword>cn</Keyword>
								<Keyword>dz</Keyword>
								<Keyword>is</Keyword>
								<Keyword>of</Keyword>
								<Keyword>rn</Keyword>
								<Keyword>su</Keyword>
								<Keyword>un</Keyword>
							</KeywordAnnotation>
						</TextAnnotation>
						<TextAnnotation confidence="0.0" relevance="0.4"
							xml:lang="en">
							<KeywordAnnotation>
								<Keyword>UON</Keyword>
							</KeywordAnnotation>
						</TextAnnotation>
						<TextAnnotation confidence="0.0" relevance="0.3"
							xml:lang="en">
							<KeywordAnnotation>
								<Keyword>fypes</Keyword>
								<Keyword>nav</Keyword>
							</KeywordAnnotation>
						</TextAnnotation>
						<TextAnnotation confidence="0.0" relevance="0.0"
							xml:lang="en">
							<KeywordAnnotation>
								<Keyword>E</Keyword>
								<Keyword>I</Keyword>
								<Keyword>V</Keyword>
								<Keyword>b</Keyword>
								<Keyword>e</Keyword>
								<Keyword>f</Keyword>
								<Keyword>m</Keyword>
								<Keyword>r</Keyword>
								<Keyword>s</Keyword>
								<Keyword>u</Keyword>
							</KeywordAnnotation>
						</TextAnnotation>
					</AudioVisualSegment>
					<AudioVisualSegment id="track-1.segment-38">
						<mediaTime>
							<mediaRelTimePoint>T00:32:16:0F1000</mediaRelTimePoint>
							<mediaDuration>PT41S0N1000F</mediaDuration>
						</mediaTime>
						<TextAnnotation confidence="0.5" relevance="0.5"
							xml:lang="en">
							<KeywordAnnotation>
								<Keyword>CNY</Keyword>
								<Keyword>type</Keyword>
							</KeywordAnnotation>
						</TextAnnotation>
						<TextAnnotation confidence="0.5" relevance="0.4"
							xml:lang="en">
							<KeywordAnnotation>
								<Keyword>Expanded</Keyword>
								<Keyword>ION</Keyword>
								<Keyword>TYPES</Keyword>
								<Keyword>Two</Keyword>
								<Keyword>entity</Keyword>
								<Keyword>kinds</Keyword>
								<Keyword>object</Keyword>
								<Keyword>types</Keyword>
							</KeywordAnnotation>
						</TextAnnotation>
						<TextAnnotation confidence="0.5" relevance="0.0"
							xml:lang="en">
							<KeywordAnnotation>
								<Keyword>Bl</Keyword>
								<Keyword>Of</Keyword>
								<Keyword>TA</Keyword>
								<Keyword>an</Keyword>
								<Keyword>bz</Keyword>
								<Keyword>cn</Keyword>
								<Keyword>iS</Keyword>
								<Keyword>is</Keyword>
								<Keyword>na</Keyword>
								<Keyword>of</Keyword>
								<Keyword>rr</Keyword>
							</KeywordAnnotation>
						</TextAnnotation>
						<TextAnnotation confidence="0.0" relevance="0.5"
							xml:lang="en">
							<KeywordAnnotation>
								<Keyword>I1CE</Keyword>
								<Keyword>IYH</Keyword>
								<Keyword>UOM</Keyword>
								<Keyword>VGILIQ</Keyword>
							</KeywordAnnotation>
						</TextAnnotation>
						<TextAnnotation confidence="0.0" relevance="0.4"
							xml:lang="en">
							<KeywordAnnotation>
								<Keyword>vuluc</Keyword>
							</KeywordAnnotation>
						</TextAnnotation>
						<TextAnnotation confidence="0.0" relevance="0.0"
							xml:lang="en">
							<KeywordAnnotation>
								<Keyword>C</Keyword>
								<Keyword>E</Keyword>
								<Keyword>G</Keyword>
								<Keyword>I</Keyword>
								<Keyword>R</Keyword>
								<Keyword>V</Keyword>
								<Keyword>d</Keyword>
								<Keyword>e</Keyword>
								<Keyword>f</Keyword>
								<Keyword>l</Keyword>
								<Keyword>rx</Keyword>
								<Keyword>s</Keyword>
								<Keyword>y</Keyword>
							</KeywordAnnotation>
						</TextAnnotation>
					</AudioVisualSegment>
					<AudioVisualSegment id="track-1.segment-39">
						<mediaTime>
							<mediaRelTimePoint>T00:32:57:0F1000</mediaRelTimePoint>
							<mediaDuration>PT18S0N1000F</mediaDuration>
						</mediaTime>
						<TextAnnotation confidence="0.5" relevance="0.4"
							xml:lang="en">
							<KeywordAnnotation>
								<Keyword>Expanded</Keyword>
								<Keyword>ION</Keyword>
								<Keyword>Than</Keyword>
								<Keyword>The</Keyword>
								<Keyword>any</Keyword>
								<Keyword>class</Keyword>
								<Keyword>classes</Keyword>
								<Keyword>declared</Keyword>
								<Keyword>described</Keyword>
								<Keyword>entity</Keyword>
								<Keyword>expanded</Keyword>
								<Keyword>jus</Keyword>
								<Keyword>may</Keyword>
								<Keyword>rest</Keyword>
							</KeywordAnnotation>
						</TextAnnotation>
						<TextAnnotation confidence="0.5" relevance="0.3"
							xml:lang="en">
							<KeywordAnnotation>
								<Keyword>The</Keyword>
								<Keyword>expanded</Keyword>
								<Keyword>has</Keyword>
								<Keyword>semantics</Keyword>
							</KeywordAnnotation>
						</TextAnnotation>
						<TextAnnotation confidence="0.5" relevance="0.0"
							xml:lang="en">
							<KeywordAnnotation>
								<Keyword>TA</Keyword>
								<Keyword>as</Keyword>
								<Keyword>be</Keyword>
								<Keyword>dn</Keyword>
								<Keyword>in</Keyword>
							</KeywordAnnotation>
						</TextAnnotation>
						<TextAnnotation confidence="0.0" relevance="0.0"
							xml:lang="en">
							<KeywordAnnotation>
								<Keyword>A</Keyword>
								<Keyword>E</Keyword>
								<Keyword>S</Keyword>
							</KeywordAnnotation>
						</TextAnnotation>
					</AudioVisualSegment>
					<AudioVisualSegment id="track-1.segment-40">
						<mediaTime>
							<mediaRelTimePoint>T00:33:15:0F1000</mediaRelTimePoint>
							<mediaDuration>PT50M36S758N1000F</mediaDuration>
						</mediaTime>
						<TextAnnotation confidence="0.5" relevance="0.5"
							xml:lang="en">
							<KeywordAnnotation>
								<Keyword>References</Keyword>
								<Keyword>cause</Keyword>
								<Keyword>cycles</Keyword>
								<Keyword>may</Keyword>
							</KeywordAnnotation>
						</TextAnnotation>
						<TextAnnotation confidence="0.5" relevance="0.3"
							xml:lang="en">
							<KeywordAnnotation>
								<Keyword>Figaro</Keyword>
								<Keyword>Susanna</Keyword>
								<Keyword>ard</Keyword>
							</KeywordAnnotation>
						</TextAnnotation>
						<TextAnnotation confidence="0.0" relevance="0.4"
							xml:lang="en">
							<KeywordAnnotation>
								<Keyword>Almuviv</Keyword>
								<Keyword>HMB</Keyword>
							</KeywordAnnotation>
						</TextAnnotation>
						<TextAnnotation confidence="0.0" relevance="0.0"
							xml:lang="en">
							<KeywordAnnotation>
								<Keyword>i</Keyword>
								<Keyword>md</Keyword>
							</KeywordAnnotation>
						</TextAnnotation>
					</AudioVisualSegment>
				</TemporalDecomposition>
			</AudioVisual>
		</MultimediaContent>
	</Description>
</Mpeg7>
