<?xml version="1.0" encoding="UTF-8"?>
<metadata xmlns="http://www.opencastproject.org/xsd/1.0/dublincore/" xmlns:dcterms="http://purl.org/dc/terms/" xmlns:xsi="http://www.w3.org/2001/XMLSchema-instance">
    <dcterms:creator>Plattner, Bernhard</dcterms:creator>
    <dcterms:creator>Frei, Stefan</dcterms:creator>
    <dcterms:creator>Dübendorfer, Thomas Peter</dcterms:creator>
    <dcterms:contributor>Department of Mechanical and Process Engineering</dcterms:contributor>
    <dcterms:type>Moving Image/Lecture Recording</dcterms:type>
    <dcterms:extent xsi:type="dcterms:ISO8601">PT27M10.015S</dcterms:extent>
    <dcterms:isPartOf>227-0577-00L-2009W</dcterms:isPartOf>
    <dcterms:license>http://www.multimedia.ethz.ch/docs/disclaimer/index</dcterms:license>
    <dcterms:created xsi:type="dcterms:W3CDTF">2009-10-06</dcterms:created>
    <dcterms:subject xml:lang="de">Electrical Engineering</dcterms:subject>
    <dcterms:language>eng</dcterms:language>
    <dcterms:rightsHolder>ETH Zurich, Zurich, Switzerland</dcterms:rightsHolder>
    <dcterms:publisher>ETH Zurich, ITS-MMS</dcterms:publisher>
    
    <dcterms:spatial>ETF C1</dcterms:spatial>
    <dcterms:identifier>10.3930/ETHZ/AV-5759b598-5b65-47b2-9e8a-eb7791e831b3</dcterms:identifier>
    <dcterms:title xml:lang="de">Network Security</dcterms:title>
</metadata>
