<?xml version="1.0" encoding="UTF-8"?>
<Mpeg7 xmlns="urn:mpeg:mpeg7:schema:2001" xmlns:mpeg7="urn:mpeg7:schema:2001"
	xmlns:xsi="http://www.w3.org/2001/XMLSchema-instance/">
	<Description xsi:type="ContentEntityType">
		<MultimediaContent xsi:type="AudioVisualType">
			<AudioVisual id="track-1">
				<mediaLocator>
					<mediaUri>file:tracks/20091103_E1_2_Celati_SD.mov</mediaUri>
				</mediaLocator>
				<mediaTime>
					<mediaTimePoint>T00:00:00:0F25</mediaTimePoint>
					<mediaDuration>PT01H24M08S519N1000F</mediaDuration>
				</mediaTime>
				<TemporalDecomposition criteria="temporal"
					gap="false" overlap="false">
					<AudioVisualSegment id="track-1.segment-1">
						<mediaTime>
							<mediaRelTimePoint>T00:00:00:0F1000</mediaRelTimePoint>
							<mediaDuration>PT03M16S0N1000F</mediaDuration>
						</mediaTime>
					</AudioVisualSegment>
					<AudioVisualSegment id="track-1.segment-2">
						<mediaTime>
							<mediaRelTimePoint>T00:03:16:0F1000</mediaRelTimePoint>
							<mediaDuration>PT44S0N1000F</mediaDuration>
						</mediaTime>
					</AudioVisualSegment>
					<AudioVisualSegment id="track-1.segment-3">
						<mediaTime>
							<mediaRelTimePoint>T00:04:00:0F1000</mediaRelTimePoint>
							<mediaDuration>PT01M42S0N1000F</mediaDuration>
						</mediaTime>
						<TextAnnotation confidence="0.0" relevance="0.0"
							xml:lang="en">
							<KeywordAnnotation>
								<Keyword>Q</Keyword>
							</KeywordAnnotation>
						</TextAnnotation>
					</AudioVisualSegment>
					<AudioVisualSegment id="track-1.segment-4">
						<mediaTime>
							<mediaRelTimePoint>T00:05:42:0F1000</mediaRelTimePoint>
							<mediaDuration>PT27S0N1000F</mediaDuration>
						</mediaTime>
						<TextAnnotation confidence="0.0" relevance="0.0"
							xml:lang="en">
							<KeywordAnnotation>
								<Keyword>I</Keyword>
								<Keyword>Z</Keyword>
							</KeywordAnnotation>
						</TextAnnotation>
					</AudioVisualSegment>
					<AudioVisualSegment id="track-1.segment-5">
						<mediaTime>
							<mediaRelTimePoint>T00:06:09:0F1000</mediaRelTimePoint>
							<mediaDuration>PT37S0N1000F</mediaDuration>
						</mediaTime>
						<TextAnnotation confidence="0.5" relevance="0.0"
							xml:lang="de">
							<KeywordAnnotation>
								<Keyword>IN</Keyword>
							</KeywordAnnotation>
						</TextAnnotation>
						<TextAnnotation confidence="0.0" relevance="0.0"
							xml:lang="de">
							<KeywordAnnotation>
								<Keyword>T</Keyword>
							</KeywordAnnotation>
						</TextAnnotation>
					</AudioVisualSegment>
					<AudioVisualSegment id="track-1.segment-6">
						<mediaTime>
							<mediaRelTimePoint>T00:06:46:0F1000</mediaRelTimePoint>
							<mediaDuration>PT01M25S0N1000F</mediaDuration>
						</mediaTime>
						<TextAnnotation confidence="0.5" relevance="0.3"
							xml:lang="de">
							<KeywordAnnotation>
								<Keyword>ZEI</Keyword>
							</KeywordAnnotation>
						</TextAnnotation>
						<TextAnnotation confidence="0.0" relevance="0.0"
							xml:lang="de">
							<KeywordAnnotation>
								<Keyword>a</Keyword>
							</KeywordAnnotation>
						</TextAnnotation>
					</AudioVisualSegment>
					<AudioVisualSegment id="track-1.segment-7">
						<mediaTime>
							<mediaRelTimePoint>T00:08:11:0F1000</mediaRelTimePoint>
							<mediaDuration>PT04M24S0N1000F</mediaDuration>
						</mediaTime>
					</AudioVisualSegment>
					<AudioVisualSegment id="track-1.segment-8">
						<mediaTime>
							<mediaRelTimePoint>T00:12:35:0F1000</mediaRelTimePoint>
							<mediaDuration>PT01M15S0N1000F</mediaDuration>
						</mediaTime>
						<TextAnnotation confidence="0.0" relevance="0.0"
							xml:lang="en">
							<KeywordAnnotation>
								<Keyword>I</Keyword>
							</KeywordAnnotation>
						</TextAnnotation>
					</AudioVisualSegment>
					<AudioVisualSegment id="track-1.segment-9">
						<mediaTime>
							<mediaRelTimePoint>T00:13:50:0F1000</mediaRelTimePoint>
							<mediaDuration>PT01M16S0N1000F</mediaDuration>
						</mediaTime>
						<TextAnnotation confidence="0.0" relevance="0.0"
							xml:lang="en">
							<KeywordAnnotation>
								<Keyword>O</Keyword>
							</KeywordAnnotation>
						</TextAnnotation>
					</AudioVisualSegment>
					<AudioVisualSegment id="track-1.segment-10">
						<mediaTime>
							<mediaRelTimePoint>T00:15:06:0F1000</mediaRelTimePoint>
							<mediaDuration>PT19S0N1000F</mediaDuration>
						</mediaTime>
						<TextAnnotation confidence="0.0" relevance="0.0"
							xml:lang="en">
							<KeywordAnnotation>
								<Keyword>F</Keyword>
								<Keyword>i</Keyword>
							</KeywordAnnotation>
						</TextAnnotation>
					</AudioVisualSegment>
					<AudioVisualSegment id="track-1.segment-11">
						<mediaTime>
							<mediaRelTimePoint>T00:15:25:0F1000</mediaRelTimePoint>
							<mediaDuration>PT01M43S0N1000F</mediaDuration>
						</mediaTime>
						<TextAnnotation confidence="0.0" relevance="0.0"
							xml:lang="en">
							<KeywordAnnotation>
								<Keyword>I</Keyword>
							</KeywordAnnotation>
						</TextAnnotation>
					</AudioVisualSegment>
					<AudioVisualSegment id="track-1.segment-12">
						<mediaTime>
							<mediaRelTimePoint>T00:17:08:0F1000</mediaRelTimePoint>
							<mediaDuration>PT56S0N1000F</mediaDuration>
						</mediaTime>
					</AudioVisualSegment>
					<AudioVisualSegment id="track-1.segment-13">
						<mediaTime>
							<mediaRelTimePoint>T00:18:04:0F1000</mediaRelTimePoint>
							<mediaDuration>PT01M19S0N1000F</mediaDuration>
						</mediaTime>
						<TextAnnotation confidence="0.0" relevance="0.0"
							xml:lang="en">
							<KeywordAnnotation>
								<Keyword>F</Keyword>
								<Keyword>m</Keyword>
							</KeywordAnnotation>
						</TextAnnotation>
					</AudioVisualSegment>
					<AudioVisualSegment id="track-1.segment-14">
						<mediaTime>
							<mediaRelTimePoint>T00:19:23:0F1000</mediaRelTimePoint>
							<mediaDuration>PT01M38S0N1000F</mediaDuration>
						</mediaTime>
						<TextAnnotation confidence="0.5" relevance="0.4"
							xml:lang="de">
							<KeywordAnnotation>
								<Keyword>TEE</Keyword>
							</KeywordAnnotation>
						</TextAnnotation>
						<TextAnnotation confidence="0.0" relevance="0.0"
							xml:lang="de">
							<KeywordAnnotation>
								<Keyword>HK</Keyword>
								<Keyword>I</Keyword>
								<Keyword>T</Keyword>
								<Keyword>V</Keyword>
								<Keyword>h</Keyword>
							</KeywordAnnotation>
						</TextAnnotation>
					</AudioVisualSegment>
					<AudioVisualSegment id="track-1.segment-15">
						<mediaTime>
							<mediaRelTimePoint>T00:21:01:0F1000</mediaRelTimePoint>
							<mediaDuration>PT01M35S0N1000F</mediaDuration>
						</mediaTime>
						<TextAnnotation confidence="0.5" relevance="0.0"
							xml:lang="de">
							<KeywordAnnotation>
								<Keyword>HH</Keyword>
								<Keyword>Zi</Keyword>
							</KeywordAnnotation>
						</TextAnnotation>
						<TextAnnotation confidence="0.0" relevance="0.0"
							xml:lang="de">
							<KeywordAnnotation>
								<Keyword>I</Keyword>
							</KeywordAnnotation>
						</TextAnnotation>
					</AudioVisualSegment>
					<AudioVisualSegment id="track-1.segment-16">
						<mediaTime>
							<mediaRelTimePoint>T00:22:36:0F1000</mediaRelTimePoint>
							<mediaDuration>PT19S0N1000F</mediaDuration>
						</mediaTime>
						<TextAnnotation confidence="0.5" relevance="0.0"
							xml:lang="de">
							<KeywordAnnotation>
								<Keyword>EV</Keyword>
								<Keyword>Hm</Keyword>
							</KeywordAnnotation>
						</TextAnnotation>
						<TextAnnotation confidence="0.0" relevance="0.0"
							xml:lang="de">
							<KeywordAnnotation>
								<Keyword>I</Keyword>
							</KeywordAnnotation>
						</TextAnnotation>
					</AudioVisualSegment>
					<AudioVisualSegment id="track-1.segment-17">
						<mediaTime>
							<mediaRelTimePoint>T00:22:55:0F1000</mediaRelTimePoint>
							<mediaDuration>PT02M19S0N1000F</mediaDuration>
						</mediaTime>
						<TextAnnotation confidence="0.0" relevance="0.0"
							xml:lang="en">
							<KeywordAnnotation>
								<Keyword>J</Keyword>
							</KeywordAnnotation>
						</TextAnnotation>
					</AudioVisualSegment>
					<AudioVisualSegment id="track-1.segment-18">
						<mediaTime>
							<mediaRelTimePoint>T00:25:14:0F1000</mediaRelTimePoint>
							<mediaDuration>PT29S0N1000F</mediaDuration>
						</mediaTime>
						<TextAnnotation confidence="0.5" relevance="0.3"
							xml:lang="de">
							<KeywordAnnotation>
								<Keyword>PER</Keyword>
							</KeywordAnnotation>
						</TextAnnotation>
						<TextAnnotation confidence="0.5" relevance="0.0"
							xml:lang="de">
							<KeywordAnnotation>
								<Keyword>HE</Keyword>
							</KeywordAnnotation>
						</TextAnnotation>
						<TextAnnotation confidence="0.0" relevance="0.0"
							xml:lang="de">
							<KeywordAnnotation>
								<Keyword>I</Keyword>
							</KeywordAnnotation>
						</TextAnnotation>
					</AudioVisualSegment>
					<AudioVisualSegment id="track-1.segment-19">
						<mediaTime>
							<mediaRelTimePoint>T00:25:43:0F1000</mediaRelTimePoint>
							<mediaDuration>PT01M37S0N1000F</mediaDuration>
						</mediaTime>
					</AudioVisualSegment>
					<AudioVisualSegment id="track-1.segment-20">
						<mediaTime>
							<mediaRelTimePoint>T00:27:20:0F1000</mediaRelTimePoint>
							<mediaDuration>PT01M11S0N1000F</mediaDuration>
						</mediaTime>
						<TextAnnotation confidence="0.0" relevance="0.0"
							xml:lang="en">
							<KeywordAnnotation>
								<Keyword>A</Keyword>
								<Keyword>A-</Keyword>
								<Keyword>I</Keyword>
								<Keyword>W</Keyword>
								<Keyword>Y</Keyword>
								<Keyword>j</Keyword>
							</KeywordAnnotation>
						</TextAnnotation>
					</AudioVisualSegment>
					<AudioVisualSegment id="track-1.segment-21">
						<mediaTime>
							<mediaRelTimePoint>T00:28:31:0F1000</mediaRelTimePoint>
							<mediaDuration>PT01M0N1000F</mediaDuration>
						</mediaTime>
						<TextAnnotation confidence="0.0" relevance="0.0"
							xml:lang="en">
							<KeywordAnnotation>
								<Keyword>I</Keyword>
								<Keyword>V</Keyword>
							</KeywordAnnotation>
						</TextAnnotation>
					</AudioVisualSegment>
					<AudioVisualSegment id="track-1.segment-22">
						<mediaTime>
							<mediaRelTimePoint>T00:29:31:0F1000</mediaRelTimePoint>
							<mediaDuration>PT02M33S0N1000F</mediaDuration>
						</mediaTime>
						<TextAnnotation confidence="0.5" relevance="0.3"
							xml:lang="de">
							<KeywordAnnotation>
								<Keyword>Zal</Keyword>
							</KeywordAnnotation>
						</TextAnnotation>
						<TextAnnotation confidence="0.0" relevance="0.0"
							xml:lang="de">
							<KeywordAnnotation>
								<Keyword>-</Keyword>
								<Keyword>I</Keyword>
								<Keyword>Q</Keyword>
								<Keyword>i</Keyword>
								<Keyword>n</Keyword>
								<Keyword>v</Keyword>
							</KeywordAnnotation>
						</TextAnnotation>
					</AudioVisualSegment>
					<AudioVisualSegment id="track-1.segment-23">
						<mediaTime>
							<mediaRelTimePoint>T00:32:04:0F1000</mediaRelTimePoint>
							<mediaDuration>PT01M07S0N1000F</mediaDuration>
						</mediaTime>
						<TextAnnotation confidence="0.0" relevance="0.3"
							xml:lang="en">
							<KeywordAnnotation>
								<Keyword>Hli</Keyword>
							</KeywordAnnotation>
						</TextAnnotation>
						<TextAnnotation confidence="0.0" relevance="0.0"
							xml:lang="en">
							<KeywordAnnotation>
								<Keyword>I</Keyword>
								<Keyword>i</Keyword>
								<Keyword>w-</Keyword>
							</KeywordAnnotation>
						</TextAnnotation>
					</AudioVisualSegment>
					<AudioVisualSegment id="track-1.segment-24">
						<mediaTime>
							<mediaRelTimePoint>T00:33:11:0F1000</mediaRelTimePoint>
							<mediaDuration>PT28S0N1000F</mediaDuration>
						</mediaTime>
						<TextAnnotation confidence="0.0" relevance="0.0"
							xml:lang="en">
							<KeywordAnnotation>
								<Keyword>I</Keyword>
							</KeywordAnnotation>
						</TextAnnotation>
					</AudioVisualSegment>
					<AudioVisualSegment id="track-1.segment-25">
						<mediaTime>
							<mediaRelTimePoint>T00:33:39:0F1000</mediaRelTimePoint>
							<mediaDuration>PT28S0N1000F</mediaDuration>
						</mediaTime>
						<TextAnnotation confidence="0.0" relevance="0.0"
							xml:lang="en">
							<KeywordAnnotation>
								<Keyword>I</Keyword>
							</KeywordAnnotation>
						</TextAnnotation>
					</AudioVisualSegment>
					<AudioVisualSegment id="track-1.segment-26">
						<mediaTime>
							<mediaRelTimePoint>T00:34:07:0F1000</mediaRelTimePoint>
							<mediaDuration>PT01M41S0N1000F</mediaDuration>
						</mediaTime>
						<TextAnnotation confidence="0.0" relevance="0.0"
							xml:lang="en">
							<KeywordAnnotation>
								<Keyword>I</Keyword>
							</KeywordAnnotation>
						</TextAnnotation>
					</AudioVisualSegment>
					<AudioVisualSegment id="track-1.segment-27">
						<mediaTime>
							<mediaRelTimePoint>T00:35:48:0F1000</mediaRelTimePoint>
							<mediaDuration>PT02M33S0N1000F</mediaDuration>
						</mediaTime>
						<TextAnnotation confidence="0.5" relevance="0.0"
							xml:lang="de">
							<KeywordAnnotation>
								<Keyword>EK</Keyword>
								<Keyword>ZI</Keyword>
								<Keyword>it</Keyword>
							</KeywordAnnotation>
						</TextAnnotation>
					</AudioVisualSegment>
					<AudioVisualSegment id="track-1.segment-28">
						<mediaTime>
							<mediaRelTimePoint>T00:38:21:0F1000</mediaRelTimePoint>
							<mediaDuration>PT02M54S0N1000F</mediaDuration>
						</mediaTime>
						<TextAnnotation confidence="0.0" relevance="0.0"
							xml:lang="en">
							<KeywordAnnotation>
								<Keyword>-</Keyword>
								<Keyword>-n</Keyword>
								<Keyword>I</Keyword>
							</KeywordAnnotation>
						</TextAnnotation>
					</AudioVisualSegment>
					<AudioVisualSegment id="track-1.segment-29">
						<mediaTime>
							<mediaRelTimePoint>T00:41:15:0F1000</mediaRelTimePoint>
							<mediaDuration>PT02M42S0N1000F</mediaDuration>
						</mediaTime>
						<TextAnnotation confidence="0.5" relevance="0.3"
							xml:lang="de">
							<KeywordAnnotation>
								<Keyword>Zal</Keyword>
							</KeywordAnnotation>
						</TextAnnotation>
						<TextAnnotation confidence="0.0" relevance="0.0"
							xml:lang="de">
							<KeywordAnnotation>
								<Keyword>E</Keyword>
							</KeywordAnnotation>
						</TextAnnotation>
					</AudioVisualSegment>
					<AudioVisualSegment id="track-1.segment-30">
						<mediaTime>
							<mediaRelTimePoint>T00:43:57:0F1000</mediaRelTimePoint>
							<mediaDuration>PT29S0N1000F</mediaDuration>
						</mediaTime>
						<TextAnnotation confidence="0.0" relevance="0.0"
							xml:lang="en">
							<KeywordAnnotation>
								<Keyword>-H</Keyword>
								<Keyword>I</Keyword>
								<Keyword>K</Keyword>
							</KeywordAnnotation>
						</TextAnnotation>
					</AudioVisualSegment>
					<AudioVisualSegment id="track-1.segment-31">
						<mediaTime>
							<mediaRelTimePoint>T00:44:26:0F1000</mediaRelTimePoint>
							<mediaDuration>PT27S0N1000F</mediaDuration>
						</mediaTime>
						<TextAnnotation confidence="0.0" relevance="0.0"
							xml:lang="en">
							<KeywordAnnotation>
								<Keyword>E</Keyword>
								<Keyword>I</Keyword>
								<Keyword>J</Keyword>
								<Keyword>W</Keyword>
							</KeywordAnnotation>
						</TextAnnotation>
					</AudioVisualSegment>
					<AudioVisualSegment id="track-1.segment-32">
						<mediaTime>
							<mediaRelTimePoint>T00:44:53:0F1000</mediaRelTimePoint>
							<mediaDuration>PT03M01S0N1000F</mediaDuration>
						</mediaTime>
						<TextAnnotation confidence="0.5" relevance="0.0"
							xml:lang="en">
							<KeywordAnnotation>
								<Keyword>as</Keyword>
							</KeywordAnnotation>
						</TextAnnotation>
						<TextAnnotation confidence="0.0" relevance="0.0"
							xml:lang="en">
							<KeywordAnnotation>
								<Keyword>I</Keyword>
								<Keyword>Z</Keyword>
							</KeywordAnnotation>
						</TextAnnotation>
					</AudioVisualSegment>
					<AudioVisualSegment id="track-1.segment-33">
						<mediaTime>
							<mediaRelTimePoint>T00:47:54:0F1000</mediaRelTimePoint>
							<mediaDuration>PT03M26S0N1000F</mediaDuration>
						</mediaTime>
					</AudioVisualSegment>
					<AudioVisualSegment id="track-1.segment-34">
						<mediaTime>
							<mediaRelTimePoint>T00:51:20:0F1000</mediaRelTimePoint>
							<mediaDuration>PT18S0N1000F</mediaDuration>
						</mediaTime>
						<TextAnnotation confidence="0.0" relevance="0.0"
							xml:lang="en">
							<KeywordAnnotation>
								<Keyword>E</Keyword>
								<Keyword>I</Keyword>
								<Keyword>h</Keyword>
							</KeywordAnnotation>
						</TextAnnotation>
					</AudioVisualSegment>
					<AudioVisualSegment id="track-1.segment-35">
						<mediaTime>
							<mediaRelTimePoint>T00:51:38:0F1000</mediaRelTimePoint>
							<mediaDuration>PT11S0N1000F</mediaDuration>
						</mediaTime>
					</AudioVisualSegment>
					<AudioVisualSegment id="track-1.segment-36">
						<mediaTime>
							<mediaRelTimePoint>T00:51:49:0F1000</mediaRelTimePoint>
							<mediaDuration>PT31S0N1000F</mediaDuration>
						</mediaTime>
					</AudioVisualSegment>
					<AudioVisualSegment id="track-1.segment-37">
						<mediaTime>
							<mediaRelTimePoint>T00:52:20:0F1000</mediaRelTimePoint>
							<mediaDuration>PT37S0N1000F</mediaDuration>
						</mediaTime>
						<TextAnnotation confidence="0.0" relevance="0.0"
							xml:lang="en">
							<KeywordAnnotation>
								<Keyword>U</Keyword>
								<Keyword>Y</Keyword>
							</KeywordAnnotation>
						</TextAnnotation>
					</AudioVisualSegment>
					<AudioVisualSegment id="track-1.segment-38">
						<mediaTime>
							<mediaRelTimePoint>T00:52:57:0F1000</mediaRelTimePoint>
							<mediaDuration>PT23S0N1000F</mediaDuration>
						</mediaTime>
						<TextAnnotation confidence="0.0" relevance="0.0"
							xml:lang="en">
							<KeywordAnnotation>
								<Keyword>I</Keyword>
								<Keyword>V</Keyword>
								<Keyword>W</Keyword>
								<Keyword>Y</Keyword>
								<Keyword>r</Keyword>
								<Keyword>s</Keyword>
							</KeywordAnnotation>
						</TextAnnotation>
					</AudioVisualSegment>
					<AudioVisualSegment id="track-1.segment-39">
						<mediaTime>
							<mediaRelTimePoint>T00:53:20:0F1000</mediaRelTimePoint>
							<mediaDuration>PT26S0N1000F</mediaDuration>
						</mediaTime>
					</AudioVisualSegment>
					<AudioVisualSegment id="track-1.segment-40">
						<mediaTime>
							<mediaRelTimePoint>T00:53:46:0F1000</mediaRelTimePoint>
							<mediaDuration>PT11S0N1000F</mediaDuration>
						</mediaTime>
						<TextAnnotation confidence="0.5" relevance="0.0"
							xml:lang="de">
							<KeywordAnnotation>
								<Keyword>Er</Keyword>
							</KeywordAnnotation>
						</TextAnnotation>
						<TextAnnotation confidence="0.0" relevance="0.0"
							xml:lang="de">
							<KeywordAnnotation>
								<Keyword>V</Keyword>
								<Keyword>h</Keyword>
								<Keyword>i</Keyword>
								<Keyword>r</Keyword>
							</KeywordAnnotation>
						</TextAnnotation>
					</AudioVisualSegment>
					<AudioVisualSegment id="track-1.segment-41">
						<mediaTime>
							<mediaRelTimePoint>T00:53:57:0F1000</mediaRelTimePoint>
							<mediaDuration>PT12S0N1000F</mediaDuration>
						</mediaTime>
						<TextAnnotation confidence="0.5" relevance="0.0"
							xml:lang="de">
							<KeywordAnnotation>
								<Keyword>Cv</Keyword>
								<Keyword>IL</Keyword>
							</KeywordAnnotation>
						</TextAnnotation>
						<TextAnnotation confidence="0.0" relevance="0.0"
							xml:lang="de">
							<KeywordAnnotation>
								<Keyword>F</Keyword>
								<Keyword>I</Keyword>
								<Keyword>h</Keyword>
							</KeywordAnnotation>
						</TextAnnotation>
					</AudioVisualSegment>
					<AudioVisualSegment id="track-1.segment-42">
						<mediaTime>
							<mediaRelTimePoint>T00:54:09:0F1000</mediaRelTimePoint>
							<mediaDuration>PT04M08S0N1000F</mediaDuration>
						</mediaTime>
						<TextAnnotation confidence="0.0" relevance="0.3"
							xml:lang="en">
							<KeywordAnnotation>
								<Keyword>G,-</Keyword>
							</KeywordAnnotation>
						</TextAnnotation>
						<TextAnnotation confidence="0.0" relevance="0.0"
							xml:lang="en">
							<KeywordAnnotation>
								<Keyword>H</Keyword>
								<Keyword>I</Keyword>
							</KeywordAnnotation>
						</TextAnnotation>
					</AudioVisualSegment>
					<AudioVisualSegment id="track-1.segment-43">
						<mediaTime>
							<mediaRelTimePoint>T00:58:17:0F1000</mediaRelTimePoint>
							<mediaDuration>PT18S0N1000F</mediaDuration>
						</mediaTime>
						<TextAnnotation confidence="0.0" relevance="0.0"
							xml:lang="en">
							<KeywordAnnotation>
								<Keyword>S</Keyword>
							</KeywordAnnotation>
						</TextAnnotation>
					</AudioVisualSegment>
					<AudioVisualSegment id="track-1.segment-44">
						<mediaTime>
							<mediaRelTimePoint>T00:58:35:0F1000</mediaRelTimePoint>
							<mediaDuration>PT17S0N1000F</mediaDuration>
						</mediaTime>
						<TextAnnotation confidence="0.5" relevance="0.0"
							xml:lang="de">
							<KeywordAnnotation>
								<Keyword>UW</Keyword>
							</KeywordAnnotation>
						</TextAnnotation>
						<TextAnnotation confidence="0.0" relevance="0.0"
							xml:lang="de">
							<KeywordAnnotation>
								<Keyword>I</Keyword>
							</KeywordAnnotation>
						</TextAnnotation>
					</AudioVisualSegment>
					<AudioVisualSegment id="track-1.segment-45">
						<mediaTime>
							<mediaRelTimePoint>T00:58:52:0F1000</mediaRelTimePoint>
							<mediaDuration>PT25S0N1000F</mediaDuration>
						</mediaTime>
						<TextAnnotation confidence="0.5" relevance="0.0"
							xml:lang="de">
							<KeywordAnnotation>
								<Keyword>HI</Keyword>
							</KeywordAnnotation>
						</TextAnnotation>
						<TextAnnotation confidence="0.0" relevance="0.0"
							xml:lang="de">
							<KeywordAnnotation>
								<Keyword>I</Keyword>
								<Keyword>a</Keyword>
							</KeywordAnnotation>
						</TextAnnotation>
					</AudioVisualSegment>
					<AudioVisualSegment id="track-1.segment-46">
						<mediaTime>
							<mediaRelTimePoint>T00:59:17:0F1000</mediaRelTimePoint>
							<mediaDuration>PT56S0N1000F</mediaDuration>
						</mediaTime>
						<TextAnnotation confidence="0.0" relevance="0.0"
							xml:lang="en">
							<KeywordAnnotation>
								<Keyword>I</Keyword>
							</KeywordAnnotation>
						</TextAnnotation>
					</AudioVisualSegment>
					<AudioVisualSegment id="track-1.segment-47">
						<mediaTime>
							<mediaRelTimePoint>T01:00:13:0F1000</mediaRelTimePoint>
							<mediaDuration>PT39S0N1000F</mediaDuration>
						</mediaTime>
						<TextAnnotation confidence="0.0" relevance="0.0"
							xml:lang="en">
							<KeywordAnnotation>
								<Keyword>Y</Keyword>
							</KeywordAnnotation>
						</TextAnnotation>
					</AudioVisualSegment>
					<AudioVisualSegment id="track-1.segment-48">
						<mediaTime>
							<mediaRelTimePoint>T01:00:52:0F1000</mediaRelTimePoint>
							<mediaDuration>PT01M43S0N1000F</mediaDuration>
						</mediaTime>
						<TextAnnotation confidence="0.5" relevance="0.0"
							xml:lang="de">
							<KeywordAnnotation>
								<Keyword>nl</Keyword>
							</KeywordAnnotation>
						</TextAnnotation>
						<TextAnnotation confidence="0.0" relevance="0.0"
							xml:lang="de">
							<KeywordAnnotation>
								<Keyword>I</Keyword>
								<Keyword>Q</Keyword>
								<Keyword>V</Keyword>
								<Keyword>Y</Keyword>
							</KeywordAnnotation>
						</TextAnnotation>
					</AudioVisualSegment>
					<AudioVisualSegment id="track-1.segment-49">
						<mediaTime>
							<mediaRelTimePoint>T01:02:35:0F1000</mediaRelTimePoint>
							<mediaDuration>PT03M17S0N1000F</mediaDuration>
						</mediaTime>
						<TextAnnotation confidence="0.0" relevance="0.0"
							xml:lang="en">
							<KeywordAnnotation>
								<Keyword>E</Keyword>
							</KeywordAnnotation>
						</TextAnnotation>
					</AudioVisualSegment>
					<AudioVisualSegment id="track-1.segment-50">
						<mediaTime>
							<mediaRelTimePoint>T01:05:52:0F1000</mediaRelTimePoint>
							<mediaDuration>PT04M07S0N1000F</mediaDuration>
						</mediaTime>
						<TextAnnotation confidence="0.0" relevance="0.0"
							xml:lang="en">
							<KeywordAnnotation>
								<Keyword>Z</Keyword>
							</KeywordAnnotation>
						</TextAnnotation>
					</AudioVisualSegment>
					<AudioVisualSegment id="track-1.segment-51">
						<mediaTime>
							<mediaRelTimePoint>T01:09:59:0F1000</mediaRelTimePoint>
							<mediaDuration>PT01M27S0N1000F</mediaDuration>
						</mediaTime>
						<TextAnnotation confidence="0.5" relevance="0.0"
							xml:lang="de">
							<KeywordAnnotation>
								<Keyword>Er</Keyword>
								<Keyword>wa</Keyword>
							</KeywordAnnotation>
						</TextAnnotation>
						<TextAnnotation confidence="0.0" relevance="0.0"
							xml:lang="de">
							<KeywordAnnotation>
								<Keyword>H</Keyword>
							</KeywordAnnotation>
						</TextAnnotation>
					</AudioVisualSegment>
					<AudioVisualSegment id="track-1.segment-52">
						<mediaTime>
							<mediaRelTimePoint>T01:11:26:0F1000</mediaRelTimePoint>
							<mediaDuration>PT04M25S0N1000F</mediaDuration>
						</mediaTime>
						<TextAnnotation confidence="0.0" relevance="0.0"
							xml:lang="en">
							<KeywordAnnotation>
								<Keyword>V</Keyword>
							</KeywordAnnotation>
						</TextAnnotation>
					</AudioVisualSegment>
					<AudioVisualSegment id="track-1.segment-53">
						<mediaTime>
							<mediaRelTimePoint>T01:15:51:0F1000</mediaRelTimePoint>
							<mediaDuration>PT02M57S0N1000F</mediaDuration>
						</mediaTime>
						<TextAnnotation confidence="0.0" relevance="0.0"
							xml:lang="en">
							<KeywordAnnotation>
								<Keyword>Y</Keyword>
							</KeywordAnnotation>
						</TextAnnotation>
					</AudioVisualSegment>
					<AudioVisualSegment id="track-1.segment-54">
						<mediaTime>
							<mediaRelTimePoint>T01:18:48:0F1000</mediaRelTimePoint>
							<mediaDuration>PT03M08S0N1000F</mediaDuration>
						</mediaTime>
						<TextAnnotation confidence="0.0" relevance="0.0"
							xml:lang="en">
							<KeywordAnnotation>
								<Keyword>I</Keyword>
							</KeywordAnnotation>
						</TextAnnotation>
					</AudioVisualSegment>
					<AudioVisualSegment id="track-1.segment-55">
						<mediaTime>
							<mediaRelTimePoint>T01:21:56:0F1000</mediaRelTimePoint>
							<mediaDuration>PT27S0N1000F</mediaDuration>
						</mediaTime>
					</AudioVisualSegment>
					<AudioVisualSegment id="track-1.segment-56">
						<mediaTime>
							<mediaRelTimePoint>T01:22:23:0F1000</mediaRelTimePoint>
							<mediaDuration>PT34S0N1000F</mediaDuration>
						</mediaTime>
						<TextAnnotation confidence="0.0" relevance="0.0"
							xml:lang="en">
							<KeywordAnnotation>
								<Keyword>I</Keyword>
							</KeywordAnnotation>
						</TextAnnotation>
					</AudioVisualSegment>
					<AudioVisualSegment id="track-1.segment-57">
						<mediaTime>
							<mediaRelTimePoint>T01:22:57:0F1000</mediaRelTimePoint>
							<mediaDuration>PT56S0N1000F</mediaDuration>
						</mediaTime>
					</AudioVisualSegment>
					<AudioVisualSegment id="track-1.segment-58">
						<mediaTime>
							<mediaRelTimePoint>T01:23:53:0F1000</mediaRelTimePoint>
							<mediaDuration>PT14S0N1000F</mediaDuration>
						</mediaTime>
						<TextAnnotation confidence="0.5" relevance="0.2"
							xml:lang="en">
							<KeywordAnnotation>
								<Keyword>ian</Keyword>
							</KeywordAnnotation>
						</TextAnnotation>
					</AudioVisualSegment>
					<AudioVisualSegment id="track-1.segment-59">
						<mediaTime>
							<mediaRelTimePoint>T01:24:07:0F1000</mediaRelTimePoint>
							<mediaDuration>PT01S519N1000F</mediaDuration>
						</mediaTime>
						<TextAnnotation confidence="0.0" relevance="0.2"
							xml:lang="en">
							<KeywordAnnotation>
								<Keyword>jail</Keyword>
							</KeywordAnnotation>
						</TextAnnotation>
						<TextAnnotation confidence="0.0" relevance="0.0"
							xml:lang="en">
							<KeywordAnnotation>
								<Keyword>F</Keyword>
								<Keyword>I</Keyword>
							</KeywordAnnotation>
						</TextAnnotation>
					</AudioVisualSegment>
				</TemporalDecomposition>
			</AudioVisual>
		</MultimediaContent>
	</Description>
</Mpeg7>
