<?xml version="1.0" encoding="UTF-8"?>
<mediapackage>
	<media>
		<track id="track-1" type="presentation/engage">
			<url>tracks/movie.flv</url>
			<mimetype>video/x-flv</mimetype>
			<checksum type="md5">7b3c7e8cc2cba2f5b7af4fd4224f3005</checksum>
			<tags>
				<tag>engage</tag>
			</tags>
		</track>
	</media>
	<metadata>
		<catalog id="catalog-2" type="metadata/dublincore">
			<mimetype>text/xml</mimetype>
			<checksum type="md5">3688f2746a0f4094d57e5bae0cac3d85</checksum>
			<url>metadata/dublincore-e-venture20091022.xml</url>
		</catalog>
		<catalog id="catalog-1" ref="series:249a8764-acf9-48bc-bfbd-30a76a7954e5"
			type="metadata/dublincore">
			<mimetype>text/xml</mimetype>
			<checksum type="md5">76543883062ecb6425696a7dba59ef14</checksum>
			<url>metadata/dublincore-s-00008_Venture.xml</url>
		</catalog>
		<catalog id="catalog-3" type="segments/slides">
			<mimetype>text/xml</mimetype>
			<checksum type="md5">d41d8cd98f00b204e9800998ecf8427e</checksum>
			<url>metadata/mpeg-75200188933910884965.xml</url>
		</catalog>
	</metadata>
</mediapackage>
