<?xml version="1.0" encoding="UTF-8"?>
<mediapackage duration="5552013" id="10.3930/ETHZ/AV-07cf6b43-cc64-4080-a711-84139a2fc9a4">
<media>
<track id="track-1" type="engage/presenter">
    <url>http://downloads.opencastproject.org/media/car.flv</url>
    <mimetype>video/x-flv</mimetype>
    <checksum type="md5">7b3c7e8cc2cba2f5b7af4fd4224f3005</checksum>
</track>
<mimetype>video/msvideo</mimetype>
<checksum type="md5">d7b92bc9562467e3f142b431302e127f</checksum>
<url>tracks/camera.avi</url>
<Duration>5552013</Duration>
<Audio id="stream-2">
<Encoder type="MPEG Audio"/>
<Channels>2</Channels>
<BitDepth>16</BitDepth>
<BitRate>128000.0</BitRate>
</Audio>
<Video id="stream-1">
<Encoder type="MPEG-4 Visual"/>
<Size>768x576</Size>
<ScanType type="Progressive"/>
<BitRate>3999985.0</BitRate>
<FrameRate>25.0</FrameRate>
</Video>
<mimetype>video/msvideo</mimetype>
<checksum type="md5">6df3f28503ca0e866430ffcb820c8047</checksum>
<url>tracks/grabber.avi</url>
<Duration>5552013</Duration>
<Audio id="stream-2">
<Encoder type="MPEG Audio"/>
<Channels>2</Channels>
<BitDepth>16</BitDepth>
<BitRate>128000.0</BitRate>
</Audio>
<Video id="stream-1">
<Encoder type="MPEG-4 Visual"/>
<Size>1024x768</Size>
<ScanType type="Progressive"/>
<BitRate>358073.0</BitRate>
<FrameRate>5.0</FrameRate>
</Video>
</media>
<metadata>
<catalog id="catalog-3" ref="series:351-0723-00L-2009W" type="metadata/dublincore">
<mimetype>text/xml</mimetype>
<checksum type="md5">b330471c3308c4e0d18b77ddc9aff12b</checksum>
<url>metadata/dublincore-s-Neuhaus09.xml</url>
</catalog>
<catalog id="catalog-1" type="metadata/dublincore">
<mimetype>text/xml</mimetype>
<checksum type="md5">e8cfb07d160c7ac4a8460030eb2b540b</checksum>
<url>metadata/dublincore4373333686106521588.xml</url>
</catalog>
<catalog id="catalog-4" type="metadata/mpeg-7">
<mimetype>text/xml</mimetype>
<checksum type="md5">d41d8cd98f00b204e9800998ecf8427e</checksum>
<url>metadata/mpeg-75469864870640279673.xml</url>
</catalog>
</metadata>
<attachments>
    <attachment id="attachment-1" type="engage/cover">
        <url>http://downloads.opencastproject.org/media/engage-cover.jpg</url>
        <mimetype>image/jpeg</mimetype>
    </attachment>
    <attachment id="attachment-2" type="feed/cover">
        <url>http://downloads.opencastproject.org/media/feed-cover.jpg</url>
        <mimetype>image/jpeg</mimetype>
    </attachment>
</attachments>
</mediapackage>
