<?xml version="1.0" encoding="UTF-8"?>
<metadata xmlns="http://www.opencastproject.org/xsd/1.0/dublincore/" xmlns:dcterms="http://purl.org/dc/terms/" xmlns:xsi="http://www.w3.org/2001/XMLSchema-instance">

<dcterms:identifier>10.3930/ETHZ/AV-07cf6b43-cc64-4080-a711-84139a2fc9a4</dcterms:identifier>
<dcterms:isPartOf>351-0723-00L-2009W</dcterms:isPartOf>
<dcterms:creator>Neuhaus, Markus</dcterms:creator>
<dcterms:created xsi:type="dcterms:W3CDTF">2009-10-02</dcterms:created>
<dcterms:contributor>Department of Management, Technology, and Economics</dcterms:contributor>
    <dcterms:type>Moving Image/Lecture Recording</dcterms:type>
    <dcterms:extent xsi:type="dcterms:ISO8601">PT1H32M32.013S</dcterms:extent>
 <dcterms:license>http://www.multimedia.ethz.ch/docs/disclaimer/index</dcterms:license>
<dcterms:language>eng</dcterms:language>
    
 <dcterms:spatial>HG E1.2</dcterms:spatial>
    <dcterms:title xml:lang="en">Corporate Finance</dcterms:title>
</metadata>
