<?xml version="1.0" encoding="UTF-8"?>
<mediapackage duration="5770058" id="10.3930/ETHZ/AV-47bc0488-f660-4db4-9bf1-527b5e479dd1">
<media>
<track id="track-1" type="engage/presenter">
    <url>http://downloads.opencastproject.org/media/car.flv</url>
    <mimetype>video/x-flv</mimetype>
    <checksum type="md5">7b3c7e8cc2cba2f5b7af4fd4224f3005</checksum>
</track>
<mimetype>video/quicktime</mimetype>
<checksum type="md5">d156ef06a87e726cc1d49adc1db27d42</checksum>
<url>tracks/camera_h264.mov</url>
<Duration>5770058</Duration>
<Audio id="stream-2">
<Encoder type="ADPCM"/>
<Channels>1</Channels>
<BitDepth>8</BitDepth>
<BitRate>64000.0</BitRate>
</Audio>
<Video id="stream-1">
<Size>704x576</Size>
<BitRate>4296794.0</BitRate>
<FrameRate>17.0</FrameRate>
</Video>
</media>
<metadata>
<catalog id="catalog-3" ref="series:401-4781-59L-2009W" type="metadata/dublincore">
<mimetype>text/xml</mimetype>
<checksum type="md5">235a956486efbc469a3f6ea2536d5054</checksum>
<url>metadata/dublincore-s-Bendali09.xml</url>
</catalog>
<catalog id="catalog-1" type="metadata/dublincore">
<mimetype>text/xml</mimetype>
<checksum type="md5">2b42341f0ed5d9b7cafd58315565343e</checksum>
<url>metadata/dublincore5543644903362484837.xml</url>
</catalog>
<catalog id="catalog-4" type="metadata/mpeg-7">
<mimetype>text/xml</mimetype>
<checksum type="md5">d41d8cd98f00b204e9800998ecf8427e</checksum>
<url>metadata/mpeg-77042900458771279690.xml</url>
</catalog>
</metadata>
<attachments>
    <attachment id="attachment-1" type="engage/cover">
        <url>http://downloads.opencastproject.org/media/engage-cover.jpg</url>
        <mimetype>image/jpeg</mimetype>
    </attachment>
    <attachment id="attachment-2" type="feed/cover">
        <url>http://downloads.opencastproject.org/media/feed-cover.jpg</url>
        <mimetype>image/jpeg</mimetype>
    </attachment>
</attachments>
</mediapackage>
