<?xml version="1.0" encoding="UTF-8"?>
<Mpeg7 xmlns="urn:mpeg:mpeg7:schema:2001" xmlns:mpeg7="urn:mpeg7:schema:2001"
	xmlns:xsi="http://www.w3.org/2001/XMLSchema-instance/">
	<Description xsi:type="ContentEntityType">
		<MultimediaContent xsi:type="AudioVisualType">
			<AudioVisual id="track-1">
				<mediaLocator>
					<mediaUri>file:tracks/20090930_brassard.mov</mediaUri>
				</mediaLocator>
				<mediaTime>
					<mediaTimePoint>T00:00:00:0F1</mediaTimePoint>
					<mediaDuration>PT01H15M01S188N1000F</mediaDuration>
				</mediaTime>
				<TemporalDecomposition criteria="temporal"
					gap="false" overlap="false">
					<AudioVisualSegment id="track-1.segment-1">
						<mediaTime>
							<mediaRelTimePoint>T00:00:00:0F1000</mediaRelTimePoint>
							<mediaDuration>PT34S0N1000F</mediaDuration>
						</mediaTime>
						<TextAnnotation confidence="0.5" relevance="0.2"
							xml:lang="de">
							<KeywordAnnotation>
								<Keyword>Bra</Keyword>
							</KeywordAnnotation>
						</TextAnnotation>
						<TextAnnotation confidence="0.5" relevance="0.1"
							xml:lang="de">
							<KeywordAnnotation>
								<Keyword>ETH</Keyword>
								<Keyword>September</Keyword>
							</KeywordAnnotation>
						</TextAnnotation>
						<TextAnnotation confidence="0.5" relevance="0.0"
							xml:lang="de">
							<KeywordAnnotation>
								<Keyword>Gi</Keyword>
								<Keyword>al</Keyword>
								<Keyword>de</Keyword>
								<Keyword>gY</Keyword>
								<Keyword>nn</Keyword>
								<Keyword>rd</Keyword>
							</KeywordAnnotation>
						</TextAnnotation>
						<TextAnnotation confidence="0.0" relevance="0.4"
							xml:lang="de">
							<KeywordAnnotation>
								<Keyword>Ozmmmm</Keyword>
							</KeywordAnnotation>
						</TextAnnotation>
						<TextAnnotation confidence="0.0" relevance="0.2"
							xml:lang="de">
							<KeywordAnnotation>
								<Keyword>Montr</Keyword>
								<Keyword>Universit</Keyword>
							</KeywordAnnotation>
						</TextAnnotation>
						<TextAnnotation confidence="0.0" relevance="0.1"
							xml:lang="de">
							<KeywordAnnotation>
								<Keyword>Zfwich</Keyword>
							</KeywordAnnotation>
						</TextAnnotation>
						<TextAnnotation confidence="0.0" relevance="0.0"
							xml:lang="de">
							<KeywordAnnotation>
								<Keyword>F</Keyword>
								<Keyword>U</Keyword>
								<Keyword>a</Keyword>
								<Keyword>m</Keyword>
								<Keyword>n</Keyword>
								<Keyword>p</Keyword>
								<Keyword>r</Keyword>
								<Keyword>rv</Keyword>
							</KeywordAnnotation>
						</TextAnnotation>
					</AudioVisualSegment>
					<AudioVisualSegment id="track-1.segment-2">
						<mediaTime>
							<mediaRelTimePoint>T00:00:34:0F1000</mediaRelTimePoint>
							<mediaDuration>PT41S0N1000F</mediaDuration>
						</mediaTime>
						<TextAnnotation confidence="0.5" relevance="0.1"
							xml:lang="de">
							<KeywordAnnotation>
								<Keyword>ETH</Keyword>
								<Keyword>September</Keyword>
							</KeywordAnnotation>
						</TextAnnotation>
						<TextAnnotation confidence="0.5" relevance="0.0"
							xml:lang="de">
							<KeywordAnnotation>
								<Keyword>Gi</Keyword>
								<Keyword>al</Keyword>
								<Keyword>de</Keyword>
								<Keyword>rd</Keyword>
							</KeywordAnnotation>
						</TextAnnotation>
						<TextAnnotation confidence="0.0" relevance="0.4"
							xml:lang="de">
							<KeywordAnnotation>
								<Keyword>Qzmmmm</Keyword>
								<Keyword>WmW</Keyword>
							</KeywordAnnotation>
						</TextAnnotation>
						<TextAnnotation confidence="0.0" relevance="0.2"
							xml:lang="de">
							<KeywordAnnotation>
								<Keyword>Bra44a</Keyword>
							</KeywordAnnotation>
						</TextAnnotation>
						<TextAnnotation confidence="0.0" relevance="0.1"
							xml:lang="de">
							<KeywordAnnotation>
								<Keyword>Montr</Keyword>
								<Keyword>Universit</Keyword>
								<Keyword>Ziixich</Keyword>
							</KeywordAnnotation>
						</TextAnnotation>
						<TextAnnotation confidence="0.0" relevance="0.0"
							xml:lang="de">
							<KeywordAnnotation>
								<Keyword>T</Keyword>
								<Keyword>h</Keyword>
								<Keyword>r</Keyword>
								<Keyword>u</Keyword>
							</KeywordAnnotation>
						</TextAnnotation>
					</AudioVisualSegment>
					<AudioVisualSegment id="track-1.segment-3">
						<mediaTime>
							<mediaRelTimePoint>T00:01:15:0F1000</mediaRelTimePoint>
							<mediaDuration>PT27S0N1000F</mediaDuration>
						</mediaTime>
						<TextAnnotation confidence="0.5" relevance="0.3"
							xml:lang="en">
							<KeywordAnnotation>
								<Keyword>application</Keyword>
								<Keyword>communications</Keyword>
							</KeywordAnnotation>
						</TextAnnotation>
						<TextAnnotation confidence="0.5" relevance="0.0"
							xml:lang="en">
							<KeywordAnnotation>
								<Keyword>IQ</Keyword>
								<Keyword>In</Keyword>
								<Keyword>to</Keyword>
							</KeywordAnnotation>
						</TextAnnotation>
						<TextAnnotation confidence="0.0" relevance="0.3"
							xml:lang="en">
							<KeywordAnnotation>
								<Keyword>confidential</Keyword>
							</KeywordAnnotation>
						</TextAnnotation>
						<TextAnnotation confidence="0.0" relevance="0.2"
							xml:lang="en">
							<KeywordAnnotation>
								<Keyword>IEE</Keyword>
								<Keyword>IESDEI</Keyword>
							</KeywordAnnotation>
						</TextAnnotation>
						<TextAnnotation confidence="0.0" relevance="0.0"
							xml:lang="en">
							<KeywordAnnotation>
								<Keyword>E</Keyword>
								<Keyword>G</Keyword>
								<Keyword>S</Keyword>
								<Keyword>y</Keyword>
							</KeywordAnnotation>
						</TextAnnotation>
					</AudioVisualSegment>
					<AudioVisualSegment id="track-1.segment-4">
						<mediaTime>
							<mediaRelTimePoint>T00:01:42:0F1000</mediaRelTimePoint>
							<mediaDuration>PT57S0N1000F</mediaDuration>
						</mediaTime>
						<TextAnnotation confidence="0.5" relevance="0.3"
							xml:lang="en">
							<KeywordAnnotation>
								<Keyword>application</Keyword>
								<Keyword>communications</Keyword>
							</KeywordAnnotation>
						</TextAnnotation>
						<TextAnnotation confidence="0.5" relevance="0.0"
							xml:lang="en">
							<KeywordAnnotation>
								<Keyword>to</Keyword>
							</KeywordAnnotation>
						</TextAnnotation>
						<TextAnnotation confidence="0.0" relevance="0.3"
							xml:lang="en">
							<KeywordAnnotation>
								<Keyword>confidential</Keyword>
							</KeywordAnnotation>
						</TextAnnotation>
					</AudioVisualSegment>
					<AudioVisualSegment id="track-1.segment-5">
						<mediaTime>
							<mediaRelTimePoint>T00:02:39:0F1000</mediaRelTimePoint>
							<mediaDuration>PT01M30S0N1000F</mediaDuration>
						</mediaTime>
						<TextAnnotation confidence="0.5" relevance="0.3"
							xml:lang="de">
							<KeywordAnnotation>
								<Keyword>typ</Keyword>
							</KeywordAnnotation>
						</TextAnnotation>
						<TextAnnotation confidence="0.5" relevance="0.0"
							xml:lang="de">
							<KeywordAnnotation>
								<Keyword>At</Keyword>
								<Keyword>CT</Keyword>
								<Keyword>Tn</Keyword>
								<Keyword>af</Keyword>
								<Keyword>cz</Keyword>
								<Keyword>in</Keyword>
								<Keyword>mm</Keyword>
								<Keyword>rp</Keyword>
								<Keyword>uf</Keyword>
								<Keyword>un</Keyword>
							</KeywordAnnotation>
						</TextAnnotation>
						<TextAnnotation confidence="0.0" relevance="0.3"
							xml:lang="de">
							<KeywordAnnotation>
								<Keyword>-nn</Keyword>
								<Keyword>ch.u</Keyword>
								<Keyword>curtexn</Keyword>
								<Keyword>h.m</Keyword>
								<Keyword>rAti</Keyword>
								<Keyword>rnnr</Keyword>
								<Keyword>rnnrun</Keyword>
							</KeywordAnnotation>
						</TextAnnotation>
						<TextAnnotation confidence="0.0" relevance="0.0"
							xml:lang="de">
							<KeywordAnnotation>
								<Keyword>-</Keyword>
								<Keyword>F</Keyword>
								<Keyword>J</Keyword>
								<Keyword>L</Keyword>
								<Keyword>Z</Keyword>
								<Keyword>c</Keyword>
								<Keyword>e</Keyword>
								<Keyword>l</Keyword>
								<Keyword>n</Keyword>
								<Keyword>p</Keyword>
								<Keyword>q</Keyword>
								<Keyword>r</Keyword>
								<Keyword>s</Keyword>
								<Keyword>t</Keyword>
								<Keyword>v</Keyword>
								<Keyword>y</Keyword>
							</KeywordAnnotation>
						</TextAnnotation>
					</AudioVisualSegment>
					<AudioVisualSegment id="track-1.segment-6">
						<mediaTime>
							<mediaRelTimePoint>T00:04:09:0F1000</mediaRelTimePoint>
							<mediaDuration>PT45S0N1000F</mediaDuration>
						</mediaTime>
						<TextAnnotation confidence="0.5" relevance="0.2"
							xml:lang="de">
							<KeywordAnnotation>
								<Keyword>HEADS</Keyword>
							</KeywordAnnotation>
						</TextAnnotation>
						<TextAnnotation confidence="0.5" relevance="0.0"
							xml:lang="de">
							<KeywordAnnotation>
								<Keyword>DO</Keyword>
								<Keyword>OI</Keyword>
								<Keyword>SI</Keyword>
							</KeywordAnnotation>
						</TextAnnotation>
						<TextAnnotation confidence="0.0" relevance="0.2"
							xml:lang="de">
							<KeywordAnnotation>
								<Keyword>IEDSITU</Keyword>
								<Keyword>IUBSSESS</Keyword>
								<Keyword>OIISZ</Keyword>
							</KeywordAnnotation>
						</TextAnnotation>
						<TextAnnotation confidence="0.0" relevance="0.0"
							xml:lang="de">
							<KeywordAnnotation>
								<Keyword>A</Keyword>
								<Keyword>O</Keyword>
								<Keyword>U</Keyword>
							</KeywordAnnotation>
						</TextAnnotation>
					</AudioVisualSegment>
					<AudioVisualSegment id="track-1.segment-7">
						<mediaTime>
							<mediaRelTimePoint>T00:04:54:0F1000</mediaRelTimePoint>
							<mediaDuration>PT32S0N1000F</mediaDuration>
						</mediaTime>
						<TextAnnotation confidence="0.5" relevance="0.0"
							xml:lang="de">
							<KeywordAnnotation>
								<Keyword>DO</Keyword>
								<Keyword>OI</Keyword>
								<Keyword>SI</Keyword>
								<Keyword>ll</Keyword>
							</KeywordAnnotation>
						</TextAnnotation>
						<TextAnnotation confidence="0.0" relevance="0.2"
							xml:lang="de">
							<KeywordAnnotation>
								<Keyword>DSfT</Keyword>
								<Keyword>HIBSSBGS</Keyword>
								<Keyword>IUGBYIS</Keyword>
								<Keyword>OIISZ</Keyword>
							</KeywordAnnotation>
						</TextAnnotation>
						<TextAnnotation confidence="0.0" relevance="0.0"
							xml:lang="de">
							<KeywordAnnotation>
								<Keyword>A</Keyword>
								<Keyword>I</Keyword>
								<Keyword>O</Keyword>
								<Keyword>U</Keyword>
								<Keyword>l</Keyword>
							</KeywordAnnotation>
						</TextAnnotation>
					</AudioVisualSegment>
					<AudioVisualSegment id="track-1.segment-8">
						<mediaTime>
							<mediaRelTimePoint>T00:05:26:0F1000</mediaRelTimePoint>
							<mediaDuration>PT26S0N1000F</mediaDuration>
						</mediaTime>
						<TextAnnotation confidence="0.5" relevance="0.2"
							xml:lang="de">
							<KeywordAnnotation>
								<Keyword>NES</Keyword>
								<Keyword>Thus</Keyword>
								<Keyword>USERS</Keyword>
							</KeywordAnnotation>
						</TextAnnotation>
						<TextAnnotation confidence="0.5" relevance="0.0"
							xml:lang="de">
							<KeywordAnnotation>
								<Keyword>DO</Keyword>
								<Keyword>GI</Keyword>
								<Keyword>OI</Keyword>
								<Keyword>as</Keyword>
								<Keyword>wn</Keyword>
							</KeywordAnnotation>
						</TextAnnotation>
						<TextAnnotation confidence="0.0" relevance="0.2"
							xml:lang="de">
							<KeywordAnnotation>
								<Keyword>-OT</Keyword>
								<Keyword>IBDSIUL</Keyword>
								<Keyword>m8SS</Keyword>
							</KeywordAnnotation>
						</TextAnnotation>
						<TextAnnotation confidence="0.0" relevance="0.0"
							xml:lang="de">
							<KeywordAnnotation>
								<Keyword>A</Keyword>
								<Keyword>C</Keyword>
								<Keyword>O</Keyword>
								<Keyword>S</Keyword>
								<Keyword>U</Keyword>
								<Keyword>f</Keyword>
								<Keyword>lV</Keyword>
							</KeywordAnnotation>
						</TextAnnotation>
					</AudioVisualSegment>
					<AudioVisualSegment id="track-1.segment-9">
						<mediaTime>
							<mediaRelTimePoint>T00:05:52:0F1000</mediaRelTimePoint>
							<mediaDuration>PT12S0N1000F</mediaDuration>
						</mediaTime>
						<TextAnnotation confidence="0.5" relevance="0.2"
							xml:lang="en">
							<KeywordAnnotation>
								<Keyword>Mona</Keyword>
								<Keyword>Two</Keyword>
								<Keyword>that</Keyword>
							</KeywordAnnotation>
						</TextAnnotation>
						<TextAnnotation confidence="0.5" relevance="0.0"
							xml:lang="en">
							<KeywordAnnotation>
								<Keyword>is</Keyword>
								<Keyword>it</Keyword>
							</KeywordAnnotation>
						</TextAnnotation>
						<TextAnnotation confidence="0.0" relevance="0.2"
							xml:lang="en">
							<KeywordAnnotation>
								<Keyword>Examle</Keyword>
							</KeywordAnnotation>
						</TextAnnotation>
					</AudioVisualSegment>
					<AudioVisualSegment id="track-1.segment-10">
						<mediaTime>
							<mediaRelTimePoint>T00:06:04:0F1000</mediaRelTimePoint>
							<mediaDuration>PT23S0N1000F</mediaDuration>
						</mediaTime>
						<TextAnnotation confidence="0.0" relevance="0.0"
							xml:lang="en">
							<KeywordAnnotation>
								<Keyword>I</Keyword>
							</KeywordAnnotation>
						</TextAnnotation>
					</AudioVisualSegment>
					<AudioVisualSegment id="track-1.segment-11">
						<mediaTime>
							<mediaRelTimePoint>T00:06:27:0F1000</mediaRelTimePoint>
							<mediaDuration>PT45S0N1000F</mediaDuration>
						</mediaTime>
						<TextAnnotation confidence="0.5" relevance="0.0"
							xml:lang="de">
							<KeywordAnnotation>
								<Keyword>HI</Keyword>
							</KeywordAnnotation>
						</TextAnnotation>
						<TextAnnotation confidence="0.0" relevance="0.0"
							xml:lang="de">
							<KeywordAnnotation>
								<Keyword>-</Keyword>
								<Keyword>H</Keyword>
								<Keyword>I</Keyword>
							</KeywordAnnotation>
						</TextAnnotation>
					</AudioVisualSegment>
					<AudioVisualSegment id="track-1.segment-12">
						<mediaTime>
							<mediaRelTimePoint>T00:07:12:0F1000</mediaRelTimePoint>
							<mediaDuration>PT13S0N1000F</mediaDuration>
						</mediaTime>
						<TextAnnotation confidence="0.0" relevance="0.0"
							xml:lang="en">
							<KeywordAnnotation>
								<Keyword>-</Keyword>
								<Keyword>H</Keyword>
								<Keyword>I</Keyword>
								<Keyword>h</Keyword>
							</KeywordAnnotation>
						</TextAnnotation>
					</AudioVisualSegment>
					<AudioVisualSegment id="track-1.segment-13">
						<mediaTime>
							<mediaRelTimePoint>T00:07:25:0F1000</mediaRelTimePoint>
							<mediaDuration>PT19S0N1000F</mediaDuration>
						</mediaTime>
						<TextAnnotation confidence="0.5" relevance="0.0"
							xml:lang="de">
							<KeywordAnnotation>
								<Keyword>HI</Keyword>
							</KeywordAnnotation>
						</TextAnnotation>
						<TextAnnotation confidence="0.0" relevance="0.0"
							xml:lang="de">
							<KeywordAnnotation>
								<Keyword>I</Keyword>
								<Keyword>K</Keyword>
							</KeywordAnnotation>
						</TextAnnotation>
					</AudioVisualSegment>
					<AudioVisualSegment id="track-1.segment-14">
						<mediaTime>
							<mediaRelTimePoint>T00:07:44:0F1000</mediaRelTimePoint>
							<mediaDuration>PT01M0N1000F</mediaDuration>
						</mediaTime>
						<TextAnnotation confidence="0.5" relevance="0.0"
							xml:lang="de">
							<KeywordAnnotation>
								<Keyword>HI</Keyword>
								<Keyword>IK</Keyword>
								<Keyword>IT</Keyword>
								<Keyword>Kl</Keyword>
							</KeywordAnnotation>
						</TextAnnotation>
						<TextAnnotation confidence="0.0" relevance="0.0"
							xml:lang="de">
							<KeywordAnnotation>
								<Keyword>H</Keyword>
								<Keyword>I</Keyword>
								<Keyword>V</Keyword>
							</KeywordAnnotation>
						</TextAnnotation>
					</AudioVisualSegment>
					<AudioVisualSegment id="track-1.segment-15">
						<mediaTime>
							<mediaRelTimePoint>T00:08:44:0F1000</mediaRelTimePoint>
							<mediaDuration>PT33S0N1000F</mediaDuration>
						</mediaTime>
						<TextAnnotation confidence="0.5" relevance="0.4"
							xml:lang="de">
							<KeywordAnnotation>
								<Keyword>Kat</Keyword>
							</KeywordAnnotation>
						</TextAnnotation>
						<TextAnnotation confidence="0.0" relevance="0.0"
							xml:lang="de">
							<KeywordAnnotation>
								<Keyword>-</Keyword>
								<Keyword>H</Keyword>
								<Keyword>I</Keyword>
								<Keyword>V</Keyword>
								<Keyword>h</Keyword>
								<Keyword>x</Keyword>
							</KeywordAnnotation>
						</TextAnnotation>
					</AudioVisualSegment>
					<AudioVisualSegment id="track-1.segment-16">
						<mediaTime>
							<mediaRelTimePoint>T00:09:17:0F1000</mediaRelTimePoint>
							<mediaDuration>PT56S0N1000F</mediaDuration>
						</mediaTime>
						<TextAnnotation confidence="0.5" relevance="0.0"
							xml:lang="de">
							<KeywordAnnotation>
								<Keyword>HI</Keyword>
								<Keyword>II</Keyword>
								<Keyword>if</Keyword>
							</KeywordAnnotation>
						</TextAnnotation>
						<TextAnnotation confidence="0.0" relevance="0.0"
							xml:lang="de">
							<KeywordAnnotation>
								<Keyword>-</Keyword>
								<Keyword>I</Keyword>
								<Keyword>k</Keyword>
							</KeywordAnnotation>
						</TextAnnotation>
					</AudioVisualSegment>
					<AudioVisualSegment id="track-1.segment-17">
						<mediaTime>
							<mediaRelTimePoint>T00:10:13:0F1000</mediaRelTimePoint>
							<mediaDuration>PT01M29S0N1000F</mediaDuration>
						</mediaTime>
						<TextAnnotation confidence="0.5" relevance="0.0"
							xml:lang="de">
							<KeywordAnnotation>
								<Keyword>EF</Keyword>
								<Keyword>Lm</Keyword>
								<Keyword>Xu</Keyword>
								<Keyword>in</Keyword>
							</KeywordAnnotation>
						</TextAnnotation>
						<TextAnnotation confidence="0.0" relevance="0.2"
							xml:lang="de">
							<KeywordAnnotation>
								<Keyword>Nth</Keyword>
								<Keyword>xekaggth</Keyword>
							</KeywordAnnotation>
						</TextAnnotation>
						<TextAnnotation confidence="0.0" relevance="0.0"
							xml:lang="de">
							<KeywordAnnotation>
								<Keyword>-</Keyword>
								<Keyword>A</Keyword>
								<Keyword>L</Keyword>
								<Keyword>M</Keyword>
								<Keyword>S</Keyword>
								<Keyword>U</Keyword>
								<Keyword>W</Keyword>
								<Keyword>a</Keyword>
								<Keyword>o</Keyword>
								<Keyword>w</Keyword>
							</KeywordAnnotation>
						</TextAnnotation>
					</AudioVisualSegment>
					<AudioVisualSegment id="track-1.segment-18">
						<mediaTime>
							<mediaRelTimePoint>T00:11:42:0F1000</mediaRelTimePoint>
							<mediaDuration>PT25S0N1000F</mediaDuration>
						</mediaTime>
						<TextAnnotation confidence="0.0" relevance="0.0"
							xml:lang="en">
							<KeywordAnnotation>
								<Keyword>S</Keyword>
							</KeywordAnnotation>
						</TextAnnotation>
					</AudioVisualSegment>
					<AudioVisualSegment id="track-1.segment-19">
						<mediaTime>
							<mediaRelTimePoint>T00:12:07:0F1000</mediaRelTimePoint>
							<mediaDuration>PT14S0N1000F</mediaDuration>
						</mediaTime>
						<TextAnnotation confidence="0.5" relevance="0.0"
							xml:lang="de">
							<KeywordAnnotation>
								<Keyword>AA</Keyword>
								<Keyword>sc</Keyword>
								<Keyword>tG</Keyword>
							</KeywordAnnotation>
						</TextAnnotation>
						<TextAnnotation confidence="0.0" relevance="0.3"
							xml:lang="de">
							<KeywordAnnotation>
								<Keyword>Yum</Keyword>
							</KeywordAnnotation>
						</TextAnnotation>
						<TextAnnotation confidence="0.0" relevance="0.1"
							xml:lang="de">
							<KeywordAnnotation>
								<Keyword>ErAo</Keyword>
							</KeywordAnnotation>
						</TextAnnotation>
						<TextAnnotation confidence="0.0" relevance="0.0"
							xml:lang="de">
							<KeywordAnnotation>
								<Keyword>-</Keyword>
								<Keyword>A</Keyword>
								<Keyword>E</Keyword>
								<Keyword>L</Keyword>
								<Keyword>QW</Keyword>
								<Keyword>S</Keyword>
								<Keyword>Z</Keyword>
								<Keyword>w</Keyword>
							</KeywordAnnotation>
						</TextAnnotation>
					</AudioVisualSegment>
					<AudioVisualSegment id="track-1.segment-20">
						<mediaTime>
							<mediaRelTimePoint>T00:12:21:0F1000</mediaRelTimePoint>
							<mediaDuration>PT24S0N1000F</mediaDuration>
						</mediaTime>
						<TextAnnotation confidence="0.5" relevance="0.2"
							xml:lang="de">
							<KeywordAnnotation>
								<Keyword>Elm</Keyword>
							</KeywordAnnotation>
						</TextAnnotation>
						<TextAnnotation confidence="0.5" relevance="0.1"
							xml:lang="de">
							<KeywordAnnotation>
								<Keyword>Fuchs</Keyword>
							</KeywordAnnotation>
						</TextAnnotation>
						<TextAnnotation confidence="0.5" relevance="0.0"
							xml:lang="de">
							<KeywordAnnotation>
								<Keyword>Km</Keyword>
								<Keyword>Od</Keyword>
								<Keyword>We</Keyword>
								<Keyword>fg</Keyword>
								<Keyword>in</Keyword>
							</KeywordAnnotation>
						</TextAnnotation>
						<TextAnnotation confidence="0.0" relevance="0.1"
							xml:lang="de">
							<KeywordAnnotation>
								<Keyword>Chrisfophcr</Keyword>
								<Keyword>OYN</Keyword>
							</KeywordAnnotation>
						</TextAnnotation>
						<TextAnnotation confidence="0.0" relevance="0.0"
							xml:lang="de">
							<KeywordAnnotation>
								<Keyword>C</Keyword>
								<Keyword>F</Keyword>
								<Keyword>K</Keyword>
								<Keyword>WV</Keyword>
								<Keyword>j</Keyword>
								<Keyword>v</Keyword>
							</KeywordAnnotation>
						</TextAnnotation>
					</AudioVisualSegment>
					<AudioVisualSegment id="track-1.segment-21">
						<mediaTime>
							<mediaRelTimePoint>T00:12:45:0F1000</mediaRelTimePoint>
							<mediaDuration>PT01M30S0N1000F</mediaDuration>
						</mediaTime>
						<TextAnnotation confidence="0.5" relevance="0.2"
							xml:lang="de">
							<KeywordAnnotation>
								<Keyword>TRI</Keyword>
							</KeywordAnnotation>
						</TextAnnotation>
						<TextAnnotation confidence="0.5" relevance="0.1"
							xml:lang="de">
							<KeywordAnnotation>
								<Keyword>Fuchs</Keyword>
							</KeywordAnnotation>
						</TextAnnotation>
						<TextAnnotation confidence="0.5" relevance="0.0"
							xml:lang="de">
							<KeywordAnnotation>
								<Keyword>IE</Keyword>
								<Keyword>bq</Keyword>
								<Keyword>is</Keyword>
							</KeywordAnnotation>
						</TextAnnotation>
						<TextAnnotation confidence="0.0" relevance="0.2"
							xml:lang="de">
							<KeywordAnnotation>
								<Keyword>Gov</Keyword>
							</KeywordAnnotation>
						</TextAnnotation>
						<TextAnnotation confidence="0.0" relevance="0.1"
							xml:lang="de">
							<KeywordAnnotation>
								<Keyword>Chrisfophcr</Keyword>
							</KeywordAnnotation>
						</TextAnnotation>
						<TextAnnotation confidence="0.0" relevance="0.0"
							xml:lang="de">
							<KeywordAnnotation>
								<Keyword>A</Keyword>
								<Keyword>I</Keyword>
								<Keyword>Q</Keyword>
								<Keyword>QN</Keyword>
								<Keyword>V</Keyword>
								<Keyword>Z</Keyword>
								<Keyword>a</Keyword>
								<Keyword>l</Keyword>
							</KeywordAnnotation>
						</TextAnnotation>
					</AudioVisualSegment>
					<AudioVisualSegment id="track-1.segment-22">
						<mediaTime>
							<mediaRelTimePoint>T00:14:15:0F1000</mediaRelTimePoint>
							<mediaDuration>PT50S0N1000F</mediaDuration>
						</mediaTime>
						<TextAnnotation confidence="0.0" relevance="0.0"
							xml:lang="en">
							<KeywordAnnotation>
								<Keyword>H</Keyword>
							</KeywordAnnotation>
						</TextAnnotation>
					</AudioVisualSegment>
					<AudioVisualSegment id="track-1.segment-23">
						<mediaTime>
							<mediaRelTimePoint>T00:15:05:0F1000</mediaRelTimePoint>
							<mediaDuration>PT22S0N1000F</mediaDuration>
						</mediaTime>
						<TextAnnotation confidence="0.5" relevance="0.2"
							xml:lang="de">
							<KeywordAnnotation>
								<Keyword>JFS</Keyword>
							</KeywordAnnotation>
						</TextAnnotation>
						<TextAnnotation confidence="0.0" relevance="0.0"
							xml:lang="de">
							<KeywordAnnotation>
								<Keyword>E</Keyword>
								<Keyword>M</Keyword>
							</KeywordAnnotation>
						</TextAnnotation>
					</AudioVisualSegment>
					<AudioVisualSegment id="track-1.segment-24">
						<mediaTime>
							<mediaRelTimePoint>T00:15:27:0F1000</mediaRelTimePoint>
							<mediaDuration>PT48S0N1000F</mediaDuration>
						</mediaTime>
					</AudioVisualSegment>
					<AudioVisualSegment id="track-1.segment-25">
						<mediaTime>
							<mediaRelTimePoint>T00:16:15:0F1000</mediaRelTimePoint>
							<mediaDuration>PT17S0N1000F</mediaDuration>
						</mediaTime>
						<TextAnnotation confidence="0.5" relevance="0.3"
							xml:lang="de">
							<KeywordAnnotation>
								<Keyword>Goal</Keyword>
								<Keyword>ULTIMATE</Keyword>
							</KeywordAnnotation>
						</TextAnnotation>
						<TextAnnotation confidence="0.5" relevance="0.2"
							xml:lang="de">
							<KeywordAnnotation>
								<Keyword>Security</Keyword>
							</KeywordAnnotation>
						</TextAnnotation>
						<TextAnnotation confidence="0.0" relevance="0.2"
							xml:lang="de">
							<KeywordAnnotation>
								<Keyword>ONAL</Keyword>
								<Keyword>UNCOND</Keyword>
							</KeywordAnnotation>
						</TextAnnotation>
					</AudioVisualSegment>
					<AudioVisualSegment id="track-1.segment-26">
						<mediaTime>
							<mediaRelTimePoint>T00:16:32:0F1000</mediaRelTimePoint>
							<mediaDuration>PT37S0N1000F</mediaDuration>
						</mediaTime>
						<TextAnnotation confidence="0.5" relevance="0.3"
							xml:lang="de">
							<KeywordAnnotation>
								<Keyword>Goal</Keyword>
								<Keyword>ULTIMATE</Keyword>
							</KeywordAnnotation>
						</TextAnnotation>
						<TextAnnotation confidence="0.5" relevance="0.2"
							xml:lang="de">
							<KeywordAnnotation>
								<Keyword>Security</Keyword>
							</KeywordAnnotation>
						</TextAnnotation>
						<TextAnnotation confidence="0.0" relevance="0.2"
							xml:lang="de">
							<KeywordAnnotation>
								<Keyword>ONAL</Keyword>
								<Keyword>UNCOND</Keyword>
							</KeywordAnnotation>
						</TextAnnotation>
					</AudioVisualSegment>
					<AudioVisualSegment id="track-1.segment-27">
						<mediaTime>
							<mediaRelTimePoint>T00:17:09:0F1000</mediaRelTimePoint>
							<mediaDuration>PT34S0N1000F</mediaDuration>
						</mediaTime>
						<TextAnnotation confidence="0.5" relevance="0.3"
							xml:lang="de">
							<KeywordAnnotation>
								<Keyword>Goal</Keyword>
								<Keyword>ULTIMATE</Keyword>
							</KeywordAnnotation>
						</TextAnnotation>
						<TextAnnotation confidence="0.5" relevance="0.2"
							xml:lang="de">
							<KeywordAnnotation>
								<Keyword>Security</Keyword>
							</KeywordAnnotation>
						</TextAnnotation>
						<TextAnnotation confidence="0.0" relevance="0.2"
							xml:lang="de">
							<KeywordAnnotation>
								<Keyword>ONAL</Keyword>
								<Keyword>UNCOND</Keyword>
							</KeywordAnnotation>
						</TextAnnotation>
					</AudioVisualSegment>
					<AudioVisualSegment id="track-1.segment-28">
						<mediaTime>
							<mediaRelTimePoint>T00:17:43:0F1000</mediaRelTimePoint>
							<mediaDuration>PT20S0N1000F</mediaDuration>
						</mediaTime>
						<TextAnnotation confidence="0.5" relevance="0.3"
							xml:lang="de">
							<KeywordAnnotation>
								<Keyword>Goal</Keyword>
								<Keyword>ULTIMATE</Keyword>
							</KeywordAnnotation>
						</TextAnnotation>
						<TextAnnotation confidence="0.5" relevance="0.2"
							xml:lang="de">
							<KeywordAnnotation>
								<Keyword>Security</Keyword>
								<Keyword>UNCONDITIONAL</Keyword>
							</KeywordAnnotation>
						</TextAnnotation>
					</AudioVisualSegment>
					<AudioVisualSegment id="track-1.segment-29">
						<mediaTime>
							<mediaRelTimePoint>T00:18:03:0F1000</mediaRelTimePoint>
							<mediaDuration>PT44S0N1000F</mediaDuration>
						</mediaTime>
						<TextAnnotation confidence="0.5" relevance="0.3"
							xml:lang="de">
							<KeywordAnnotation>
								<Keyword>OFFICE</Keyword>
								<Keyword>PATENT</Keyword>
								<Keyword>STATES</Keyword>
							</KeywordAnnotation>
						</TextAnnotation>
						<TextAnnotation confidence="0.0" relevance="0.3"
							xml:lang="de">
							<KeywordAnnotation>
								<Keyword>NITED</Keyword>
							</KeywordAnnotation>
						</TextAnnotation>
					</AudioVisualSegment>
					<AudioVisualSegment id="track-1.segment-30">
						<mediaTime>
							<mediaRelTimePoint>T00:18:47:0F1000</mediaRelTimePoint>
							<mediaDuration>PT22S0N1000F</mediaDuration>
						</mediaTime>
					</AudioVisualSegment>
					<AudioVisualSegment id="track-1.segment-31">
						<mediaTime>
							<mediaRelTimePoint>T00:19:09:0F1000</mediaRelTimePoint>
							<mediaDuration>PT39S0N1000F</mediaDuration>
						</mediaTime>
						<TextAnnotation confidence="0.5" relevance="0.4"
							xml:lang="en">
							<KeywordAnnotation>
								<Keyword>NEWER</Keyword>
							</KeywordAnnotation>
						</TextAnnotation>
					</AudioVisualSegment>
					<AudioVisualSegment id="track-1.segment-32">
						<mediaTime>
							<mediaRelTimePoint>T00:19:48:0F1000</mediaRelTimePoint>
							<mediaDuration>PT14S0N1000F</mediaDuration>
						</mediaTime>
						<TextAnnotation confidence="0.0" relevance="0.0"
							xml:lang="en">
							<KeywordAnnotation>
								<Keyword>F</Keyword>
								<Keyword>W</Keyword>
								<Keyword>m</Keyword>
								<Keyword>n</Keyword>
							</KeywordAnnotation>
						</TextAnnotation>
					</AudioVisualSegment>
					<AudioVisualSegment id="track-1.segment-33">
						<mediaTime>
							<mediaRelTimePoint>T00:20:02:0F1000</mediaRelTimePoint>
							<mediaDuration>PT01M23S0N1000F</mediaDuration>
						</mediaTime>
						<TextAnnotation confidence="0.5" relevance="0.0"
							xml:lang="de">
							<KeywordAnnotation>
								<Keyword>Nm</Keyword>
								<Keyword>iR</Keyword>
							</KeywordAnnotation>
						</TextAnnotation>
						<TextAnnotation confidence="0.0" relevance="0.0"
							xml:lang="de">
							<KeywordAnnotation>
								<Keyword>f</Keyword>
								<Keyword>qg</Keyword>
							</KeywordAnnotation>
						</TextAnnotation>
					</AudioVisualSegment>
					<AudioVisualSegment id="track-1.segment-34">
						<mediaTime>
							<mediaRelTimePoint>T00:21:25:0F1000</mediaRelTimePoint>
							<mediaDuration>PT28S0N1000F</mediaDuration>
						</mediaTime>
					</AudioVisualSegment>
					<AudioVisualSegment id="track-1.segment-35">
						<mediaTime>
							<mediaRelTimePoint>T00:21:53:0F1000</mediaRelTimePoint>
							<mediaDuration>PT33S0N1000F</mediaDuration>
						</mediaTime>
						<TextAnnotation confidence="0.5" relevance="0.4"
							xml:lang="en">
							<KeywordAnnotation>
								<Keyword>Box</Keyword>
								<Keyword>EVEN</Keyword>
								<Keyword>Gilles</Keyword>
								<Keyword>PAD</Keyword>
								<Keyword>PNP</Keyword>
								<Keyword>QUANTUM</Keyword>
								<Keyword>Seth</Keyword>
							</KeywordAnnotation>
						</TextAnnotation>
						<TextAnnotation confidence="0.5" relevance="0.3"
							xml:lang="en">
							<KeywordAnnotation>
								<Keyword>Charles</Keyword>
								<Keyword>HON</Keyword>
								<Keyword>IBM</Keyword>
								<Keyword>November</Keyword>
								<Keyword>USB</Keyword>
								<Keyword>Unlike</Keyword>
								<Keyword>When</Keyword>
								<Keyword>With</Keyword>
								<Keyword>ahead</Keyword>
								<Keyword>and</Keyword>
								<Keyword>any</Keyword>
								<Keyword>bit</Keyword>
								<Keyword>can</Keyword>
								<Keyword>capacity</Keyword>
								<Keyword>che</Keyword>
								<Keyword>dau</Keyword>
								<Keyword>depend</Keyword>
								<Keyword>detected</Keyword>
								<Keyword>difficulty</Keyword>
								<Keyword>finally</Keyword>
								<Keyword>for</Keyword>
								<Keyword>fresh</Keyword>
								<Keyword>man</Keyword>
								<Keyword>not</Keyword>
								<Keyword>other</Keyword>
								<Keyword>pad</Keyword>
								<Keyword>photons</Keyword>
								<Keyword>planning</Keyword>
								<Keyword>put</Keyword>
								<Keyword>quantum</Keyword>
								<Keyword>safely</Keyword>
								<Keyword>schema</Keyword>
								<Keyword>send</Keyword>
								<Keyword>stretching</Keyword>
								<Keyword>such</Keyword>
								<Keyword>the</Keyword>
								<Keyword>these</Keyword>
								<Keyword>this</Keyword>
								<Keyword>used</Keyword>
								<Keyword>with</Keyword>
							</KeywordAnnotation>
						</TextAnnotation>
						<TextAnnotation confidence="0.5" relevance="0.0"
							xml:lang="en">
							<KeywordAnnotation>
								<Keyword>NY</Keyword>
								<Keyword>RE</Keyword>
								<Keyword>an</Keyword>
								<Keyword>as</Keyword>
								<Keyword>be</Keyword>
								<Keyword>ct</Keyword>
								<Keyword>da</Keyword>
								<Keyword>is</Keyword>
								<Keyword>nc</Keyword>
								<Keyword>nn</Keyword>
								<Keyword>no</Keyword>
								<Keyword>of</Keyword>
								<Keyword>on</Keyword>
								<Keyword>ot</Keyword>
								<Keyword>to</Keyword>
								<Keyword>tt</Keyword>
								<Keyword>ua</Keyword>
								<Keyword>un</Keyword>
								<Keyword>vd</Keyword>
							</KeywordAnnotation>
						</TextAnnotation>
						<TextAnnotation confidence="0.0" relevance="0.4"
							xml:lang="en">
							<KeywordAnnotation>
								<Keyword>Bntbart</Keyword>
								<Keyword>Mcngz</Keyword>
								<Keyword>SATELY</Keyword>
								<Keyword>XYPNRAPHY</Keyword>
								<Keyword>nll</Keyword>
								<Keyword>nnsurd</Keyword>
								<Keyword>wnxv</Keyword>
							</KeywordAnnotation>
						</TextAnnotation>
						<TextAnnotation confidence="0.0" relevance="0.3"
							xml:lang="en">
							<KeywordAnnotation>
								<Keyword>-tino</Keyword>
								<Keyword>Lntoruuuon</Keyword>
								<Keyword>Snctonnq</Keyword>
								<Keyword>Yczktcjnl</Keyword>
								<Keyword>assxmuons</Keyword>
								<Keyword>ccmp1ex1ty</Keyword>
								<Keyword>cha.nn</Keyword>
								<Keyword>diqital</Keyword>
								<Keyword>hcozct1c</Keyword>
								<Keyword>lcnq</Keyword>
								<Keyword>ntazy</Keyword>
								<Keyword>one-tina</Keyword>
								<Keyword>reused</Keyword>
								<Keyword>schunss</Keyword>
								<Keyword>systm</Keyword>
								<Keyword>tha</Keyword>
								<Keyword>thas</Keyword>
								<Keyword>tho</Keyword>
								<Keyword>ti.ma</Keyword>
								<Keyword>uansmxt</Keyword>
								<Keyword>uncwrunisac</Keyword>
								<Keyword>unda</Keyword>
								<Keyword>unnniuions</Keyword>
								<Keyword>uvesdzcp</Keyword>
								<Keyword>whzch</Keyword>
								<Keyword>xLz</Keyword>
								<Keyword>zcplaca</Keyword>
							</KeywordAnnotation>
						</TextAnnotation>
						<TextAnnotation confidence="0.0" relevance="0.0"
							xml:lang="en">
							<KeywordAnnotation>
								<Keyword>A</Keyword>
								<Keyword>B</Keyword>
								<Keyword>I</Keyword>
								<Keyword>N</Keyword>
								<Keyword>Q</Keyword>
								<Keyword>b</Keyword>
								<Keyword>d</Keyword>
								<Keyword>l</Keyword>
								<Keyword>n</Keyword>
								<Keyword>nv</Keyword>
								<Keyword>p</Keyword>
								<Keyword>s</Keyword>
								<Keyword>z</Keyword>
							</KeywordAnnotation>
						</TextAnnotation>
					</AudioVisualSegment>
					<AudioVisualSegment id="track-1.segment-36">
						<mediaTime>
							<mediaRelTimePoint>T00:22:26:0F1000</mediaRelTimePoint>
							<mediaDuration>PT36S0N1000F</mediaDuration>
						</mediaTime>
						<TextAnnotation confidence="0.5" relevance="0.4"
							xml:lang="en">
							<KeywordAnnotation>
								<Keyword>EVER</Keyword>
								<Keyword>Gilles</Keyword>
								<Keyword>IBM</Keyword>
								<Keyword>PAD</Keyword>
								<Keyword>PNP</Keyword>
								<Keyword>QUANTUM</Keyword>
								<Keyword>Seth</Keyword>
								<Keyword>TIA</Keyword>
								<Keyword>Univ</Keyword>
								<Keyword>Unlike</Keyword>
								<Keyword>all</Keyword>
								<Keyword>blu</Keyword>
								<Keyword>depend</Keyword>
								<Keyword>finally</Keyword>
								<Keyword>for</Keyword>
								<Keyword>not</Keyword>
								<Keyword>other</Keyword>
								<Keyword>pad</Keyword>
								<Keyword>scheme</Keyword>
								<Keyword>stretching</Keyword>
								<Keyword>such</Keyword>
								<Keyword>when</Keyword>
								<Keyword>with</Keyword>
							</KeywordAnnotation>
						</TextAnnotation>
						<TextAnnotation confidence="0.5" relevance="0.3"
							xml:lang="en">
							<KeywordAnnotation>
								<Keyword>HOW</Keyword>
								<Keyword>November</Keyword>
								<Keyword>USE</Keyword>
								<Keyword>When</Keyword>
								<Keyword>and</Keyword>
								<Keyword>ang</Keyword>
								<Keyword>bun</Keyword>
								<Keyword>can</Keyword>
								<Keyword>capacity</Keyword>
								<Keyword>certainty</Keyword>
								<Keyword>detected</Keyword>
								<Keyword>digital</Keyword>
								<Keyword>fresh</Keyword>
								<Keyword>high</Keyword>
								<Keyword>mules</Keyword>
								<Keyword>novel</Keyword>
								<Keyword>pad</Keyword>
								<Keyword>part</Keyword>
								<Keyword>photons</Keyword>
								<Keyword>polarized</Keyword>
								<Keyword>quantum</Keyword>
								<Keyword>replace</Keyword>
								<Keyword>safely</Keyword>
								<Keyword>such</Keyword>
								<Keyword>the</Keyword>
								<Keyword>these</Keyword>
								<Keyword>time</Keyword>
								<Keyword>times</Keyword>
								<Keyword>und</Keyword>
								<Keyword>used</Keyword>
								<Keyword>which</Keyword>
							</KeywordAnnotation>
						</TextAnnotation>
						<TextAnnotation confidence="0.5" relevance="0.0"
							xml:lang="en">
							<KeywordAnnotation>
								<Keyword>II</Keyword>
								<Keyword>Mx</Keyword>
								<Keyword>RB</Keyword>
								<Keyword>an</Keyword>
								<Keyword>as</Keyword>
								<Keyword>be</Keyword>
								<Keyword>cc</Keyword>
								<Keyword>ct</Keyword>
								<Keyword>is</Keyword>
								<Keyword>nn</Keyword>
								<Keyword>ns</Keyword>
								<Keyword>of</Keyword>
								<Keyword>on</Keyword>
								<Keyword>ot</Keyword>
								<Keyword>ss</Keyword>
								<Keyword>to</Keyword>
								<Keyword>tt</Keyword>
								<Keyword>ua</Keyword>
								<Keyword>un</Keyword>
							</KeywordAnnotation>
						</TextAnnotation>
						<TextAnnotation confidence="0.0" relevance="0.4"
							xml:lang="en">
							<KeywordAnnotation>
								<Keyword>-tum</Keyword>
								<Keyword>Bnlbazt</Keyword>
								<Keyword>Btasurd</Keyword>
								<Keyword>ISZG</Keyword>
								<Keyword>QYPTOGRAPHY</Keyword>
								<Keyword>SAPELY</Keyword>
								<Keyword>Yozkwyn</Keyword>
								<Keyword>assunpucns</Keyword>
								<Keyword>cmiexity-theoretic</Keyword>
								<Keyword>dxtficulny</Keyword>
								<Keyword>fnctcnnq</Keyword>
								<Keyword>ncngz</Keyword>
								<Keyword>one-tina</Keyword>
								<Keyword>schmes</Keyword>
								<Keyword>thu</Keyword>
								<Keyword>uncqrunind</Keyword>
								<Keyword>uvcsdzop</Keyword>
							</KeywordAnnotation>
						</TextAnnotation>
						<TextAnnotation confidence="0.0" relevance="0.3"
							xml:lang="en">
							<KeywordAnnotation>
								<Keyword>Eobnbility</Keyword>
								<Keyword>Lnnmxt</Keyword>
								<Keyword>Ulnb</Keyword>
								<Keyword>c.lg</Keyword>
								<Keyword>chamnl</Keyword>
								<Keyword>cryptoqnphxc</Keyword>
								<Keyword>intomnucn</Keyword>
								<Keyword>lonq</Keyword>
								<Keyword>nny</Keyword>
								<Keyword>nta.zy</Keyword>
								<Keyword>nvudzcp</Keyword>
								<Keyword>phe</Keyword>
								<Keyword>plannmq</Keyword>
								<Keyword>principlc</Keyword>
								<Keyword>qlvu</Keyword>
								<Keyword>reused</Keyword>
								<Keyword>sem</Keyword>
								<Keyword>systeas</Keyword>
								<Keyword>uannissious</Keyword>
								<Keyword>umd</Keyword>
								<Keyword>unda</Keyword>
								<Keyword>wuhcut</Keyword>
								<Keyword>xasc</Keyword>
							</KeywordAnnotation>
						</TextAnnotation>
						<TextAnnotation confidence="0.0" relevance="0.0"
							xml:lang="en">
							<KeywordAnnotation>
								<Keyword>A</Keyword>
								<Keyword>B</Keyword>
								<Keyword>I</Keyword>
								<Keyword>T</Keyword>
								<Keyword>U</Keyword>
								<Keyword>a</Keyword>
								<Keyword>b</Keyword>
								<Keyword>d</Keyword>
								<Keyword>h</Keyword>
								<Keyword>m</Keyword>
								<Keyword>n</Keyword>
								<Keyword>s</Keyword>
								<Keyword>t</Keyword>
							</KeywordAnnotation>
						</TextAnnotation>
					</AudioVisualSegment>
					<AudioVisualSegment id="track-1.segment-37">
						<mediaTime>
							<mediaRelTimePoint>T00:23:02:0F1000</mediaRelTimePoint>
							<mediaDuration>PT18S0N1000F</mediaDuration>
						</mediaTime>
						<TextAnnotation confidence="0.5" relevance="0.4"
							xml:lang="en">
							<KeywordAnnotation>
								<Keyword>Box</Keyword>
								<Keyword>EVEN</Keyword>
								<Keyword>Gilles</Keyword>
								<Keyword>IBM</Keyword>
								<Keyword>PAD</Keyword>
								<Keyword>PNP</Keyword>
								<Keyword>QUANTUM</Keyword>
								<Keyword>Seth</Keyword>
								<Keyword>Univ</Keyword>
								<Keyword>Unlike</Keyword>
								<Keyword>all</Keyword>
								<Keyword>and</Keyword>
								<Keyword>blu</Keyword>
								<Keyword>depend</Keyword>
								<Keyword>don</Keyword>
								<Keyword>finally</Keyword>
								<Keyword>for</Keyword>
								<Keyword>fresh</Keyword>
								<Keyword>not</Keyword>
								<Keyword>other</Keyword>
								<Keyword>pad</Keyword>
								<Keyword>replace</Keyword>
								<Keyword>scheme</Keyword>
								<Keyword>scratching</Keyword>
								<Keyword>such</Keyword>
								<Keyword>the</Keyword>
								<Keyword>these</Keyword>
								<Keyword>this</Keyword>
								<Keyword>which</Keyword>
								<Keyword>with</Keyword>
							</KeywordAnnotation>
						</TextAnnotation>
						<TextAnnotation confidence="0.5" relevance="0.3"
							xml:lang="en">
							<KeywordAnnotation>
								<Keyword>HOW</Keyword>
								<Keyword>avg</Keyword>
								<Keyword>can</Keyword>
								<Keyword>certainty</Keyword>
								<Keyword>detected</Keyword>
								<Keyword>digital</Keyword>
								<Keyword>gives</Keyword>
								<Keyword>high</Keyword>
								<Keyword>information</Keyword>
								<Keyword>long</Keyword>
								<Keyword>mules</Keyword>
								<Keyword>need</Keyword>
								<Keyword>pad</Keyword>
								<Keyword>pax</Keyword>
								<Keyword>photons</Keyword>
								<Keyword>polarized</Keyword>
								<Keyword>principle</Keyword>
								<Keyword>quantum</Keyword>
								<Keyword>safely</Keyword>
								<Keyword>such</Keyword>
								<Keyword>systems</Keyword>
								<Keyword>the</Keyword>
								<Keyword>time</Keyword>
								<Keyword>traditional</Keyword>
								<Keyword>und</Keyword>
								<Keyword>use</Keyword>
								<Keyword>used</Keyword>
								<Keyword>when</Keyword>
								<Keyword>with</Keyword>
							</KeywordAnnotation>
						</TextAnnotation>
						<TextAnnotation confidence="0.5" relevance="0.0"
							xml:lang="en">
							<KeywordAnnotation>
								<Keyword>II</Keyword>
								<Keyword>IP</Keyword>
								<Keyword>Ls</Keyword>
								<Keyword>RB</Keyword>
								<Keyword>an</Keyword>
								<Keyword>as</Keyword>
								<Keyword>be</Keyword>
								<Keyword>co</Keyword>
								<Keyword>ct</Keyword>
								<Keyword>nn</Keyword>
								<Keyword>no</Keyword>
								<Keyword>of</Keyword>
								<Keyword>on</Keyword>
								<Keyword>th</Keyword>
								<Keyword>to</Keyword>
								<Keyword>tt</Keyword>
								<Keyword>ua</Keyword>
								<Keyword>un</Keyword>
							</KeywordAnnotation>
						</TextAnnotation>
						<TextAnnotation confidence="0.0" relevance="0.4"
							xml:lang="en">
							<KeywordAnnotation>
								<Keyword>Brassard</Keyword>
								<Keyword>QYPTOGRAPHY</Keyword>
								<Keyword>SAPELY</Keyword>
								<Keyword>Yozktcyn</Keyword>
								<Keyword>Z-TIME</Keyword>
								<Keyword>assunuaus</Keyword>
								<Keyword>ccnvlexity-zheozeuc</Keyword>
								<Keyword>cqpaclty</Keyword>
								<Keyword>dafficvlcy</Keyword>
								<Keyword>decectad</Keyword>
								<Keyword>navcsdzop</Keyword>
								<Keyword>ncngz</Keyword>
								<Keyword>om-time</Keyword>
								<Keyword>one-tina</Keyword>
								<Keyword>scbues</Keyword>
								<Keyword>sem</Keyword>
								<Keyword>tactormq</Keyword>
								<Keyword>tha</Keyword>
								<Keyword>uncmrunind</Keyword>
								<Keyword>unda</Keyword>
								<Keyword>vhan</Keyword>
							</KeywordAnnotation>
						</TextAnnotation>
						<TextAnnotation confidence="0.0" relevance="0.3"
							xml:lang="en">
							<KeywordAnnotation>
								<Keyword>Eobahility</Keyword>
								<Keyword>Lnnsmzt</Keyword>
								<Keyword>Novambez</Keyword>
								<Keyword>U5E</Keyword>
								<Keyword>Uitb</Keyword>
								<Keyword>bunq</Keyword>
								<Keyword>c1g</Keyword>
								<Keyword>chanml</Keyword>
								<Keyword>crypzoqzaphxc</Keyword>
								<Keyword>envssdzcp</Keyword>
								<Keyword>medaa</Keyword>
								<Keyword>mny</Keyword>
								<Keyword>navel</Keyword>
								<Keyword>ncmnna</Keyword>
								<Keyword>ntnzy</Keyword>
								<Keyword>phe</Keyword>
								<Keyword>plamunq</Keyword>
								<Keyword>ruued</Keyword>
								<Keyword>uannisnions</Keyword>
								<Keyword>ummissxon</Keyword>
								<Keyword>unachieveable</Keyword>
								<Keyword>une</Keyword>
								<Keyword>vuhcut</Keyword>
							</KeywordAnnotation>
						</TextAnnotation>
						<TextAnnotation confidence="0.0" relevance="0.0"
							xml:lang="en">
							<KeywordAnnotation>
								<Keyword>A</Keyword>
								<Keyword>B</Keyword>
								<Keyword>U</Keyword>
								<Keyword>a</Keyword>
								<Keyword>b</Keyword>
								<Keyword>d</Keyword>
								<Keyword>n</Keyword>
								<Keyword>t</Keyword>
								<Keyword>u</Keyword>
							</KeywordAnnotation>
						</TextAnnotation>
					</AudioVisualSegment>
					<AudioVisualSegment id="track-1.segment-38">
						<mediaTime>
							<mediaRelTimePoint>T00:23:20:0F1000</mediaRelTimePoint>
							<mediaDuration>PT24S0N1000F</mediaDuration>
						</mediaTime>
						<TextAnnotation confidence="0.5" relevance="0.4"
							xml:lang="en">
							<KeywordAnnotation>
								<Keyword>Box</Keyword>
								<Keyword>EVEN</Keyword>
								<Keyword>Gilles</Keyword>
								<Keyword>PAD</Keyword>
								<Keyword>PNP</Keyword>
								<Keyword>Seth</Keyword>
								<Keyword>Univ</Keyword>
								<Keyword>Unlike</Keyword>
								<Keyword>all</Keyword>
								<Keyword>and</Keyword>
								<Keyword>blu</Keyword>
								<Keyword>che</Keyword>
								<Keyword>depend</Keyword>
								<Keyword>detected</Keyword>
								<Keyword>finally</Keyword>
								<Keyword>for</Keyword>
								<Keyword>fresh</Keyword>
								<Keyword>not</Keyword>
								<Keyword>one</Keyword>
								<Keyword>other</Keyword>
								<Keyword>pad</Keyword>
								<Keyword>replace</Keyword>
								<Keyword>scheme</Keyword>
								<Keyword>scratching</Keyword>
								<Keyword>such</Keyword>
								<Keyword>these</Keyword>
								<Keyword>with</Keyword>
							</KeywordAnnotation>
						</TextAnnotation>
						<TextAnnotation confidence="0.5" relevance="0.3"
							xml:lang="en">
							<KeywordAnnotation>
								<Keyword>HOW</Keyword>
								<Keyword>IBN</Keyword>
								<Keyword>November</Keyword>
								<Keyword>USE</Keyword>
								<Keyword>When</Keyword>
								<Keyword>auch</Keyword>
								<Keyword>can</Keyword>
								<Keyword>capacity</Keyword>
								<Keyword>detected</Keyword>
								<Keyword>digital</Keyword>
								<Keyword>high</Keyword>
								<Keyword>long</Keyword>
								<Keyword>mule</Keyword>
								<Keyword>pad</Keyword>
								<Keyword>part</Keyword>
								<Keyword>photons</Keyword>
								<Keyword>quantum</Keyword>
								<Keyword>safely</Keyword>
								<Keyword>such</Keyword>
								<Keyword>systems</Keyword>
								<Keyword>the</Keyword>
								<Keyword>tim</Keyword>
								<Keyword>tmc</Keyword>
								<Keyword>traditional</Keyword>
								<Keyword>und</Keyword>
								<Keyword>used</Keyword>
								<Keyword>which</Keyword>
								<Keyword>with</Keyword>
							</KeywordAnnotation>
						</TextAnnotation>
						<TextAnnotation confidence="0.5" relevance="0.0"
							xml:lang="en">
							<KeywordAnnotation>
								<Keyword>II</Keyword>
								<Keyword>Ls</Keyword>
								<Keyword>NY</Keyword>
								<Keyword>an</Keyword>
								<Keyword>as</Keyword>
								<Keyword>at</Keyword>
								<Keyword>be</Keyword>
								<Keyword>ct</Keyword>
								<Keyword>do</Keyword>
								<Keyword>nn</Keyword>
								<Keyword>no</Keyword>
								<Keyword>of</Keyword>
								<Keyword>on</Keyword>
								<Keyword>ss</Keyword>
								<Keyword>th</Keyword>
								<Keyword>to</Keyword>
								<Keyword>tt</Keyword>
								<Keyword>ua</Keyword>
								<Keyword>un</Keyword>
								<Keyword>za</Keyword>
							</KeywordAnnotation>
						</TextAnnotation>
						<TextAnnotation confidence="0.0" relevance="0.4"
							xml:lang="en">
							<KeywordAnnotation>
								<Keyword>-tum</Keyword>
								<Keyword>Brasurd</Keyword>
								<Keyword>QUANTIM</Keyword>
								<Keyword>RAPHY</Keyword>
								<Keyword>SAPELY</Keyword>
								<Keyword>YYP</Keyword>
								<Keyword>Yoxktcyn</Keyword>
								<Keyword>Z-TIME</Keyword>
								<Keyword>aavesdzop</Keyword>
								<Keyword>assumcscns</Keyword>
								<Keyword>ccwiexity-theoretic</Keyword>
								<Keyword>dafficuhy</Keyword>
								<Keyword>mngz</Keyword>
								<Keyword>schmes</Keyword>
								<Keyword>t1.m</Keyword>
								<Keyword>tho</Keyword>
								<Keyword>thu</Keyword>
								<Keyword>tnctorznq</Keyword>
								<Keyword>uncmrcnind</Keyword>
								<Keyword>unda</Keyword>
								<Keyword>vhm</Keyword>
							</KeywordAnnotation>
						</TextAnnotation>
						<TextAnnotation confidence="0.0" relevance="0.3"
							xml:lang="en">
							<KeywordAnnotation>
								<Keyword>Eobability</Keyword>
								<Keyword>Lnnsmzn</Keyword>
								<Keyword>Lntcrmnuon</Keyword>
								<Keyword>R.B</Keyword>
								<Keyword>bcinq</Keyword>
								<Keyword>chuunl</Keyword>
								<Keyword>env</Keyword>
								<Keyword>mmm</Keyword>
								<Keyword>nc1g</Keyword>
								<Keyword>nedza</Keyword>
								<Keyword>nny</Keyword>
								<Keyword>nta.zy</Keyword>
								<Keyword>nvudrcp</Keyword>
								<Keyword>pc1u</Keyword>
								<Keyword>planmnq</Keyword>
								<Keyword>reused</Keyword>
								<Keyword>sem</Keyword>
								<Keyword>uanmisuon</Keyword>
								<Keyword>uannissicns</Keyword>
								<Keyword>ugthcut</Keyword>
								<Keyword>umd</Keyword>
								<Keyword>unachieveabla</Keyword>
								<Keyword>wich</Keyword>
							</KeywordAnnotation>
						</TextAnnotation>
						<TextAnnotation confidence="0.0" relevance="0.0"
							xml:lang="en">
							<KeywordAnnotation>
								<Keyword>A</Keyword>
								<Keyword>B</Keyword>
								<Keyword>H</Keyword>
								<Keyword>I</Keyword>
								<Keyword>L</Keyword>
								<Keyword>a</Keyword>
								<Keyword>b</Keyword>
								<Keyword>d</Keyword>
								<Keyword>i</Keyword>
								<Keyword>l</Keyword>
								<Keyword>n</Keyword>
								<Keyword>s</Keyword>
								<Keyword>t</Keyword>
							</KeywordAnnotation>
						</TextAnnotation>
					</AudioVisualSegment>
					<AudioVisualSegment id="track-1.segment-39">
						<mediaTime>
							<mediaRelTimePoint>T00:23:44:0F1000</mediaRelTimePoint>
							<mediaDuration>PT13S0N1000F</mediaDuration>
						</mediaTime>
						<TextAnnotation confidence="0.5" relevance="0.4"
							xml:lang="en">
							<KeywordAnnotation>
								<Keyword>Box</Keyword>
								<Keyword>Gilles</Keyword>
								<Keyword>PAD</Keyword>
								<Keyword>Seth</Keyword>
								<Keyword>depend</Keyword>
								<Keyword>difficulty</Keyword>
								<Keyword>factoring</Keyword>
								<Keyword>not</Keyword>
							</KeywordAnnotation>
						</TextAnnotation>
						<TextAnnotation confidence="0.5" relevance="0.3"
							xml:lang="en">
							<KeywordAnnotation>
								<Keyword>HOW</Keyword>
								<Keyword>Ibm</Keyword>
								<Keyword>November</Keyword>
								<Keyword>Unlike</Keyword>
								<Keyword>ahead</Keyword>
								<Keyword>and</Keyword>
								<Keyword>are</Keyword>
								<Keyword>can</Keyword>
								<Keyword>capacity</Keyword>
								<Keyword>chan</Keyword>
								<Keyword>detected</Keyword>
								<Keyword>digital</Keyword>
								<Keyword>finally</Keyword>
								<Keyword>fresh</Keyword>
								<Keyword>intonation</Keyword>
								<Keyword>many</Keyword>
								<Keyword>other</Keyword>
								<Keyword>pad</Keyword>
								<Keyword>pax</Keyword>
								<Keyword>photons</Keyword>
								<Keyword>replace</Keyword>
								<Keyword>round</Keyword>
								<Keyword>safely</Keyword>
								<Keyword>schemes</Keyword>
								<Keyword>send</Keyword>
								<Keyword>such</Keyword>
								<Keyword>system</Keyword>
								<Keyword>the</Keyword>
								<Keyword>these</Keyword>
								<Keyword>time</Keyword>
								<Keyword>times</Keyword>
								<Keyword>transmissions</Keyword>
								<Keyword>used</Keyword>
								<Keyword>which</Keyword>
								<Keyword>with</Keyword>
							</KeywordAnnotation>
						</TextAnnotation>
						<TextAnnotation confidence="0.5" relevance="0.0"
							xml:lang="en">
							<KeywordAnnotation>
								<Keyword>HH</Keyword>
								<Keyword>IF</Keyword>
								<Keyword>II</Keyword>
								<Keyword>al</Keyword>
								<Keyword>an</Keyword>
								<Keyword>ar</Keyword>
								<Keyword>as</Keyword>
								<Keyword>be</Keyword>
								<Keyword>da</Keyword>
								<Keyword>fc</Keyword>
								<Keyword>is</Keyword>
								<Keyword>no</Keyword>
								<Keyword>of</Keyword>
								<Keyword>on</Keyword>
								<Keyword>tc</Keyword>
								<Keyword>th</Keyword>
								<Keyword>tn</Keyword>
								<Keyword>to</Keyword>
								<Keyword>tt</Keyword>
								<Keyword>un</Keyword>
							</KeywordAnnotation>
						</TextAnnotation>
						<TextAnnotation confidence="0.0" relevance="0.4"
							xml:lang="en">
							<KeywordAnnotation>
								<Keyword>Brasnard</Keyword>
								<Keyword>Bzatdbnzt</Keyword>
								<Keyword>CRYFLERAPHY</Keyword>
								<Keyword>ONE-TIAS</Keyword>
								<Keyword>SATILY</Keyword>
								<Keyword>Uxuv</Keyword>
								<Keyword>WANTUH</Keyword>
								<Keyword>cmlexlty-theoretic</Keyword>
								<Keyword>nongr</Keyword>
							</KeywordAnnotation>
						</TextAnnotation>
						<TextAnnotation confidence="0.0" relevance="0.3"
							xml:lang="en">
							<KeywordAnnotation>
								<Keyword>Chnles</Keyword>
								<Keyword>Ebnbility</Keyword>
								<Keyword>U5E</Keyword>
								<Keyword>Yorktcyn</Keyword>
								<Keyword>aavudxop</Keyword>
								<Keyword>acheme</Keyword>
								<Keyword>asswptions</Keyword>
								<Keyword>beinq</Keyword>
								<Keyword>cted</Keyword>
								<Keyword>deccctod.I</Keyword>
								<Keyword>docs</Keyword>
								<Keyword>eavesdzop</Keyword>
								<Keyword>elmennzy</Keyword>
								<Keyword>hsgh</Keyword>
								<Keyword>mts</Keyword>
								<Keyword>nndm</Keyword>
								<Keyword>one-time</Keyword>
								<Keyword>planmnq</Keyword>
								<Keyword>psd</Keyword>
								<Keyword>quunwm</Keyword>
								<Keyword>r.Lnc1g</Keyword>
								<Keyword>stratdninq</Keyword>
								<Keyword>tha</Keyword>
								<Keyword>thu</Keyword>
								<Keyword>transmit</Keyword>
								<Keyword>uhm</Keyword>
								<Keyword>unccnprcmjsad</Keyword>
								<Keyword>wxthouz</Keyword>
							</KeywordAnnotation>
						</TextAnnotation>
						<TextAnnotation confidence="0.0" relevance="0.0"
							xml:lang="en">
							<KeywordAnnotation>
								<Keyword>-</Keyword>
								<Keyword>A</Keyword>
								<Keyword>E</Keyword>
								<Keyword>F</Keyword>
								<Keyword>I</Keyword>
								<Keyword>N</Keyword>
								<Keyword>P</Keyword>
								<Keyword>R</Keyword>
								<Keyword>T</Keyword>
								<Keyword>V</Keyword>
								<Keyword>Y</Keyword>
								<Keyword>a</Keyword>
								<Keyword>b</Keyword>
								<Keyword>c</Keyword>
								<Keyword>d</Keyword>
								<Keyword>n</Keyword>
								<Keyword>nq</Keyword>
								<Keyword>p</Keyword>
								<Keyword>t</Keyword>
								<Keyword>x</Keyword>
								<Keyword>xs</Keyword>
							</KeywordAnnotation>
						</TextAnnotation>
					</AudioVisualSegment>
					<AudioVisualSegment id="track-1.segment-40">
						<mediaTime>
							<mediaRelTimePoint>T00:23:57:0F1000</mediaRelTimePoint>
							<mediaDuration>PT23S0N1000F</mediaDuration>
						</mediaTime>
						<TextAnnotation confidence="0.5" relevance="0.4"
							xml:lang="en">
							<KeywordAnnotation>
								<Keyword>Box</Keyword>
								<Keyword>PAD</Keyword>
								<Keyword>PNP</Keyword>
								<Keyword>depend</Keyword>
								<Keyword>difficulty</Keyword>
								<Keyword>factoring</Keyword>
								<Keyword>finally</Keyword>
								<Keyword>not</Keyword>
								<Keyword>stretching</Keyword>
								<Keyword>such</Keyword>
							</KeywordAnnotation>
						</TextAnnotation>
						<TextAnnotation confidence="0.5" relevance="0.3"
							xml:lang="en">
							<KeywordAnnotation>
								<Keyword>Bennett</Keyword>
								<Keyword>Gilles</Keyword>
								<Keyword>HOW</Keyword>
								<Keyword>Ibm</Keyword>
								<Keyword>November</Keyword>
								<Keyword>Seth</Keyword>
								<Keyword>Unlike</Keyword>
								<Keyword>With</Keyword>
								<Keyword>ahead</Keyword>
								<Keyword>and</Keyword>
								<Keyword>bits</Keyword>
								<Keyword>can</Keyword>
								<Keyword>capacity</Keyword>
								<Keyword>channel</Keyword>
								<Keyword>detected</Keyword>
								<Keyword>digital</Keyword>
								<Keyword>fresh</Keyword>
								<Keyword>intonation</Keyword>
								<Keyword>many</Keyword>
								<Keyword>other</Keyword>
								<Keyword>pad</Keyword>
								<Keyword>pan</Keyword>
								<Keyword>polarized</Keyword>
								<Keyword>quantum</Keyword>
								<Keyword>replace</Keyword>
								<Keyword>round</Keyword>
								<Keyword>safely</Keyword>
								<Keyword>send</Keyword>
								<Keyword>such</Keyword>
								<Keyword>systems</Keyword>
								<Keyword>the</Keyword>
								<Keyword>these</Keyword>
								<Keyword>time</Keyword>
								<Keyword>transmissions</Keyword>
								<Keyword>used</Keyword>
								<Keyword>which</Keyword>
								<Keyword>with</Keyword>
							</KeywordAnnotation>
						</TextAnnotation>
						<TextAnnotation confidence="0.5" relevance="0.0"
							xml:lang="en">
							<KeywordAnnotation>
								<Keyword>DH</Keyword>
								<Keyword>IF</Keyword>
								<Keyword>II</Keyword>
								<Keyword>IU</Keyword>
								<Keyword>It</Keyword>
								<Keyword>La</Keyword>
								<Keyword>al</Keyword>
								<Keyword>an</Keyword>
								<Keyword>as</Keyword>
								<Keyword>bc</Keyword>
								<Keyword>be</Keyword>
								<Keyword>cf</Keyword>
								<Keyword>ci</Keyword>
								<Keyword>ct</Keyword>
								<Keyword>da</Keyword>
								<Keyword>dc</Keyword>
								<Keyword>kt</Keyword>
								<Keyword>no</Keyword>
								<Keyword>on</Keyword>
								<Keyword>tc</Keyword>
								<Keyword>to</Keyword>
								<Keyword>un</Keyword>
								<Keyword>xn</Keyword>
							</KeywordAnnotation>
						</TextAnnotation>
						<TextAnnotation confidence="0.0" relevance="0.4"
							xml:lang="en">
							<KeywordAnnotation>
								<Keyword>CRYYZGRAPHY</Keyword>
								<Keyword>Mcngt</Keyword>
								<Keyword>QUAWZUH</Keyword>
								<Keyword>SATILY</Keyword>
								<Keyword>T1HS</Keyword>
								<Keyword>Umv</Keyword>
								<Keyword>acheme</Keyword>
								<Keyword>cmlcxity-theoretic</Keyword>
								<Keyword>dbnzt</Keyword>
								<Keyword>docs</Keyword>
								<Keyword>eavesdzop</Keyword>
								<Keyword>tha</Keyword>
								<Keyword>thu</Keyword>
							</KeywordAnnotation>
						</TextAnnotation>
						<TextAnnotation confidence="0.0" relevance="0.3"
							xml:lang="en">
							<KeywordAnnotation>
								<Keyword>Brauard</Keyword>
								<Keyword>Chnles</Keyword>
								<Keyword>ONZ</Keyword>
								<Keyword>RE-USB</Keyword>
								<Keyword>Y0x</Keyword>
								<Keyword>aavudzop</Keyword>
								<Keyword>assxmpuons</Keyword>
								<Keyword>cct</Keyword>
								<Keyword>chanxnl</Keyword>
								<Keyword>commnicaucns</Keyword>
								<Keyword>cted</Keyword>
								<Keyword>ennzy</Keyword>
								<Keyword>mpossE</Keyword>
								<Keyword>o.g</Keyword>
								<Keyword>one-t</Keyword>
								<Keyword>ptwtcns</Keyword>
								<Keyword>pxannsnq</Keyword>
								<Keyword>pxd</Keyword>
								<Keyword>schcus</Keyword>
								<Keyword>tha</Keyword>
								<Keyword>tinzs</Keyword>
								<Keyword>transmit</Keyword>
								<Keyword>uncwprcmnad</Keyword>
								<Keyword>unda</Keyword>
								<Keyword>vhsn</Keyword>
								<Keyword>vhxch</Keyword>
							</KeywordAnnotation>
						</TextAnnotation>
						<TextAnnotation confidence="0.0" relevance="0.0"
							xml:lang="en">
							<KeywordAnnotation>
								<Keyword>A</Keyword>
								<Keyword>B</Keyword>
								<Keyword>H</Keyword>
								<Keyword>I</Keyword>
								<Keyword>J</Keyword>
								<Keyword>W</Keyword>
								<Keyword>a</Keyword>
								<Keyword>c</Keyword>
								<Keyword>d</Keyword>
								<Keyword>e</Keyword>
								<Keyword>h</Keyword>
								<Keyword>m</Keyword>
								<Keyword>n</Keyword>
								<Keyword>nq</Keyword>
								<Keyword>u</Keyword>
								<Keyword>xs</Keyword>
							</KeywordAnnotation>
						</TextAnnotation>
					</AudioVisualSegment>
					<AudioVisualSegment id="track-1.segment-41">
						<mediaTime>
							<mediaRelTimePoint>T00:24:20:0F1000</mediaRelTimePoint>
							<mediaDuration>PT34S0N1000F</mediaDuration>
						</mediaTime>
						<TextAnnotation confidence="0.5" relevance="0.4"
							xml:lang="en">
							<KeywordAnnotation>
								<Keyword>Box</Keyword>
								<Keyword>EVE</Keyword>
								<Keyword>Gilles</Keyword>
								<Keyword>PAD</Keyword>
								<Keyword>Seth</Keyword>
							</KeywordAnnotation>
						</TextAnnotation>
						<TextAnnotation confidence="0.5" relevance="0.3"
							xml:lang="en">
							<KeywordAnnotation>
								<Keyword>HON</Keyword>
								<Keyword>November</Keyword>
								<Keyword>Unlike</Keyword>
								<Keyword>With</Keyword>
								<Keyword>ahead</Keyword>
								<Keyword>bits</Keyword>
								<Keyword>can</Keyword>
								<Keyword>capacity</Keyword>
								<Keyword>cues</Keyword>
								<Keyword>dau</Keyword>
								<Keyword>depend</Keyword>
								<Keyword>detected</Keyword>
								<Keyword>difficulty</Keyword>
								<Keyword>digital</Keyword>
								<Keyword>fresh</Keyword>
								<Keyword>many</Keyword>
								<Keyword>mule</Keyword>
								<Keyword>not</Keyword>
								<Keyword>pad</Keyword>
								<Keyword>pax</Keyword>
								<Keyword>pod</Keyword>
								<Keyword>polarized</Keyword>
								<Keyword>quantum</Keyword>
								<Keyword>replace</Keyword>
								<Keyword>safely</Keyword>
								<Keyword>send</Keyword>
								<Keyword>such</Keyword>
								<Keyword>systems</Keyword>
								<Keyword>the</Keyword>
								<Keyword>these</Keyword>
								<Keyword>time</Keyword>
								<Keyword>used</Keyword>
								<Keyword>which</Keyword>
								<Keyword>with</Keyword>
								<Keyword>zop</Keyword>
							</KeywordAnnotation>
						</TextAnnotation>
						<TextAnnotation confidence="0.5" relevance="0.0"
							xml:lang="en">
							<KeywordAnnotation>
								<Keyword>HB</Keyword>
								<Keyword>IF</Keyword>
								<Keyword>II</Keyword>
								<Keyword>Ls</Keyword>
								<Keyword>NZ</Keyword>
								<Keyword>RE</Keyword>
								<Keyword>TO</Keyword>
								<Keyword>an</Keyword>
								<Keyword>as</Keyword>
								<Keyword>be</Keyword>
								<Keyword>ch</Keyword>
								<Keyword>cl</Keyword>
								<Keyword>ct</Keyword>
								<Keyword>lh</Keyword>
								<Keyword>mu</Keyword>
								<Keyword>nn</Keyword>
								<Keyword>no</Keyword>
								<Keyword>on</Keyword>
								<Keyword>to</Keyword>
								<Keyword>tt</Keyword>
								<Keyword>uf</Keyword>
								<Keyword>un</Keyword>
							</KeywordAnnotation>
						</TextAnnotation>
						<TextAnnotation confidence="0.0" relevance="0.4"
							xml:lang="en">
							<KeywordAnnotation>
								<Keyword>Brnuard</Keyword>
								<Keyword>Bxcihaxt</Keyword>
								<Keyword>CRYPIGMPHY</Keyword>
								<Keyword>OUAHZUM</Keyword>
								<Keyword>SATZLY</Keyword>
								<Keyword>mngzeal</Keyword>
								<Keyword>umv</Keyword>
							</KeywordAnnotation>
						</TextAnnotation>
						<TextAnnotation confidence="0.0" relevance="0.3"
							xml:lang="en">
							<KeywordAnnotation>
								<Keyword>Inctnrinq</Keyword>
								<Keyword>Yorktcyny</Keyword>
								<Keyword>aavndxop</Keyword>
								<Keyword>assxmpcxuns</Keyword>
								<Keyword>cfhez</Keyword>
								<Keyword>cmxcxicy-theoretic</Keyword>
								<Keyword>cted</Keyword>
								<Keyword>elmennzy</Keyword>
								<Keyword>hnnlly</Keyword>
								<Keyword>navcs</Keyword>
								<Keyword>one-time</Keyword>
								<Keyword>ptwtcms</Keyword>
								<Keyword>pxannmq</Keyword>
								<Keyword>reused</Keyword>
								<Keyword>rnndm</Keyword>
								<Keyword>schuos</Keyword>
								<Keyword>stratdainq</Keyword>
								<Keyword>thu</Keyword>
								<Keyword>transmit</Keyword>
								<Keyword>tzuamdsszcns</Keyword>
								<Keyword>ucheme</Keyword>
								<Keyword>uhm</Keyword>
								<Keyword>unc</Keyword>
								<Keyword>unccnpmmsnd</Keyword>
								<Keyword>xntozmzxcn</Keyword>
							</KeywordAnnotation>
						</TextAnnotation>
						<TextAnnotation confidence="0.0" relevance="0.0"
							xml:lang="en">
							<KeywordAnnotation>
								<Keyword>A</Keyword>
								<Keyword>D</Keyword>
								<Keyword>E</Keyword>
								<Keyword>H</Keyword>
								<Keyword>I</Keyword>
								<Keyword>N</Keyword>
								<Keyword>P</Keyword>
								<Keyword>b</Keyword>
								<Keyword>d</Keyword>
								<Keyword>h</Keyword>
								<Keyword>m</Keyword>
								<Keyword>n</Keyword>
								<Keyword>nq</Keyword>
								<Keyword>p</Keyword>
								<Keyword>s</Keyword>
								<Keyword>t</Keyword>
								<Keyword>xs</Keyword>
							</KeywordAnnotation>
						</TextAnnotation>
					</AudioVisualSegment>
					<AudioVisualSegment id="track-1.segment-42">
						<mediaTime>
							<mediaRelTimePoint>T00:24:54:0F1000</mediaRelTimePoint>
							<mediaDuration>PT23S0N1000F</mediaDuration>
						</mediaTime>
						<TextAnnotation confidence="0.5" relevance="0.1"
							xml:lang="en">
							<KeywordAnnotation>
								<Keyword>bits</Keyword>
								<Keyword>errors</Keyword>
							</KeywordAnnotation>
						</TextAnnotation>
						<TextAnnotation confidence="0.5" relevance="0.0"
							xml:lang="en">
							<KeywordAnnotation>
								<Keyword>lm</Keyword>
							</KeywordAnnotation>
						</TextAnnotation>
						<TextAnnotation confidence="0.0" relevance="0.4"
							xml:lang="en">
							<KeywordAnnotation>
								<Keyword>Eavcsdropping</Keyword>
							</KeywordAnnotation>
						</TextAnnotation>
						<TextAnnotation confidence="0.0" relevance="0.3"
							xml:lang="en">
							<KeywordAnnotation>
								<Keyword>NYU</Keyword>
							</KeywordAnnotation>
						</TextAnnotation>
						<TextAnnotation confidence="0.0" relevance="0.2"
							xml:lang="en">
							<KeywordAnnotation>
								<Keyword>-H-X</Keyword>
							</KeywordAnnotation>
						</TextAnnotation>
						<TextAnnotation confidence="0.0" relevance="0.1"
							xml:lang="en">
							<KeywordAnnotation>
								<Keyword>cavcsdroppcd</Keyword>
							</KeywordAnnotation>
						</TextAnnotation>
						<TextAnnotation confidence="0.0" relevance="0.0"
							xml:lang="en">
							<KeywordAnnotation>
								<Keyword>-</Keyword>
								<Keyword>H</Keyword>
							</KeywordAnnotation>
						</TextAnnotation>
					</AudioVisualSegment>
					<AudioVisualSegment id="track-1.segment-43">
						<mediaTime>
							<mediaRelTimePoint>T00:25:17:0F1000</mediaRelTimePoint>
							<mediaDuration>PT25S0N1000F</mediaDuration>
						</mediaTime>
						<TextAnnotation confidence="0.5" relevance="0.3"
							xml:lang="en">
							<KeywordAnnotation>
								<Keyword>Detection</Keyword>
								<Keyword>These</Keyword>
								<Keyword>cannot</Keyword>
								<Keyword>distinguished</Keyword>
							</KeywordAnnotation>
						</TextAnnotation>
						<TextAnnotation confidence="0.5" relevance="0.0"
							xml:lang="en">
							<KeywordAnnotation>
								<Keyword>Er</Keyword>
								<Keyword>be</Keyword>
								<Keyword>or</Keyword>
							</KeywordAnnotation>
						</TextAnnotation>
						<TextAnnotation confidence="0.0" relevance="0.3"
							xml:lang="en">
							<KeywordAnnotation>
								<Keyword>Eavesdropping</Keyword>
								<Keyword>reliably</Keyword>
								<Keyword>sfafcs</Keyword>
							</KeywordAnnotation>
						</TextAnnotation>
						<TextAnnotation confidence="0.0" relevance="0.0"
							xml:lang="en">
							<KeywordAnnotation>
								<Keyword>r</Keyword>
								<Keyword>s</Keyword>
							</KeywordAnnotation>
						</TextAnnotation>
					</AudioVisualSegment>
					<AudioVisualSegment id="track-1.segment-44">
						<mediaTime>
							<mediaRelTimePoint>T00:25:42:0F1000</mediaRelTimePoint>
							<mediaDuration>PT01M14S0N1000F</mediaDuration>
						</mediaTime>
						<TextAnnotation confidence="0.5" relevance="0.3"
							xml:lang="en">
							<KeywordAnnotation>
								<Keyword>These</Keyword>
								<Keyword>cannot</Keyword>
							</KeywordAnnotation>
						</TextAnnotation>
						<TextAnnotation confidence="0.5" relevance="0.2"
							xml:lang="en">
							<KeywordAnnotation>
								<Keyword>Use</Keyword>
								<Keyword>channel</Keyword>
								<Keyword>classical</Keyword>
								<Keyword>key</Keyword>
								<Keyword>massage</Keyword>
								<Keyword>quantum</Keyword>
								<Keyword>random</Keyword>
								<Keyword>send</Keyword>
							</KeywordAnnotation>
						</TextAnnotation>
						<TextAnnotation confidence="0.5" relevance="0.0"
							xml:lang="en">
							<KeywordAnnotation>
								<Keyword>Er</Keyword>
								<Keyword>To</Keyword>
								<Keyword>be</Keyword>
								<Keyword>cr</Keyword>
								<Keyword>ne</Keyword>
								<Keyword>sT</Keyword>
							</KeywordAnnotation>
						</TextAnnotation>
						<TextAnnotation confidence="0.0" relevance="0.3"
							xml:lang="en">
							<KeywordAnnotation>
								<Keyword>Dcfcction</Keyword>
								<Keyword>Euvcsdropping</Keyword>
								<Keyword>Tcs</Keyword>
								<Keyword>disfinguished</Keyword>
								<Keyword>reliably</Keyword>
							</KeywordAnnotation>
						</TextAnnotation>
						<TextAnnotation confidence="0.0" relevance="0.2"
							xml:lang="en">
							<KeywordAnnotation>
								<Keyword>Time-pad</Keyword>
							</KeywordAnnotation>
						</TextAnnotation>
						<TextAnnotation confidence="0.0" relevance="0.0"
							xml:lang="en">
							<KeywordAnnotation>
								<Keyword>T</Keyword>
								<Keyword>r</Keyword>
								<Keyword>s</Keyword>
							</KeywordAnnotation>
						</TextAnnotation>
					</AudioVisualSegment>
					<AudioVisualSegment id="track-1.segment-45">
						<mediaTime>
							<mediaRelTimePoint>T00:26:56:0F1000</mediaRelTimePoint>
							<mediaDuration>PT40S0N1000F</mediaDuration>
						</mediaTime>
						<TextAnnotation confidence="0.5" relevance="0.3"
							xml:lang="en">
							<KeywordAnnotation>
								<Keyword>These</Keyword>
							</KeywordAnnotation>
						</TextAnnotation>
						<TextAnnotation confidence="0.5" relevance="0.2"
							xml:lang="en">
							<KeywordAnnotation>
								<Keyword>Use</Keyword>
								<Keyword>channel</Keyword>
								<Keyword>classical</Keyword>
								<Keyword>key</Keyword>
								<Keyword>message</Keyword>
								<Keyword>random</Keyword>
								<Keyword>send</Keyword>
							</KeywordAnnotation>
						</TextAnnotation>
						<TextAnnotation confidence="0.5" relevance="0.0"
							xml:lang="en">
							<KeywordAnnotation>
								<Keyword>Er</Keyword>
								<Keyword>be</Keyword>
								<Keyword>or</Keyword>
							</KeywordAnnotation>
						</TextAnnotation>
						<TextAnnotation confidence="0.0" relevance="0.3"
							xml:lang="en">
							<KeywordAnnotation>
								<Keyword>Dcfccfion</Keyword>
								<Keyword>Ecvzsdropping</Keyword>
								<Keyword>disfinguished</Keyword>
								<Keyword>nn0T</Keyword>
								<Keyword>reliably</Keyword>
								<Keyword>sfcfes</Keyword>
							</KeywordAnnotation>
						</TextAnnotation>
						<TextAnnotation confidence="0.0" relevance="0.2"
							xml:lang="en">
							<KeywordAnnotation>
								<Keyword>Time-pad</Keyword>
								<Keyword>cne</Keyword>
								<Keyword>quurrtum</Keyword>
							</KeywordAnnotation>
						</TextAnnotation>
						<TextAnnotation confidence="0.0" relevance="0.0"
							xml:lang="en">
							<KeywordAnnotation>
								<Keyword>-</Keyword>
								<Keyword>T</Keyword>
								<Keyword>c</Keyword>
								<Keyword>r</Keyword>
								<Keyword>s</Keyword>
							</KeywordAnnotation>
						</TextAnnotation>
					</AudioVisualSegment>
					<AudioVisualSegment id="track-1.segment-46">
						<mediaTime>
							<mediaRelTimePoint>T00:27:36:0F1000</mediaRelTimePoint>
							<mediaDuration>PT11S0N1000F</mediaDuration>
						</mediaTime>
						<TextAnnotation confidence="0.5" relevance="0.4"
							xml:lang="de">
							<KeywordAnnotation>
								<Keyword>PAPER</Keyword>
							</KeywordAnnotation>
						</TextAnnotation>
						<TextAnnotation confidence="0.5" relevance="0.3"
							xml:lang="de">
							<KeywordAnnotation>
								<Keyword>ncaa</Keyword>
								<Keyword>was</Keyword>
							</KeywordAnnotation>
						</TextAnnotation>
						<TextAnnotation confidence="0.5" relevance="0.0"
							xml:lang="de">
							<KeywordAnnotation>
								<Keyword>OF</Keyword>
							</KeywordAnnotation>
						</TextAnnotation>
						<TextAnnotation confidence="0.0" relevance="0.4"
							xml:lang="de">
							<KeywordAnnotation>
								<Keyword>BSTRACTS</Keyword>
							</KeywordAnnotation>
						</TextAnnotation>
						<TextAnnotation confidence="0.0" relevance="0.2"
							xml:lang="de">
							<KeywordAnnotation>
								<Keyword>SYMPOSIU</Keyword>
								<Keyword>TERNATIONAL</Keyword>
								<Keyword>THORY</Keyword>
								<Keyword>WRMTIOI</Keyword>
							</KeywordAnnotation>
						</TextAnnotation>
					</AudioVisualSegment>
					<AudioVisualSegment id="track-1.segment-47">
						<mediaTime>
							<mediaRelTimePoint>T00:27:47:0F1000</mediaRelTimePoint>
							<mediaDuration>PT16S0N1000F</mediaDuration>
						</mediaTime>
						<TextAnnotation confidence="0.5" relevance="0.4"
							xml:lang="en">
							<KeywordAnnotation>
								<Keyword>PAPER</Keyword>
							</KeywordAnnotation>
						</TextAnnotation>
						<TextAnnotation confidence="0.5" relevance="0.3"
							xml:lang="en">
							<KeywordAnnotation>
								<Keyword>was</Keyword>
							</KeywordAnnotation>
						</TextAnnotation>
						<TextAnnotation confidence="0.5" relevance="0.2"
							xml:lang="en">
							<KeywordAnnotation>
								<Keyword>THEORY</Keyword>
							</KeywordAnnotation>
						</TextAnnotation>
						<TextAnnotation confidence="0.5" relevance="0.0"
							xml:lang="en">
							<KeywordAnnotation>
								<Keyword>OF</Keyword>
							</KeywordAnnotation>
						</TextAnnotation>
						<TextAnnotation confidence="0.0" relevance="0.4"
							xml:lang="en">
							<KeywordAnnotation>
								<Keyword>BSTRACTS</Keyword>
							</KeywordAnnotation>
						</TextAnnotation>
						<TextAnnotation confidence="0.0" relevance="0.3"
							xml:lang="en">
							<KeywordAnnotation>
								<Keyword>mas</Keyword>
							</KeywordAnnotation>
						</TextAnnotation>
						<TextAnnotation confidence="0.0" relevance="0.2"
							xml:lang="en">
							<KeywordAnnotation>
								<Keyword>NTERNATIONAL</Keyword>
								<Keyword>SYMPOSIU</Keyword>
								<Keyword>WFORMATION</Keyword>
							</KeywordAnnotation>
						</TextAnnotation>
						<TextAnnotation confidence="0.0" relevance="0.0"
							xml:lang="en">
							<KeywordAnnotation>
								<Keyword>Q</Keyword>
							</KeywordAnnotation>
						</TextAnnotation>
					</AudioVisualSegment>
					<AudioVisualSegment id="track-1.segment-48">
						<mediaTime>
							<mediaRelTimePoint>T00:28:03:0F1000</mediaRelTimePoint>
							<mediaDuration>PT01M47S0N1000F</mediaDuration>
						</mediaTime>
						<TextAnnotation confidence="0.5" relevance="0.2"
							xml:lang="de">
							<KeywordAnnotation>
								<Keyword>Bennett</Keyword>
								<Keyword>IBM</Keyword>
							</KeywordAnnotation>
						</TextAnnotation>
						<TextAnnotation confidence="0.5" relevance="0.0"
							xml:lang="de">
							<KeywordAnnotation>
								<Keyword>dr</Keyword>
							</KeywordAnnotation>
						</TextAnnotation>
						<TextAnnotation confidence="0.0" relevance="0.2"
							xml:lang="de">
							<KeywordAnnotation>
								<Keyword>Brnssnzd</Keyword>
								<Keyword>Honkrenl</Keyword>
								<Keyword>IRD</Keyword>
								<Keyword>IUC</Keyword>
								<Keyword>Pscoarch</Keyword>
								<Keyword>Uruv</Keyword>
								<Keyword>depn</Keyword>
								<Keyword>ioyxtcvr</Keyword>
								<Keyword>tlc</Keyword>
								<Keyword>uexanrs</Keyword>
							</KeywordAnnotation>
						</TextAnnotation>
						<TextAnnotation confidence="0.0" relevance="0.0"
							xml:lang="de">
							<KeywordAnnotation>
								<Keyword>-A</Keyword>
								<Keyword>M</Keyword>
								<Keyword>l</Keyword>
							</KeywordAnnotation>
						</TextAnnotation>
					</AudioVisualSegment>
					<AudioVisualSegment id="track-1.segment-49">
						<mediaTime>
							<mediaRelTimePoint>T00:29:50:0F1000</mediaRelTimePoint>
							<mediaDuration>PT45M11S188N1000F</mediaDuration>
						</mediaTime>
						<TextAnnotation confidence="0.5" relevance="0.3"
							xml:lang="de">
							<KeywordAnnotation>
								<Keyword>Bell</Keyword>
								<Keyword>Canada</Keyword>
								<Keyword>EPR</Keyword>
								<Keyword>Hunan</Keyword>
								<Keyword>IRQ</Keyword>
								<Keyword>LETTERS</Keyword>
								<Keyword>Maru</Keyword>
								<Keyword>Mol</Keyword>
								<Keyword>Mundi</Keyword>
								<Keyword>New</Keyword>
								<Keyword>PHYSICAL</Keyword>
								<Keyword>REVIEW</Keyword>
								<Keyword>Tal</Keyword>
								<Keyword>and</Keyword>
								<Keyword>kim</Keyword>
								<Keyword>kun</Keyword>
								<Keyword>urban</Keyword>
								<Keyword>without</Keyword>
							</KeywordAnnotation>
						</TextAnnotation>
						<TextAnnotation confidence="0.5" relevance="0.0"
							xml:lang="de">
							<KeywordAnnotation>
								<Keyword>IW</Keyword>
								<Keyword>JJ</Keyword>
								<Keyword>MM</Keyword>
								<Keyword>Uk</Keyword>
								<Keyword>at</Keyword>
								<Keyword>ch</Keyword>
								<Keyword>if</Keyword>
								<Keyword>kI</Keyword>
								<Keyword>mr</Keyword>
								<Keyword>ni</Keyword>
								<Keyword>oh</Keyword>
								<Keyword>ri</Keyword>
								<Keyword>sa</Keyword>
								<Keyword>tS</Keyword>
								<Keyword>ul</Keyword>
								<Keyword>uw</Keyword>
								<Keyword>va</Keyword>
							</KeywordAnnotation>
						</TextAnnotation>
						<TextAnnotation confidence="0.0" relevance="0.3"
							xml:lang="de">
							<KeywordAnnotation>
								<Keyword>Brasard</Keyword>
								<Keyword>Cuukattnennm</Keyword>
								<Keyword>Dcrl</Keyword>
								<Keyword>Fkalyvzslbvm</Keyword>
								<Keyword>Fuaumv</Keyword>
								<Keyword>Gila</Keyword>
								<Keyword>HIJJ</Keyword>
								<Keyword>Hmwrkl</Keyword>
								<Keyword>INI</Keyword>
								<Keyword>IUC</Keyword>
								<Keyword>IkIu</Keyword>
								<Keyword>Jamie</Keyword>
								<Keyword>Lkumy</Keyword>
								<Keyword>Mcnnin</Keyword>
								<Keyword>Npnznn</Keyword>
								<Keyword>Swell</Keyword>
								<Keyword>aunt</Keyword>
								<Keyword>axwmk</Keyword>
								<Keyword>dDan</Keyword>
								<Keyword>dLPRp</Keyword>
								<Keyword>dhhmxdkmra</Keyword>
								<Keyword>drvnm</Keyword>
								<Keyword>fum</Keyword>
								<Keyword>gnpIy</Keyword>
								<Keyword>hte</Keyword>
								<Keyword>ley</Keyword>
								<Keyword>lkenik</Keyword>
								<Keyword>manu</Keyword>
								<Keyword>peti</Keyword>
								<Keyword>ryp</Keyword>
								<Keyword>vowu</Keyword>
								<Keyword>wU-I</Keyword>
								<Keyword>whaha</Keyword>
								<Keyword>xbm</Keyword>
							</KeywordAnnotation>
						</TextAnnotation>
						<TextAnnotation confidence="0.0" relevance="0.0"
							xml:lang="de">
							<KeywordAnnotation>
								<Keyword>I</Keyword>
								<Keyword>L</Keyword>
								<Keyword>N</Keyword>
								<Keyword>Q</Keyword>
								<Keyword>R</Keyword>
								<Keyword>d</Keyword>
								<Keyword>gd</Keyword>
								<Keyword>i</Keyword>
								<Keyword>l</Keyword>
								<Keyword>n</Keyword>
								<Keyword>p</Keyword>
								<Keyword>pn</Keyword>
								<Keyword>q</Keyword>
								<Keyword>r</Keyword>
								<Keyword>u</Keyword>
								<Keyword>x</Keyword>
								<Keyword>y</Keyword>
							</KeywordAnnotation>
						</TextAnnotation>
					</AudioVisualSegment>
				</TemporalDecomposition>
			</AudioVisual>
		</MultimediaContent>
	</Description>
</Mpeg7>
