<?xml version="1.0" encoding="UTF-8"?>
<metadata xmlns="http://www.opencastproject.org/xsd/1.0/dublincore/" xmlns:dcterms="http://purl.org/dc/terms/" xmlns:xsi="http://www.w3.org/2001/XMLSchema-instance">
    <dcterms:creator>Giles Hogben, ENISA, EU</dcterms:creator>
    <dcterms:extent xsi:type="dcterms:ISO8601">PT59M28.628S</dcterms:extent>
    <dcterms:isPartOf>10.3930/ETHZ/AV-1cd38174-d51f-4222-8b50-f6116aaf9919</dcterms:isPartOf>
    <dcterms:license xml:lang="de">http://www.multimedia.ethz.ch/docs/haftungsausschluss/index</dcterms:license>
    <dcterms:license xml:lang="en">http://www.multimedia.ethz.ch/docs/disclaimer/index</dcterms:license>
    <dcterms:created xsi:type="dcterms:W3CDTF">2009-09-11</dcterms:created>
    <dcterms:language>eng</dcterms:language>
    <dcterms:rightsHolder xml:lang="de">ETH Zürich, Schweiz</dcterms:rightsHolder>
    <dcterms:rightsHolder xml:lang="en">ETH Zurich, Switzerland</dcterms:rightsHolder>
    <dcterms:publisher xml:lang="de">ETH Zürich, ID-MMS; Schweiz</dcterms:publisher>
    <dcterms:publisher xml:lang="en">ETH Zurich, ITS-MMS; Switzerland</dcterms:publisher>
    <dcterms:identifier>10.3930/ETHZ/AV-1fb853c4-f793-46b8-ad12-ffdef166204e</dcterms:identifier>
    <dcterms:title>Talk 10: ENISA Risk Assessment of Cloud Computing – Preliminary Results</dcterms:title>
</metadata>
