<?xml version="1.0" encoding="UTF-8"?>
<metadata xmlns="http://www.opencastproject.org/xsd/1.0/dublincore/" xmlns:dcterms="http://purl.org/dc/terms/" xmlns:xsi="http://www.w3.org/2001/XMLSchema-instance">
    <dcterms:creator>Crowcroft, Jon</dcterms:creator>
    <dcterms:extent xsi:type="dcterms:ISO8601">PT33M37.595S</dcterms:extent>
    <dcterms:isPartOf>10.3930/ETHZ/AV-5f1c98f0-9f7d-4afe-b92b-87d82762f4b5</dcterms:isPartOf>
    <dcterms:license xml:lang="de">http://www.multimedia.ethz.ch/docs/haftungsausschluss/index</dcterms:license>
    <dcterms:license xml:lang="en">http://www.multimedia.ethz.ch/docs/disclaimer/index</dcterms:license>
    <dcterms:created xsi:type="dcterms:W3CDTF">2009-03-18</dcterms:created>
    <dcterms:abstract>This talk is on Politics, Philosophy and Economics of my research agenda in Content Distribution and in Provider-less networks, and will consist 75% rant, 25% technical points. The world has changed. The idea that we should continue to support a bunch of rich bankers making money out of thin air (derivatives, ninja loans, futures markets, even just plain old usury) is untenable. On the other hand, no-one has a problem supporting farmers, builders, artists and entertainers. We want houses, food, transport, fun and engagement. We like healthcare. We probably want energy and cars in some affordable way. We like tourism. Computing and communications is basically just an optimisation, a collection of tools that let you offer the goods mentioned above and some services such as entertainment and information (health, education) less expensively than in the old days when stone tablets were hard to post, and sending smoke signals used up the last tree on Easter island. Unfortunately, the infrastructure for communications is not free. Indeed, traditionally, it was not only expensive, it was a source of much political control. Recently under the guise of prevention against terrorism, the government has put additional controls in place to intercept and store all our words. This is not good. It doesn't even work as advertised. Recently, we see that networks connect people socially. The network is the people. But looking at small worlds the value of the network is also the value of the meta-network.</dcterms:abstract>
    <dcterms:language>eng</dcterms:language>
    <dcterms:rightsHolder xml:lang="de">ETH Zürich, Schweiz</dcterms:rightsHolder>
    <dcterms:rightsHolder xml:lang="en">ETH Zurich, Switzerland</dcterms:rightsHolder>
    <dcterms:publisher xml:lang="de">ETH Zürich, ID-MMS; Schweiz</dcterms:publisher>
    <dcterms:publisher xml:lang="en">ETH Zurich, ITS-MMS; Switzerland</dcterms:publisher>
    <dcterms:identifier>10.3930/ETHZ/AV-4712c012-ba91-41ef-86b9-a5f177749e27</dcterms:identifier>
    <dcterms:title>Political, Philosophical and Economic Assumptions behind my research</dcterms:title>
</metadata>
