<?xml version="1.0" encoding="UTF-8"?>
<mediapackage>
	<media>
		<track id="track-1" type="presentation/engage">
			<url>tracks/movie.flv</url>
			<mimetype>video/x-flv</mimetype>
			<checksum type="md5">7b3c7e8cc2cba2f5b7af4fd4224f3005</checksum>
			<tags>
				<tag>engage</tag>
			</tags>
		</track>
	</media>
	<metadata>
		<catalog id="catalog-2" ref="series:227-0577-00L" type="metadata/dublincore">
			<mimetype>text/xml</mimetype>
			<checksum type="md5">b0efa9b08540998d6e2ddd0a44935a1f</checksum>
			<url>metadata/dublincore2818395836220169580.xml</url>
		</catalog>
		<catalog id="catalog-1" type="metadata/dublincore">
			<mimetype>text/xml</mimetype>
			<checksum type="md5">38cea6ac38fae3ab508c7d438a768d3e</checksum>
			<url>metadata/dublincore444780554201596628.xml</url>
		</catalog>
		<catalog id="catalog-3" type="segments/slides">
			<mimetype>text/xml</mimetype>
			<checksum type="md5">d41d8cd98f00b204e9800998ecf8427e</checksum>
			<url>metadata/mpeg-77563340872577268185.xml</url>
		</catalog>
	</metadata>
</mediapackage>
