<?xml version="1.0" encoding="UTF-8"?>
<metadata xmlns="http://www.opencastproject.org/xsd/1.0/dublincore/" xmlns:xsi="http://www.w3.org/2001/XMLSchema-instance" xmlns:dcterms="http://purl.org/dc/terms/">
	  <!-- Series Dublin Core -->
<dcterms:identifier>851-0131-05L-2009W</dcterms:identifier>
<dcterms:creator>Celati, Gianni</dcterms:creator>
  
<dcterms:description xml:lang="de">Il poema cavalleresco italiano, che culmina nei racconti avventurosi di Boiardo e di Ariosto, rimane qualcosa di unico in tutte le letterature europee. Il corso mira a renderlo familiare alle nuove generazioni, mostrando il fascino delle sue immagini, e il suo collegamento con vari generi di spettacolo popolare, come il “romanzo in piazza”, i “Rinaldi” napoletani o il “teatro dei pupi” siciliano.</dcterms:description>

<dcterms:description xml:lang="en">The Italian Chivalry poem reaches its peak with Boiardo’s and Ariosto’s adventurous narratives, and it remains a genre beyond comparison. The course aims to introduce these narratives to the new generation, showing the charm of their imagery, and their connection to different genres of folk spectacle, such as the “romanzo in piazza”, the Neapolitan “Rinaldi”, and the Sicilian “teatro dei pupi”.</dcterms:description>


<dcterms:created xsi:type="dcterms:W3CDTF">2009-09-22</dcterms:created>
<dcterms:publisher>ETH Zurich, ITS-MMS</dcterms:publisher>
<dcterms:contributor>Department of Humanities, Social and Political Sciences</dcterms:contributor>
<dcterms:language>ita</dcterms:language>

<dcterms:title xml:lang="en">De Sanctis: La tradizione dei poemi cavallereschi italiani da Pulci ad Ariosto</dcterms:title>

</metadata>
