<?xml version="1.0" encoding="UTF-8"?>
<metadata xmlns="http://www.opencastproject.org/xsd/1.0/dublincore/"
	xmlns:dcterms="http://purl.org/dc/terms/" xmlns:xsi="http://www.w3.org/2001/XMLSchema-instance">
	<dcterms:creator>Calvert, Ken (University of Kentucky, US)</dcterms:creator>
	<dcterms:creator>Jelger, Christophe (University of Basel, CH)</dcterms:creator>
	<dcterms:creator>May, Martin (ETH Zurich, CH)</dcterms:creator>
	<dcterms:creator>Plattner, Bernhard (ETH Zurich, CH)</dcterms:creator>
	<dcterms:creator>Tschudin, Christian (University of Basel, CH)</dcterms:creator>
	<dcterms:license xml:lang="de">http://www.multimedia.ethz.ch/docs/haftungsausschluss/index</dcterms:license>
	<dcterms:license xml:lang="en">http://www.multimedia.ethz.ch/docs/disclaimer/index</dcterms:license>
	<dcterms:created xsi:type="dcterms:W3CDTF">2009-03-15</dcterms:created>
	<dcterms:abstract>Network Architectures (NetArch) 2009 is an
		international symposium that focuses on major network architecture
		projects and initiatives going on worldwide. The aim is to encourage
		cross-fertilization and confrontation of ideas, to promote synergies
		and
		collaborations, and to open up new exciting research directions.</dcterms:abstract>
	<dcterms:language>eng</dcterms:language>
	<dcterms:rightsHolder xml:lang="de">ETH Zürich, Schweiz</dcterms:rightsHolder>
	<dcterms:rightsHolder xml:lang="en">ETH Zurich,
		Switzerland</dcterms:rightsHolder>
	<dcterms:publisher xml:lang="de">ETH Zürich, ID-MMS;
		Schweiz</dcterms:publisher>
	<dcterms:publisher xml:lang="en">ETH Zurich, ITS-MMS;
		Switzerland</dcterms:publisher>
	<dcterms:identifier>5f1c98f0-9f7d-4afe-b92b-87d82762f4b5</dcterms:identifier>
	<dcterms:title>NetArch 2009</dcterms:title>
</metadata>
