<?xml version="1.0" encoding="UTF-8"?>
<mediapackage duration="5780000">
	<media>
		<track id="track-1" type="engage/presenter">
			<url>tracks/movie.flv</url>
			<mimetype>video/x-flv</mimetype>
			<checksum type="md5">7b3c7e8cc2cba2f5b7af4fd4224f3005</checksum>
			<tags>
				<tag>engage</tag>
			</tags>
		</track>
	</media>
	<metadata>
		<catalog id="catalog-1" type="metadata/dublincore">
			<mimetype>text/xml</mimetype>
			<checksum type="md5">6bd6605edace706521aa2f9c30e00c19</checksum>
			<url>metadata/dublincore7370288235798646890.xml</url>
		</catalog>
		<catalog id="catalog-2" ref="series:401-4781-59L" type="metadata/dublincore">
			<mimetype>text/xml</mimetype>
			<checksum type="md5">59728dc0426c4966f0135cbf01a2f533</checksum>
			<url>metadata/dublincore7987053538287571509.xml</url>
		</catalog>
		<catalog id="catalog-3" type="metadata/mpeg-7">
			<mimetype>text/xml</mimetype>
			<checksum type="md5">d41d8cd98f00b204e9800998ecf8427e</checksum>
			<url>metadata/mpeg-74298091024234030482.xml</url>
		</catalog>
	</metadata>
	<attachments>
		<attachment id="cover" type="cover/source" ref="track:track-1">
			<url>attachments/cover.jpg</url>
			<mimetype>image/jpeg</mimetype>
			<checksum type="md5">fb5107e56b6762adee0c604348e5dcce</checksum>
			<tags>
				<tag>engage</tag>
			</tags>
		</attachment>
	</attachments>
</mediapackage>
